asset,brake_idx,cross_idx,confirm_idx,brake_time,direction,win,minutes_brake_to_cross,minutes_brake_to_entry,body_n_brake,brake_ratio,k_brake,d_brake,kd_dist_brake,extreme_flag,cruce_en_zona_brake,cross_ago_brake,cross_separation,k_cross,d_cross,hammer_flag,trend_brake,rvol_brake,htf_bias_brake,htf_sign,split
AUDUSD,179,203,205,2024-07-08 13:45:00+00:00,CALL,0,360,390,0.17801017064964547,0.530726256983008,44.01383379106691,48.62083093163326,4.6069971405663495,0,0,0.0,5.691894793342769,18.293742017879424,12.601847224536655,1,-1.9791790365313416e-05,0.7978956597983341,0.001094757328792051,ALCISTA,train
AUDUSD,1354,1365,1366,2024-07-24 19:30:00+00:00,CALL,0,165,180,0.07950291035392061,0.512562814070373,24.64419490993068,30.72182089209763,6.07762598216695,0,0,,2.260951674449102,5.487238118426926,3.226286443977824,1,-0.00012025485945840712,0.7600827300930713,-0.00042808057006693545,BAJISTA,train
AUDUSD,1360,1365,1366,2024-07-24 21:00:00+00:00,CALL,0,75,90,0.48491381807983014,0.801825293350787,14.164893019001136,19.37197314298537,5.207080123984236,1,0,,2.260951674449102,5.487238118426926,3.226286443977824,1,-0.0001422323299790033,0.7792207792207791,-0.0017861273649121268,BAJISTA,train
AUDUSD,1439,1453,1455,2024-07-25 16:45:00+00:00,PUT,1,210,240,0.23324808138352482,0.6805807622505075,82.14369419802368,82.23036163746995,0.08666743944627342,1,1,0.0,3.8393742479733817,82.77637545436848,86.61574970234186,1,0.00042358477021479777,1.437173825772782,0.0027410335164768096,ALCISTA,train
AUDUSD,3177,3196,3201,2024-08-20 19:15:00+00:00,PUT,0,285,360,0.0913270940297553,0.4633204633204948,47.6150859374524,47.24340332012056,0.3716826173318424,0,0,0.0,3.2599513247473624,85.72678536728195,88.98673669202931,1,-4.729509803391981e-05,0.8492386875402101,-0.0002315447000013071,BAJISTA,train
AUDUSD,3187,3196,3201,2024-08-20 21:45:00+00:00,PUT,0,135,210,0.04105732100588227,0.6534090909089619,79.32831040132193,61.92908557314704,17.399224828174887,0,0,,3.2599513247473624,85.72678536728195,88.98673669202931,1,0.00018076342900679885,0.605984092917561,0.0007656649711245134,ALCISTA,train
AUDUSD,3277,3303,3306,2024-08-21 20:15:00+00:00,PUT,1,390,435,0.10973672267737286,0.6994047619047349,44.66145833333189,47.48263888888747,2.8211805555555785,0,0,,3.7464812627897004,87.13884841617157,90.88532967896127,1,-9.634275011817753e-05,0.4849714180342984,2.9669188547964964e-05,ALCISTA,train
AUDUSD,3300,3303,3306,2024-08-22 02:00:00+00:00,PUT,1,45,90,0.321765745599222,0.6347438752780891,84.52727732779191,66.03793391218771,18.489343415604196,1,0,,3.7464812627897004,87.13884841617157,90.88532967896127,1,0.00017082117590140576,0.8959227467811158,0.00013868360337077057,ALCISTA,train
AUDUSD,4205,4216,4217,2024-09-04 12:15:00+00:00,PUT,0,165,180,0.4415975004772883,0.7649667405765304,50.805047471713806,54.94595605706774,4.140908585353934,0,0,,2.604350382128061,87.9982363315686,90.60258671369667,1,-4.9865917593814196e-05,0.7760051052967454,0.002756185010410306,ALCISTA,train
AUDUSD,4212,4216,4217,2024-09-04 14:00:00+00:00,PUT,0,60,75,0.2009206697848985,0.7247437774525072,81.6666666666647,77.65866301399132,4.008003652673381,1,0,,2.604350382128061,87.9982363315686,90.60258671369667,1,0.00017128819916361243,0.7244395844723892,0.0016880038497810723,ALCISTA,train
AUDUSD,5507,5540,5542,2024-09-24 01:45:00+00:00,CALL,1,495,525,0.46983564144793577,0.7021276595744395,40.968209588899,39.86967628091454,1.0985333079844608,0,0,,6.714966559508738,19.390497898441737,12.675531338932998,1,-4.168107767755419e-06,0.46956046956046954,-0.0006584434397084449,BAJISTA,train
AUDUSD,5917,5952,5956,2024-09-30 08:15:00+00:00,PUT,1,525,585,0.29828292302034903,0.9447300771208165,75.80683263502891,75.4141807005263,0.3926519345026094,0,0,,5.2008649358065355,82.78677460136315,87.98763953716968,1,0.000149271275635792,0.9221832264310783,-0.0006046359269185064,BAJISTA,train
AUDUSD,6067,6103,6108,2024-10-01 21:45:00+00:00,PUT,1,540,615,0.07815655977517434,0.5184603299292998,86.63045956442316,75.25899984968233,11.371459714740837,1,0,,2.5403369328427488,87.65990510258757,90.20024203543032,1,0.0005196840215630042,0.5622842798870411,0.0008463632556190426,ALCISTA,train
AUDUSD,6072,6103,6108,2024-10-01 23:00:00+00:00,PUT,1,465,540,0.08360261479429208,0.29639175257725875,83.38573810099632,88.04482103056621,4.659082929569891,1,0,,2.5403369328427488,87.65990510258757,90.20024203543032,1,7.92213073630911e-06,0.258457486212857,0.0004935378523178713,ALCISTA,train
AUDUSD,6153,6166,6169,2024-10-02 19:15:00+00:00,CALL,0,195,240,0.48524310162776874,0.7020702070206366,61.686733677689354,48.47354339681743,13.21319028087192,0,0,,2.930782198852789,19.14650419217757,16.21572199332478,1,0.00013281158609575668,0.8047783715812636,-0.00044433086095629903,BAJISTA,train
AUDUSD,6165,6166,6169,2024-10-02 22:15:00+00:00,CALL,0,15,60,0.18029706304424778,0.4249291784702109,13.562785451707875,17.152995631706432,3.5902101799985573,1,0,,2.930782198852789,19.14650419217757,16.21572199332478,1,-2.47429180001215e-05,0.4942404253224377,7.263482840080826e-06,ALCISTA,train
AUDUSD,7544,7557,7558,2024-10-23 07:00:00+00:00,CALL,0,195,210,0.49112903210945363,0.9100758396533164,65.16724336793628,71.79521737547309,6.627974007536807,0,0,,2.1592407014299226,12.286989992891725,10.127749291461802,1,-1.9152706068549543e-05,0.7748068924539513,0.00031465388073126377,ALCISTA,train
AUDUSD,9131,9134,9135,2024-11-14 20:45:00+00:00,CALL,0,45,60,0.3177008067829639,0.5057803468207455,18.481840094782267,28.42583443722225,9.943994342439982,1,0,,2.677434144525911,15.392953929538526,12.715519785012615,1,-0.00011122871181316057,0.6818012653516934,-0.0029540271795220896,BAJISTA,train
AUDUSD,9461,9487,9491,2024-11-20 07:15:00+00:00,CALL,0,390,450,0.5468472234491489,0.9950248756218026,25.29239766081622,21.64271716129106,3.649680499525161,0,0,,2.695125756171109,12.875793508204106,10.180667752032997,1,-4.1332235474836824e-05,0.8455056179775281,-0.0005929971177582871,BAJISTA,train
AUDUSD,11462,11493,11495,2024-12-19 03:30:00+00:00,PUT,0,465,495,0.08293529994281175,0.6969990319458296,83.42110149892653,70.78331216681003,12.637789332116498,1,0,,3.255196622674589,86.28786797963465,89.54306460230924,1,0.00033646769301489717,1.4989733059548254,0.00042593202767737814,ALCISTA,train
AUDUSD,11466,11493,11495,2024-12-19 04:30:00+00:00,PUT,0,405,435,0.18005459271150198,0.5969387755101977,85.73158527887001,86.60720804464263,0.8756227657726185,1,0,,3.255196622674589,86.28786797963465,89.54306460230924,1,0.00021572011677703474,0.8552915766738661,-0.0009802976247870188,BAJISTA,train
AUDUSD,11959,11961,11965,2024-12-27 07:30:00+00:00,CALL,1,30,90,0.15165765509224086,0.5437100213220017,10.527516118523543,12.05998602297374,1.5324699044501973,1,0,,2.091542238795988,13.254441134279718,11.16289889548373,1,-0.00010315551450154987,0.7238394964594808,-0.0005959571555125276,BAJISTA,train
AUDUSD,13156,13173,13175,2025-01-15 22:00:00+00:00,PUT,1,255,285,0.06174355492549102,0.5909090909089403,87.7452845548083,80.36264868283959,7.382635871968702,1,0,,4.949242382969061,84.31866797939101,89.26791036236007,1,0.0001366373490018813,0.5681350349938246,0.000547994516840955,ALCISTA,train
AUDUSD,13162,13173,13175,2025-01-15 23:30:00+00:00,PUT,1,165,195,0.15942383421260808,0.552995391705223,70.90415773751347,78.9810181147319,8.076860377218424,0,0,,4.949242382969061,84.31866797939101,89.26791036236007,1,3.0177937883880737e-06,0.27908486126886256,0.00024901398494647786,ALCISTA,train
AUDUSD,13204,13211,13216,2025-01-16 10:00:00+00:00,PUT,1,105,180,0.30860446893943816,0.8429394812680482,90.11574074074194,86.79163484790672,3.3241058928352203,1,0,,4.395722378452675,81.68421277555561,86.07993515400828,1,0.00034470166241761446,1.2982042979099206,0.0012941030479913795,ALCISTA,train
AUDUSD,14127,14135,14136,2025-01-30 00:45:00+00:00,PUT,0,120,135,0.22814847793740026,0.24671052631589804,61.91721132897599,55.55555555555592,6.361655773420068,0,0,,2.0252440692742084,91.17894431461546,93.20418838388967,1,4.375397431932391e-05,0.24990605035700864,0.0018888410610917727,ALCISTA,train
AUDUSD,14131,14135,14136,2025-01-30 01:45:00+00:00,PUT,0,60,75,0.23503014350508036,0.5610972568577918,87.9223857162926,82.6919797069249,5.230406009367698,1,0,,2.0252440692742084,91.17894431461546,93.20418838388967,1,0.0002586855896681754,0.5409209732555801,0.001415962163949791,ALCISTA,train
AUDUSD,14842,14868,14871,2025-02-10 11:30:00+00:00,PUT,0,390,435,0.5910243935363606,0.8810240963855188,76.4630431297083,60.29073806851354,16.172305061194756,0,0,,2.0336087638826257,82.72498684766937,84.758595611552,1,0.00013681131230806483,1.0211173483025928,0.00026687166659344896,ALCISTA,train
AUDUSD,14865,14868,14871,2025-02-10 17:15:00+00:00,PUT,0,45,90,0.05959101817233415,0.602006688963246,79.68978055133043,76.42020356569485,3.269576985635581,0,0,0.0,2.0336087638826257,82.72498684766937,84.758595611552,1,0.00011175845516838228,1.1828353621050043,-0.0006576087562280009,BAJISTA,train
AUDUSD,15830,15860,15864,2025-02-24 18:30:00+00:00,CALL,1,450,510,0.015944751537479308,0.6394009216589607,43.19191919191942,34.38383838383797,8.80808080808145,0,0,,3.4242605057071156,13.415534487037048,9.991273981329932,1,8.521029500491246e-05,0.8111993946273175,-0.0007213816580460275,BAJISTA,train
AUDUSD,16979,17001,17003,2025-03-12 17:45:00+00:00,PUT,0,330,360,0.5145091646222418,0.4940957116220625,50.30810247717924,43.41213929645509,6.895963180724152,0,0,,3.4430039127048957,82.48464384660618,85.92764775931107,1,0.0002897079659117265,0.980266086354419,0.001896303637281882,ALCISTA,train
AUDUSD,16996,17001,17003,2025-03-12 22:00:00+00:00,PUT,0,75,105,0.014464212654303548,0.4618473895581389,80.37834757835364,82.72039218706307,2.342044608709429,1,0,,3.4430039127048957,82.48464384660618,85.92764775931107,1,0.00010238871824108214,0.42410714285714285,0.0008538194559950529,ALCISTA,train
AUDUSD,17685,17720,17722,2025-03-24 04:15:00+00:00,PUT,1,525,555,0.21239430238073795,0.6624605678234565,44.30354173465553,53.68059722016958,9.377055485514049,0,0,,3.5397413601112504,84.203272239071,87.74301359918225,1,-0.00015764498638321883,1.0640522875816993,-0.0002785759198973281,BAJISTA,train
AUDUSD,17832,17850,17853,2025-03-25 17:00:00+00:00,CALL,0,270,315,0.059578832619018425,0.5413271245634964,40.91381100726946,37.38961945983727,3.5241915474321885,0,0,0.0,2.0497078042043944,8.96850319478914,6.918795390584745,1,-0.00018076889661367834,1.0028944692169288,-0.0013897962819979792,BAJISTA,train
AUDUSD,17845,17850,17853,2025-03-25 20:15:00+00:00,CALL,0,75,120,0.5378595132403039,0.9438775510203437,13.502397448016657,11.794120671719204,1.7082767762974527,1,0,,2.0497078042043944,8.96850319478914,6.918795390584745,1,-5.491107963260028e-05,0.5047422680412371,-0.0006422505728715944,BAJISTA,train
AUDUSD,17864,17870,17872,2025-03-26 01:00:00+00:00,PUT,0,90,120,0.1523521096883955,0.688935281837192,77.89232531500771,78.54027871957179,0.6479534045640776,0,0,0.0,9.131931810524748,80.49673202614277,89.62866383666751,1,2.346165125794065e-05,0.8389057750759878,-8.331052211896228e-05,BAJISTA,train
AUDUSD,17867,17870,17872,2025-03-26 01:45:00+00:00,PUT,0,45,75,0.40077408156234984,0.7382550335570446,89.01718213058236,83.81748759068302,5.19969453989934,1,0,,9.131931810524748,80.49673202614277,89.62866383666751,1,6.766042922083605e-05,0.9217877094972067,-6.664952821666681e-05,BAJISTA,train
AUDUSD,18238,18274,18276,2025-03-31 23:30:00+00:00,PUT,1,540,570,0.13260785127475297,0.35836177474383235,64.11932084198979,72.54526611588771,8.425945273897923,0,0,,3.6158931858784484,81.78039219101453,85.39628537689298,1,-2.3282785436047854e-05,0.28544423440453687,0.00024019599993585494,ALCISTA,train
AUDUSD,18740,18744,18746,2025-04-08 05:00:00+00:00,PUT,0,60,90,0.5119353782779567,0.7516519823788241,80.05364298517549,62.995673177235496,17.05796980793999,1,0,,2.1883533589025177,91.8300153847905,94.01836874369302,1,0.00025317512906545723,1.3716792104869662,0.008199346881044844,ALCISTA,train
AUDUSD,20246,20270,20271,2025-04-29 21:30:00+00:00,PUT,0,360,375,0.3378146338207193,0.9407069555301428,44.17196154458355,53.630707051897836,9.458745507314283,0,0,,4.846418792259598,81.52961984021562,86.37603863247521,1,-9.681934222644931e-05,0.541699421139141,-0.0004072873098671659,BAJISTA,train
AUDUSD,20779,20787,20792,2025-05-07 10:45:00+00:00,CALL,0,120,195,0.301233755804152,0.5826693227091562,37.00030380476544,39.23705672439793,2.236752919632494,0,0,,2.0261719467622594,15.31224381511071,13.28607186834845,1,-3.440498311309177e-05,1.0633613308325858,-0.00045718098497804505,BAJISTA,train
AUDUSD,22262,22298,22300,2025-05-28 23:15:00+00:00,PUT,0,540,570,0.5416496819361214,0.8529411764705888,58.83691770412241,59.16602423330227,0.32910652917985317,0,0,,3.3250769720166744,86.97294082664281,90.29801779865949,1,2.1591480699450538e-05,0.7726172132951794,0.00015411654635699712,ALCISTA,train
AUDUSD,22295,22298,22300,2025-05-29 07:30:00+00:00,PUT,0,45,75,0.5430538143061101,0.7512953367875949,87.28745775535158,81.96327468350562,5.324183071845965,1,0,,3.3250769720166744,86.97294082664281,90.29801779865949,1,0.00020171856678017822,0.43063600725528056,0.0003811953976491367,ALCISTA,train
AUDUSD,22736,22762,22766,2025-06-04 21:45:00+00:00,PUT,0,390,450,0.28312865125947323,0.5018587360593783,77.6989347984943,82.24901165197666,4.550076853482352,0,0,,3.946997856219596,83.87126697566617,87.81826483188577,1,-3.712269283163927e-05,0.5577761627906977,-0.0011450311189908913,BAJISTA,train
AUDUSD,23111,23127,23130,2025-06-10 19:30:00+00:00,PUT,0,240,285,0.4338524950372569,0.8823529411763265,22.41269841270179,26.232439335889993,3.8197409231882027,0,0,,2.200535465732713,83.86268734399918,86.0632228097319,1,-0.00021563031669310048,0.5480710349050826,0.0001802361477016845,ALCISTA,train
AUDUSD,25768,25797,25802,2025-07-21 02:45:00+00:00,PUT,0,435,510,0.5477840385900935,0.7038834951457034,49.28193499622058,44.62081128747756,4.66112370874302,0,0,,3.4916130123007605,87.60136031860998,91.09297333091074,1,4.653771067033808e-07,1.020746887966805,0.00018452170436522586,ALCISTA,train
AUDUSD,25786,25797,25802,2025-07-21 07:15:00+00:00,PUT,0,165,240,0.25372172500068413,0.5655737704916766,66.69659253213491,59.58421183885351,7.112380693281402,0,0,,3.4916130123007605,87.60136031860998,91.09297333091074,1,9.423863886626516e-05,0.556236216613575,0.00015675715550322877,ALCISTA,train
AUDUSD,26094,26124,26128,2025-07-24 12:15:00+00:00,CALL,0,450,510,0.20658114673047123,0.47430830039528643,61.70569002795096,51.45373675815862,10.251953269792338,0,0,,2.340493084199757,11.597963716238985,9.257470632039228,1,7.512655847528575e-05,0.8025078369905956,-0.0019794499848897473,BAJISTA,train
AUDUSD,26100,26124,26128,2025-07-24 13:45:00+00:00,CALL,0,360,420,0.03949374563341371,0.6178977272727401,28.66378589204866,42.362000331292414,13.698214439243753,0,0,,2.340493084199757,11.597963716238985,9.257470632039228,1,-0.00020611123952931685,0.8536962573461182,-0.0013335913827617896,BAJISTA,train
AUDUSD,26416,26446,26447,2025-07-29 20:45:00+00:00,PUT,0,450,465,0.0,0.38602941176458433,81.54223222017008,85.4336356018547,3.8914033816846256,1,1,0.0,3.0442431204248805,90.71167817768954,93.75592129811442,1,0.00014993989839275708,0.6294872724635578,-0.00023352568475265567,BAJISTA,train
AUDUSD,26425,26446,26447,2025-07-29 23:00:00+00:00,PUT,0,315,330,0.20989275393344664,0.6573705179282922,60.33141005331142,69.44076751006774,9.109357456756321,0,0,,3.0442431204248805,90.71167817768954,93.75592129811442,1,2.4100242119010157e-05,0.39436619718309857,-0.0001021809093795234,BAJISTA,train
AUDUSD,26774,26784,26785,2025-08-04 14:15:00+00:00,PUT,1,150,165,0.03093492783821144,0.7707509881422743,47.731755424061326,39.84220907297688,7.889546351084448,0,0,0.0,2.0892553292512446,80.6520963702233,82.74135169947455,1,-7.247738939243826e-05,0.8599538442851937,0.00023922152685074138,ALCISTA,train
AUDUSD,26782,26784,26785,2025-08-04 16:15:00+00:00,PUT,1,30,45,0.04501159686373347,0.8790523690772486,83.39698113253401,82.27827919143148,1.118701941102529,1,0,,2.0892553292512446,80.6520963702233,82.74135169947455,1,0.00014469603557153572,1.175546537504909,-0.002271983602205374,BAJISTA,train
AUDUSD,26845,26862,26864,2025-08-05 08:00:00+00:00,CALL,0,255,285,0.40550956279182687,0.849514563106977,38.887546539176455,27.08246710651795,11.805079432658506,0,0,,2.824035815536149,19.81740802903578,16.99337221349963,1,3.423329380095514e-05,0.7211457455770851,-0.001816833203264978,BAJISTA,train
AUDUSD,27281,27320,27323,2025-08-11 21:00:00+00:00,PUT,1,585,630,0.06384819465276012,0.4814189189189845,69.33621933621919,64.98316498316551,4.353054353053679,0,0,,3.9689740143376184,82.5352822580648,86.50425627240242,1,-2.2892686345031434e-05,0.7613892647722147,0.00012669551229138598,ALCISTA,train
AUDUSD,27418,27442,27447,2025-08-13 07:15:00+00:00,PUT,1,360,435,0.3489445947799451,0.6994818652849457,87.0576229019934,84.9672086151113,2.090414286882094,1,0,,2.6956748838749434,90.54715470491043,93.24282958878537,1,0.0001313004497620126,0.7129629629629629,0.0002848854484802654,ALCISTA,train
AUDUSD,28076,28110,28114,2025-08-22 03:45:00+00:00,PUT,0,510,570,0.18157564579098281,0.6566820276498324,70.38918283362875,77.0224810758853,6.633298242256544,0,0,,6.0964234918186975,85.50465325018774,91.60107674200644,1,1.0377750103798735e-05,1.9759745035547929,0.00012766262194130462,ALCISTA,train
AUDUSD,28524,28558,28560,2025-08-28 19:45:00+00:00,PUT,0,510,540,0.15943948524645685,0.6205420827389451,90.09752065159974,81.95246711255,8.14505353904974,1,0,,3.507035149294097,87.58539471057243,91.09242985986653,1,0.00014108454219882702,0.5488900064659817,0.00018369408811191867,ALCISTA,train
AUDUSD,28531,28558,28560,2025-08-28 21:30:00+00:00,PUT,0,405,435,0.0,0.34722222222218474,79.10477322242019,83.25133311454796,4.146559892127769,0,0,,3.507035149294097,87.58539471057243,91.09242985986653,1,1.1872810660701266e-05,0.42333988948206425,-0.00020893715277592317,BAJISTA,train
AUDUSD,29215,29249,29252,2025-09-09 00:30:00+00:00,PUT,0,510,555,0.3261875174947601,0.7961783439492368,62.6942810069282,67.60499758127432,4.910716574346118,0,0,,2.1461799601268012,92.40935708148807,94.55553704161487,1,-0.00010622638359867285,0.5832258064516129,0.0006022789507298398,ALCISTA,train
AUDUSD,29413,29417,29421,2025-09-11 02:00:00+00:00,PUT,0,60,120,0.21745540835032517,0.9905660377357083,80.08174002546231,63.788119373409586,16.293620652052724,1,0,,4.348152031340575,86.38795045045322,90.7361024817938,1,0.00011280827126361107,0.6723755153821757,-0.00021628881665813893,BAJISTA,train
AUDUSD,29689,29706,29708,2025-09-15 23:00:00+00:00,PUT,0,255,285,0.14358946452890042,0.4399999999997572,68.53571838091392,70.55288754539819,2.0171691644842724,0,0,,4.011143094619797,87.33778953691603,91.34893263153583,1,-3.315877283464815e-05,0.5479901558654635,0.0002204549169695369,ALCISTA,train
AUDUSD,30107,30132,30134,2025-09-22 07:30:00+00:00,PUT,0,375,405,0.20460685483443977,0.6167763157894309,80.44556240758875,82.9683857368883,2.5228233292995412,1,1,0.0,2.347724146100404,90.40303759117909,92.75076173727949,1,6.306332394277338e-05,0.5206847360912982,0.0003944234590937956,ALCISTA,train
AUDUSD,30128,30132,30134,2025-09-22 12:45:00+00:00,PUT,0,60,90,0.25162718275154305,0.5875152998775922,88.93838460365919,86.57193113158934,2.36645347206985,1,0,,2.347724146100404,90.40303759117909,92.75076173727949,1,0.0002561582962717064,0.7953782077119441,0.0004367063847079411,ALCISTA,train
AUDUSD,31051,31064,31066,2025-10-06 03:45:00+00:00,PUT,1,195,225,0.4267109122333555,0.761047463175195,79.91184500662281,71.79142955740163,8.120415449221184,0,0,,2.3205945334808717,85.00008566589344,87.32068019937431,1,0.0001455052518302254,1.2330719885958659,-6.365449552292457e-05,BAJISTA,train
AUDUSD,31976,32005,32007,2025-10-17 19:00:00+00:00,PUT,0,435,465,0.3495625015205091,0.6338028169014143,57.00980646741464,48.24608619018789,8.763720277226753,0,0,,2.7989332689110995,89.70377572053168,92.50270898944278,1,0.00013730374671104396,0.6426197217776684,0.0005292335987729935,ALCISTA,train
AUDUSD,32002,32005,32007,2025-10-20 01:30:00+00:00,PUT,0,45,75,0.07750116415111379,0.6167763157893971,85.08524920271356,68.95850309156113,16.12674611115243,1,0,,2.7989332689110995,89.70377572053168,92.50270898944278,1,0.0001761370625929498,0.6874884494548142,0.001310668440904772,ALCISTA,train
AUDUSD,32234,32248,32252,2025-10-22 11:30:00+00:00,CALL,1,210,270,0.5660069882810032,0.7279411764704798,17.098063973062704,27.157000985411845,10.05893701234914,1,0,,3.547674115760664,11.90685582421593,8.359181708455266,1,-0.00025236581283209764,1.0369947150407084,-0.00018088680719385852,BAJISTA,train
AUDUSD,32314,32346,32347,2025-10-23 07:30:00+00:00,CALL,1,480,495,0.2178364042098967,0.49270072992693853,17.00836082312647,16.285416343298095,0.7229444798283744,1,1,0.0,2.7763342803497224,12.537793458509412,9.76145917815969,1,-1.897503054225909e-05,0.6066386875238458,-0.00026593592100554453,BAJISTA,train
AUDUSD,32317,32346,32347,2025-10-23 08:15:00+00:00,CALL,1,435,450,0.3610256489456175,0.7692307692306176,45.55719860716156,35.30320055146813,10.25399805569343,0,0,,2.7763342803497224,12.537793458509412,9.76145917815969,1,2.4672701198183668e-05,0.7893660531697342,0.003153591950479706,ALCISTA,train
AUDUSD,32343,32346,32347,2025-10-23 14:45:00+00:00,CALL,1,45,60,0.431626664628269,0.6402439024387995,10.564745658300822,15.431698000234602,4.86695234193378,1,0,,2.7763342803497224,12.537793458509412,9.76145917815969,1,-0.00018550497670700143,0.9122042341220423,-0.00022132939039110067,BAJISTA,train
AUDUSD,33606,33627,33631,2025-11-11 21:15:00+00:00,PUT,0,315,375,0.1507368484805975,0.5498981670059849,77.40466617933903,73.17132564130118,4.233340538037851,0,0,,2.5183423365312905,86.38888888888944,88.90723122542073,1,4.027535723502919e-05,0.5454545454545454,-0.0004931525311590024,BAJISTA,train
AUDUSD,33609,33627,33631,2025-11-11 22:00:00+00:00,PUT,0,270,330,0.28597210339409807,0.8311345646439803,68.30950791834614,73.09470195718829,4.78519403884215,0,0,,2.5183423365312905,86.38888888888944,88.90723122542073,1,-1.0579403293866574e-05,0.6741573033707865,-0.0003875179399361883,BAJISTA,train
AUDUSD,33696,33701,33705,2025-11-12 19:45:00+00:00,PUT,0,75,135,0.05872679121713106,0.5414438502673615,78.55720146939457,78.36955138908623,0.1876500803083445,0,0,,2.0543121487592373,89.36312664301055,91.41743879176978,1,8.309560301977962e-05,0.82091821222256,0.00016204878585712734,ALCISTA,train
AUDUSD,34285,34317,34322,2025-11-20 23:00:00+00:00,CALL,0,480,555,0.2883470541618935,0.5580159433126329,43.99641577060874,52.86173597426705,8.865320203658307,0,0,,4.721321173086633,17.820866535032263,13.09954536194563,1,-8.346672011546703e-05,0.2790395846852693,-0.0003205941782270516,BAJISTA,train
AUDUSD,34288,34317,34322,2025-11-20 23:45:00+00:00,CALL,0,435,510,0.1975372796013246,0.4261363636364991,14.744470915570036,22.845727543992723,8.101256628422687,1,0,,4.721321173086633,17.820866535032263,13.09954536194563,1,-0.00029046031748268406,0.1972284885594586,-0.00018322184749719472,BAJISTA,train
AUDUSD,35218,35226,35231,2025-12-04 16:15:00+00:00,PUT,0,120,195,0.09725676672160738,0.6479999999999727,56.70768288950014,40.06887138081324,16.6388115086869,0,0,,4.698582690550978,81.03015235545202,85.728735046003,1,7.363841067427412e-05,1.1332728921124207,0.0009713614796165171,ALCISTA,test
AUDUSD,35222,35226,35231,2025-12-04 17:15:00+00:00,PUT,0,60,135,0.5803906356647551,0.9618008185540472,71.49576082105993,73.32584946458468,1.8300886435247463,0,0,,4.698582690550978,81.03015235545202,85.728735046003,1,0.00018449263837749387,1.4018954677676645,0.0008471883935190494,ALCISTA,test
AUDUSD,35671,35700,35703,2025-12-11 09:30:00+00:00,PUT,1,435,480,0.28615567969919414,0.8139534883720614,71.18527230489178,52.846235325662356,18.339036979229427,0,0,,5.597953661384281,83.26053860423518,88.85849226561946,1,0.00014876737880729652,0.9470899470899471,0.0016640438524497814,ALCISTA,test
AUDUSD,35832,35853,35855,2025-12-15 01:45:00+00:00,CALL,0,315,345,0.24379650912169062,0.5952380952380288,52.72423233937818,45.75846711166408,6.965765227714101,0,0,,3.646014597340871,19.10458486476443,15.458570267423559,1,-2.4344909930655285e-05,0.5667780845807295,0.00040598451244266975,ALCISTA,test
AUDUSD,35913,35937,35942,2025-12-15 22:00:00+00:00,CALL,1,360,435,0.48449700612159907,0.7750000000000519,41.936982529500106,30.610760801437962,11.326221728062144,0,0,,3.039742081793727,9.70721377086071,6.667471689066983,1,8.53452214206545e-05,0.5727883062802753,0.00018226762008199948,ALCISTA,test
AUDUSD,38929,38955,38959,2026-01-30 08:00:00+00:00,PUT,1,390,450,0.49012009433169357,0.7186858316222,64.91262931198673,64.33516556985087,0.5774637421358619,0,0,,3.0202199780745786,88.59274393772387,91.61296391579845,1,-3.071837737737502e-05,0.7889519381964859,-0.0031948973089134247,BAJISTA,test
AUDUSD,38947,38955,38959,2026-01-30 12:30:00+00:00,PUT,1,120,180,0.07437680276456018,0.5431502715751774,44.87195528862196,35.209051644237086,9.662903644384876,0,0,,3.0202199780745786,88.59274393772387,91.61296391579845,1,-0.00017060536310829958,0.9311094996374184,0.001641918494363681,ALCISTA,test
AUDUSD,39161,39185,39186,2026-02-03 18:00:00+00:00,PUT,0,360,375,0.39879545774402564,0.893536121673046,72.18709079876088,55.024086758979706,17.16300403978117,0,0,,3.2340451032305566,87.86608172167955,91.1001268249101,1,0.00019557305495476344,1.2961535766832482,0.00015693659761462087,ALCISTA,test
AUDUSD,39168,39185,39186,2026-02-03 19:45:00+00:00,PUT,0,255,270,0.32012586159338435,0.7172373081463714,72.8367193378481,78.33793161106917,5.501212273221071,0,0,,3.2340451032305566,87.86608172167955,91.1001268249101,1,-8.904646366645464e-06,0.9919099542736546,5.706215495226985e-05,ALCISTA,test
AUDUSD,39181,39185,39186,2026-02-03 23:00:00+00:00,PUT,0,60,75,0.33136582570763484,0.5547169811320792,76.806401239156,65.696055455756,11.110345783400007,0,0,,3.2340451032305566,87.86608172167955,91.1001268249101,1,0.0003102781804376284,0.4232946885953087,0.0005536147767408739,ALCISTA,test
AUDUSD,39756,39760,39765,2026-02-11 22:45:00+00:00,CALL,0,60,135,0.2901950676119376,0.6122448979592713,27.56650840554323,41.74017564284355,14.173667237300322,0,0,,2.7376281877750337,14.877284785360038,12.139656597585004,1,-0.00018844480290079922,0.619875368973434,-0.0006899046753661153,BAJISTA,test
AUDUSD,39807,39844,39846,2026-02-12 11:30:00+00:00,CALL,0,555,585,0.14972920368893075,0.5084745762712418,59.75598573745333,54.989751959878184,4.766233777575145,0,0,0.0,2.883222340329474,10.674535449209143,7.791313108879669,1,-5.534333515109223e-05,0.8007375214012907,-7.370050221633395e-05,BAJISTA,test
AUDUSD,41440,41470,41472,2026-03-09 17:00:00+00:00,PUT,1,450,480,0.549605878999364,0.7076247942950874,82.76914974484087,77.17062736470308,5.598522380137794,1,0,,2.5256776960276284,89.55141870627308,92.07709640230071,1,0.0003622267002129095,1.1736516947737519,0.0008216634594522265,ALCISTA,test
AUDUSD,41523,41547,41549,2026-03-10 13:45:00+00:00,PUT,1,360,390,0.27652687177902346,0.9319526627218697,75.5462380619616,72.27008435299818,3.2761537089634203,0,0,0.0,2.7236290565860344,85.89473983126749,88.61836888785352,1,2.2556714176187107e-05,0.8437856328392246,0.00014339578078992332,ALCISTA,test
AUDUSD,42071,42075,42078,2026-03-18 07:45:00+00:00,PUT,1,60,105,0.08128946380269608,0.5465587044534158,82.98574371269432,80.70292399946464,2.282819713229671,1,0,,3.403980767794266,85.20540695650972,88.60938772430399,1,0.00012856682473579115,0.7035257715169775,0.0001601807513320619,ALCISTA,test
AUDUSD,42397,42400,42402,2026-03-23 18:15:00+00:00,CALL,1,45,75,0.38125159862669766,0.5347871235722157,18.03267574295886,35.337672991974685,17.304997249015823,1,0,,4.619578102373156,17.74643828461316,13.126860182240003,1,-0.0011491858848523219,0.7471565119880387,-0.0011251317401088645,BAJISTA,test
AUDUSD,42508,42540,42541,2026-03-24 22:00:00+00:00,CALL,0,480,495,0.1255726510424638,0.3526048284625012,83.22053017484443,85.61672879014482,2.396198615300392,0,1,0.0,4.442579616230715,13.520553928733484,9.07797431250277,1,0.0002753476427110417,0.2020594521080241,0.003242815202570082,ALCISTA,test
AUDUSD,43206,43240,43243,2026-04-03 05:30:00+00:00,CALL,0,510,555,0.24987589160016566,0.8720930232557464,9.890984673448134,19.48124676844284,9.590262094994706,1,0,,3.615144597557064,13.43920728342214,9.824062685865076,1,-0.00014692910275822827,1.1077389984825494,-0.0006208133088481116,BAJISTA,test
AUDUSD,43211,43240,43243,2026-04-03 06:45:00+00:00,CALL,0,435,480,0.18692071911762426,0.9649122807016889,23.853211009174686,21.890840050302003,1.9623709588726825,0,0,,3.615144597557064,13.43920728342214,9.824062685865076,1,-3.33463208477759e-05,0.7586933614330874,-0.00038213020218169635,BAJISTA,test
AUDUSD,43238,43240,43243,2026-04-03 13:30:00+00:00,CALL,0,30,75,0.1093534700038577,0.5000000000002705,7.344965439288746,10.412920716203836,3.0679552769150895,1,0,,3.615144597557064,13.43920728342214,9.824062685865076,1,-6.759072848320033e-05,0.8171301993600787,-0.0008565617481099963,BAJISTA,test
AUDUSD,43756,43778,43783,2026-04-10 23:00:00+00:00,PUT,0,330,405,0.23935700665708554,0.5674342105264437,74.9354005167943,75.45519454501073,0.519794028216424,0,0,0.0,2.1768556027216164,84.89391907815741,87.07077468087903,1,4.4273004300161384e-05,0.5096944770857814,-0.0003268801623362849,BAJISTA,test
AUDUSD,43813,43833,43835,2026-04-13 13:15:00+00:00,PUT,0,300,330,0.03706665674444695,0.5364238410598121,36.99333887807652,41.35764549587941,4.364306617802889,0,0,,4.065482995439183,87.51020031899128,91.57568331443046,1,-0.000123664777295906,0.6388587377888045,-0.0008340922437932718,BAJISTA,test
AUDUSD,43828,43833,43835,2026-04-13 17:00:00+00:00,PUT,0,75,105,0.4838785425428711,0.8412547528518509,73.4061722173867,65.13926428146105,8.266907935925644,0,0,,4.065482995439183,87.51020031899128,91.57568331443046,1,0.00041224000041199425,1.958903362947621,0.003977002856919931,ALCISTA,test
AUDUSD,44172,44193,44197,2026-04-17 07:00:00+00:00,PUT,0,315,375,0.37806509419051154,0.5722891566265658,75.2235615395804,70.75407425691049,4.469487282669917,0,0,0.0,2.36974034878466,87.37488968926323,89.74463003804789,1,6.359822161781828e-05,0.614853195164076,0.0003663399844391346,ALCISTA,test
AUDUSD,44272,44310,44311,2026-04-20 08:00:00+00:00,PUT,0,570,585,0.08579078028276681,0.48622366288515145,69.63624514943764,68.36946714267975,1.2667780067578889,0,0,0.0,3.4046386029770304,81.09259887602501,84.49723747900204,1,7.030374181073158e-06,0.7373350361856109,-0.0006821187054281141,BAJISTA,test
AUDUSD,44289,44310,44311,2026-04-20 12:15:00+00:00,PUT,0,315,330,0.47556509921506196,0.8596837944664292,35.77586206896482,33.0140485312892,2.7618135376756214,0,0,,3.4046386029770304,81.09259887602501,84.49723747900204,1,-0.00011874068762813731,0.853481764944628,0.0010348492476366378,ALCISTA,test
AUDUSD,44298,44310,44311,2026-04-20 14:30:00+00:00,PUT,0,180,195,0.5069117354531637,0.9375,72.65485110035955,68.70019761874694,3.9546534816126098,0,0,,3.4046386029770304,81.09259887602501,84.49723747900204,1,7.633943117817777e-05,0.950800237107291,0.0005598114113467556,ALCISTA,test
AUDUSD,44394,44407,44410,2026-04-21 14:30:00+00:00,PUT,1,195,240,0.25834551508419695,0.6428571428571853,78.71227981816332,70.5588521798207,8.15342763834262,0,0,,5.098200702370548,87.8921095972368,92.99031029960734,1,0.00017391944609834297,0.6027563228835379,0.00028290519183427065,ALCISTA,test
AUDUSD,45077,45116,45118,2026-04-30 17:15:00+00:00,PUT,0,585,615,0.561902436892761,0.9670164917542149,81.41128849768883,73.7018995243705,7.709388973318326,1,0,,2.0534148265593473,85.15276150211156,87.2061763286709,1,0.0005050645697837582,1.138313913639479,0.003167854379265478,ALCISTA,test
AUDUSD,45095,45116,45118,2026-04-30 21:45:00+00:00,PUT,0,315,345,0.306589835029633,0.8926261319534446,88.96767101785336,83.05325847767108,5.914412540182283,1,0,,2.0534148265593473,85.15276150211156,87.2061763286709,1,0.00026015882317285564,0.4359955364259525,0.0015189070545720273,ALCISTA,test
AUDUSD,45114,45116,45118,2026-05-01 02:30:00+00:00,PUT,0,30,60,0.15866036214230445,0.7052441229654536,87.27664039582642,83.01177720079181,4.264863195034607,1,0,,2.0534148265593473,85.15276150211156,87.2061763286709,1,0.00011603231739851432,0.6519208381839348,6.249691855364503e-06,ALCISTA,test
AUDUSD,45263,45279,45284,2026-05-04 15:45:00+00:00,CALL,0,240,315,0.2805685626910718,0.6282051282050898,59.481247809323314,50.625073022549316,8.856174786773998,0,0,,2.1058784967362545,14.506469351082993,12.400590854346738,1,7.926328988189619e-05,0.5602102842122556,-0.0002003104812458023,BAJISTA,test
AUDUSD,45468,45473,45476,2026-05-06 19:00:00+00:00,CALL,1,75,120,0.23363506284835894,0.5504587155962686,27.85945658810971,28.768649711106534,0.9091931229968253,0,0,,3.977000147212374,18.708383814766563,14.731383667554189,1,-4.332775603708013e-05,0.5247271882981194,-0.0005276249340468997,BAJISTA,test
AUDUSD,46783,46803,46807,2026-05-26 11:45:00+00:00,PUT,1,300,360,0.2404640079636585,0.6582446808511614,65.0563607085319,59.52752962199249,5.528831086539405,0,0,,3.3672716940144767,81.66638465047062,85.0336563444851,1,-1.945837198568931e-05,0.8166008569268252,9.213965020449244e-05,ALCISTA,test
AUDUSD,46792,46803,46807,2026-05-26 14:00:00+00:00,PUT,1,165,225,0.4044555206439899,0.8055152394776717,79.55876862956292,73.60438466152141,5.954383968041512,0,0,,3.3672716940144767,81.66638465047062,85.0336563444851,1,7.05193573099299e-05,0.733652312599681,0.00032237401246804076,ALCISTA,test
AUDUSD,46800,46803,46807,2026-05-26 16:00:00+00:00,PUT,1,45,105,0.3447644141511534,0.7397959183673792,81.30000155776992,72.18968218821506,9.110319369554858,1,0,,3.3672716940144767,81.66638465047062,85.0336563444851,1,4.302678649930345e-05,1.0062992125984251,-0.0005881109499561443,BAJISTA,test
AUDUSD,47406,47408,47410,2026-06-03 23:30:00+00:00,CALL,1,30,60,0.05724062541968172,0.6505102040816217,9.74426807759969,9.546521957409844,0.19774612018984605,1,0,,4.7254119554555984,15.936113312866091,11.210701357410493,1,-5.6123809122903245e-05,0.4723932572928232,-0.00028054032065760737,BAJISTA,test
AUDUSD,48330,48365,48366,2026-06-17 14:30:00+00:00,CALL,0,525,540,0.11498206258572756,0.978886756237994,23.98373983740053,22.1294062757499,1.8543335616506305,0,0,0.0,2.458782242581483,12.930970464541858,10.472188221960375,1,-6.757093230714277e-05,1.226903529188239,0.00022935844761140523,ALCISTA,test
AUDUSD,48876,48897,48901,2026-06-25 07:00:00+00:00,PUT,0,315,375,0.3323664190735768,0.5445544554456153,36.083608360836685,31.27979464613179,4.803813714704894,0,0,,2.8491890583396184,81.77801984991532,84.62720890825494,1,9.65445145761744e-05,0.5655952014764687,0.00039064170328484416,ALCISTA,test
AUDUSD,48881,48897,48901,2026-06-25 08:15:00+00:00,PUT,0,240,300,0.03902845819359663,0.5051244509518148,68.1490819889443,63.5683651180854,4.5807168708589,0,0,,2.8491890583396184,81.77801984991532,84.62720890825494,1,0.0001307899131024599,0.5738938497040232,0.0001115807808624858,ALCISTA,test
AUDUSD,48885,48897,48901,2026-06-25 09:15:00+00:00,PUT,0,180,240,0.20033482838736397,0.6499999999998047,39.92744038033814,51.66331929661765,11.73587891627951,0,0,,2.8491890583396184,81.77801984991532,84.62720890825494,1,-0.00012025744587425382,1.3565843366017127,0.0,NEUTRO,test
AUDUSD,48979,49014,49019,2026-06-26 08:45:00+00:00,PUT,1,525,600,0.031557851085198756,0.8279220779220925,83.63276020367746,71.82173662697824,11.811023576699228,1,0,,3.614097793872645,86.73101610165686,90.34511389552951,1,9.143439911558004e-05,1.0677793826566095,0.0010917727951127443,ALCISTA,test
AUDUSD,48999,49014,49019,2026-06-26 13:45:00+00:00,PUT,1,225,300,0.3112723768435821,0.7080745341613517,74.5415318230864,76.13896818562314,1.5974363625367403,0,0,,3.614097793872645,86.73101610165686,90.34511389552951,1,0.00011860990247827659,0.6448502827477519,0.0006697127483155096,ALCISTA,test
EURUSD,627,630,631,2022-01-11 05:45:00+00:00,CALL,0,45,60,0.19667631703145358,0.6868131868131085,15.314637053767143,19.889694402436778,4.575057348669635,1,0,,3.325233760015781,19.816258946693313,16.491025186677533,1,-0.00023252623141416278,0.0,0.00013230663385477293,ALCISTA,train
EURUSD,2041,2073,2077,2022-01-31 23:15:00+00:00,PUT,0,480,540,0.24079620699205956,0.5988593155894223,87.94248847606029,83.4847530442454,4.457735431814896,1,0,0.0,2.7828571195019833,81.81794523043756,84.60080234993954,1,8.876650687615923e-05,0.0,0.00037670083096830176,ALCISTA,train
EURUSD,2709,2714,2717,2022-02-09 22:15:00+00:00,PUT,0,75,120,0.2722837548583838,0.9278350515467221,85.63863872274696,78.65754178878355,6.981096933963414,1,0,,2.1207596523686476,88.04864158150592,90.16940123387457,1,0.00011052938217310009,0.0,-0.0006211506159014002,BAJISTA,train
EURUSD,4961,4983,4984,2022-03-15 08:15:00+00:00,CALL,1,330,345,0.5897501944736259,0.9424083769632895,41.55624602704595,44.29502495195692,2.7387789249109673,0,0,0.0,2.2409664456727354,8.222653845769301,5.981687400096566,1,3.636043620381452e-05,0.0,0.0020560505981486177,ALCISTA,train
EURUSD,6745,6785,6786,2022-04-11 00:15:00+00:00,CALL,1,600,615,0.07653437446532342,0.5477031802120644,39.68253968254285,37.11262282691235,2.5699168556305025,0,0,,2.505229797872925,14.936842958098312,12.431613160225387,1,1.810117050524706e-05,0.0,0.0011419555575171714,ALCISTA,train
EURUSD,6747,6785,6786,2022-04-11 00:45:00+00:00,CALL,1,570,585,0.13834436304923056,0.7082324455207529,40.06602641056603,39.6214041172048,0.4446222933612347,0,0,0.0,2.505229797872925,14.936842958098312,12.431613160225387,1,6.04674198368562e-05,0.0,0.0010149428267263172,ALCISTA,train
EURUSD,6773,6785,6786,2022-04-11 07:15:00+00:00,CALL,1,180,195,0.4933862106518909,0.7441530829198295,37.0908084321729,57.563367776874195,20.472559344701295,0,0,,2.505229797872925,14.936842958098312,12.431613160225387,1,-0.0001304372483412155,0.0,-7.991571188836755e-05,BAJISTA,train
EURUSD,7105,7116,7118,2022-04-14 18:15:00+00:00,CALL,0,165,195,0.05818619549789275,0.47756874095492474,32.85770733139256,44.44878140597918,11.591074074586622,0,0,,3.514450397047119,17.78541014835786,14.270959751310743,1,-6.3443373709172e-05,0.0,-0.0014447865362512413,BAJISTA,train
EURUSD,7947,7954,7959,2022-04-27 12:45:00+00:00,PUT,0,105,180,0.05872180415676019,0.6191646191645945,85.74762941223578,73.80539235878065,11.94223705345513,1,0,,2.543833659142763,90.94062913624659,93.48446279538935,1,0.0004729621759359002,0.0,-0.0025099319974749568,BAJISTA,train
EURUSD,8853,8863,8866,2022-05-10 23:15:00+00:00,PUT,0,150,195,0.3717155661187597,0.7397260273970565,75.067051044841,73.50225101396659,1.5648000308744088,0,0,0.0,2.100235738256046,89.84976005906776,91.94999579732381,1,8.8801774195014e-05,0.0,-0.0001652446760823656,BAJISTA,train
EURUSD,8859,8863,8866,2022-05-11 00:45:00+00:00,PUT,0,60,105,0.017378973650325754,0.6000000000002021,82.67384596007253,78.81893113697656,3.8549148230959673,1,0,0.0,2.100235738256046,89.84976005906776,91.94999579732381,1,6.496997294840463e-05,0.0,0.0002583395227178098,ALCISTA,train
EURUSD,9244,9253,9257,2022-05-17 01:00:00+00:00,PUT,0,135,195,0.26801020655601704,0.4507772020726923,42.63033525328748,40.319007532123614,2.311327721163863,0,0,,2.1801274812648757,82.50393283322025,84.68406031448512,1,5.983820469134916e-05,0.0,0.0010781180371544075,ALCISTA,train
EURUSD,9969,9980,9983,2022-05-26 14:15:00+00:00,PUT,0,165,210,0.2731430951701526,0.6474820143884931,48.661800486619505,39.64138944314559,9.020411043473914,0,0,,5.292335116807806,86.15449808973705,91.44683320654485,1,-2.3179772990881576e-05,0.0,0.0008184339383507933,ALCISTA,train
EURUSD,9976,9980,9983,2022-05-26 16:00:00+00:00,PUT,0,60,105,0.5529390411908794,0.8669574700107827,83.77302931197801,77.62553707730844,6.147492234669571,1,0,,5.292335116807806,86.15449808973705,91.44683320654485,1,0.00011354633156377173,0.0,0.0009646951488546662,ALCISTA,train
EURUSD,10322,10345,10346,2022-06-01 06:30:00+00:00,CALL,1,345,360,0.42615709248250916,0.6629287598943859,39.53521698631295,45.27517262598142,5.739955639668466,0,0,,3.1727921740047105,11.319148468546365,8.146356294541654,1,-3.432986075761202e-05,0.0,-0.0005708784812392675,BAJISTA,train
EURUSD,10650,10690,10694,2022-06-06 16:30:00+00:00,CALL,1,600,660,0.22622769358047287,0.9111111111111841,57.77777777777853,54.46502057613267,3.3127572016458586,0,0,,3.766097519231879,18.1047784014671,14.338680882235222,1,5.355344080859781e-05,0.0,-0.0018981172728673723,BAJISTA,train
EURUSD,10653,10690,10694,2022-06-06 17:15:00+00:00,CALL,1,555,615,0.06599095653736815,0.4567307692305896,55.92870648426123,56.90078967856658,0.9720831943053554,0,0,,3.766097519231879,18.1047784014671,14.338680882235222,1,1.790949188905811e-05,0.0,-0.0014566445292781838,BAJISTA,train
EURUSD,12503,12508,12512,2022-07-03 23:45:00+00:00,CALL,1,75,135,0.4853495314755108,0.9581497797357266,38.016542276500104,34.552339001790365,3.464203274709739,0,0,,2.2722858937417953,19.53522149600275,17.262935602260956,1,-4.557414852928101e-05,0.0,0.0,NEUTRO,train
EURUSD,13271,13311,13316,2022-07-13 23:45:00+00:00,CALL,1,600,675,0.10757098178121247,0.5900151285931068,66.93326341532999,54.27254619313701,12.660717222192979,0,0,,2.417833233283588,6.432703515937203,4.014870282653615,1,0.00023975904487824425,0.0,-0.0004929261127606388,BAJISTA,train
EURUSD,13301,13311,13316,2022-07-14 07:15:00+00:00,CALL,1,150,225,0.40271335023784877,0.8277591973244504,16.135729581086498,29.739929004859306,13.604199423772808,1,0,,2.417833233283588,6.432703515937203,4.014870282653615,1,-0.00025392789029151985,0.0,3.5918680108437684e-05,ALCISTA,train
EURUSD,14630,14662,14665,2022-08-03 03:30:00+00:00,CALL,0,480,525,0.06383851282469566,0.9583333333333539,43.248620688476706,29.619619490743066,13.62900119773364,0,0,,2.3124978083876755,14.5061530688102,12.193655260422524,1,-1.2557326277376035e-05,0.0,-0.00017962554225992022,BAJISTA,train
EURUSD,15810,15814,15816,2022-08-19 10:30:00+00:00,CALL,1,60,90,0.5229734546994822,0.6846473029046666,21.86269172370569,31.46587844095514,9.60318671724945,0,0,,4.317390885316419,14.662811317521536,10.345420432205117,1,-0.00016705926801722847,0.0,0.0005578655320921388,ALCISTA,train
EURUSD,16757,16793,16797,2022-09-02 07:15:00+00:00,CALL,0,540,600,0.3563443766480837,0.7652060170045742,53.61055220210235,61.56609877427966,7.955546572177312,0,0,,4.505734016207178,19.34220283280625,14.836468816599073,1,0.00010494109278336798,0.0,0.000316152375408274,ALCISTA,train
EURUSD,17745,17747,17748,2022-09-16 14:15:00+00:00,CALL,1,30,45,0.5440670716951242,0.8715862870424038,17.702942033871356,31.515860821298563,13.812918787427208,1,0,,2.3518333936836626,19.68343495264921,17.33160155896555,1,-0.00010494346110441608,0.0,2.5112377890934567e-05,ALCISTA,train
EURUSD,19097,19103,19105,2022-10-06 16:15:00+00:00,CALL,0,90,120,0.40215264062450173,0.8497536945812363,29.155126716101524,27.475887674332608,1.6792390417689163,0,0,,3.4411440363329717,13.374666865524006,9.933522829191034,1,-0.00014386552749915725,0.0,-0.006225725903825197,BAJISTA,train
EURUSD,19263,19273,19274,2022-10-10 09:45:00+00:00,CALL,1,150,165,0.3071964623988819,0.8084358523725995,53.29549659230624,64.23429095357302,10.93879436126678,0,0,,3.089657656757174,16.730945821854387,13.641288165097214,1,8.591153860698869e-05,0.0,-0.0031730549605221148,BAJISTA,train
EURUSD,19814,19839,19842,2022-10-18 03:30:00+00:00,PUT,1,375,420,0.2515406824773918,0.8451859956235984,52.51797078457526,66.37572213118192,13.857751346606655,0,0,,2.020889239988179,88.00923562197617,90.03012486196435,1,-0.00011090227183489352,0.0,1.0161465689773053e-05,ALCISTA,train
EURUSD,20612,20620,20622,2022-10-28 11:00:00+00:00,CALL,1,120,150,0.5785546320669073,0.7323318538750634,35.18095660952828,41.637110684729834,6.456154075201553,0,0,,2.7018377479910374,11.229112491322894,8.527274743331857,1,-0.0003945332362699579,0.0,-0.001553810350767404,BAJISTA,train
EURUSD,23090,23099,23100,2022-12-05 06:30:00+00:00,PUT,1,135,150,0.2107821785185738,0.6046383213694984,53.94383394383263,39.38286976922041,14.560964174612216,0,0,,2.8792045669399187,84.23463356973963,87.11383813667955,1,-7.03146480048519e-05,0.0,0.000642486057012448,ALCISTA,train
EURUSD,25803,25830,25832,2023-01-12 12:45:00+00:00,PUT,1,405,435,0.5639630441018966,0.7128712871287716,92.54427985829507,88.76627096350829,3.7780088947867796,1,0,,3.2263606539248997,86.43057022870146,89.65693088262636,1,0.0004381558126315803,0.0,0.004720631050395996,ALCISTA,train
EURUSD,25827,25830,25832,2023-01-12 18:45:00+00:00,PUT,1,45,75,0.10215819122610033,0.5251141552510359,80.7175206109209,69.72794600218907,10.989574608731829,1,0,,3.2263606539248997,86.43057022870146,89.65693088262636,1,0.0001110604177043967,0.0,0.0007231898576312012,ALCISTA,train
EURUSD,26855,26882,26886,2023-01-27 12:45:00+00:00,PUT,0,405,465,0.0392460502458106,0.5142405063291247,58.67635189668976,54.954712581830336,3.7216393148594236,0,0,,3.878667383357694,81.46958157668355,85.34824896004125,1,0.00020541496835397652,0.0,-0.0015809404757527457,BAJISTA,train
EURUSD,26861,26882,26886,2023-01-27 14:15:00+00:00,PUT,0,315,375,0.19078975267947476,0.4838709677420599,80.23566454106377,71.15743997319339,9.078224567870379,1,0,,3.878667383357694,81.46958157668355,85.34824896004125,1,7.939196017024266e-05,0.0,-0.0009886739353360818,BAJISTA,train
EURUSD,27508,27512,27517,2023-02-07 08:00:00+00:00,CALL,1,60,135,0.5452280887238246,0.8516275548827291,22.51736247150728,24.286014832037214,1.7686523605299342,0,0,0.0,3.320283496685784,18.140898320661222,14.820614823975438,1,-8.898329085244688e-05,0.0,-0.0026119628831229313,BAJISTA,train
EURUSD,27923,27937,27939,2023-02-13 15:45:00+00:00,PUT,1,210,240,0.20682841584049308,0.7999999999999052,44.01325841116368,41.23949026217843,2.773768148985255,0,0,0.0,2.3895078417754405,85.49335635975713,87.88286420153257,1,-3.79264785886193e-05,0.0,6.741522535413935e-05,ALCISTA,train
EURUSD,27926,27937,27939,2023-02-13 16:30:00+00:00,PUT,1,165,195,0.4007685229842031,0.6178977272725229,59.32680135134073,55.73408640893211,3.5927149424086195,0,0,,2.3895078417754405,85.49335635975713,87.88286420153257,1,4.973500567285946e-05,0.0,0.0030076004139896195,ALCISTA,train
EURUSD,27955,27977,27980,2023-02-13 23:45:00+00:00,PUT,1,330,375,0.41374266921025477,0.7164869029276442,81.98717948718429,84.29165781965776,2.3044783324734652,1,1,0.0,2.4888193070918874,82.02416368697673,84.51298299406862,1,7.35429618171919e-05,0.0,0.0001100425995419485,ALCISTA,train
EURUSD,29060,29084,29085,2023-03-06 18:00:00+00:00,PUT,1,360,375,0.24973585496032508,0.7854406130268828,57.11947294072693,61.466024879872556,4.346551939145627,0,0,,2.3542838049016552,82.9985754985738,85.35285930347546,1,7.46570089089763e-05,0.0,0.002712481214155682,ALCISTA,train
EURUSD,29062,29084,29085,2023-03-06 18:30:00+00:00,PUT,1,330,345,0.45005697248909265,0.9241706161135247,55.641025641021564,55.57483251524792,0.06619312577364411,0,0,0.0,2.3542838049016552,82.9985754985738,85.35285930347546,1,0.00013589387799779997,0.0,0.0023672685604501087,ALCISTA,train
EURUSD,29467,29499,29500,2023-03-14 16:45:00+00:00,CALL,0,480,495,0.1459746727764848,0.27622095466626356,76.63024063463611,77.73032644967957,1.1000858150434567,0,0,,2.1814659953147633,12.28716539026552,10.105699394950756,1,0.00013475292661219298,0.0,0.0017453310062254257,ALCISTA,train
EURUSD,29864,29872,29873,2023-03-22 12:00:00+00:00,PUT,0,120,135,0.30053456305492965,0.7150101419881079,63.073188285444495,56.70819125588316,6.364997029561337,0,0,,2.7441300653614746,83.65314410223026,86.39727416759173,1,4.642529443147854e-05,0.0,0.00026116358349836943,ALCISTA,train
EURUSD,30167,30206,30209,2023-03-28 23:45:00+00:00,CALL,0,585,630,0.2835625288611897,0.37499999999972244,11.480975221130421,12.839135319450483,1.3581600983200612,1,0,,3.0671840740113847,16.155071175575273,13.087887101563888,1,-7.662166681767532e-05,0.0,4.426443573923855e-05,ALCISTA,train
EURUSD,30184,30206,30209,2023-03-29 04:00:00+00:00,CALL,0,330,375,0.03000110785460321,0.7500000000001529,63.74672117281414,47.47036423025465,16.276356942559488,0,0,,3.0671840740113847,16.155071175575273,13.087887101563888,1,7.662025269025778e-05,0.0,-0.0008035061078912609,BAJISTA,train
EURUSD,32293,32311,32312,2023-05-11 17:15:00+00:00,PUT,0,270,285,0.2735699574843346,0.39033457249077536,67.89733060084635,59.72122353982195,8.176107061024396,0,0,,4.653074542282141,81.87798504099923,86.53105958328138,1,2.6035963493048343e-05,0.0,-0.0008614839838971822,BAJISTA,train
EURUSD,32302,32311,32312,2023-05-11 20:30:00+00:00,PUT,0,135,150,0.11287648704762375,0.9830097087377543,55.61192407542328,42.02452196939442,13.587402106028861,0,0,,4.653074542282141,81.87798504099923,86.53105958328138,1,6.549966251017781e-06,0.0,-0.000973722309771774,BAJISTA,train
EURUSD,32981,32988,32989,2023-05-25 16:15:00+00:00,PUT,0,105,120,0.05577868611882926,0.2937336814618827,54.20240075098533,50.43687581774887,3.7655249332364633,0,0,,5.277915183254507,81.89033189033687,87.16824707359137,1,7.370167213492473e-05,0.0,-0.000806808907543366,BAJISTA,train
EURUSD,32984,32988,32989,2023-05-25 19:00:00+00:00,PUT,0,60,75,0.17295020799334943,0.7073170731705054,75.70904832112252,66.80309044922542,8.905957871897101,0,0,,5.277915183254507,81.89033189033687,87.16824707359137,1,0.00011593515089370823,0.0,-0.0005560448418442387,BAJISTA,train
EURUSD,32987,32988,32989,2023-05-25 19:45:00+00:00,PUT,0,15,30,0.10860741529671997,0.6535269709537949,88.74034462270042,88.53589605377874,0.20444856892167707,1,0,,5.277915183254507,81.89033189033687,87.16824707359137,1,6.013470399766648e-05,0.0,-0.00041056265745986753,BAJISTA,train
EURUSD,33021,33041,33046,2023-05-26 04:15:00+00:00,CALL,0,300,375,0.5353357504163421,0.8485139022052763,54.38094344344691,51.59950016084857,2.781443282598339,0,0,,4.808801189013121,17.468912956279166,12.660111767266045,1,1.4119519473456859e-06,0.0,0.0012193734955934232,ALCISTA,train
EURUSD,33111,33146,33147,2023-05-29 15:45:00+00:00,CALL,0,525,540,0.4563592522685283,0.6854838709678069,27.558841039728716,32.52856308970862,4.969722049979904,0,0,,2.231304082456992,15.631773316486218,13.400469234029226,1,-4.550081027089567e-05,0.0,-0.0007404754710504946,BAJISTA,train
EURUSD,33135,33146,33147,2023-05-29 23:45:00+00:00,CALL,0,165,180,0.10967396523988071,0.4663212435233406,31.36285716016521,46.85159272922286,15.48873556905765,0,0,,2.231304082456992,15.631773316486218,13.400469234029226,1,-0.00019535003516693832,0.0,-6.535947712438261e-05,BAJISTA,train
EURUSD,33677,33709,33711,2023-06-08 22:15:00+00:00,CALL,1,480,510,0.09569301072085201,0.9353348729792006,16.46608933254532,27.403817576951255,10.937728244405935,1,0,,3.437037911814018,19.05034111005845,15.613303198244433,1,-5.870653312617995e-05,0.0,0.00019388996141689319,ALCISTA,train
EURUSD,33679,33709,33711,2023-06-08 22:45:00+00:00,CALL,1,450,480,0.07738617117698485,0.6305309734517628,9.7840136016243,12.302312688891567,2.518299087267266,1,0,,3.437037911814018,19.05034111005845,15.613303198244433,1,-6.934087366126064e-05,0.0,-0.00012612726240768257,BAJISTA,train
EURUSD,33683,33709,33711,2023-06-08 23:45:00+00:00,CALL,1,390,420,0.3092212602806375,0.8720930232561562,33.94722794174391,27.87903116319678,6.068196778547129,0,0,,3.437037911814018,19.05034111005845,15.613303198244433,1,-1.765710961543921e-05,0.0,-6.306760847629711e-05,BAJISTA,train
EURUSD,34018,34058,34062,2023-06-15 23:30:00+00:00,CALL,0,600,660,0.01586380825059968,0.43846153846133984,23.911841325048172,20.66119006216539,3.2506512628827835,0,0,0.0,2.1798808366077793,10.511016452269287,8.331135615661507,1,-4.120977269817279e-05,0.0,3.654636820460411e-05,ALCISTA,train
EURUSD,34023,34058,34062,2023-06-16 00:45:00+00:00,CALL,0,525,585,0.4607938986740524,0.958549222798461,42.18750000000451,39.4146393125192,2.772860687485313,0,0,,2.1798808366077793,10.511016452269287,8.331135615661507,1,1.1025630157737733e-05,0.0,-0.0002558315897193131,BAJISTA,train
EURUSD,34738,34772,34777,2023-07-02 18:30:00+00:00,CALL,1,510,585,0.2015515248443825,0.8215547703181075,19.970808246674455,16.510185558118824,3.460622688555631,1,1,0.0,2.5697216942890915,8.642560250184337,6.072838555895245,1,-2.333160290614312e-05,0.0,0.0018964875947669046,ALCISTA,train
EURUSD,35750,35754,35759,2023-07-23 17:30:00+00:00,PUT,1,60,135,0.13875582610616852,0.6758720930233051,81.93708455541339,74.61656659228355,7.320517963129845,1,0,,5.626186364834481,84.44459997420905,90.07078633904354,1,2.4560016293455502e-05,0.0,-0.0005399524374675169,BAJISTA,train
EURUSD,36277,36289,36292,2023-08-01 15:15:00+00:00,PUT,1,180,225,0.25981816463654117,0.86683417085412,70.96497441952118,57.107000743365056,13.857973676156128,0,0,,2.643297073922895,86.94978781863763,89.59308489256053,1,0.00010013607244690354,0.0,-0.0004926198252112046,BAJISTA,train
EURUSD,36440,36461,36466,2023-08-03 08:00:00+00:00,PUT,1,315,390,0.155544010788778,0.8288409703504249,75.02284951788117,75.30870786175679,0.28585834387561704,0,0,0.0,4.116237775800997,84.70484481112264,88.82108258692364,1,0.00013183543014842105,0.0,-9.747511981872403e-05,BAJISTA,train
EURUSD,36454,36461,36466,2023-08-03 11:30:00+00:00,PUT,1,105,180,0.052628481244718424,0.4797297297297171,65.6814449917907,58.94909688013217,6.732348111658531,0,0,,4.116237775800997,84.70484481112264,88.82108258692364,1,0.0002928837172485231,0.0,3.4326749462687545e-05,ALCISTA,train
EURUSD,36456,36461,36466,2023-08-03 12:00:00+00:00,PUT,1,75,150,0.1476458875292931,0.4780600461894277,79.02516385274963,72.6015278888844,6.423635963865223,0,0,,4.116237775800997,84.70484481112264,88.82108258692364,1,0.00028336264384710286,0.0,0.0011770908465167373,ALCISTA,train
EURUSD,36458,36461,36466,2023-08-03 12:30:00+00:00,PUT,1,45,120,0.32341727272292636,0.5492957746479158,86.82214172759105,82.6470373856349,4.175104341956143,1,0,,4.116237775800997,84.70484481112264,88.82108258692364,1,0.00018445250652151534,0.0,0.001041483629121931,ALCISTA,train
EURUSD,36468,36472,36477,2023-08-03 15:00:00+00:00,CALL,0,60,135,0.41429019996313354,0.817307692307706,29.098953463356548,42.35578400795221,13.256830544595662,0,0,,4.050483078934205,15.559014566275707,11.508531487341502,1,-0.00011163428718324873,0.0,0.00042575784668041905,ALCISTA,train
EURUSD,36472,36509,36512,2023-08-03 16:00:00+00:00,CALL,0,555,600,0.4125567609686357,0.647482014388337,15.559014566275707,11.508531487341502,4.050483078934205,1,1,0.0,2.291098583128367,15.915571342662503,13.624472759534136,1,-4.92169576501441e-05,0.0,0.0016764248582674668,ALCISTA,train
EURUSD,36507,36509,36512,2023-08-04 00:45:00+00:00,CALL,0,30,75,0.21987274848397242,0.7178217821784499,14.616584158922898,27.428270915912545,12.811686756989648,1,0,,2.291098583128367,15.915571342662503,13.624472759534136,1,-8.401749755709373e-05,0.0,0.0005406649448191914,ALCISTA,train
EURUSD,36960,36988,36993,2023-08-10 18:00:00+00:00,CALL,0,420,495,0.1852111757215631,0.49180327868845297,26.871693346160978,23.767060395224465,3.1046329509365123,0,0,,2.3130730995870454,15.433022258112395,13.11994915852535,1,3.421576905463288e-05,0.0,-0.0013863714877154765,BAJISTA,train
EURUSD,36962,36988,36993,2023-08-10 18:30:00+00:00,CALL,0,390,465,0.16648739221007763,0.5937499999996819,37.29254635317647,32.06694393365815,5.225602419518317,0,0,,2.3130730995870454,15.433022258112395,13.11994915852535,1,4.425532008819033e-05,0.0,-0.001134589937792474,BAJISTA,train
EURUSD,37554,37593,37594,2023-08-20 22:30:00+00:00,PUT,1,585,600,0.19067276491284924,0.9955752212390075,45.20547945204803,32.83571790968383,12.369761542364202,0,0,,6.93512252007946,82.66813160133385,89.60325412141331,1,-3.2137720995561174e-05,0.0,0.0,NEUTRO,train
EURUSD,37563,37593,37594,2023-08-21 00:45:00+00:00,PUT,1,450,465,0.023530432553608854,0.44526901669799623,84.20126688426,82.56862889610227,1.6326379881577253,1,0,,6.93512252007946,82.66813160133385,89.60325412141331,1,-9.468739652440162e-07,0.0,0.0007505767299136323,ALCISTA,train
EURUSD,37582,37593,37594,2023-08-21 05:30:00+00:00,PUT,1,165,180,0.5440116350593676,0.9183673469386733,87.9340048400067,81.3021462137195,6.6318586262871975,1,0,,6.93512252007946,82.66813160133385,89.60325412141331,1,8.136348064410062e-05,0.0,8.363747657447185e-05,ALCISTA,train
EURUSD,37998,38014,38015,2023-08-25 13:30:00+00:00,CALL,0,240,255,0.4711601866626534,0.46936976641692324,42.70238618064675,41.74108232079177,0.9613038598549792,0,0,,3.1710961008372536,14.367078397127912,11.195982296290659,1,0.0001209470932269671,0.0,0.0015895158645908847,ALCISTA,train
EURUSD,38011,38014,38015,2023-08-25 16:45:00+00:00,CALL,0,45,60,0.26626262730935385,0.7286729857820667,16.538658474138156,33.78026751332525,17.241609039187093,1,0,,3.1710961008372536,14.367078397127912,11.195982296290659,1,-0.00020893606051050124,0.0,-0.001221136767317943,BAJISTA,train
EURUSD,38236,38238,38241,2023-08-30 01:00:00+00:00,CALL,0,30,75,0.05530827259232968,0.9908883826881725,6.764985196361407,18.309591642926545,11.544606446565137,1,0,,3.6305782769199055,11.010062573992357,7.379484297072452,1,-8.44331829663685e-05,0.0,-0.0006550564612701759,BAJISTA,train
EURUSD,40430,40440,40442,2023-10-01 22:15:00+00:00,PUT,1,150,180,0.020780240816298732,0.44466403162022816,82.38353909466099,78.15637860083429,4.227160493826702,1,0,,4.30765533564454,80.76525328811574,85.07290862376028,1,4.2093515849465484e-05,0.0,0.0,NEUTRO,train
EURUSD,40439,40440,40442,2023-10-02 00:30:00+00:00,PUT,1,15,45,0.2298146998174,0.9077809798273133,88.04762937625958,85.31858089157323,2.729048484686345,1,0,,4.30765533564454,80.76525328811574,85.07290862376028,1,1.886556592683841e-05,0.0,-0.0007557635245254435,BAJISTA,train
EURUSD,40972,40998,41001,2023-10-09 13:45:00+00:00,PUT,0,390,435,0.2006886664336987,0.62444641275488,41.0160967535274,23.703707143732704,17.312389609794696,0,0,,4.2812885305214365,85.55207126780867,89.83335979833011,1,0.00018164663303970875,0.0,-0.0004839490240361455,BAJISTA,train
EURUSD,40990,40998,41001,2023-10-09 18:15:00+00:00,PUT,0,120,165,0.3162060990609376,0.6382978723403351,54.769481650364845,49.47581724181998,5.293664408544863,0,0,0.0,4.2812885305214365,85.55207126780867,89.83335979833011,1,4.357302222205957e-06,0.0,0.00011391251518855228,ALCISTA,train
EURUSD,41142,41166,41171,2023-10-11 08:15:00+00:00,CALL,1,360,435,0.078857086964579,0.7150259067356082,34.73669875111916,32.258451368680284,2.478247382438873,0,0,,2.491217912595678,15.746865213009542,13.255647300413864,1,3.063856835573231e-05,0.0,0.00041115629220001004,ALCISTA,train
EURUSD,41159,41166,41171,2023-10-11 12:30:00+00:00,CALL,1,105,180,0.37806939247596566,0.5896069287142822,32.74136904160537,46.511023488958905,13.769654447353538,0,0,,2.491217912595678,15.746865213009542,13.255647300413864,1,-0.00024192371060914068,0.0,0.0004995664140559075,ALCISTA,train
EURUSD,41173,41189,41191,2023-10-11 16:00:00+00:00,PUT,0,240,270,0.5896981380297075,0.912162162161997,92.9856336070106,86.6704835465435,6.315150060467104,1,0,,2.522361659184085,84.37981387355768,86.90217553274177,1,0.00027455066587099775,0.0,-0.0005610908246340696,BAJISTA,train
EURUSD,41368,41377,41378,2023-10-13 16:45:00+00:00,PUT,0,135,150,0.0784253882360635,0.6623376623376724,54.063168714036046,64.13627730065774,10.073108586621693,0,0,,3.4980970945885588,84.94152046783653,88.43961756242508,1,-2.601366034410151e-05,0.0,-0.0021648309912647434,BAJISTA,train
EURUSD,41755,41773,41774,2023-10-19 17:30:00+00:00,CALL,0,270,285,0.04064377087908238,0.41189931350119735,13.793874357251525,14.99937128803787,1.2054969307863441,1,0,,2.777777413006314,14.008929039608958,11.231151626602644,1,-5.819629852070157e-05,0.0,0.0012345113239131678,ALCISTA,train
EURUSD,41761,41773,41774,2023-10-19 19:00:00+00:00,CALL,0,180,195,0.027553469450567032,0.5802707930366733,27.81713236258957,28.962240461616556,1.1451080990269844,0,0,0.0,2.777777413006314,14.008929039608958,11.231151626602644,1,-1.300337973304302e-05,0.0,0.0006643583323142632,ALCISTA,train
EURUSD,42044,42055,42056,2023-10-24 17:45:00+00:00,PUT,0,165,180,0.06001980459866464,0.8314087759815545,71.76463560333723,67.66945440063039,4.09518120270684,0,0,,3.528415856925605,81.07858673070052,84.60700258762613,1,6.179445961182631e-06,0.0,-0.0016521880174875658,BAJISTA,train
EURUSD,43553,43588,43592,2023-11-15 11:00:00+00:00,PUT,1,525,585,0.05478105216486139,0.5663265306122276,38.244321669734624,27.102137947235672,11.142183722498952,0,0,,2.661966582190175,84.72613690681786,87.38810348900803,1,8.311752064339824e-05,0.0,-0.0006639525343004049,BAJISTA,train
EURUSD,43563,43588,43592,2023-11-15 13:30:00+00:00,PUT,1,375,435,0.3128229641340017,0.6324582338903627,46.8446100146763,52.291800964257924,5.447190949581625,0,0,0.0,2.661966582190175,84.72613690681786,87.38810348900803,1,-0.00010328292143121672,0.0,0.0004072088871034385,ALCISTA,train
EURUSD,44204,44238,44239,2023-11-24 05:45:00+00:00,PUT,0,510,525,0.2950158359400005,0.4647435897437859,33.50604490500473,28.497300907356266,5.0087439976484625,0,0,0.0,2.7161534727296726,90.15851551348521,92.87466898621489,1,-0.00010188413429599688,0.0,0.0005446712991235003,ALCISTA,train
EURUSD,44393,44401,44405,2023-11-28 05:00:00+00:00,PUT,0,120,180,0.12251317825795023,0.9341950646297277,86.62815344726395,82.70383554925424,3.9243178980097184,1,0,,3.078979508703185,82.17867919912385,85.25765870782703,1,0.00016006037258159652,0.0,-0.0004449626801813489,BAJISTA,train
EURUSD,44396,44401,44405,2023-11-28 05:45:00+00:00,PUT,0,75,135,0.35807684029247955,0.9039836567927874,86.57953202856345,88.45923578273407,1.8797037541706203,1,1,0.0,3.078979508703185,82.17867919912385,85.25765870782703,1,7.155189587624491e-05,0.0,-0.00035600182565032057,BAJISTA,train
EURUSD,44520,44550,44551,2023-11-29 12:45:00+00:00,PUT,1,450,465,0.0652846114270178,0.37525354969571956,45.6631984729997,37.79502864517527,7.868169827824431,0,0,,3.22685853241542,83.31659852493726,86.54345705735268,1,0.00010021957197128205,0.0,-0.0001312199629303068,BAJISTA,train
EURUSD,44536,44540,44542,2023-11-29 16:45:00+00:00,CALL,0,60,90,0.5573229201488272,0.7814485387548236,7.324023735917325,8.569355297068602,1.2453315611512776,1,0,,2.060300508429618,8.37849445386569,6.318193945436072,1,-0.00010100457559563451,0.0,0.00024058703235896317,ALCISTA,train
EURUSD,44740,44744,44747,2023-12-03 19:45:00+00:00,CALL,1,60,105,0.4552753883080963,0.8145491803280684,26.596276772864268,41.05631467393005,14.460037901065785,0,0,,2.3944651450222523,14.489051612814869,12.094586467792617,1,-0.00013619026275856608,0.0,0.0002812696475120724,ALCISTA,train
EURUSD,44871,44886,44888,2023-12-05 04:30:00+00:00,CALL,0,225,255,0.4091743234926028,0.7280334728033439,72.41554581444241,60.39896927386932,12.01657654057309,0,0,,2.8464871731996126,16.0689690491039,13.222481875904286,1,0.0003889449051572288,0.0,0.0006540463699504784,ALCISTA,train
EURUSD,44882,44886,44888,2023-12-05 07:15:00+00:00,CALL,0,60,90,0.5337900825861169,0.8365949119372903,20.518431083637413,34.81813157043516,14.29970048679775,0,0,,2.8464871731996126,16.0689690491039,13.222481875904286,1,-0.0002336497690817351,0.0,0.00022406907597782855,ALCISTA,train
EURUSD,45192,45206,45207,2023-12-08 12:45:00+00:00,PUT,1,210,225,0.40638738101655836,0.5826957033548245,32.22958447713035,32.79507957628632,0.5654950991559673,0,0,,3.100965843825904,85.36833581126012,88.46930165508603,1,-0.00020076180172874002,0.0,-0.0022133835429734017,BAJISTA,train
EURUSD,45227,45244,45249,2023-12-10 21:30:00+00:00,PUT,0,255,330,0.18629509226314836,0.6569343065694008,47.09707687839673,62.050050905060004,14.952974026663277,0,0,,3.4341051811422716,84.8859552621902,88.32006044333247,1,-4.7114968121398074e-05,0.0,5.577638874099122e-06,ALCISTA,train
EURUSD,46289,46294,46296,2023-12-26 14:15:00+00:00,PUT,0,75,105,0.43962116929795403,0.7770800627947351,79.25566833308794,77.29669766162078,1.9589706714671564,0,0,0.0,2.864231294880895,83.0171456587905,85.88137695367139,1,3.4971475189602607e-05,0.0,0.00015432098765422175,ALCISTA,train
EURUSD,46786,46789,46791,2024-01-03 18:30:00+00:00,PUT,1,45,75,0.05913948968788672,0.45840407470251754,81.91325918950567,77.81580560646817,4.097453583037492,1,0,0.0,2.93016632905659,82.10891988669925,85.03908621575584,1,3.9721307319174796e-05,0.0,-0.0006143820375034137,BAJISTA,train
EURUSD,47098,47101,47106,2024-01-09 00:30:00+00:00,CALL,0,45,120,0.28166636020884483,0.9872029250454579,14.135952362631686,20.023311634729712,5.887359272098026,1,0,,2.282948024749711,11.130540376440758,8.847592351691047,1,-0.00016158737592398236,0.0,0.0008473245362543569,ALCISTA,train
EURUSD,47910,47933,47937,2024-01-19 16:30:00+00:00,PUT,0,345,405,0.3560015653548243,0.7208872458413117,85.40348974029712,81.67855448592978,3.724935254367338,1,0,,2.266554622375409,85.01560084865626,87.28215547103167,1,6.423963218223863e-05,0.0,0.0007223043161816989,ALCISTA,train
EURUSD,47927,47933,47937,2024-01-21 20:45:00+00:00,PUT,0,90,150,0.12488307453075706,0.8078602620086228,84.63862289101051,86.574321373675,1.9356984826644918,1,1,0.0,2.266554622375409,85.01560084865626,87.28215547103167,1,0.00013253302067994745,0.0,0.00013033047034616274,ALCISTA,train
EURUSD,48918,48947,48951,2024-02-05 04:30:00+00:00,CALL,1,435,495,0.2637046714410285,0.5873015873015466,10.427724760849948,13.4406917778983,3.012967017048352,1,0,,4.5413879057536715,18.599768817564755,14.058380911811083,1,-0.0002172447986148621,0.0,0.00024909049499433067,ALCISTA,train
EURUSD,49507,49510,49512,2024-02-13 07:45:00+00:00,PUT,0,45,75,0.3971907605146567,0.7202881152463658,92.95839095085876,89.73100234795169,3.2273886029070695,1,0,,6.052195167965081,84.91753293540243,90.96972810336752,1,0.00012109524042325293,0.0,-1.857593190823792e-06,BAJISTA,train
EURUSD,50139,50162,50166,2024-02-21 21:45:00+00:00,PUT,0,345,405,0.4180299574547368,0.7753479125246876,32.18834903496271,39.39345488027124,7.20510584530853,0,0,,2.7017983974330235,91.54075563882174,94.24255403625476,1,-7.831875003495308e-05,0.0,0.0005827020727544596,ALCISTA,train
EURUSD,50215,50226,50227,2024-02-22 16:45:00+00:00,PUT,0,165,180,0.06171532111634317,0.5648535564855452,61.72464637376695,61.1593234034742,0.5653229702927547,0,0,,2.542084603909956,91.38898354013536,93.93106814404531,1,1.4728423000338316e-05,0.0,-0.00023654073952272814,BAJISTA,train
EURUSD,50221,50226,50227,2024-02-22 18:15:00+00:00,PUT,0,75,90,0.020547258006396528,0.30337078651659155,67.28523244984628,59.448178073107414,7.8370543767388625,0,0,,2.542084603909956,91.38898354013536,93.93106814404531,1,2.726522513687913e-05,0.0,-0.0001478510770028807,BAJISTA,train
EURUSD,50519,50550,50554,2024-02-27 20:45:00+00:00,CALL,0,465,525,0.5751170586592822,0.8661417322830998,23.020434227326533,33.550938206108306,10.530503978781773,0,0,,2.147077545943694,9.51499917635566,7.367921630411966,1,-2.404248026702201e-05,0.0,-0.0005604110172383603,BAJISTA,train
EURUSD,50524,50550,50554,2024-02-27 22:00:00+00:00,CALL,0,390,450,0.5818158495218403,0.8455882352939256,10.71428571428615,16.716839992702887,6.002554278416737,1,0,,2.147077545943694,9.51499917635566,7.367921630411966,1,-6.806841742888575e-05,0.0,-0.00038535006010731454,BAJISTA,train
EURUSD,51177,51187,51189,2024-03-07 17:15:00+00:00,PUT,0,150,180,0.03468294669466864,0.545454545454339,78.64536960280692,80.83548749543472,2.1901178926277964,0,0,,2.486872400075768,92.53859486617732,95.02546726625309,1,1.4283697484609482e-05,0.0,0.004158246576952074,ALCISTA,train
EURUSD,51510,51525,51526,2024-03-13 03:30:00+00:00,PUT,0,225,240,0.3856480894182869,0.998248686515069,70.39163056862178,56.8286984027877,13.562932165834077,0,0,,3.104692080212274,88.95879491556354,92.06348699577582,1,3.503913488822425e-05,0.0,-5.034578399842893e-05,BAJISTA,train
EURUSD,52293,52326,52329,2024-03-25 07:15:00+00:00,PUT,0,495,540,0.4771720495185482,0.8508914100482575,94.92547069559856,92.43674504754468,2.4887256480538866,1,0,,4.99113253761044,81.51737703976154,86.50850957737198,1,0.00014212457778792702,0.0,0.00014139866382900657,ALCISTA,train
EURUSD,52310,52326,52329,2024-03-25 11:30:00+00:00,PUT,0,240,285,0.0,0.6986301369862864,54.413611967569345,52.954106641926444,1.4595053256429011,0,0,,4.99113253761044,81.51737703976154,86.50850957737198,1,-2.348877027060632e-05,0.0,-0.00010398733665339943,BAJISTA,train
EURUSD,52312,52326,52329,2024-03-25 12:00:00+00:00,PUT,0,210,255,0.28422071456612275,0.6596091205211267,53.962122431459214,54.61591592192607,0.6537934904668532,0,0,0.0,4.99113253761044,81.51737703976154,86.50850957737198,1,4.195120068568462e-06,0.0,0.0014654713054620405,ALCISTA,train
EURUSD,53359,53360,53362,2024-04-09 11:45:00+00:00,CALL,0,15,45,0.3120485659529626,0.6113320079522668,8.135515902702588,8.822024433392166,0.6865085306895775,1,0,,2.4456617446255713,11.282358222352693,8.836696477727122,1,-0.0003141515006359296,0.0,2.0262901942347256e-05,ALCISTA,train
EURUSD,53598,53629,53632,2024-04-11 23:30:00+00:00,CALL,0,465,510,0.5519217035540323,0.7159090909092096,24.315541666840485,38.10274455547852,13.787202888638038,0,0,,2.554953593220441,12.39473630502959,9.839782711809148,1,-5.57528486397491e-05,0.0,0.0001795160526985029,ALCISTA,train
EURUSD,53601,53629,53632,2024-04-12 00:15:00+00:00,CALL,0,420,465,0.4796554087908415,0.764563106796252,7.202059871355761,7.870589964112292,0.668530092756531,1,0,,2.554953593220441,12.39473630502959,9.839782711809148,1,-0.0001250006009644004,0.0,0.00013054221642039288,ALCISTA,train
EURUSD,53963,53996,53998,2024-04-17 18:45:00+00:00,PUT,1,495,525,0.10012157909267028,0.5865921787710849,69.04156724418603,60.645986789778625,8.395580454407401,0,0,,2.161550031614837,82.74310433250886,84.9046543641237,1,1.340176182062057e-05,0.0,0.0005599535501616959,ALCISTA,train
EURUSD,53981,53996,53998,2024-04-17 23:15:00+00:00,PUT,1,225,255,0.10120251908171628,0.7711442786064961,86.99479791916424,86.53754816666545,0.4572497524987966,1,0,,2.161550031614837,82.74310433250886,84.9046543641237,1,9.252573691358582e-05,0.0,0.0006272672805571755,ALCISTA,train
EURUSD,53988,53996,53998,2024-04-18 01:00:00+00:00,PUT,1,120,150,0.4082536338079586,0.5876865671642973,86.41188959660586,89.02045678626625,2.6085671896603913,1,0,,2.161550031614837,82.74310433250886,84.9046543641237,1,4.6547125700894485e-06,0.0,-0.0001475897193216058,BAJISTA,train
EURUSD,54034,54062,54067,2024-04-18 12:30:00+00:00,CALL,0,420,495,0.38856160804053524,0.7251908396948894,53.91499954291865,48.58986892866116,5.325130614257489,0,0,,5.358871943837597,17.60942760942631,12.250555665588712,1,1.558435058189448e-05,0.0,-0.0012415634801432596,BAJISTA,train
EURUSD,54040,54062,54067,2024-04-18 14:00:00+00:00,CALL,0,330,405,0.1972771644579715,0.6913183279741767,22.416123156470274,22.91735927060616,0.5012361141358852,0,0,,5.358871943837597,17.60942760942631,12.250555665588712,1,-0.00016166170012324623,0.0,-0.0008040197237845215,BAJISTA,train
EURUSD,54053,54062,54067,2024-04-18 17:15:00+00:00,CALL,0,135,210,0.18438116789367295,0.4642166344292496,18.53678182919887,16.821566819982817,1.7152150092160525,1,1,0.0,5.358871943837597,17.60942760942631,12.250555665588712,1,-1.9531055374501794e-05,0.0,-0.0006303987271949474,BAJISTA,train
EURUSD,54330,54333,54337,2024-04-23 14:30:00+00:00,PUT,0,45,105,0.07499564959438498,0.5106382978723947,82.26888700414183,78.66100411051134,3.6078828936304888,1,0,,2.0294208996893133,83.1983191429313,85.22774004262061,1,6.685511771401422e-05,0.0,5.903591538936048e-05,ALCISTA,train
EURUSD,54332,54333,54337,2024-04-23 15:00:00+00:00,PUT,0,15,75,0.14769364712161973,0.7834101382484039,86.6557959364964,84.91792932969078,1.7378666068056248,1,0,,2.0294208996893133,83.1983191429313,85.22774004262061,1,3.4817729187709016e-05,0.0,4.5916220701380794e-05,ALCISTA,train
EURUSD,54464,54491,54492,2024-04-25 00:00:00+00:00,PUT,1,405,420,0.28273927436180574,0.5327102803735676,77.02448210922934,78.07193662355506,1.0474545143257217,0,0,,3.761577123893886,81.29897316853932,85.0605502924332,1,-4.584978760546219e-06,0.0,0.000566974241233531,ALCISTA,train
EURUSD,54536,54572,54573,2024-04-25 18:00:00+00:00,PUT,0,540,555,0.2283347786954868,0.749999999999951,50.11836056943057,49.54584350762869,0.5725170618018822,0,0,,2.0218527896132343,87.15460631100073,89.17645910061397,1,-7.569049928823824e-06,0.0,0.002013158361610312,ALCISTA,train
EURUSD,54756,54761,54764,2024-04-30 01:00:00+00:00,CALL,0,75,120,0.3181644577387715,0.7861635220128143,16.540626597021486,12.815986343559826,3.7246402534616596,1,0,,2.3564521211293936,17.335152645919862,14.978700524790469,1,5.208749113214656e-06,0.0,-0.0003498542274052996,BAJISTA,train
EURUSD,56059,56063,56064,2024-05-17 14:45:00+00:00,PUT,1,60,75,0.1776785379061317,0.8555133079847981,70.7280649675656,67.86930312240547,2.8587618451601315,0,0,0.0,2.2047812468681087,81.06883089367454,83.27361214054265,1,6.152220650732561e-05,0.0,-4.0577903118510505e-05,BAJISTA,train
EURUSD,56061,56063,56064,2024-05-17 15:15:00+00:00,PUT,1,30,45,0.31638746212458185,0.6209150326802255,83.94868470863571,77.6728921796174,6.275792529018304,1,0,,2.2047812468681087,81.06883089367454,83.27361214054265,1,3.544083720622437e-05,0.0,-3.0433736073032236e-05,BAJISTA,train
EURUSD,57628,57635,57638,2024-06-10 23:00:00+00:00,PUT,0,105,150,0.17694224547684984,0.6976744186046512,86.737766005499,85.17806308349849,1.5597029220005112,1,0,,2.0546813229758527,87.23216650046008,89.28684782343593,1,4.9528090165888574e-05,0.0,0.00033501242240929763,ALCISTA,train
EURUSD,57631,57635,57638,2024-06-10 23:45:00+00:00,PUT,0,60,105,0.1876434229872804,0.5339805825233753,84.7973479552398,85.83396197431092,1.0366140190711235,1,0,,2.0546813229758527,87.23216650046008,89.28684782343593,1,1.1481298568642184e-05,0.0,0.00019140818818219607,ALCISTA,train
EURUSD,57707,57717,57719,2024-06-11 18:45:00+00:00,CALL,0,150,180,0.09638757307477838,0.21978021977922765,26.500772617272617,25.76994470197941,0.730827915293208,0,0,,3.206801112727444,12.528867357747558,9.322066245020114,1,1.6476551525495805e-05,0.0,0.00018630126778007572,ALCISTA,train
EURUSD,58441,58461,58462,2024-06-21 10:15:00+00:00,PUT,0,300,315,0.3101296481287706,0.8662175168433335,64.70478721526595,69.2628297886843,4.558042573418348,0,0,,3.9249975498979666,82.55740469697116,86.48240224686913,1,2.1588964809168234e-05,0.0,-0.0012704818489247538,BAJISTA,train
EURUSD,58454,58461,58462,2024-06-21 13:30:00+00:00,PUT,0,105,120,0.0884493216894087,0.3054298642534891,72.8212942448584,73.80772541423516,0.9864311693767718,0,0,0.0,3.9249975498979666,82.55740469697116,86.48240224686913,1,6.081747643750923e-05,0.0,0.0002249283245550071,ALCISTA,train
EURUSD,58457,58461,58462,2024-06-21 14:15:00+00:00,PUT,0,60,75,0.32329612158884036,0.5869565217390842,78.98223719701393,74.82047545171456,4.161761745299373,0,0,,3.9249975498979666,82.55740469697116,86.48240224686913,1,3.2581771037353205e-05,0.0,0.00017301280762360705,ALCISTA,train
EURUSD,58542,58545,58547,2024-06-24 11:30:00+00:00,CALL,0,45,75,0.3384989783415232,0.5782312925170444,11.921959449729057,20.31092464065963,8.388965190930572,1,0,,3.414593963957886,14.575526561619412,11.160932597661526,1,-0.000158551362646086,0.0,0.0004412269377214173,ALCISTA,train
EURUSD,58546,58552,58555,2024-06-24 12:30:00+00:00,CALL,0,90,135,0.1890043641736357,0.4241645244218217,18.629484625775564,14.428596157280651,4.200888468494913,1,0,,3.7637434213042926,16.123603107023502,12.35985968571921,1,-4.6775181698701934e-05,0.0,0.0017618974739914695,ALCISTA,train
EURUSD,59793,59830,59834,2024-07-11 12:15:00+00:00,CALL,0,555,615,0.42141658869167264,0.5496335776149587,18.508503563268004,27.864765181855343,9.35626161858734,1,0,,3.9544755311487094,14.576342561629252,10.621867030480542,1,-0.00038553473667975565,4.703812316715543,0.003426658629963386,ALCISTA,train
EURUSD,59926,59949,59950,2024-07-12 21:30:00+00:00,CALL,0,345,360,0.09716895181642765,0.6951871657752466,45.551357567614524,54.84801244380998,9.296654876195454,0,0,,2.645055345760973,15.288097823598163,12.64304247783719,1,1.4118217280516776e-05,0.5092966855295069,5.364553506348457e-05,ALCISTA,train
EURUSD,60241,60254,60255,2024-07-17 21:15:00+00:00,PUT,0,195,210,0.3903172392974744,0.6241331484049104,72.21078664699291,63.0634475030447,9.147339143948216,0,0,,3.4785984714490894,83.33696238230512,86.8155608537542,1,0.00012100822457002466,0.6300403225806451,0.0005890768324499085,ALCISTA,train
EURUSD,60243,60254,60255,2024-07-17 21:45:00+00:00,PUT,0,165,180,0.07202197826695889,0.7205240174675898,88.73453847286159,81.29128656367739,7.443251909184198,1,0,,3.4785984714490894,83.33696238230512,86.8155608537542,1,9.775081687604638e-05,0.788159111933395,0.0005048805116121269,ALCISTA,train
EURUSD,60245,60254,60255,2024-07-17 22:15:00+00:00,PUT,0,135,150,0.018677297125553226,0.3682487725037749,88.07694758304258,88.91889875707209,0.8419511740295036,1,1,0.0,3.4785984714490894,83.33696238230512,86.8155608537542,1,7.757008387823935e-05,0.6918367346938775,0.0004206983592762725,ALCISTA,train
EURUSD,60247,60254,60255,2024-07-17 22:45:00+00:00,PUT,0,105,120,0.06108825322722973,0.8115671641794789,85.17949953893579,86.71194744665961,1.532447907723821,1,0,,3.4785984714490894,83.33696238230512,86.8155608537542,1,3.9568339343384824e-05,0.8922838481124765,0.000336530371866095,ALCISTA,train
EURUSD,60253,60254,60255,2024-07-18 00:15:00+00:00,PUT,0,15,30,0.10138399013640378,0.41561712846284,87.96412944298329,87.63289388266986,0.3312355603134307,1,0,,3.4785984714490894,83.33696238230512,86.8155608537542,1,1.4683177206854076e-05,0.10953608247422682,-6.399882973551207e-05,BAJISTA,train
EURUSD,60643,60660,60664,2024-07-23 18:45:00+00:00,CALL,0,255,315,0.3825133859934567,0.9505703422051707,46.49230371766964,33.38457497609543,13.107728741574213,0,0,,2.183346185472061,14.605008700434928,12.421662514962867,1,4.3049946313206995e-05,0.8699790595849991,-9.58142088787195e-05,BAJISTA,train
EURUSD,60657,60660,60664,2024-07-23 22:15:00+00:00,CALL,0,45,105,0.024640969673490453,0.41501976284593045,21.593705901573376,37.061911386200535,15.468205484627159,0,0,,2.183346185472061,14.605008700434928,12.421662514962867,1,-3.2898310428782786e-05,0.39315155358275206,-1.382087228141149e-05,BAJISTA,train
EURUSD,60659,60660,60664,2024-07-23 22:45:00+00:00,CALL,0,15,75,0.0532500435484371,0.684931506849197,10.907495555589641,14.751228248675682,3.843732693086041,1,0,,2.183346185472061,14.605008700434928,12.421662514962867,1,-2.6475040990231195e-05,0.8794520547945206,-1.1056728387637271e-05,BAJISTA,train
EURUSD,60881,60917,60922,2024-07-26 06:15:00+00:00,PUT,1,540,615,0.35126041451629014,0.7572115384616656,57.72368615363505,66.43709882840257,8.713412674767518,0,0,,4.110470769485929,85.40733660189214,89.51780737137807,1,1.7417620099920142e-05,0.7746329006171526,0.00020265104411332224,ALCISTA,train
EURUSD,60885,60917,60922,2024-07-26 07:15:00+00:00,PUT,1,480,555,0.060385305141609086,0.34351145038134945,63.831377961799774,56.58527057076839,7.246107391031387,0,0,,4.110470769485929,85.40733660189214,89.51780737137807,1,1.0772475821953558e-05,0.7621097954790097,0.00012158077107993215,ALCISTA,train
EURUSD,60887,60917,60922,2024-07-26 07:45:00+00:00,PUT,1,450,525,0.48304509325281547,0.7731958762885094,70.54693274204277,67.63765344534615,2.9092792966966243,0,0,,4.110470769485929,85.40733660189214,89.51780737137807,1,3.795448754604246e-05,0.8343976160068114,8.10505626565039e-05,ALCISTA,train
EURUSD,60911,60917,60922,2024-07-26 13:45:00+00:00,PUT,1,90,165,0.16233995237858995,0.6436931079322676,85.15790084755747,83.75109747040415,1.4068033771533237,1,0,,4.110470769485929,85.40733660189214,89.51780737137807,1,8.658566915062082e-05,0.9435215946843853,0.0004974620224593718,ALCISTA,train
EURUSD,60914,60917,60922,2024-07-26 14:30:00+00:00,PUT,1,45,120,0.4101992739150951,0.9623430962341541,88.1513740196403,87.12488361641472,1.02649040322558,1,0,,4.110470769485929,85.40733660189214,89.51780737137807,1,4.638218923931305e-05,0.8327706504614,0.00037305012227761836,ALCISTA,train
EURUSD,61349,61350,61354,2024-08-01 20:15:00+00:00,CALL,1,15,75,0.1315544915595115,0.4141501294217553,15.837359098230692,15.84809447128355,0.010735373052858321,1,0,,2.693676563182329,19.28947662119648,16.595800058014152,1,2.18512564191697e-05,0.6307953506595272,0.00029014337532196066,ALCISTA,train
EURUSD,61450,61470,61475,2024-08-02 21:30:00+00:00,CALL,0,300,375,0.2639955842064741,0.9949748743720273,40.581695133740084,39.04452382951067,1.5371713042294104,0,0,0.0,4.248812145745834,19.234423819665512,14.985611673919678,1,2.365862273498344e-05,0.6779237023139462,-0.00010722759836745421,BAJISTA,train
EURUSD,61468,61470,61475,2024-08-04 19:00:00+00:00,CALL,0,30,105,0.2596820455895617,0.7741935483867433,11.26701029014158,22.030099333050085,10.763089042908506,1,0,,4.248812145745834,19.234423819665512,14.985611673919678,1,-0.0001359580402484212,0.0,0.0,NEUTRO,train
EURUSD,61563,61567,61568,2024-08-05 18:45:00+00:00,CALL,0,60,75,0.3969553586897331,0.6618640252138661,25.181238169968335,33.725608448662946,8.544370278694611,0,0,,3.4641181345457905,13.949947857035681,10.48582972248989,1,-0.00023581500553442313,0.9568690812800144,-0.001137401365975177,BAJISTA,train
EURUSD,61854,61872,61874,2024-08-08 19:30:00+00:00,PUT,0,270,300,0.13054663245790224,0.45957446808499325,75.03214272634096,67.42031950519569,7.611823221145272,0,0,,2.4390577163419778,84.28809584038733,86.7271535567293,1,9.884231150998526e-05,0.6164623467600701,0.0002567441178089602,ALCISTA,train
EURUSD,61867,61872,61874,2024-08-08 22:45:00+00:00,PUT,0,75,105,0.017399477830887845,0.695732838590213,81.02189781022446,81.16281128360878,0.14091347338431603,1,0,,2.4390577163419778,84.28809584038733,86.7271535567293,1,4.835826198965495e-05,0.958904109589041,0.00033351475069776093,ALCISTA,train
EURUSD,63576,63613,63616,2024-09-02 14:00:00+00:00,PUT,0,555,600,0.26766705806821306,0.8169934640525239,39.9454516842025,45.68313191594215,5.737680231739645,0,0,,2.2207175848451044,93.01021131852603,95.23092890337114,1,-3.697295058935349e-05,0.905848787446505,1.4908468778163098e-05,ALCISTA,train
EURUSD,63594,63613,63616,2024-09-02 18:30:00+00:00,PUT,0,285,330,0.2446634081907671,0.447154471544927,71.94977493484701,68.75937771460042,3.190397220246595,0,0,,2.2207175848451044,93.01021131852603,95.23092890337114,1,-7.392318559660759e-06,0.39055032090673225,-8.539250506811591e-05,BAJISTA,train
EURUSD,63604,63613,63616,2024-09-02 21:00:00+00:00,PUT,0,135,180,0.2575108965647488,0.5687203791473833,73.01663982823415,68.59008767221273,4.426552156021415,0,0,,2.2207175848451044,93.01021131852603,95.23092890337114,1,3.761359016795919e-05,0.25974025974025977,0.0003049682720046576,ALCISTA,train
EURUSD,63608,63613,63616,2024-09-02 22:00:00+00:00,PUT,0,75,120,0.30263209071118646,0.9795918367340224,93.55929710126675,88.17167053171143,5.387626569555323,1,0,,2.2207175848451044,93.01021131852603,95.23092890337114,1,5.156471823741477e-05,0.41971383147853736,0.0002236252131782024,ALCISTA,train
EURUSD,63611,63613,63616,2024-09-02 22:45:00+00:00,PUT,0,30,75,0.03502171034473858,0.46153846153959144,96.28236718229259,95.96588919542086,0.3164779868717318,1,0,,2.2207175848451044,93.01021131852603,95.23092890337114,1,4.116270407220361e-05,0.46676813800101474,0.00016262660029098264,ALCISTA,train
EURUSD,63864,63895,63897,2024-09-05 14:00:00+00:00,PUT,0,465,495,0.5245511499140575,0.6782945736435249,83.89506172839111,78.08132045088091,5.8137412775102035,1,0,,2.9752462710371645,86.49052155268834,89.4657678237255,1,9.389940480336115e-06,0.71259418729817,-0.0003271499292976099,BAJISTA,train
EURUSD,63886,63895,63897,2024-09-05 19:30:00+00:00,PUT,0,135,165,0.028710157930156494,0.550458715596175,62.38212464611522,47.22154665668982,15.160577989425406,0,0,,2.9752462710371645,86.49052155268834,89.4657678237255,1,0.00023009777108133888,0.5398692810457516,0.00019371725390038286,ALCISTA,train
EURUSD,63891,63895,63897,2024-09-05 20:45:00+00:00,PUT,0,60,90,0.47171201917559835,0.7404021937843057,86.91002877361548,84.93614909132613,1.9738796822893505,1,0,,2.9752462710371645,86.49052155268834,89.4657678237255,1,0.00013614618444180714,0.6372585857067709,0.0006052701738710198,ALCISTA,train
EURUSD,63901,63918,63922,2024-09-05 23:15:00+00:00,PUT,0,255,315,0.3922969494030529,0.8850226928894013,52.15102784082925,54.918678411660494,2.7676505708312433,0,0,,2.985772810402949,85.2299886739262,88.21576148432915,1,-1.0583066983724452e-05,0.46010064701653486,0.00022689048392487976,ALCISTA,train
EURUSD,63910,63918,63922,2024-09-06 01:30:00+00:00,PUT,0,120,180,0.14938424630883015,0.36504424778780303,84.52751817237309,84.74435662200911,0.21683844963601473,1,1,0.0,2.985772810402949,85.2299886739262,88.21576148432915,1,-5.237311589720095e-06,0.36613272311212813,0.0002398602780131487,ALCISTA,train
EURUSD,63912,63918,63922,2024-09-06 02:00:00+00:00,PUT,0,90,150,0.0833290304780824,0.430622009569824,81.8276220145364,82.90065766700964,1.0730356524732372,1,0,,2.985772810402949,85.2299886739262,88.21576148432915,1,-1.8001800179987295e-06,0.5518234165067178,0.0002029512075596429,ALCISTA,train
EURUSD,63995,63998,64002,2024-09-06 22:45:00+00:00,PUT,0,45,105,0.11554378763926323,0.4682926829269583,82.33533205150611,66.75434490810397,15.58098714340214,1,0,,2.5054337649215057,86.02995310871017,88.53538687363168,1,5.575182566733362e-05,0.5789362748542121,0.00029959356343089993,ALCISTA,train
EURUSD,65435,65449,65450,2024-09-27 01:45:00+00:00,CALL,1,210,225,0.059735705739720514,0.14888337468995141,29.81778797145073,27.579048212327024,2.238739759123707,0,0,,2.4989243487911708,17.434476161105806,14.935551812314635,1,1.1279581787805679e-05,0.3094170403587444,-0.00034905575941990286,BAJISTA,train
EURUSD,66783,66787,66791,2024-10-16 05:45:00+00:00,PUT,1,60,120,0.08531376767469645,0.5660377358495309,81.30677472859514,82.20115736742765,0.8943826388325107,1,1,0.0,3.3621421361184076,85.68072127707967,89.04286341319808,1,8.301437895841664e-05,0.9521276595744681,0.00023147127551714775,ALCISTA,train
EURUSD,67348,67353,67357,2024-10-23 20:00:00+00:00,CALL,0,75,135,0.2165802057861194,0.6101694915252337,21.374246000525414,29.77046861459135,8.396222614065938,0,0,,4.413565709459219,12.425202432111554,8.011636722652336,1,-9.564906470688661e-05,0.8356368275568785,0.0006961461349965781,ALCISTA,train
EURUSD,67578,67610,67611,2024-10-27 22:30:00+00:00,CALL,1,480,495,0.5924274818249146,0.8115183246073815,13.216692682336346,14.27379975657801,1.0571070742416637,1,0,,4.982450937104165,15.468853604241906,10.48640266713774,1,-7.889819014629398e-05,0.0,0.0,NEUTRO,train
EURUSD,67941,67945,67946,2024-10-31 17:15:00+00:00,CALL,0,60,75,0.2641322643541718,0.663030998852032,31.019056222307636,34.596332667131485,3.5772764448238483,0,0,0.0,3.8592372706562657,18.280470671267217,14.421233400610951,1,-0.00024669932166061304,1.196041875806683,0.00013535998850811026,ALCISTA,train
EURUSD,68372,68378,68383,2024-11-06 23:00:00+00:00,CALL,0,90,165,0.1771954535335015,0.4673252279632872,29.504273504269776,29.766381766378885,0.2621082621091091,0,0,0.0,3.2746402372013748,15.068629706311492,11.793989469110118,1,-0.0001371147178079774,0.3961044275308945,-5.547270905881252e-05,BAJISTA,train
EURUSD,69381,69385,69387,2024-11-20 21:15:00+00:00,PUT,0,60,90,0.03128804600525757,0.29262086513989494,86.47846207030254,76.83315042611137,9.645311644191167,1,0,,2.7091682726089203,92.13715674512292,94.84632501773184,1,0.0001048462188358857,0.5254833040421792,0.0007375184260960399,ALCISTA,train
EURUSD,69698,69734,69735,2024-11-25 21:30:00+00:00,PUT,0,540,555,0.29217519616703425,0.5119047619046994,84.64482543308945,75.3159774572924,9.328847975797046,1,0,,2.9669250614769993,90.30286607910433,93.26979114058133,1,0.00035882396886420683,0.41687510421877605,0.00042761873570729136,ALCISTA,train
EURUSD,69709,69719,69722,2024-11-26 00:15:00+00:00,CALL,1,150,195,0.060549845046120876,0.568181818181745,17.56737004128426,22.369020747899896,4.801650706615636,1,0,,5.662088085520281,19.943198790010428,14.281110704490146,1,-0.00012821790112492722,0.23817292006525284,-0.0032636584056603413,BAJISTA,train
EURUSD,69730,69734,69735,2024-11-26 05:30:00+00:00,PUT,0,60,75,0.47340681735861756,0.6177402323125553,79.66589955705392,64.51995052718134,15.145949029872583,0,0,,2.9669250614769993,90.30286607910433,93.26979114058133,1,0.0001797492711792395,0.48913043478260865,0.0013172207979412764,ALCISTA,train
EURUSD,70289,70315,70316,2024-12-03 18:15:00+00:00,CALL,0,390,405,0.1691103355776049,0.9763313609467663,45.9575710778496,35.40814553338453,10.549425544465073,0,0,,2.666555203735049,17.23150928944132,14.56495408570627,1,-0.0002088491838962925,0.9466101124351983,0.00022325351624297163,ALCISTA,train
EURUSD,70306,70315,70316,2024-12-03 22:30:00+00:00,CALL,0,135,150,0.1478790829935825,0.5735660847881995,18.313446580063385,21.11751144549287,2.804064865429485,1,0,,2.666555203735049,17.23150928944132,14.56495408570627,1,-0.00028847118922116803,0.7344421603438609,-0.0010099357901465211,BAJISTA,train
EURUSD,70310,70315,70316,2024-12-03 23:30:00+00:00,CALL,0,75,90,0.2735001718601057,0.4971428571430669,18.363088106076876,17.266754533107427,1.0963335729694492,1,1,0.0,2.666555203735049,17.23150928944132,14.56495408570627,1,-1.6662846896401194e-05,0.26578073089701,-0.000561327396582656,BAJISTA,train
EURUSD,71151,71153,71155,2024-12-16 03:45:00+00:00,PUT,0,30,60,0.014127177431499417,0.5714285714287489,95.19689968745367,93.70059816393682,1.4963015235168484,1,0,,2.000743653886616,92.21137258436791,94.21211623825452,1,0.00012059216341074814,1.33019114951558,0.00031001736477631603,ALCISTA,train
EURUSD,71723,71753,71754,2024-12-23 19:45:00+00:00,CALL,1,450,465,0.4325809667211215,0.7332761578047069,70.9073199102388,80.0511525137664,9.1438326035276,0,0,0.0,2.311576672629231,16.865583532248046,14.554006859618815,1,0.00012006855564810517,0.6835781041388518,-2.6927271363330618e-05,BAJISTA,train
EURUSD,71735,71753,71754,2024-12-23 22:45:00+00:00,CALL,1,270,285,0.0255494932007064,0.4920634920635227,47.69686608180363,52.075173471775265,4.3783073899716385,0,0,,2.311576672629231,16.865583532248046,14.554006859618815,1,7.920990449941478e-06,0.6411712735075098,0.00015383875775221156,ALCISTA,train
EURUSD,71746,71753,71754,2024-12-24 01:30:00+00:00,CALL,1,105,120,0.27770421771977133,0.6291946308722085,39.1318499880681,37.879919273311835,1.2519307147562628,0,0,,2.311576672629231,16.865583532248046,14.554006859618815,1,1.9395150862845528e-05,0.6253006253006252,3.749167252276031e-05,ALCISTA,train
EURUSD,71749,71753,71754,2024-12-24 02:15:00+00:00,CALL,1,60,75,0.40423506627456934,0.9428571428570994,31.26968465967215,37.958895648950666,6.689210989278514,0,0,,2.311576672629231,16.865583532248046,14.554006859618815,1,-3.4674659904191045e-05,0.7842076798269334,2.8839498577015732e-05,ALCISTA,train
EURUSD,72221,72228,72232,2024-12-31 07:15:00+00:00,CALL,1,105,165,0.02424718239965725,0.294759825327287,18.56398809524107,25.46953990556982,6.9055518103287525,1,0,,5.363683977926856,17.272127905724282,11.908443927797427,1,-5.68997167243837e-05,0.5111821086261981,-0.00023639616922888074,BAJISTA,train
EURUSD,72799,72814,72819,2025-01-08 17:45:00+00:00,PUT,0,225,300,0.22404625131994677,0.722576900754589,72.08924949290099,68.66914068970357,3.4201088031974223,0,0,,3.5097710057918476,83.3007554166957,86.81052642248754,1,5.230188601542177e-05,0.9637404580152672,0.00011063707545444501,ALCISTA,train
EURUSD,72807,72814,72819,2025-01-08 19:45:00+00:00,PUT,0,105,180,0.037291894494378,0.5217391304348036,62.9046369203817,68.55692984801787,5.652292927636175,0,0,,3.5097710057918476,83.3007554166957,86.81052642248754,1,6.151705407416725e-05,0.6216851292379993,3.687630522719587e-05,ALCISTA,train
EURUSD,73978,73983,73985,2025-01-24 10:30:00+00:00,PUT,1,75,105,0.015075806028583336,0.923076923077028,71.29278393101853,58.78407403385062,12.508709897167911,0,0,,4.399766916406236,84.16532010745364,88.56508702385987,1,0.0003020567650633989,1.8271324434346303,0.0018558897769493932,ALCISTA,train
EURUSD,74258,74293,74294,2025-01-29 01:30:00+00:00,CALL,0,525,540,0.3929947675767646,0.7467532467530454,36.651310339255346,36.347753463594955,0.3035568756603908,0,0,,3.8424746059131927,17.12281852926378,13.280343923350586,1,-1.9876746734473102e-05,0.6367521367521367,-9.349670484037897e-05,BAJISTA,train
EURUSD,75799,75811,75814,2025-02-19 05:45:00+00:00,PUT,1,180,225,0.26299690847300916,0.5454545454541295,80.02038735984071,82.84887216080288,2.8284848009621726,1,0,,3.6552502902013515,88.88929309384555,92.5445433840469,1,6.268612662075657e-05,0.6997430322198063,0.0005511782391767195,ALCISTA,train
EURUSD,75802,75811,75814,2025-02-19 06:30:00+00:00,PUT,1,135,180,0.1825893454343436,0.9119496855344199,89.1314170928264,86.70774120045355,2.4236758923728416,1,0,,3.6552502902013515,88.88929309384555,92.5445433840469,1,1.4497670224418049e-05,0.7039257397021852,0.00041332672520821845,ALCISTA,train
EURUSD,76985,77007,77009,2025-03-07 00:15:00+00:00,PUT,0,330,360,0.132534515649323,0.961267605633783,32.8609561224071,33.67398625788212,0.8130301354750173,0,0,,2.2377175470567465,91.4070941640823,93.64481171113904,1,-0.00017434204425318168,0.7677492196320648,0.0006807099415184759,ALCISTA,train
EURUSD,76995,77007,77009,2025-03-07 02:45:00+00:00,PUT,0,180,210,0.36961609527393635,0.5792682926830205,72.54905211500078,69.43368914948366,3.1153629655171216,0,0,,2.2377175470567465,91.4070941640823,93.64481171113904,1,-1.6293008978833835e-05,0.9164292497625831,0.00037084422688238305,ALCISTA,train
EURUSD,76998,77007,77009,2025-03-07 03:30:00+00:00,PUT,0,135,165,0.5678250732075231,0.9346733668342778,56.890687051431456,63.9286097245951,7.037922673163642,0,0,,2.2377175470567465,91.4070941640823,93.64481171113904,1,-6.534058428415643e-05,1.3643760170234072,0.00023174541375836633,ALCISTA,train
EURUSD,77980,77999,78000,2025-03-20 18:00:00+00:00,PUT,0,285,300,0.0669434459008738,0.699386503067591,71.91913330458213,59.47655735781969,12.442575946762439,0,0,,4.580306993402814,85.57937880847278,90.1596858018756,1,0.00021911189846884107,0.9083728278041073,0.0009594878301038001,ALCISTA,train
EURUSD,78014,78044,78046,2025-03-21 02:30:00+00:00,PUT,0,450,480,0.2871079353162411,0.7043478260869465,74.3112105537467,80.79928087074872,6.488070317002013,0,0,,2.109233034199036,81.98500544000983,84.09423847420886,1,-4.567257897643045e-05,1.419390891310422,-5.390371138591643e-05,BAJISTA,train
EURUSD,78088,78127,78129,2025-03-21 21:00:00+00:00,CALL,1,585,615,0.0,0.40482954545437544,79.89616991731707,76.07324729894701,3.8229226183700575,0,0,,4.60924564563288,16.270588144665826,11.661342499032946,1,9.000539640321352e-05,0.43285641658798746,-0.0006654282307925197,BAJISTA,train
EURUSD,78093,78127,78129,2025-03-21 22:15:00+00:00,CALL,1,510,540,0.20764880658344545,0.3529411764706305,54.74753652735266,60.85395009856342,6.106413571210766,0,0,,4.60924564563288,16.270588144665826,11.661342499032946,1,-6.433621613379457e-05,0.2798539892230141,-0.00044371724118807965,BAJISTA,train
EURUSD,78097,78127,78129,2025-03-23 16:15:00+00:00,CALL,1,450,480,0.4326355684336293,0.7956015523929508,22.68968158996205,31.47374335986308,8.78406176990103,0,0,,4.60924564563288,16.270588144665826,11.661342499032946,1,-7.177918235611901e-05,0.0,-0.00026627760549846613,BAJISTA,train
EURUSD,78595,78634,78636,2025-03-28 20:45:00+00:00,CALL,1,585,615,0.07934182472536713,0.47722342733189016,25.5521576622495,25.185095344757112,0.3670623174923868,0,0,0.0,3.505412723078825,13.795746800664034,10.290334077585209,1,-1.6349599224811666e-05,0.7505114676429417,0.0006284193405292626,ALCISTA,train
EURUSD,79291,79305,79306,2025-04-08 14:45:00+00:00,CALL,1,210,225,0.19626378376427092,0.9030612244897616,59.46414499606229,52.10535118005047,7.3587938160118185,0,0,,2.6968471326320405,17.1240803383897,14.427233205757659,1,0.00014750194562880575,0.9231132214586959,0.000434975701672613,ALCISTA,test
EURUSD,79627,79649,79650,2025-04-13 19:45:00+00:00,CALL,0,330,345,0.1474050863025048,0.8996437054631686,46.998207885305085,47.73321708805586,0.7350092027507742,0,0,,2.080359384205334,12.913424450993483,10.83306506678815,1,0.0001856334460813466,0.0,0.0,NEUTRO,test
EURUSD,79644,79649,79650,2025-04-14 00:00:00+00:00,CALL,0,75,90,0.25885345782113006,0.908385093167713,29.5028633363745,37.52496477540999,8.022101439035492,0,0,,2.080359384205334,12.913424450993483,10.83306506678815,1,-0.000534297811580223,20.0,0.0005017914836302761,ALCISTA,test
EURUSD,79672,79685,79687,2025-04-14 07:00:00+00:00,PUT,1,195,225,0.017110284934582373,0.412121212121216,32.62236472527492,38.542913300356794,5.920548575081874,0,0,,2.1833876436754593,84.46805479090702,86.65144243458248,1,-0.00026734205712682324,0.6090428001114103,6.466447276665122e-05,ALCISTA,test
EURUSD,79728,79756,79757,2025-04-14 21:00:00+00:00,CALL,1,420,435,0.0355627359288869,0.83333333333337,22.666384014548324,29.35005193089981,6.683667916351485,0,0,,2.1860417331527557,11.998387121086466,9.81234538793371,1,-0.00026217762975391004,0.7764638837441231,0.001204261232051973,ALCISTA,test
EURUSD,79730,79756,79757,2025-04-14 21:30:00+00:00,CALL,1,390,405,0.14542793545782934,0.3378085751407989,23.520688024970923,22.5204410960704,1.0002469289005234,0,0,0.0,2.1860417331527557,11.998387121086466,9.81234538793371,1,-7.238920711642786e-05,0.678388050412323,0.0010435255108027786,ALCISTA,test
EURUSD,79737,79756,79757,2025-04-14 23:15:00+00:00,CALL,1,285,300,0.5136311347686194,0.9190197123068516,71.94940940378835,74.47409113275383,2.5246817289654757,0,0,0.0,2.1860417331527557,11.998387121086466,9.81234538793371,1,0.00013510497068803016,0.4282026623475224,0.000481356685303691,ALCISTA,test
EURUSD,79786,79800,79804,2025-04-15 11:30:00+00:00,CALL,0,210,270,0.43163498146407697,0.9430756159727692,63.31320631834671,60.321019866205454,2.9921864521412544,0,0,,2.3872505250765226,17.856882738954837,15.469632213878315,1,0.0001879352912997122,1.2753976819482897,-0.00022469434959804246,BAJISTA,test
EURUSD,79791,79800,79804,2025-04-15 12:45:00+00:00,CALL,0,135,195,0.5007238817273271,0.7789855072463927,42.72327404857501,44.380697392745134,1.6574233441701267,0,0,,2.3872505250765226,17.856882738954837,15.469632213878315,1,-0.00013513033154770754,0.975242556038809,-0.0023916567161283986,BAJISTA,test
EURUSD,80082,80101,80103,2025-04-18 13:30:00+00:00,PUT,0,285,315,0.07833641445704737,0.45801526717551816,76.26513895171006,71.37014143648035,4.894997515229704,0,0,,3.838406034599771,81.18043266444815,85.01883869904792,1,3.634306682732382e-05,1.0409491006505933,0.0006228782248891562,ALCISTA,test
EURUSD,80251,80265,80266,2025-04-22 00:45:00+00:00,CALL,1,210,225,0.3129657733434209,0.8071748878924135,28.12176396344471,33.719660871148584,5.597896907703873,0,0,,2.669242528998387,17.003389009923875,14.334146480925488,1,-6.0566034357285736e-05,0.15109496031366548,-0.001578024445475612,BAJISTA,test
EURUSD,80406,80441,80443,2025-04-23 15:30:00+00:00,CALL,1,525,555,0.20788696497295311,0.8515936254979526,42.66401094759385,43.452713191892656,0.7887022442988041,0,0,0.0,2.4204572381057066,16.044645062612215,13.624187824506508,1,9.425200883222958e-05,0.820991629104958,-0.0001621832495385389,BAJISTA,test
EURUSD,80427,80441,80443,2025-04-23 20:45:00+00:00,CALL,1,210,240,0.08535849272240954,0.5993215228044082,8.979063218032847,11.968020354157384,2.9889571361245366,1,0,,2.4204572381057066,16.044645062612215,13.624187824506508,1,-0.0003567642779936446,0.5654604295380995,-0.0019269386732357896,BAJISTA,test
EURUSD,80773,80790,80794,2025-04-29 04:15:00+00:00,CALL,1,255,315,0.4413023629787016,0.9365558912384548,17.170088854798426,23.823725973143137,6.653637118344712,1,0,,2.879654175371261,12.046593802674337,9.166939627303076,1,-4.996202354700257e-05,1.8537799909461294,-0.0018537315449312919,BAJISTA,test
EURUSD,80902,80909,80913,2025-04-30 12:30:00+00:00,CALL,1,105,165,0.009370399937675222,0.588768115942068,28.19819819819794,22.200708170857265,5.997490027340675,0,0,,2.523112130827643,17.27541044977026,14.752298318942616,1,-5.563073342250152e-05,0.8918805216659655,0.00019302973581303284,ALCISTA,test
EURUSD,81327,81356,81360,2025-05-06 15:45:00+00:00,PUT,1,435,495,0.19438480123778404,0.9627329192547369,82.47368465293998,72.99748015289929,9.476204500040694,1,0,,2.0364284275671736,93.02288972450457,95.05931815207174,1,0.00014975148308479254,1.036329989286062,0.00023285844323539528,ALCISTA,test
EURUSD,81350,81356,81360,2025-05-06 21:30:00+00:00,PUT,1,90,150,0.579560704337837,0.8668076109937211,79.21601804850792,82.75918668728161,3.543168638773693,0,0,,2.0364284275671736,93.02288972450457,95.05931815207174,1,0.00015084464201586725,0.5751705320600273,0.0009789255774361738,ALCISTA,test
EURUSD,81640,81650,81654,2025-05-09 22:00:00+00:00,CALL,1,150,210,0.30813704622023713,0.7919254658385253,22.79473205648135,25.601915479523957,2.8071834230426056,0,0,,4.639594979186816,19.917604508033392,15.278009528846576,1,-3.715223288933516e-06,0.4997741984043354,-0.0005571911876702806,BAJISTA,test
EURUSD,82250,82255,82257,2025-05-19 16:30:00+00:00,CALL,0,75,105,0.5749025190404997,0.9021113243761281,19.58883270752585,20.819377348036042,1.2305446405101925,1,0,,2.791202064180128,16.57859428155029,13.787392217370163,1,-0.00015851586491732049,1.5035396209180178,-0.0016404281108597374,BAJISTA,test
EURUSD,82757,82787,82790,2025-05-26 16:15:00+00:00,PUT,0,450,495,0.06457441819615696,0.22058823529406776,37.507673419270525,27.614545331857062,9.893128087413462,0,0,,4.601116659588072,84.65056893628336,89.25168559587144,1,-5.323746330905077e-06,0.0,0.0005731172833538523,ALCISTA,test
EURUSD,82765,82787,82790,2025-05-26 18:15:00+00:00,PUT,0,330,375,0.3707942372826715,0.6191744340879738,65.93344613648824,67.8134987779619,1.8800526414736538,0,0,,4.601116659588072,84.65056893628336,89.25168559587144,1,-7.988356172047019e-06,0.7636113025499656,0.00036471492914436077,ALCISTA,test
EURUSD,82768,82787,82790,2025-05-26 19:00:00+00:00,PUT,0,285,330,0.2804852354953227,0.6408227848101432,58.49899412156395,59.56358649699566,1.0645923754317081,0,0,,4.601116659588072,84.65056893628336,89.25168559587144,1,-3.264890470376956e-05,0.910212897253934,0.0002552725198914363,ALCISTA,test
EURUSD,82850,82854,82856,2025-05-27 15:30:00+00:00,PUT,1,60,90,0.32389538142339513,0.9106239460368711,78.23341390333832,66.56327411103415,11.67013979230417,0,0,,2.7091009397544497,85.94194162942976,88.65104256918421,1,0.00017991716025243112,0.9435942765593062,0.0003960709759189829,ALCISTA,test
EURUSD,83437,83466,83468,2025-06-04 11:15:00+00:00,PUT,0,435,465,0.302816944037835,0.6164383561644579,81.1751601225261,86.76553005071867,5.5903699281925725,1,0,,3.3249596966445267,82.52813344874106,85.85309314538559,1,0.00022636280626022544,0.9119061738156421,0.0008666157994507984,ALCISTA,test
EURUSD,85044,85060,85061,2025-06-26 08:00:00+00:00,PUT,0,240,255,0.17484555453215642,0.9811937857726029,27.402012372296724,33.785426018939084,6.38341364664236,0,0,,3.815809537156369,87.09554758793536,90.91135712509173,1,-0.0001514541858870311,0.8763494511476005,0.003856310696233045,ALCISTA,test
EURUSD,86112,86115,86116,2025-07-10 21:00:00+00:00,PUT,0,45,60,0.581151554001909,0.9039548022599005,85.4034197427096,76.02478713062469,9.378632612084914,1,0,,2.9783809513608475,85.2796715311913,88.25805248255215,1,4.965203408785547e-05,0.5518474374255066,0.0009368222476033861,ALCISTA,test
EURUSD,87631,87665,87669,2025-07-31 19:45:00+00:00,PUT,1,510,570,0.31435346190893687,0.4258064516129035,45.13382080667177,50.08314041853358,4.94931961186181,0,0,,3.14401390568608,83.69228703614864,86.83630094183472,1,-0.0002297513087998472,0.6378744153647129,-0.00010504845359915471,BAJISTA,test
EURUSD,88916,88919,88920,2025-08-19 08:00:00+00:00,PUT,0,45,60,0.45457666475053,0.9880239520957307,89.27673624989684,80.88528924819644,8.3914470017004,1,0,,4.8000956117504785,86.20122986078229,91.00132547253277,1,7.685664131805371e-05,0.8249496981891348,0.0012014932477111273,ALCISTA,test
EURUSD,90514,90523,90528,2025-09-10 02:30:00+00:00,CALL,0,135,210,0.31744176228632864,0.8665749656118656,51.36913790079919,62.78654261259532,11.41740471179613,0,0,,3.11299414421833,17.456103086944548,14.343108942726218,1,-7.298939219108415e-05,1.095112553234638,-0.00046912291105716264,BAJISTA,test
EURUSD,90517,90523,90528,2025-09-10 03:15:00+00:00,CALL,0,90,165,0.017759347476880575,0.7589880159788208,23.046434007305805,27.093958104783994,4.047524097478188,0,0,,3.11299414421833,17.456103086944548,14.343108942726218,1,-0.0001235949235949036,1.359916054564533,-0.00031279752086588175,BAJISTA,test
EURUSD,90781,90786,90787,2025-09-12 21:15:00+00:00,PUT,1,75,90,0.011706083791070025,0.5685131195336843,85.89081281796689,86.80512756264874,0.914314744681846,1,0,,2.605960637846877,90.57328402764942,93.1792446654963,1,0.0001815780402120899,0.4745925215723874,0.00044164715632089013,ALCISTA,test
EURUSD,91479,91518,91520,2025-09-23 13:45:00+00:00,PUT,0,585,615,0.41170337423080905,0.6094808126410756,52.51808089183726,62.61382132547133,10.09574043363407,0,0,,2.249478285244251,84.20779617890514,86.45727446414939,1,-0.0001020916456201745,0.6493590994859783,-0.00032541159482202264,BAJISTA,test
EURUSD,91482,91518,91520,2025-09-23 14:30:00+00:00,PUT,0,540,570,0.40336662016456015,0.6720202874048002,37.6820106392366,40.28316883110061,2.601158191864009,0,0,,2.249478285244251,84.20779617890514,86.45727446414939,1,-0.0001364566282676876,0.5824343106757561,-0.00024407855261421307,BAJISTA,test
EURUSD,91500,91518,91520,2025-09-23 19:00:00+00:00,PUT,0,270,300,0.37249881356041986,0.8787632221318707,46.936656282452,44.61751471097373,2.3191415714782693,0,0,0.0,2.249478285244251,84.20779617890514,86.45727446414939,1,-2.2083013643165833e-05,0.7019161124646078,0.00023428758568133645,ALCISTA,test
EURUSD,91991,92029,92034,2025-09-30 14:45:00+00:00,CALL,1,570,645,0.40305899579729965,0.8858267716537201,13.64825733192761,16.73822084841952,3.0899635164919097,1,0,,2.8558595415081705,9.112075923028254,6.256216381520083,1,-8.139510277100446e-05,0.8286028975684149,-0.0006096439543072929,BAJISTA,test
EURUSD,92003,92015,92016,2025-09-30 17:45:00+00:00,PUT,1,180,195,0.17155261723384396,0.7080242751179097,80.35751815364115,69.17026178746538,11.187256366175774,1,0,,3.2873336000724294,82.4621339208427,85.74946752091513,1,0.0001748093036307245,1.5351867380506998,0.0009553098882237876,ALCISTA,test
EURUSD,92264,92268,92269,2025-10-03 11:00:00+00:00,PUT,0,60,75,0.48651789980831106,0.9404888416576315,81.41137320009587,72.16819785749976,9.243175342596103,1,0,,2.031533474205915,90.81159922609021,92.84313270029612,1,0.0001439767695444546,1.8214532871972318,0.0006801665811486668,ALCISTA,test
EURUSD,93537,93552,93555,2025-10-21 20:15:00+00:00,CALL,0,225,270,0.5798764519858592,0.7016129032258511,45.17704517704548,55.41015190137864,10.233106724333162,0,0,,3.5353941007414136,15.623558261908228,12.088164161166814,1,-6.816242714648656e-05,0.4818842756714535,-0.0008321517238289999,BAJISTA,test
EURUSD,93544,93552,93555,2025-10-21 22:00:00+00:00,CALL,0,120,165,0.26203293715969306,0.594795539033225,18.335368335369242,20.903993126215962,2.5686247908467195,1,0,,3.5353941007414136,15.623558261908228,12.088164161166814,1,-1.6918565305669144e-05,0.46300956215400096,-0.0004976485567115274,BAJISTA,test
EURUSD,94015,94031,94036,2025-10-28 11:45:00+00:00,CALL,0,240,315,0.20503583592160138,0.5276381909548999,36.83569560618866,32.54045964284763,4.295235963341028,0,0,0.0,2.636512170942993,15.448627551868492,12.8121153809255,1,-2.911478321312233e-05,0.7376492283800835,-0.00010807695078907109,BAJISTA,test
EURUSD,94409,94412,94415,2025-11-03 08:15:00+00:00,PUT,1,45,90,0.36682975145693064,0.9271523178810024,80.722178559236,79.61205678160206,1.1101217776339354,1,0,,2.0453229166176783,80.38796749249217,82.43329040910984,1,2.137937410440875e-05,1.1373512185905914,-0.0015469272163808334,BAJISTA,test
EURUSD,96402,96430,96434,2025-11-30 22:30:00+00:00,CALL,0,420,480,0.19277969377447787,0.3433734939761478,13.431390891776337,11.18546142480986,2.2459294669664764,1,1,0.0,2.5156557903804018,15.214254823016669,12.698599032636267,1,-0.00017671889308426783,0.0,0.0,NEUTRO,test
EURUSD,96407,96430,96434,2025-11-30 23:45:00+00:00,CALL,0,345,405,0.14367131120340487,0.586956521739122,34.24096682698169,30.938463435688845,3.302503391292845,0,0,,2.5156557903804018,15.214254823016669,12.698599032636267,1,5.0789828866496636e-05,0.0,0.0,NEUTRO,test
EURUSD,96427,96430,96434,2025-12-01 04:45:00+00:00,CALL,0,45,105,0.19791060055561202,0.6444683136411492,18.979788345041218,34.00497000798271,15.025181662941495,1,0,,2.5156557903804018,15.214254823016669,12.698599032636267,1,-0.0001242415879507246,0.7416053151373676,-0.0005446529216494023,BAJISTA,test
EURUSD,97926,97962,97967,2025-12-21 22:30:00+00:00,PUT,0,540,615,0.5394488589585021,0.7444852941176414,68.327428878158,75.09679728037992,6.7693684022219145,0,0,,3.7086057183063588,84.68204449485738,88.39065021316374,1,-2.5863993157416604e-05,0.0,0.0,NEUTRO,test
EURUSD,97928,97962,97967,2025-12-21 23:00:00+00:00,PUT,0,510,585,0.1454095411354477,0.8490566037735717,67.55789781876967,66.62229921328407,0.9355986054856089,0,0,0.0,3.7086057183063588,84.68204449485738,88.39065021316374,1,-8.585673252553144e-06,0.0,0.0,NEUTRO,test
EURUSD,97949,97962,97967,2025-12-22 04:15:00+00:00,PUT,0,195,270,0.23356438959059056,0.5544746002964753,88.80471380470946,84.85495985495511,3.949753949754353,1,0,,3.7086057183063588,84.68204449485738,88.39065021316374,1,6.144602990375308e-05,0.7049835040805695,7.596248306840359e-05,ALCISTA,test
EURUSD,97956,97962,97967,2025-12-22 06:00:00+00:00,PUT,0,90,165,0.11051504255623977,0.7708779443261141,69.38000271333765,67.96896519118444,1.411037522153208,0,0,0.0,3.7086057183063588,84.68204449485738,88.39065021316374,1,-7.7581384811618e-06,0.7769627818527574,4.693976220382368e-06,ALCISTA,test
EURUSD,98269,98281,98284,2025-12-26 02:30:00+00:00,PUT,0,180,225,0.01590052117540852,0.6083916083914214,56.504330784743075,45.56523290891314,10.939097875829937,0,0,,2.113145990937994,81.1799134716298,83.2930594625678,1,8.291496743676572e-05,1.1500652457590257,0.00040484696021048094,ALCISTA,test
EURUSD,98274,98281,98284,2025-12-26 03:45:00+00:00,PUT,0,105,150,0.08426438978895615,0.3677419354841349,61.79211469534014,63.70482291677224,1.9127082214320978,0,0,,2.113145990937994,81.1799134716298,83.2930594625678,1,4.37564754184591e-05,0.7296827745962293,0.00017989152201791647,ALCISTA,test
EURUSD,100235,100249,100252,2026-01-23 03:00:00+00:00,CALL,0,210,255,0.07142057785144001,0.882352941176701,13.620928580127583,24.108704171364426,10.487775591236844,1,0,,4.152545422089387,16.06571872139555,11.913173299306164,1,-9.678314693803357e-05,1.2116089039165963,-0.00015785951014191113,BAJISTA,test
EURUSD,100240,100249,100252,2026-01-23 04:15:00+00:00,CALL,0,135,180,0.04865129539690866,0.365044247787102,21.03960225353235,21.51947339749682,0.47987114396446984,0,0,0.0,4.152545422089387,16.06571872139555,11.913173299306164,1,-9.750125939130669e-06,0.6964091403699673,7.744819269106529e-05,ALCISTA,test
EURUSD,100629,100646,100651,2026-01-28 22:30:00+00:00,PUT,0,255,330,0.15053627076228387,0.4778303917348183,78.39955300315115,65.44899892581111,12.950554077340044,0,0,,2.8056785702906666,89.82518569878043,92.6308642690711,1,0.00021337375563685405,0.6014717767663448,0.0004783273357584772,ALCISTA,test
EURUSD,100634,100646,100651,2026-01-28 23:45:00+00:00,PUT,0,180,255,0.34621628603883886,0.42975970425144694,89.689914892415,90.46301736052156,0.7731024681065577,1,1,0.0,2.8056785702906666,89.82518569878043,92.6308642690711,1,0.00021487123949979502,0.2865296474589951,0.00021253344891580817,ALCISTA,test
EURUSD,102047,102064,102065,2026-02-17 20:00:00+00:00,PUT,0,255,270,0.2521935686382507,0.550122249388848,91.43567591061354,92.28959953931196,0.8539236286984249,1,1,0.0,3.400104423690152,87.3612668854683,90.76137130915845,1,0.00023855293920152195,0.6347020171587616,0.0014766606518934466,ALCISTA,test
EURUSD,102504,102535,102539,2026-02-24 07:15:00+00:00,CALL,1,465,525,0.3868954680237472,0.7641509433962251,9.836212498042427,7.0774040288660816,2.758808469176345,1,1,0.0,5.511030848758535,17.636784242596065,12.12575339383753,1,-0.00011488153581832976,0.4724886420999495,-4.58390844404466e-05,BAJISTA,test
EURUSD,103153,103189,103193,2026-03-04 18:30:00+00:00,PUT,1,540,600,0.47425705654073946,0.9619565217391333,59.9328337172797,58.27703742584364,1.6557962914360616,0,0,,5.639319880257631,82.51106608227336,88.15038596253099,1,0.00010424900619769795,0.7824928163911214,7.737209962077607e-05,ALCISTA,test
EURUSD,103167,103189,103193,2026-03-04 22:00:00+00:00,PUT,1,330,390,0.07330587932342972,0.4004106776179722,52.86300041290489,38.11157173577536,14.751428677129532,0,0,,5.639319880257631,82.51106608227336,88.15038596253099,1,0.00010538011293999478,0.5298994531663432,0.0,NEUTRO,test
EURUSD,103169,103189,103193,2026-03-04 22:30:00+00:00,PUT,1,300,360,0.2727611186599438,0.7134767836921156,80.4050355774434,67.49504668439384,12.909988893049558,1,0,,5.639319880257631,82.51106608227336,88.15038596253099,1,0.00019587618938306941,0.5181847441261668,0.0,NEUTRO,test
EURUSD,103176,103189,103193,2026-03-05 00:15:00+00:00,PUT,1,195,255,0.5074599437678146,0.8124999999998361,49.86767784492369,61.030514034421564,11.162836189497874,0,0,,5.639319880257631,82.51106608227336,88.15038596253099,1,-0.00010961501892474345,0.14171833480956597,-0.0003945844784736252,BAJISTA,test
EURUSD,103186,103189,103193,2026-03-05 02:45:00+00:00,PUT,1,45,105,0.17472074899848525,0.9219269102990723,82.93732508018081,71.06546455752525,11.871860522655567,1,0,,5.639319880257631,82.51106608227336,88.15038596253099,1,0.0001124175312016866,1.7115655090338635,-0.00017540933143234128,BAJISTA,test
EURUSD,104354,104372,104373,2026-03-20 15:30:00+00:00,PUT,1,270,285,0.382674903197767,0.7794676806084214,54.00950427666597,65.02697761603038,11.017473339364408,0,0,,2.9608819935385498,83.21126278688855,86.1721447804271,1,-0.00019359708576606997,1.6583715559025407,-0.00016027098791893124,BAJISTA,test
EURUSD,104369,104372,104373,2026-03-20 19:15:00+00:00,PUT,1,45,60,0.4101279442258694,0.7608695652175487,85.16130044561629,79.52679776577781,5.6345026798384765,1,0,,2.9608819935385498,83.21126278688855,86.1721447804271,1,0.0002169573009065938,0.7964601769911505,0.0004310673157488232,ALCISTA,test
EURUSD,104877,104901,104902,2026-03-27 19:15:00+00:00,CALL,0,360,375,0.5363924832778673,0.6735086593969851,13.062287947630962,17.928824269746023,4.866536322115062,1,0,,4.502749302901723,11.759275014158561,7.256525711256838,1,-0.00022801060222967813,0.6117080814864563,-0.00031000966500716043,BAJISTA,test
EURUSD,104892,104901,104902,2026-03-29 17:00:00+00:00,CALL,0,135,150,0.5224648351749062,0.9811529933482869,34.46471556060865,39.32750635947068,4.862790798862029,0,0,,4.502749302901723,11.759275014158561,7.256525711256838,1,-8.136597879739336e-05,0.0,-0.0001550975615797201,BAJISTA,test
EURUSD,105003,105032,105034,2026-03-30 21:45:00+00:00,PUT,1,435,465,0.3322273854267591,0.7968313140726271,80.04897403680637,73.55086296066365,6.49811107614272,1,0,,6.6272407427473325,83.50489270840804,90.13213345115537,1,4.8544074370839065e-05,0.6442021803766105,6.806033286732571e-05,ALCISTA,test
EURUSD,105006,105032,105034,2026-03-30 22:30:00+00:00,PUT,1,390,420,0.38421087517010183,0.5873015873018714,59.35224512689771,69.56428076062018,10.212035633722472,0,0,,6.6272407427473325,83.50489270840804,90.13213345115537,1,-3.7868210166442427e-05,0.5705959766873473,5.1044381126130745e-05,ALCISTA,test
EURUSD,105718,105744,105749,2026-04-09 01:30:00+00:00,PUT,0,390,465,0.012402151021783143,0.7708779443252093,72.78512292349815,66.80168387845724,5.98343904504091,0,0,,3.6361559842181492,83.90173062069964,87.53788660491779,1,1.2991430073210182e-05,0.4722956767726462,-0.00026757642651675795,BAJISTA,test
EURUSD,105738,105744,105749,2026-04-09 06:30:00+00:00,PUT,0,90,165,0.504713823909999,0.9171195652174847,85.33333333333265,87.24950558609993,1.9161722527672822,1,0,,3.6361559842181492,83.90173062069964,87.53788660491779,1,0.00010130188507223046,0.5930907979211251,0.00035499427207308365,ALCISTA,test
EURUSD,107442,107460,107461,2026-05-03 20:30:00+00:00,PUT,1,270,285,0.16205295778901685,0.556291390728596,23.698708149743865,30.49006384317639,6.791355693432525,0,0,,5.793447613020248,82.86695872824005,88.6604063412603,1,-0.00011067310545322478,0.0,0.0,NEUTRO,test
EURUSD,107638,107649,107651,2026-05-05 21:30:00+00:00,CALL,1,165,195,0.07966189669469308,0.689238210399192,21.17808664150382,24.578799248668407,3.4007126071645857,0,0,,2.0426995890048723,13.83920012261971,11.796500533614838,1,-1.683674368051047e-05,0.4089926502377864,-0.0003834354189169442,BAJISTA,test
EURUSD,107645,107649,107651,2026-05-05 23:15:00+00:00,CALL,1,60,90,0.2615186823906729,0.6465517241381686,16.631834645502497,14.19955423570361,2.432280409798887,1,0,,2.0426995890048723,13.83920012261971,11.796500533614838,1,-4.8714948881672456e-05,0.4294564911292593,-0.00017700673908271902,BAJISTA,test
EURUSD,108498,108502,108503,2026-05-18 06:30:00+00:00,PUT,0,60,75,0.27250560293909803,0.9179415855354821,77.02886710240094,69.62199251681632,7.406874585584617,0,0,,3.509086438164445,88.87462835619117,92.38371479435561,1,5.960738912598672e-05,0.9828382383348266,0.00035251263170255065,ALCISTA,test
EURUSD,109968,109973,109977,2026-06-07 17:00:00+00:00,CALL,1,75,135,0.27017005704653,0.35087719298240605,30.970455815180216,31.740216215312895,0.7697604001326788,0,0,,4.840453417833842,17.87695868945835,13.036505271624506,1,-5.8072055153198397e-05,0.0,-0.0001601319938948631,BAJISTA,test
EURUSD,110409,110433,110436,2026-06-12 07:15:00+00:00,PUT,1,360,405,0.050620352283185475,0.5281690140846755,75.07046993983458,68.81308896917493,6.2573809706596535,0,0,,2.166228941105132,81.66160081053971,83.82782975164484,1,6.5729846142417e-05,0.5234103455326109,4.148402173775878e-05,ALCISTA,test
EURUSD,110411,110433,110436,2026-06-12 07:45:00+00:00,PUT,1,330,375,0.46986813738359073,0.9179104477612214,77.27557084766443,76.30825926596202,0.967311581702404,0,0,,2.166228941105132,81.66160081053971,83.82782975164484,1,6.60993228747124e-05,0.9396689802455952,2.765563206952315e-05,ALCISTA,test
EURUSD,110643,110657,110660,2026-06-16 10:45:00+00:00,PUT,0,210,255,0.42791780855291284,0.882352941175955,93.90671674669989,84.68374758469093,9.222969162008951,1,0,,2.5307178666206482,85.9775607560177,88.50827862263834,1,0.00020373629791075313,1.2322496263079221,0.0009176400781027994,ALCISTA,test
EURUSD,111042,111058,111062,2026-06-22 07:30:00+00:00,CALL,1,240,300,0.05741346595287488,0.5793103448276546,15.613700395253517,17.974243109761094,2.3605427145075772,1,0,,2.1406668431649347,15.754222310491002,13.613555467326067,1,-0.00011136443654749394,0.5779680965617409,-0.00022908507783447885,BAJISTA,test
EURUSD,112366,112381,112384,2026-07-10 02:30:00+00:00,PUT,1,225,270,0.17537555017544246,0.3940886699505908,93.77777777778444,93.64015252283961,0.13762525494482247,1,0,,2.039692126838375,89.62720890825476,91.66690103509313,1,2.7194007776514412e-05,0.5971177020313807,0.0,NEUTRO,test
EURUSD,112389,112392,112394,2026-07-10 08:15:00+00:00,CALL,0,45,75,0.4547701728506287,0.718911917098373,11.04781688709255,21.029799401158595,9.981982514066045,1,0,,2.3685649733237373,10.52475456706799,8.156189593744253,1,-0.00018741356562655735,0.607092888861853,0.0,NEUTRO,test
EURUSD,112866,112869,112874,2026-07-17 07:30:00+00:00,CALL,0,45,120,0.11967335414315342,0.7185628742515249,15.078201368519451,16.56242578877503,1.484224420255579,1,0,0.0,2.8774538062606485,16.717299853559936,13.839846047299288,1,-1.287709213000368e-05,0.9998696049028557,0.0,NEUTRO,test
GBPUSD,1246,1276,1278,2024-07-23 15:15:00+00:00,CALL,0,450,480,0.26029524840036145,0.47215496368053583,56.94810510450994,49.62986842703163,7.3182366774783105,0,0,,2.4369506498046025,10.524630781651489,8.087680131846886,1,0.0001917916280396499,0.8638956805215974,-0.0004112832579831194,BAJISTA,train
GBPUSD,1267,1276,1278,2024-07-23 20:30:00+00:00,CALL,0,135,165,0.43926921271904373,0.8168316831683454,25.220363374712303,34.7444031265548,9.524039751842498,0,0,,2.4369506498046025,10.524630781651489,8.087680131846886,1,-6.819220904009101e-05,0.7875342177300485,-0.00019985622745799514,BAJISTA,train
GBPUSD,1272,1276,1278,2024-07-23 21:45:00+00:00,CALL,0,60,90,0.0365662715457022,0.7477341389727443,13.45869322875552,14.935983319388464,1.4772900906329447,1,0,,2.4369506498046025,10.524630781651489,8.087680131846886,1,-6.204372791221412e-05,0.5669291338582677,-0.00015338516409124647,BAJISTA,train
GBPUSD,1576,1606,1611,2024-07-29 01:45:00+00:00,CALL,0,450,525,0.2964839247494884,0.7327586206897088,64.1387419165174,60.53825181836425,3.600490098153152,0,0,,2.4020824993490937,16.152027334566693,13.7499448352176,1,3.772630484273113e-05,1.1890174722033129,0.000988169927938154,ALCISTA,train
GBPUSD,1580,1606,1611,2024-07-29 02:45:00+00:00,CALL,0,390,465,0.5120604201228687,0.7972027972029216,63.70457217678946,62.31363458214952,1.3909375946399436,0,0,0.0,2.4020824993490937,16.152027334566693,13.7499448352176,1,-6.123251635024323e-06,1.0809476801579467,0.0006585630278987953,ALCISTA,train
GBPUSD,1599,1606,1611,2024-07-29 07:30:00+00:00,CALL,0,105,180,0.3126460700590353,0.7803468208091893,27.372270016159177,47.18744554371873,19.815175527559553,0,0,,2.4020824993490937,16.152027334566693,13.7499448352176,1,-9.065491824109895e-05,0.7538569424964937,-0.00019413706076498727,BAJISTA,train
GBPUSD,1670,1697,1698,2024-07-30 01:15:00+00:00,PUT,1,405,420,0.0896660421727459,0.4790419161681477,45.98290598291027,40.91911309303122,5.063792889879046,0,0,,2.3393824134487176,90.65874703113077,92.99812944457949,1,4.947164285456681e-06,0.4449244060475162,-0.0004355028113260939,BAJISTA,train
GBPUSD,1694,1697,1698,2024-07-30 07:15:00+00:00,PUT,1,45,60,0.05353020568185597,0.39999999999996444,87.21734120696762,73.86094129801249,13.356399908955126,1,0,,2.3393824134487176,90.65874703113077,92.99812944457949,1,8.470340022637478e-05,0.6968325791855203,0.00011900437671652497,ALCISTA,train
GBPUSD,2471,2509,2512,2024-08-09 09:30:00+00:00,PUT,0,570,615,0.43307970155257125,0.9300476947533952,80.77842291555181,65.65247003376318,15.125952881788635,1,0,,2.2957805325462743,87.14741656235223,89.44319709489851,1,0.00010429513672302157,1.3471911590580186,0.0007898847709040258,ALCISTA,train
GBPUSD,3570,3598,3603,2024-08-26 20:15:00+00:00,PUT,1,420,495,0.42284118728716735,0.5921052631579049,60.95679012345622,46.55349794238642,14.403292181069801,0,0,,3.326256192500466,85.77494692144664,89.10120311394711,1,0.00011092577568841839,0.658878897386335,-0.0008895799424728512,BAJISTA,train
GBPUSD,3595,3598,3603,2024-08-27 02:30:00+00:00,PUT,1,45,120,0.3071093832792521,0.5660377358486218,84.99646142959115,77.12665095960078,7.8698104699903695,1,0,,3.326256192500466,85.77494692144664,89.10120311394711,1,5.926187270275739e-05,0.791311093871218,-0.0001501925195024345,BAJISTA,train
GBPUSD,5294,5305,5309,2024-09-19 19:15:00+00:00,PUT,0,165,225,0.2514481089820275,0.6727037516170297,89.14498637477534,78.81419056522357,10.330795809551773,1,0,,5.8862734262081915,83.20223175178396,89.08850517799215,1,0.0004985538107617252,0.7388256922900149,0.0009270005878541099,ALCISTA,train
GBPUSD,5966,5995,5998,2024-09-30 19:15:00+00:00,PUT,0,435,480,0.24048513357490525,0.749656121045428,67.58932076953145,72.43968057806624,4.85035980853479,0,0,,4.823934370171742,85.02159719773253,89.84553156790427,1,0.00014858219153756318,0.9773984932328821,0.0003515741339967793,ALCISTA,train
GBPUSD,5989,5995,5998,2024-10-01 01:00:00+00:00,PUT,0,90,135,0.5135527490086232,0.9478672985781027,54.41946068090229,47.43746659570936,6.98199408519293,0,0,,4.823934370171742,85.02159719773253,89.84553156790427,1,-4.2593847499806734e-06,0.2382843526608419,0.00012338062924133197,ALCISTA,train
GBPUSD,5992,5995,5998,2024-10-01 01:45:00+00:00,PUT,0,45,90,0.1839009415999561,0.3500000000000851,86.96836658592402,75.8731748915074,11.095191694416613,1,0,,4.823934370171742,85.02159719773253,89.84553156790427,1,6.925708078911405e-05,0.2942145131188934,9.870206780848712e-05,ALCISTA,train
GBPUSD,6749,6752,6753,2024-10-10 23:00:00+00:00,PUT,0,45,60,0.5569008894434685,0.8775981524250469,87.38890796674106,80.58263111851234,6.80627684822872,1,0,,2.1967207083682183,89.78381183013532,91.98053253850354,1,0.00010620757525877338,0.5256780687855345,0.0005713149324710898,ALCISTA,train
GBPUSD,8183,8192,8194,2024-10-31 21:30:00+00:00,PUT,0,135,165,0.41937237341756,0.8615188257818257,88.16053497271544,82.86054512182069,5.299989850894747,1,0,,2.1254170929488367,93.72274848441936,95.84816557736819,1,0.00024981767964378054,0.6722049590969623,0.001515127970039165,ALCISTA,train
GBPUSD,8913,8917,8921,2024-11-12 13:00:00+00:00,PUT,1,60,120,0.5249956485120684,0.7381530984206084,65.81564470453219,63.21616814978042,2.5994765547517673,0,0,0.0,2.4461055627870394,80.29528786253384,82.74139342532088,1,-2.3629567772633918e-05,0.80572179243906,-0.0008131872846368626,BAJISTA,train
GBPUSD,9342,9365,9367,2024-11-19 00:15:00+00:00,PUT,1,345,375,0.2834518160085618,0.5506329113922321,44.39230623057339,53.548769710122315,9.156463479548925,0,0,,2.2424365456068927,80.49569129871014,82.73812784431703,1,3.824842302943769e-06,0.18605942793668423,7.021192166867252e-05,ALCISTA,train
GBPUSD,9346,9365,9367,2024-11-19 01:15:00+00:00,PUT,1,285,315,0.3120087370051581,0.816000000000034,59.515251916184525,53.887566851927886,5.627685064256639,0,0,,2.2424365456068927,80.49569129871014,82.73812784431703,1,-1.77384058479901e-05,0.45553508625020933,-1.6565420394965003e-05,BAJISTA,train
GBPUSD,9364,9365,9367,2024-11-19 05:45:00+00:00,PUT,1,15,45,0.27951014159807647,0.6587202007529568,84.39597088363985,81.19579215551146,3.2001787281283924,1,0,,2.2424365456068927,80.49569129871014,82.73812784431703,1,0.00011012768600478019,1.0316091954022988,-0.0003692692256705987,BAJISTA,train
GBPUSD,9844,9847,9848,2024-11-26 05:45:00+00:00,PUT,0,45,60,0.42214267352430235,0.5656697009102748,87.86187800276781,71.62545220147909,16.236425801288718,1,0,,2.3038493775713675,91.8598707144965,94.16372009206786,1,0.00018855175924494124,0.6465792272243885,0.0010338935185405518,ALCISTA,train
GBPUSD,11075,11081,11085,2024-12-13 01:30:00+00:00,PUT,0,90,150,0.18221455656340158,0.34646739130436377,71.12614408896563,61.896753148340316,9.229390940625315,0,0,,3.5188170759783475,86.25827814569391,89.77709522167225,1,5.3358654788162845e-05,0.3735763097949886,8.724835659235097e-05,ALCISTA,train
GBPUSD,11558,11562,11563,2024-12-20 02:15:00+00:00,CALL,0,60,75,0.02776498441386377,0.44063647490822117,21.730475936713713,26.20057604710297,4.470100110389257,0,0,,2.8338737762029886,14.043432372076344,11.209558595873355,1,-9.662974653614506e-05,1.040943789035392,-0.00020012808197233944,BAJISTA,train
GBPUSD,14429,14446,14447,2025-02-04 03:15:00+00:00,CALL,1,255,270,0.1883623783074959,0.6699751861042814,27.313413866782422,37.51442159500203,10.201007728219604,0,0,,4.196494794006558,18.956648517534543,14.760153723527985,1,-0.00027510940686762184,1.1494491789648722,-0.0006733995898456913,BAJISTA,train
GBPUSD,14998,15001,15003,2025-02-12 01:30:00+00:00,PUT,0,45,75,0.4080004536763295,0.6471238938051483,81.13325319418253,70.70043782547283,10.432815368709697,1,0,,2.5581238131654374,86.27296587926769,88.83108969243312,1,3.295421384363523e-05,0.7583527583527584,0.00034469154927219137,ALCISTA,train
GBPUSD,15468,15507,15512,2025-02-18 23:00:00+00:00,PUT,1,585,660,0.3729297513877482,0.7846153846151366,55.122726678395786,42.492669058005184,12.630057620390602,0,0,,7.9935948784029165,80.49898998160943,88.49258486001234,1,5.801393824518869e-05,0.6194690265486725,0.0002942765199858144,ALCISTA,train
GBPUSD,15560,15582,15583,2025-02-19 22:00:00+00:00,PUT,0,330,345,0.09704999608392677,0.5737704918033865,76.2853013270951,68.37690320051122,7.908398126583876,0,0,,3.6060618366880277,81.96071696889808,85.56677880558611,1,0.00015547672545211918,0.7640865110984634,0.000533471564216681,ALCISTA,train
GBPUSD,15562,15582,15583,2025-02-19 22:30:00+00:00,PUT,0,300,315,0.13809028953946,0.6205852674066731,73.03358736669723,75.09061631777278,2.0570289510755515,0,0,0.0,3.6060618366880277,81.96071696889808,85.56677880558611,1,0.00010446580478765901,0.6724762859566592,0.000436434402478314,ALCISTA,train
GBPUSD,15674,15680,15681,2025-02-21 02:30:00+00:00,CALL,1,90,105,0.42871891474239293,0.9055118110238239,55.99497802887928,71.67138672667261,15.676408697793327,0,0,,3.0592101307132733,15.15999710977742,12.100786979064146,1,-2.9970529776993788e-05,1.30034887408817,-0.0004122858009403263,BAJISTA,train
GBPUSD,15709,15713,15715,2025-02-21 11:15:00+00:00,CALL,0,60,90,0.36533277663085123,0.585365853658571,28.668547440174166,35.819252317935444,7.150704877761278,0,0,,2.636503767293961,15.177403741532828,12.540899974238867,1,-0.00020811250723107132,1.1241728298949007,-0.00023709979530361913,BAJISTA,train
GBPUSD,16893,16925,16926,2025-03-11 19:15:00+00:00,CALL,0,480,495,0.33498357818753877,0.7505070993914503,54.86111111111372,57.93788580247088,3.0767746913571585,0,0,,2.8075183455629666,17.900208982430986,15.092690636868019,1,-5.357897231408226e-05,0.6408663234510918,0.00038009066552935344,ALCISTA,train
GBPUSD,16911,16925,16926,2025-03-11 23:45:00+00:00,CALL,0,210,225,0.41070246067584965,0.7756463719767176,33.82661240596756,34.973070180406246,1.1464577744386872,0,0,,2.8075183455629666,17.900208982430986,15.092690636868019,1,-8.2887287337877e-05,0.25378758747981234,-0.00011125326806482594,BAJISTA,train
GBPUSD,17553,17560,17564,2025-03-20 17:15:00+00:00,PUT,0,105,165,0.5430086132207362,0.8272058823527747,62.01372997711678,59.25925925925916,2.7544707178576218,0,0,,3.4254045484110236,80.35720866566864,83.78261321407966,1,0.00019161976656036246,0.7407857924826663,0.00044846199149528587,ALCISTA,train
GBPUSD,17556,17560,17564,2025-03-20 18:00:00+00:00,PUT,0,60,120,0.13191250317881642,0.7317073170730305,73.67706433916673,68.28010083778304,5.396963501383695,0,0,,3.4254045484110236,80.35720866566864,83.78261321407966,1,0.00011045619248537717,0.8813723707340728,0.00035232913484084527,ALCISTA,train
GBPUSD,18783,18811,18815,2025-04-08 14:45:00+00:00,PUT,1,420,480,0.39755456531978206,0.7182556648141507,83.56930594958608,74.9925865979476,8.576719351638488,1,0,,3.23076172904436,82.77062354701802,86.00138527606238,1,0.0003391772757391012,0.8794735997432194,0.0007363481830215957,ALCISTA,train
GBPUSD,18805,18811,18815,2025-04-08 20:15:00+00:00,PUT,1,90,150,0.06300100569495688,0.777777777777788,65.47980837771611,58.25450875184081,7.2252996258753015,0,0,,3.23076172904436,82.77062354701802,86.00138527606238,1,0.0002493817026667553,0.9119942236663057,-0.0006467697530999628,BAJISTA,train
GBPUSD,18906,18933,18935,2025-04-09 21:30:00+00:00,PUT,0,405,435,0.4993278904780523,0.8929428708592705,53.13522764503247,50.84160251375629,2.2936251312761797,0,0,,3.780876073658675,85.36319718928435,89.14407326294302,1,0.0003430683408212485,1.2740815553591718,0.0024411235427590494,ALCISTA,train
GBPUSD,18927,18933,18935,2025-04-10 02:45:00+00:00,PUT,0,90,120,0.5305741379301697,0.917951042611055,60.25438873120925,62.28241276070565,2.0280240294964003,0,0,,3.780876073658675,85.36319718928435,89.14407326294302,1,-1.5123277157308219e-06,1.200755413061619,0.0009726504412779224,ALCISTA,train
GBPUSD,18929,18933,18935,2025-04-10 03:15:00+00:00,PUT,0,60,90,0.2719648820606131,0.7742914979757418,77.48623096305171,67.93136346116403,9.554867501887685,0,0,,3.780876073658675,85.36319718928435,89.14407326294302,1,8.399409633400372e-05,1.5980761377557964,0.0007293104899159797,ALCISTA,train
GBPUSD,19749,19788,19793,2025-04-22 16:15:00+00:00,CALL,1,585,660,0.31359184090774694,0.7314694408322693,42.63645795437622,31.63229130038727,11.00416665398895,0,0,,3.0916348938731897,17.057543295020295,13.965908401147106,1,-5.172643200275337e-05,1.018538808782925,-0.001813796069485174,BAJISTA,train
GBPUSD,21022,21030,21031,2025-05-09 22:30:00+00:00,CALL,1,120,135,0.011538308688316,0.5993690851735815,44.107269861495205,56.73002378432067,12.622753922825467,0,0,,4.389994656154174,17.808008397482883,13.418013741328709,1,-7.284097571374289e-05,0.815135855975996,-0.00024356983162121537,BAJISTA,train
GBPUSD,22309,22325,22327,2025-05-29 09:45:00+00:00,PUT,1,240,270,0.3784970585182422,0.7130942452042895,83.66824919532888,68.32018735107586,15.348061844253024,1,0,,2.4938566722164666,82.4437303537528,84.93758702596926,1,0.00014075159550378384,1.3208207857693115,0.0009013109165707522,ALCISTA,train
GBPUSD,22628,22667,22670,2025-06-03 17:30:00+00:00,PUT,0,585,630,0.5930863157497556,0.8160146699266844,78.29232592506351,76.64280234287374,1.6495235821897722,0,0,,2.833722958978413,90.73491508076226,93.56863803974068,1,0.00022680916588512667,1.3855075492398516,0.0007169870405610013,ALCISTA,train
GBPUSD,22640,22667,22670,2025-06-03 20:30:00+00:00,PUT,0,405,450,0.1543611375301049,0.4766536964981466,71.1984426474998,64.86289308176235,6.335549565737452,0,0,,2.833722958978413,90.73491508076226,93.56863803974068,1,4.314475535844649e-05,0.5630676084762866,-0.00019014121499505432,BAJISTA,train
GBPUSD,22643,22658,22661,2025-06-03 21:15:00+00:00,CALL,1,225,270,0.1843620249353853,0.39834024896276643,70.73449991469234,74.53765755829328,3.80315764360094,0,0,0.0,3.5885113626273526,16.117744412811366,12.529233050184013,1,5.261401814021592e-05,0.4305623339298303,-0.00020197640945140982,BAJISTA,train
GBPUSD,22647,22658,22661,2025-06-03 22:15:00+00:00,CALL,1,165,210,0.29596856057026294,0.5838323353294886,59.20237273615799,58.873259049595276,0.3291136865627138,0,0,0.0,3.5885113626273526,16.117744412811366,12.529233050184013,1,-4.724902207072594e-05,0.49118474308842697,-0.00014427718977627624,BAJISTA,train
GBPUSD,22649,22658,22661,2025-06-03 22:45:00+00:00,CALL,1,135,180,0.3348755412701607,0.8178654292342593,51.301306225063975,55.753325936009,4.452019710945024,0,0,,3.5885113626273526,16.117744412811366,12.529233050184013,1,-8.33660137973321e-05,0.7965152457996267,-0.00011542508246242811,BAJISTA,train
GBPUSD,22651,22667,22670,2025-06-03 23:15:00+00:00,PUT,0,240,285,0.012452649021743568,0.39722572509464904,36.88683679813179,43.885259081929654,6.998422283797865,0,0,,2.833722958978413,90.73491508076226,93.56863803974068,1,-5.4070921680534684e-05,0.3751359188111635,-8.657130997202778e-05,BAJISTA,train
GBPUSD,22853,22861,22862,2025-06-06 01:45:00+00:00,PUT,1,120,135,0.16021867485224234,0.3543307086610972,71.88562305269501,60.36922635106555,11.51639670162946,0,0,,2.3275121328116484,85.43309842988621,87.76061056269786,1,8.079677223590008e-05,0.42331560283687947,0.0005216999164394664,ALCISTA,train
GBPUSD,22855,22861,22862,2025-06-06 02:15:00+00:00,PUT,1,90,105,0.2954642870942732,0.5172413793106893,89.64105280685509,81.77556259216837,7.865490214686716,1,0,,2.3275121328116484,85.43309842988621,87.76061056269786,1,8.156224511798831e-05,0.5075528700906344,0.0004347121321524039,ALCISTA,train
GBPUSD,23017,23053,23058,2025-06-09 18:45:00+00:00,PUT,0,540,615,0.40330286865435816,0.7957244655581106,80.20135022549593,65.68998128586644,14.511368939629492,1,0,,5.483685302369182,80.05424286815065,85.53792817051983,1,0.00023931912702820194,0.7971254836926479,0.0006554173044930334,ALCISTA,train
GBPUSD,23323,23338,23343,2025-06-12 23:15:00+00:00,PUT,1,225,300,0.08436426857885314,0.4378172588831399,93.76531946591786,93.92604607692964,0.16072661101178198,1,0,,2.9341508521088713,83.36033709278387,86.29448794489274,1,0.00011266408461437631,0.4220639958823025,0.00045424409519445597,ALCISTA,train
GBPUSD,23336,23338,23343,2025-06-13 02:30:00+00:00,PUT,1,30,105,0.4095345786440267,0.8171912832931402,85.46375266524558,83.01000280088698,2.453749864358599,1,0,0.0,2.9341508521088713,83.36033709278387,86.29448794489274,1,5.610889486171124e-05,1.1252731245447922,-0.0013975576961714475,BAJISTA,train
GBPUSD,24856,24885,24886,2025-07-07 13:30:00+00:00,CALL,1,435,450,0.4695086557110663,0.6721915285449829,55.990836197022226,47.662262550157486,8.32857364686474,0,0,,3.5820470896748926,19.068168274257186,15.486121184582293,1,0.00015418746681893243,0.7499814361030668,0.001764587087724978,ALCISTA,train
GBPUSD,27179,27191,27193,2025-08-08 18:15:00+00:00,PUT,1,180,210,0.43985453288007226,0.6866197183098729,72.91852462193297,66.38201709416803,6.53650752776494,0,0,,2.60138059456429,82.52367859523194,85.12505918979623,1,0.00012953286169854262,0.897508815834376,0.0009155668698777042,ALCISTA,train
GBPUSD,27181,27191,27193,2025-08-08 18:45:00+00:00,PUT,1,150,180,0.24235706794385806,0.4630750605327008,83.83474749987833,79.37443247152467,4.460315028353662,1,0,,2.60138059456429,82.52367859523194,85.12505918979623,1,0.00013540256223312073,0.8029115341545353,0.0007323193984263288,ALCISTA,train
GBPUSD,28153,28160,28164,2025-08-22 21:45:00+00:00,CALL,0,105,165,0.10552847812583212,0.5563636363636326,47.295038524520514,64.77750034246704,17.482461817946522,0,0,,3.2900410540794685,16.50766635314132,13.217625299061853,1,-7.617992623071923e-06,0.5697705091005012,-3.5491723034297706e-05,BAJISTA,train
GBPUSD,28157,28160,28164,2025-08-22 22:45:00+00:00,CALL,0,45,105,0.39766567830513905,0.8053691275166307,12.496087555107094,16.042405861038443,3.546318305931349,1,0,,3.2900410540794685,16.50766635314132,13.217625299061853,1,-0.0001763819067314475,0.4988940771688376,-2.366142861776055e-05,BAJISTA,train
GBPUSD,29338,29348,29352,2025-09-10 06:00:00+00:00,PUT,1,150,210,0.21588332748264272,0.8687258687259813,90.9977813100236,83.2898609135997,7.707920396423901,1,0,,3.7055119016292934,90.33104197275793,94.03655387438722,1,0.00012190179337153413,0.7495989499781245,0.0008007618138234918,ALCISTA,train
GBPUSD,29343,29348,29352,2025-09-10 07:15:00+00:00,PUT,1,75,135,0.4097759207566877,0.6564986737403694,87.85372851900574,88.86409921611668,1.0103706971109432,1,0,,3.7055119016292934,90.33104197275793,94.03655387438722,1,5.941419484368104e-05,0.6826493295408371,0.0004366202489842763,ALCISTA,train
GBPUSD,30039,30050,30053,2025-09-19 13:15:00+00:00,CALL,0,165,210,0.15025459265719987,0.5619596541787093,65.99891552673473,55.2364715759151,10.762443950819637,0,0,,2.4986143597493466,17.647195345923414,15.148580986174068,1,0.00013788692329705203,0.4796852538397518,-0.0015826479516384273,BAJISTA,train
GBPUSD,30645,30670,30674,2025-09-29 21:00:00+00:00,PUT,1,375,435,0.4606329069978745,0.8849129593810422,43.83473543869392,40.862699963070696,2.9720354756232226,0,0,,2.9001533421810137,83.86095592798875,86.76110927016977,1,-6.408802625806533e-05,0.5314335226725715,-3.909034896498742e-05,BAJISTA,train
GBPUSD,30650,30670,30674,2025-09-29 22:15:00+00:00,PUT,1,300,360,0.08051775203160691,0.7395701643490893,85.59771561786879,80.67390449663823,4.923811121230557,1,0,,2.9001533421810137,83.86095592798875,86.76110927016977,1,0.00010545675562605332,0.530030959752322,-2.6060572215658162e-05,BAJISTA,train
GBPUSD,31129,31133,31137,2025-10-06 22:00:00+00:00,PUT,0,60,120,0.2670691864350824,0.5992736077480825,83.12757201645958,82.9279457164177,0.19962630004188497,1,0,,2.4119607654236432,83.45585385694378,85.86781462236742,1,5.784333355581862e-05,0.6674991485980247,0.0003509118143030232,ALCISTA,train
GBPUSD,31162,31198,31201,2025-10-07 06:15:00+00:00,CALL,1,540,585,0.29933584437590854,0.7193229901269951,29.422253231780854,26.8859300605385,2.536323171242355,0,0,,3.3715630443622544,12.603066441857033,9.231503397494778,1,1.0612524802888065e-05,0.9590896775941479,-0.0004786375526408815,BAJISTA,train
GBPUSD,33353,33383,33388,2025-11-07 04:45:00+00:00,CALL,1,450,525,0.22360256816191698,0.9143327841849805,13.735260717839232,15.669787221271138,1.934526503431906,1,0,,2.0888320267429092,9.939017439568108,7.850185412825199,1,-8.258542256438752e-05,0.8628700384972787,-0.00035355236308609594,BAJISTA,train
GBPUSD,33537,33541,33543,2025-11-11 02:45:00+00:00,CALL,0,60,90,0.5002107729502646,0.6976744186040748,28.619215130358384,34.53080929714823,5.911594166789847,0,0,,3.7952097731920755,14.999176122528572,11.203966349336497,1,-7.085116697255932e-05,1.4759812092741325,-0.00022478804613623726,BAJISTA,train
GBPUSD,36686,36692,36696,2025-12-26 22:00:00+00:00,PUT,0,90,150,0.2120819749900005,0.9594882729209862,72.78113754851012,57.83717068058513,14.943966867924985,0,0,,3.1332154517981934,82.67227252837512,85.80548798017331,1,3.882874548138406e-05,0.7579787234042553,0.0,NEUTRO,test
GBPUSD,36754,36775,36777,2025-12-29 15:00:00+00:00,CALL,1,315,345,0.2908981035018423,0.5834829443447468,21.30282467174221,24.180183162308808,2.8773584905665963,0,0,,2.4945008240537376,18.945065024913045,16.450564200859308,1,-0.00016991555453092845,1.2923201184626776,6.485120354571272e-05,ALCISTA,test
GBPUSD,36772,36775,36777,2025-12-29 19:30:00+00:00,CALL,1,45,75,0.23422592267425074,0.4794933655005227,26.252191998388117,34.47552594737508,8.223333948986966,0,0,,2.4945008240537376,18.945065024913045,16.450564200859308,1,-8.160979820895364e-05,0.6408274244282135,-0.00014828764838048514,BAJISTA,test
GBPUSD,37389,37391,37392,2026-01-08 05:45:00+00:00,PUT,1,30,45,0.22302725803487417,0.7907348242810185,83.2157889348561,75.11654917848244,8.099239756373663,1,0,,2.174070747091946,80.26749370033201,82.44156444742396,1,8.975941416005695e-05,1.2110523221634333,9.809400378113509e-05,ALCISTA,test
GBPUSD,37444,37462,37464,2026-01-08 19:30:00+00:00,PUT,0,270,300,0.09365037865607788,0.6721433905899178,50.10998178276765,52.17162221397239,2.0616404312047436,0,0,,3.0134588729507357,86.5774876488709,89.59094652182164,1,-9.938009297595769e-05,0.868952559887271,0.00022891855524487248,ALCISTA,test
GBPUSD,37456,37462,37464,2026-01-08 22:30:00+00:00,PUT,0,90,120,0.15963605354704422,0.6335616438356255,67.00453064417998,52.32560799623989,14.678922647940091,0,0,,3.0134588729507357,86.5774876488709,89.59094652182164,1,6.392168803781752e-05,0.6881293866341166,0.000110510682141296,ALCISTA,test
GBPUSD,38788,38817,38822,2026-01-28 19:30:00+00:00,PUT,0,435,510,0.06300546193179851,0.6761630003606105,56.64112388250271,55.874840357599005,0.7662835249037059,0,0,,2.02369053010041,85.47326638699258,87.49695691709299,1,3.541332742088008e-05,0.6965458178703968,0.00035727822906062023,ALCISTA,test
GBPUSD,38801,38817,38822,2026-01-28 22:45:00+00:00,PUT,0,240,315,0.08557312523087234,0.42306097055164565,88.48431921020533,80.76192417766374,7.722395032541584,1,0,,2.02369053010041,85.47326638699258,87.49695691709299,1,0.00029944643255558665,0.807616244308513,0.0004608949478377422,ALCISTA,test
GBPUSD,38934,38961,38964,2026-01-30 08:00:00+00:00,PUT,1,405,450,0.28744369574514156,0.8686176836862698,53.36132760839612,53.54604615248241,0.1847185440862944,0,0,0.0,3.5325205904897956,82.6537835453571,86.1863041358469,1,-6.606957390386282e-06,1.1869656795936068,-0.0015949821309659828,BAJISTA,test
GBPUSD,38958,38961,38964,2026-01-30 14:00:00+00:00,PUT,1,45,90,0.4615184116954473,0.8716323296354184,78.09608805238548,66.56167597442355,11.534412077961932,0,0,,3.5325205904897956,82.6537835453571,86.1863041358469,1,0.0003800105817384766,1.05604955540014,0.00040834776380460625,ALCISTA,test
GBPUSD,41021,41048,41050,2026-03-03 07:00:00+00:00,CALL,1,405,435,0.2575591285403761,0.926315789473684,7.1382644227486685,11.696660326946438,4.558395904197769,1,0,,5.059997097629008,18.73581995587535,13.675822858246342,1,-0.00017346686205462573,1.0371408549404344,-0.0011928910866519926,BAJISTA,test
GBPUSD,41982,42008,42009,2026-03-17 09:30:00+00:00,PUT,0,390,405,0.07266305740115411,0.7522455089819758,58.4059118500939,46.212721034575644,12.193190815518257,0,0,,2.4359127216469716,80.36564542221068,82.80155814385765,1,6.438975565363486e-05,1.5294512627298842,0.0023500919102794615,ALCISTA,test
GBPUSD,41987,42008,42009,2026-03-17 10:45:00+00:00,PUT,0,315,330,0.27718789918358894,0.9589041095890627,88.50455477865745,83.19849742165876,5.306057356998693,1,0,,2.4359127216469716,80.36564542221068,82.80155814385765,1,0.0003066065457746374,1.2611776354466413,0.0014449043839781517,ALCISTA,test
GBPUSD,42706,42726,42729,2026-03-26 23:30:00+00:00,PUT,0,300,345,0.21030666987964983,0.582838640043205,33.5616438356157,35.54667681379974,1.9850329781840443,0,0,,2.9882083487739663,83.29472572038105,86.28293406915502,1,9.442703204524169e-05,0.7299212286743458,0.00027008169971409757,ALCISTA,test
GBPUSD,42721,42726,42729,2026-03-27 03:15:00+00:00,PUT,0,75,120,0.36323995099264933,0.9112149532712426,57.306763285023585,46.93309910701361,10.373664178009975,0,0,0.0,2.9882083487739663,83.29472572038105,86.28293406915502,1,-8.451080511499927e-06,1.4263247863247863,0.000213650385507691,ALCISTA,test
GBPUSD,43863,43888,43891,2026-04-14 01:45:00+00:00,PUT,0,375,420,0.1456027576932325,0.3703703703700432,83.8983781918571,76.14782021350258,7.7505579783545215,1,0,,2.577191528202661,84.67635225816703,87.25354378636969,1,6.145658383935073e-05,0.18898567842905656,0.0003641860072629566,ALCISTA,test
GBPUSD,45202,45205,45207,2026-05-04 00:30:00+00:00,PUT,1,45,75,0.3714953577931439,0.5956112852665125,63.97741966031151,37.562776818123446,26.414642842188066,0,0,,2.4060365230680105,84.57483089246863,86.98086741553664,1,0.00019304387002160107,0.16,0.0009865093556302718,ALCISTA,test
GBPUSD,46154,46159,46163,2026-05-15 22:30:00+00:00,CALL,0,75,135,0.336037546047678,0.7821229050281454,21.396394513464504,23.50269442659426,2.1062999131297566,0,0,,2.014628678696557,10.959932591997152,8.945303913300595,1,-9.842029287205167e-05,0.5119678765253945,-0.0001857065948350778,BAJISTA,test
GBPUSD,46156,46159,46163,2026-05-15 23:00:00+00:00,CALL,0,45,105,0.3777056736441018,0.5561122244492228,13.361224544971165,17.714623522200302,4.353398977229137,1,0,,2.014628678696557,10.959932591997152,8.945303913300595,1,-8.689024633083284e-05,0.41115178822866794,-0.0001444444236011755,BAJISTA,test
GBPUSD,46359,46372,46375,2026-05-20 01:45:00+00:00,CALL,1,195,240,0.3349525637194199,0.5434782608692714,39.97325487230301,40.980330669536244,1.0070757972332345,0,0,0.0,4.854742921706693,17.127687352357754,12.27294443065106,1,-5.880921296070857e-06,0.4009104926940304,-0.0002240160096774746,BAJISTA,test
GBPUSD,47395,47399,47401,2026-06-03 20:45:00+00:00,CALL,0,60,90,0.12527342407880238,0.45491803278685455,13.631795493018366,18.08103075302358,4.449235260005214,1,0,,2.6862869133777245,9.808672597617111,7.1223856842393864,1,-0.000152737138977232,0.4726976365118174,-0.0003397594562656314,BAJISTA,test
GBPUSD,47934,47944,47946,2026-06-11 11:30:00+00:00,CALL,0,150,180,0.563768922180553,0.8741258741257519,23.41599654526367,39.644261632623206,16.228265087359535,0,0,,2.5615950555207796,13.26541591574629,10.70382086022551,1,-5.6441621003313365e-05,0.8956105630058486,-0.00037214973510035776,BAJISTA,test
GBPUSD,48072,48080,48083,2026-06-12 22:00:00+00:00,CALL,1,120,165,0.17867631655951963,0.9795918367346509,63.79352832824816,65.39392621584538,1.6003978875972251,0,0,,3.687243747310532,12.954739091870307,9.267495344559775,1,8.266064282880876e-06,0.6150529093023915,-0.00031986543283613056,BAJISTA,test
GBPUSD,49292,49297,49301,2026-07-01 15:00:00+00:00,CALL,1,75,135,0.22585442469381775,0.9034416826002202,23.54177686108265,34.7978952855822,11.256118424499551,0,0,,5.022269809750808,19.61695123353085,14.59468142378004,1,-6.902500577303863e-05,1.2649969190619448,-0.00025112107623326274,BAJISTA,test
GBPUSD,49639,49652,49653,2026-07-07 05:45:00+00:00,CALL,0,195,210,0.2382335733971398,0.40059347181023125,45.9311424100097,49.88577042138919,3.9546280113794907,0,0,0.0,2.2396731912788557,11.745743411798188,9.506070220519332,1,3.557262075854395e-05,0.8888652331275283,5.377757594571264e-05,ALCISTA,test
NZDUSD,951,989,991,2024-07-18 14:45:00+00:00,CALL,0,570,600,0.29936192895234387,0.7071960297767662,34.451432564641664,47.05176874988437,12.600336185242703,0,0,,2.372502657833275,17.982596702547585,15.61009404471431,1,3.295707341176015e-06,0.7337278106508875,0.00014492705887003687,ALCISTA,train
NZDUSD,966,989,991,2024-07-18 18:30:00+00:00,CALL,0,345,375,0.26929331358009795,0.6818181818182374,22.314380734865082,36.51661598690553,14.202235252040445,0,0,,2.372502657833275,17.982596702547585,15.61009404471431,1,-0.00011594654864107611,1.1643621998128704,-0.0007045532267302423,BAJISTA,train
NZDUSD,1078,1084,1085,2024-07-19 22:30:00+00:00,CALL,1,90,105,0.45175959015601197,0.6818181818182724,18.212976247410438,15.088561525280776,3.1244147221296625,1,0,,2.6076664748649296,13.650951019354267,11.043284544489337,1,-0.0001037018430783016,0.7484220018034266,-0.0003669126340249962,BAJISTA,train
NZDUSD,1454,1468,1471,2024-07-25 20:30:00+00:00,CALL,0,210,255,0.10972683010553974,0.43918918918924243,46.96968127356386,61.61659456779328,14.646913294229421,0,0,,4.116885698559116,14.082277076782313,9.965391378223197,1,-2.0456961226291192e-05,0.7607027119222242,-0.0026646558188203606,BAJISTA,train
NZDUSD,1456,1468,1471,2024-07-25 21:00:00+00:00,CALL,0,180,225,0.4925767120636501,0.627376425855397,11.206110072195777,27.729663141807794,16.523553069612017,1,0,,4.116885698559116,14.082277076782313,9.965391378223197,1,-0.00018041313991894235,0.6323609349519841,-0.002440677966101701,BAJISTA,train
NZDUSD,2939,2961,2962,2024-08-16 07:45:00+00:00,PUT,0,330,345,0.47213670960288695,0.7788461538461348,95.52834433535538,94.3622777341963,1.1660666011590877,1,0,0.0,4.673006824618938,83.45491956603318,88.12792639065212,1,0.00018593598360134827,0.5085508550855086,0.0008554319931564081,ALCISTA,train
NZDUSD,2957,2961,2962,2024-08-16 12:15:00+00:00,PUT,0,60,75,0.5451954388082747,0.886214442013133,64.93955061611626,51.13925601405831,13.800294602057953,0,0,,4.673006824618938,83.45491956603318,88.12792639065212,1,0.00015896011911952884,0.8687823542651362,0.0008058821085863421,ALCISTA,train
NZDUSD,3177,3212,3214,2024-08-20 19:15:00+00:00,PUT,1,525,555,0.04768654116657198,0.4721549636804538,54.14647447650774,52.82004268802927,1.326431788478473,0,0,0.0,2.104852251181512,85.42242741044406,87.52727966162557,1,-5.473065123561108e-05,0.6850351161534306,2.929582599575653e-05,ALCISTA,train
NZDUSD,3186,3212,3214,2024-08-20 21:30:00+00:00,PUT,1,390,420,0.43268268689143974,0.914332784184415,76.53735232345333,61.949899035201184,14.58745328825215,0,0,,2.104852251181512,85.42242741044406,87.52727966162557,1,0.00017691247853202292,0.5050625372245384,0.000645078894043527,ALCISTA,train
NZDUSD,3767,3773,3774,2024-08-28 22:45:00+00:00,PUT,0,90,105,0.03835530910651541,0.408000000000017,85.83444555666752,76.87745019179681,8.956995364870707,1,0,,4.122333073482537,83.52127597817069,87.64360905165323,1,0.0002586068345814873,0.595950592130396,0.0005064394740721401,ALCISTA,train
NZDUSD,3923,3963,3967,2024-08-30 13:45:00+00:00,PUT,0,600,660,0.2180913172936112,0.32967032967013715,45.681609813906476,56.00352461634324,10.321914802436766,0,0,,2.507986144278348,89.99464038876067,92.50262653303902,1,-0.00011340635501708205,0.8947368421052632,-0.0012276254080098026,BAJISTA,train
NZDUSD,3957,3963,3967,2024-08-30 22:15:00+00:00,PUT,0,90,150,0.4913057811742566,0.9897360703811479,89.51822699344389,78.43330237270426,11.084924620739628,1,0,,2.507986144278348,89.99464038876067,92.50262653303902,1,0.00023208933257104267,0.39349871685201027,0.0009932873003413167,ALCISTA,train
NZDUSD,5150,5151,5154,2024-09-18 08:30:00+00:00,CALL,1,15,60,0.028772597262951834,0.5633802816903078,11.0112917886648,11.405340054495857,0.39404826583105823,1,0,,6.18104277851876,19.006327436560827,12.825284658042067,1,-0.0001824128575144677,0.8927108927108928,0.003039513677811634,ALCISTA,train
NZDUSD,6128,6150,6152,2024-10-02 13:00:00+00:00,CALL,0,330,360,0.23143005727314792,0.8039492242596026,29.861111111114013,24.208711058782495,5.652400052331519,0,0,,4.586003492621275,19.025525517019798,14.439522024398523,1,-8.273009307131868e-05,0.6394501145594668,-0.000859489399630764,BAJISTA,train
NZDUSD,6464,6468,6470,2024-10-08 01:00:00+00:00,PUT,0,60,90,0.4610540262795969,0.7011331444758228,80.76711674606217,72.63739961132588,8.129717134736296,1,0,,3.450394849869042,86.44743398106458,89.89782883093362,1,7.901741498332535e-05,0.4157844080846968,0.0022763431648511467,ALCISTA,train
NZDUSD,6654,6686,6689,2024-10-10 00:30:00+00:00,PUT,0,480,525,0.23311725765373353,0.626865671641679,61.408502912572196,60.98328308359286,0.42521982897933697,0,0,,2.8696560493609837,82.34859279028004,85.21824883964102,1,5.460546054606612e-05,0.5821556633621598,0.0007134285396157569,ALCISTA,train
NZDUSD,7357,7365,7369,2024-10-21 08:15:00+00:00,CALL,0,120,180,0.30264808751223893,0.9980988593154714,14.447773742116988,29.31325006131375,14.86547631919676,1,0,,2.8981965080409298,10.704083806266306,7.805887298225376,1,-0.00023412551623674797,0.9459084604715673,-0.0019306100530093184,BAJISTA,train
NZDUSD,7479,7516,7518,2024-10-22 14:45:00+00:00,CALL,0,555,585,0.1127637016521567,0.47420965058213865,47.99357149936711,52.50579367439057,4.51222217502346,0,0,,2.4866668959702913,15.082592917033255,12.595926021062963,1,-3.405285002362324e-06,0.8385001476232654,0.00022473246921483891,ALCISTA,train
NZDUSD,7492,7516,7518,2024-10-22 18:00:00+00:00,CALL,0,360,390,0.0,0.6835937500001397,22.040072859746484,18.264497852599867,3.7755750071466174,0,0,0.0,2.4866668959702913,15.082592917033255,12.595926021062963,1,-0.00020586896951246955,1.0572182089209952,-0.0005727116533184029,BAJISTA,train
NZDUSD,7937,7948,7951,2024-10-29 09:15:00+00:00,PUT,1,165,210,0.05020444852173794,0.963597430406756,83.85299306071487,70.85475551016474,12.99823755055013,1,0,,2.4948041217061814,81.41890249829834,83.91370662000452,1,0.00014987494365748018,0.9981981981981982,0.0008671604012375767,ALCISTA,train
NZDUSD,8075,8088,8089,2024-10-30 19:45:00+00:00,CALL,0,195,210,0.16175621821117525,0.48192771084318103,45.78040982898431,43.98427328683189,1.7961365421524178,0,0,0.0,2.4342018125379674,13.385990228095233,10.951788415557266,1,-2.4010625461597054e-05,0.5918490957861037,-0.00020055486846948245,BAJISTA,train
NZDUSD,8372,8376,8380,2024-11-04 23:00:00+00:00,CALL,0,60,120,0.02275682302826023,0.40677966101679797,19.32259869760025,22.91666533515819,3.5940666375579404,1,0,0.0,2.083636490775116,9.617914518096422,7.534278027321306,1,-0.00011853890648874868,0.4423305588585018,-0.0005331181890385617,BAJISTA,train
NZDUSD,8457,8486,8487,2024-11-05 20:15:00+00:00,CALL,0,435,450,0.20696042558056535,0.5237430167597229,37.1213055452805,30.042065743140512,7.079239802139988,0,0,,2.164824914375421,14.719171043749844,12.554346129374423,1,-3.6359394434157363e-06,0.6991720331186753,0.0009917575777778076,ALCISTA,train
NZDUSD,8460,8486,8487,2024-11-05 21:00:00+00:00,CALL,0,390,405,0.4442769209504565,0.8279220779221026,33.70995144897291,40.712873819464654,7.002922370491746,0,0,0.0,2.164824914375421,14.719171043749844,12.554346129374423,1,-3.761399847414741e-05,0.9283868586194168,0.0007999200079991109,ALCISTA,train
NZDUSD,8463,8486,8487,2024-11-05 21:45:00+00:00,CALL,0,345,360,0.3113928499592172,0.8100558659218414,22.62034467399901,20.607112890038792,2.0132317839602187,0,0,0.0,2.164824914375421,14.719171043749844,12.554346129374423,1,-9.581506479646831e-05,0.88315748339195,0.0006398336432527074,ALCISTA,train
NZDUSD,8755,8760,8762,2024-11-08 22:45:00+00:00,PUT,0,75,105,0.2764489264338878,0.5227882037534027,72.58747279031053,61.622084133108615,10.965388657201913,0,0,,3.2858626746755135,88.62335325791628,91.90921593259179,1,0.00018047377414253204,0.6135850605376565,0.00027504964310631763,ALCISTA,train
NZDUSD,9622,9643,9647,2024-11-21 23:30:00+00:00,CALL,0,315,375,0.1561254663204582,0.4015296367110405,36.6617724400637,54.94299906900514,18.28122662894144,0,0,,3.20808353640653,13.464466815652964,10.256383279246434,1,-0.00010643893492793768,0.36003600360036003,-0.0002858520310426993,BAJISTA,train
NZDUSD,9626,9643,9647,2024-11-22 00:30:00+00:00,CALL,0,255,315,0.1450703303224267,0.64960629921261,33.573604181034874,22.545259601821083,11.02834457921379,0,0,,3.20808353640653,13.464466815652964,10.256383279246434,1,-0.0001349100427283988,0.2598849081121217,-0.0017843269501670589,BAJISTA,train
NZDUSD,9629,9643,9647,2024-11-22 01:15:00+00:00,CALL,0,210,270,0.046399690929650315,0.9198113207548707,50.00000000000204,47.87925551814585,2.1207444818561925,0,0,,3.20808353640653,13.464466815652964,10.256383279246434,1,-4.1691689439321217e-05,0.6686788948223822,-0.001422854146347241,BAJISTA,train
NZDUSD,10480,10490,10494,2024-12-04 22:00:00+00:00,CALL,1,150,210,0.2520218176444672,0.556768558951973,47.731755424062555,50.57860473600774,2.846849311945185,0,0,,2.157217480651198,12.633895818047128,10.47667833739593,1,-0.00015022191874355083,0.6888677450047573,-0.0018876929421115518,BAJISTA,train
NZDUSD,10486,10490,10494,2024-12-04 23:30:00+00:00,CALL,1,60,120,0.15376741456531948,0.46874999999985617,27.262010020630797,34.947516379877364,7.685506359246567,0,0,,2.157217480651198,12.633895818047128,10.47667833739593,1,-0.00011402862833191006,0.3339263719720815,-0.0008589266408275398,BAJISTA,train
NZDUSD,10826,10857,10859,2024-12-10 12:30:00+00:00,CALL,0,465,495,0.35601619301573245,0.7749712973594535,46.02034086570132,40.54378431576735,5.476556549933974,0,0,,2.2220694014089126,19.99562612733555,17.77355672592664,1,3.41296040497736e-05,0.6733106465726787,-0.0006983618132667679,BAJISTA,train
NZDUSD,10837,10857,10859,2024-12-10 15:15:00+00:00,CALL,0,300,330,0.25471825758676186,0.9138187221394716,38.61818330471796,32.25413566620437,6.36404763851359,0,0,,2.2220694014089126,19.99562612733555,17.77355672592664,1,-8.125533238118751e-05,1.1893919099919634,-0.00020625999071832712,BAJISTA,train
NZDUSD,10839,10857,10859,2024-12-10 15:45:00+00:00,CALL,0,270,300,0.20618370971587646,0.8934169278998051,30.370370370370754,35.40579947128908,5.035429100918325,0,0,0.0,2.2220694014089126,19.99562612733555,17.77355672592664,1,-9.846257718756504e-05,1.304290775488781,-0.00013751611516965578,BAJISTA,train
NZDUSD,11113,11128,11129,2024-12-13 12:15:00+00:00,PUT,1,225,240,0.2008512209276305,0.6172069825435463,57.42154368108741,54.2267458298021,3.1947978512853084,0,0,,3.213847277638351,87.90241306461316,91.11626034225151,1,-3.89032848564113e-06,0.9242968653202824,0.0018979677518968785,ALCISTA,train
NZDUSD,12993,13014,13015,2025-01-14 05:30:00+00:00,PUT,1,315,330,0.4836779243563499,0.7547169811321062,64.74315015599548,52.10182680086541,12.64132335513007,0,0,,4.988181835607506,86.32739609838842,91.31557793399593,1,9.247720615126993e-05,0.7313357034027425,-0.0006027663050069965,BAJISTA,train
NZDUSD,13142,13159,13163,2025-01-15 18:45:00+00:00,PUT,0,255,315,0.2971470277326495,0.4244431065622876,29.87899317545927,38.429694116293575,8.550700940834304,0,0,,2.3519775883669354,83.1191192952261,85.47109688359303,1,-0.0006007027822876424,0.7970166715413864,-0.002417562883299307,BAJISTA,train
NZDUSD,13156,13159,13163,2025-01-15 22:15:00+00:00,PUT,0,45,105,0.2479369918001963,0.5898876404492227,77.50894173176216,61.12548606646805,16.383455665294115,0,0,,2.3519775883669354,83.1191192952261,85.47109688359303,1,0.00010679957280174223,0.562358276643991,0.00020487969998495004,ALCISTA,train
NZDUSD,14168,14170,14171,2025-01-30 11:15:00+00:00,PUT,0,30,45,0.22555796655194707,0.8679927667268857,93.39017373331045,85.86446476322715,7.525708970083301,1,0,,3.3132468037812686,87.82910894979796,91.14235575357922,1,0.00021856446686569137,1.1678146524733877,0.0002177580831623782,ALCISTA,train
NZDUSD,14854,14891,14894,2025-02-10 14:45:00+00:00,CALL,0,555,600,0.4516433852005716,0.8365384615382515,16.45994832041488,22.55497289355166,6.095024573136779,1,0,,2.9103247035925204,18.527153595216497,15.616828891623976,1,-0.0002482562253144471,0.8747855917667238,-4.2423513939682245e-05,BAJISTA,train
NZDUSD,14856,14891,14894,2025-02-10 15:15:00+00:00,CALL,0,525,570,0.15581008845310731,0.8364312267657681,26.638422595258493,21.10686437929901,5.531558215959482,0,0,,2.9103247035925204,18.527153595216497,15.616828891623976,1,-0.0001392343397542772,1.1242254352316319,-3.1817972912406844e-05,BAJISTA,train
NZDUSD,14872,14891,14894,2025-02-10 19:15:00+00:00,CALL,0,285,330,0.20332239572380525,0.6996268656715606,20.67205717627704,22.01613909849065,1.3440819222136113,0,0,,2.9103247035925204,18.527153595216497,15.616828891623976,1,-0.00022149000317105554,0.8331254676976803,-0.0005043935331439098,BAJISTA,train
NZDUSD,14889,14891,14894,2025-02-10 23:30:00+00:00,CALL,0,30,75,0.299143232612941,0.5247813411079213,16.253370801021045,15.94256153092781,0.31080927009323567,1,0,,2.9103247035925204,18.527153595216497,15.616828891623976,1,-3.147948193152579e-05,0.5028462998102466,-0.00039444584790326864,BAJISTA,train
NZDUSD,15262,15291,15294,2025-02-14 20:45:00+00:00,PUT,1,435,480,0.12246141567988107,0.4950495049504805,74.47257383966104,80.2385272118832,5.765953372222157,0,0,,3.534270353064116,89.52693916684463,93.06120951990874,1,3.065931266052276e-05,0.4442901770218674,-0.0011859499808155594,BAJISTA,train
NZDUSD,15265,15291,15294,2025-02-14 21:30:00+00:00,PUT,1,390,435,0.022596066023772093,0.6508264462811774,68.92716821264065,69.87067026540448,0.9435020527638329,0,0,,3.534270353064116,89.52693916684463,93.06120951990874,1,2.039967508497157e-05,0.6573026046638484,-0.0009637986751038774,BAJISTA,train
NZDUSD,15584,15616,15618,2025-02-20 05:15:00+00:00,PUT,0,480,510,0.21566570382175007,0.5379746835443123,60.000000000000796,53.0158730158742,6.984126984126597,0,0,,2.6554424391274267,84.31661424465146,86.97205668377889,1,-2.496174744972746e-05,0.9992962702322308,0.0029579729381421505,ALCISTA,train
NZDUSD,15591,15616,15618,2025-02-20 07:00:00+00:00,PUT,0,375,405,0.2630041886850516,0.5711086226203786,94.01747006166768,93.24738739661665,0.7700826650510351,1,0,,2.6554424391274267,84.31661424465146,86.97205668377889,1,0.00026523695154471685,0.745,0.0014768022984541496,ALCISTA,train
NZDUSD,15612,15616,15618,2025-02-20 12:15:00+00:00,PUT,0,60,90,0.03891400124042687,0.847723704866583,81.11879160266366,78.60882704336261,2.5099645593010536,1,0,0.0,2.6554424391274267,84.31661424465146,86.97205668377889,1,2.771360632293225e-05,0.735885595113958,0.0006983118311481018,ALCISTA,train
NZDUSD,15788,15806,15811,2025-02-24 08:15:00+00:00,CALL,0,270,345,0.09195328311122211,0.7346938775506999,21.634801941207268,30.04079320823681,8.405991267029542,0,0,,3.1970781860848145,16.664136425766454,13.46705823968164,1,-5.2734788224011194e-05,0.8437301755127934,-0.0016560578177918783,BAJISTA,train
NZDUSD,15818,15839,15843,2025-02-24 15:45:00+00:00,PUT,1,315,375,0.42577978415204215,0.7051282051282461,83.30787472691206,75.13607514682467,8.171799580087395,1,0,,2.6456864773388418,85.35882095743823,88.00450743477707,1,8.12017864393109e-05,1.0156971375807942,6.612582700782355e-05,ALCISTA,train
NZDUSD,15836,15839,15843,2025-02-24 20:15:00+00:00,PUT,1,45,105,0.45583354406298554,0.6590909090909546,84.18340172027138,78.37151249670912,5.811889223562261,1,0,,2.6456864773388418,85.35882095743823,88.00450743477707,1,5.820206237744012e-05,0.6094873023478677,-0.0017259365949066074,BAJISTA,train
NZDUSD,15871,15885,15886,2025-02-25 05:00:00+00:00,PUT,1,210,225,0.24134471236287774,0.6203007518796686,79.53185260072313,67.60422216091834,11.927630439804787,0,0,,4.586809348765669,81.2742343574329,85.86104370619857,1,0.000193965608364914,1.0265811182401468,0.001374507468157038,ALCISTA,train
NZDUSD,15875,15885,15886,2025-02-25 06:00:00+00:00,PUT,1,150,165,0.32296373995833016,0.6899999999998415,86.6644981343125,88.47982878702119,1.8153306527086954,1,0,,4.586809348765669,81.2742343574329,85.86104370619857,1,0.0001297047710108044,0.7867768595041322,0.0010076028212879784,ALCISTA,train
NZDUSD,15937,15946,15950,2025-02-25 21:30:00+00:00,PUT,0,135,195,0.3298419964348944,0.6435643564357189,80.36809815950933,77.80386424622141,2.5642339132879215,1,0,,3.771573652797116,84.83556262770308,88.6071362805002,1,0.00017779501336904983,0.421010019228823,0.00029565561194555556,ALCISTA,train
NZDUSD,16262,16271,16273,2025-03-03 06:45:00+00:00,CALL,0,135,165,0.22303846686373813,0.8648111332007979,29.264475743349035,27.360311969281636,1.9041637740673991,0,0,,2.9604896582191706,17.172772161731682,14.212282503512512,1,-7.464733192586758e-05,0.487397298426403,-0.0005994369574292557,BAJISTA,train
NZDUSD,16580,16618,16619,2025-03-06 14:15:00+00:00,CALL,1,570,585,0.24424666099512607,0.7261410788383511,55.24225734355099,44.57415389527498,10.668103448276007,0,0,,2.4344805373238536,9.498478986991156,7.063998449667302,1,6.750322066425383e-05,0.6929360021542053,0.0002702584891676185,ALCISTA,train
NZDUSD,16779,16800,16803,2025-03-10 16:00:00+00:00,CALL,0,315,360,0.418593786199832,0.9728506787328544,60.271152856533035,69.22509662846606,8.953943771933027,0,0,,2.558226215354744,5.976243286427127,3.4180170710723825,1,-9.445072882007094e-05,1.4667495338719703,-0.0038980556822731938,BAJISTA,train
NZDUSD,18669,18704,18708,2025-04-07 11:30:00+00:00,CALL,0,525,585,0.28352726503861636,0.5957767722473262,51.97132616487423,54.58482676224585,2.613500597371619,0,0,0.0,3.011160404495243,7.290863294905775,4.279702890410532,1,0.0002845641385997256,0.9307091622204162,-0.00024262902022809119,BAJISTA,train
NZDUSD,18825,18828,18831,2025-04-09 02:30:00+00:00,CALL,1,45,90,0.4357670272420247,0.9323204419889667,14.225360960613168,17.63744248537652,3.4120815247633534,1,0,0.0,2.0632324185464572,11.40918735626078,9.345954937714323,1,-0.000398757391402451,1.1296370163542082,-0.00039080451451567466,BAJISTA,train
NZDUSD,21590,21591,21596,2025-05-19 21:45:00+00:00,CALL,0,15,90,0.1736307472914819,0.6583969465647606,13.401597997926904,18.137283819455465,4.735685821528561,1,0,,2.025380397328913,17.429526300494846,15.404145903165933,1,-9.49033229983765e-05,0.3706972639011474,0.0006581723061347411,ALCISTA,train
NZDUSD,22927,22931,22933,2025-06-06 21:30:00+00:00,PUT,1,60,90,0.2905723660149652,0.8861671469741166,71.60991529933521,57.48497855707763,14.124936742257582,0,0,,2.0973555932288264,84.10154340387112,86.19889899709995,1,0.00014021398486029172,0.6267332224070993,0.0006271908007577931,ALCISTA,train
NZDUSD,24678,24693,24698,2025-07-03 12:00:00+00:00,CALL,0,225,300,0.09483831610074005,0.3345724907063485,70.11872499677605,77.05729356968608,6.938568572910029,0,0,,2.296024231005797,13.118961124202423,10.822936893196626,1,-0.0001799755277178505,0.42626163645271925,-0.007536759571290519,BAJISTA,train
NZDUSD,25200,25215,25218,2025-07-11 04:45:00+00:00,CALL,1,225,270,0.3136786892459897,0.703125,45.37294955122269,32.33864563257828,13.034303918644412,0,0,,2.9485671059017466,17.825219818951833,14.876652713050087,1,-0.00018718854269397548,1.2422616591002889,-0.00017289705642764552,BAJISTA,train
NZDUSD,25213,25215,25218,2025-07-11 08:00:00+00:00,CALL,1,30,75,0.1334072071316671,0.7978723404254472,13.38190868568545,22.20365801397769,8.82174932829224,1,0,,2.9485671059017466,17.825219818951833,14.876652713050087,1,-0.00014442732750485505,0.741184397694093,-0.0006010859453137174,BAJISTA,train
NZDUSD,25785,25797,25800,2025-07-21 07:00:00+00:00,PUT,0,180,225,0.2436723543685601,0.6043165467624647,77.70745996991029,69.32471537943711,8.38274459047318,0,0,,2.2778020980003504,90.32317112335295,92.6009732213533,1,0.00013333333333333567,0.8740295517155021,0.0005001996595279667,ALCISTA,train
NZDUSD,25848,25852,25857,2025-07-21 22:45:00+00:00,CALL,0,60,135,0.5514489214204523,0.9813084112152187,15.096583993294681,21.119120258397018,6.022536265102337,1,0,,2.6780815772360302,7.16504770337572,4.48696612613969,1,-6.467651841320271e-05,0.6362297496318114,-0.0007703902193937351,BAJISTA,train
NZDUSD,26368,26377,26378,2025-07-29 08:45:00+00:00,CALL,1,135,150,0.09861868694269271,0.8349900596423051,50.88608733647046,44.45312363223695,6.432963704233508,0,0,,3.25099542302019,9.470723495115699,6.219728072095509,1,6.965163521427526e-05,1.1815137307434695,-0.001287255832039924,BAJISTA,train
NZDUSD,29498,29500,29503,2025-09-11 23:15:00+00:00,PUT,0,30,75,0.1569863566666779,0.6410256410256086,89.45302482304878,87.42204198836316,2.0309828346856165,1,0,,2.0301196913990225,86.33795439637356,88.36807408777258,1,0.00010704847288664482,0.4452281243112189,0.00020585877418621834,ALCISTA,train
NZDUSD,31522,31539,31542,2025-10-13 01:30:00+00:00,PUT,0,255,300,0.2777495599253884,0.8112094395279332,49.48937311104533,56.40074378984364,6.911370678798306,0,0,,2.703656230546457,81.6899541944262,84.39361042497266,1,0.00012858458613420226,1.2696670325649468,0.0017941277691500002,ALCISTA,train
NZDUSD,32274,32275,32277,2025-10-22 21:30:00+00:00,CALL,0,15,45,0.275514464649063,0.5077574047955297,10.005141009273785,11.018005601889024,1.012864592615239,1,0,,2.3990539230586734,13.377326482740402,10.978272559681729,1,-0.0002631692936054625,0.5517067640760801,-0.0011768679296525475,BAJISTA,train
NZDUSD,32615,32618,32622,2025-10-28 12:30:00+00:00,PUT,1,45,105,0.15205160372736498,0.5120481927710849,87.7058867211199,71.00277409043098,16.70311263068892,1,0,,4.25691594838456,85.46971920480598,89.72663515319054,1,0.00019293336923282355,0.729987557030278,-0.00087763909020111,BAJISTA,train
NZDUSD,33072,33075,33079,2025-11-04 07:45:00+00:00,CALL,0,45,105,0.4050801038206965,0.9215686274509168,13.642087710464168,20.835933309406553,7.193845598942385,1,0,,3.1768563654020348,16.153338986604684,12.97648262120265,1,-0.00029023131542539837,1.3448275862068966,-0.00045402711492159575,BAJISTA,train
NZDUSD,33112,33115,33118,2025-11-04 17:45:00+00:00,PUT,0,45,90,0.25505683526904394,0.7531380753138455,83.79522487462602,70.96623340064858,12.828991473977439,1,0,,2.4802479933585175,84.37019969278263,86.85044768614115,1,0.00015048836522788794,1.2708333333333333,-0.00046653495301085535,BAJISTA,train
NZDUSD,33562,33580,33584,2025-11-11 10:15:00+00:00,PUT,0,270,330,0.41599623137984576,0.9943181818181234,62.92175786867195,43.47043958283938,19.45131828583257,0,0,,3.0918545030288413,86.3269385185467,89.41879302157554,1,0.00014334146675367004,1.387946777980694,0.0008158487487364141,ALCISTA,train
NZDUSD,33570,33580,33584,2025-11-11 12:15:00+00:00,PUT,0,150,210,0.2431708185817403,0.8125000000001329,79.9272173917411,82.37505235108691,2.447834959345812,0,0,,3.0918545030288413,86.3269385185467,89.41879302157554,1,-1.9653581462470708e-05,0.8146821844225605,0.0035116440589075815,ALCISTA,train
NZDUSD,34997,35001,35004,2025-12-02 09:00:00+00:00,PUT,1,60,105,0.4346839029959638,0.7692307692306597,64.18340537333874,63.893765546451334,0.2896398268874094,0,0,0.0,2.5388716998181735,82.53221437431489,85.07108607413306,1,4.686417323876288e-05,1.3221406086044072,-0.001414748314528369,BAJISTA,train
NZDUSD,36434,36469,36474,2025-12-23 08:15:00+00:00,CALL,0,525,600,0.4610155679306896,0.7582417582415926,30.950995665996917,42.93717201539901,11.98617634940209,0,0,,3.56855173153245,16.347186093565245,12.778634362032795,1,-8.532832629217966e-05,0.8222490931076178,0.0040954351636368624,ALCISTA,test
NZDUSD,36481,36516,36518,2025-12-23 20:00:00+00:00,PUT,0,525,555,0.4951663391979847,0.8564013840828756,74.6309420125594,70.30220829284552,4.328733719713881,0,0,,3.622822276391261,87.09969367864063,90.7225159550319,1,1.5278314770667988e-05,0.503345941227815,0.00183208621097819,ALCISTA,test
NZDUSD,36483,36516,36518,2025-12-23 20:30:00+00:00,PUT,0,495,525,0.18418264612686588,0.5075187969923635,78.53782225548962,76.6220986440671,1.9157236114225213,0,0,,3.622822276391261,87.09969367864063,90.7225159550319,1,3.5851121204871903e-05,0.42816365366317793,0.0016258991325106553,ALCISTA,test
NZDUSD,36884,36900,36903,2025-12-31 00:45:00+00:00,CALL,0,240,285,0.21541574628482899,0.9574468085107419,15.312432133739682,16.301046831877745,0.988614698138063,1,0,0.0,3.4491696498674873,17.994569486039403,14.545399836171915,1,-2.54400979914655e-05,0.8990825688073395,-0.0015476400216946073,BAJISTA,test
NZDUSD,37849,37864,37866,2026-01-15 02:00:00+00:00,CALL,0,225,255,0.28685932205600806,0.6950672645738061,22.261322906485926,22.175187489901763,0.08613541658416324,0,0,0.0,2.03023977657762,13.36539392947254,11.335154152894921,1,-0.0001301619423581966,0.9178294573643411,-0.000823592709898513,BAJISTA,test
NZDUSD,37860,37864,37866,2026-01-15 04:45:00+00:00,CALL,0,60,90,0.3862084675170255,0.8040665434381249,15.126705653022805,17.195075118147624,2.0683694651248192,1,0,,2.03023977657762,13.36539392947254,11.335154152894921,1,-0.00014359822927217304,0.9292929292929293,-0.0006553422594668401,BAJISTA,test
NZDUSD,38275,38278,38280,2026-01-21 12:30:00+00:00,CALL,1,45,75,0.05436847906192792,0.36516853932603605,13.657813911474653,25.184909880845638,11.527095969370984,1,0,,2.5880948728615714,12.028165452066391,9.44007057920482,1,-0.00012440153162249313,0.7808832942180499,0.0028552805582595653,ALCISTA,test
NZDUSD,39574,39597,39599,2026-02-10 01:15:00+00:00,CALL,0,345,375,0.18230333464155882,0.4707112970712515,82.87814062519418,81.1957207901649,1.682419835029279,0,0,,2.117558417472643,9.772038896859051,7.654480479386408,1,-6.970703515250091e-05,0.7910628019323672,-0.000728527037273663,BAJISTA,test
NZDUSD,39577,39597,39599,2026-02-10 02:00:00+00:00,CALL,0,300,330,0.5166963527287023,0.8912386706949812,87.38387623136475,86.26564537807899,1.118230853285766,0,0,,2.117558417472643,9.772038896859051,7.654480479386408,1,-3.567656190183004e-05,1.2953876349362121,-0.0005725034759138659,BAJISTA,test
NZDUSD,39801,39804,39805,2026-02-12 10:00:00+00:00,PUT,0,45,60,0.5281128927910901,0.6521739130434968,88.61122226668662,75.345476013078,13.265746253608626,1,0,,2.1639384226750025,90.1726467991191,92.3365852217941,1,0.00027540027540025677,1.2881976212259836,0.002087992803439853,ALCISTA,test
NZDUSD,39938,39970,39975,2026-02-13 20:15:00+00:00,PUT,0,480,555,0.06931172153266191,0.4995730145175131,80.52739528286146,82.69527840051515,2.1678831176536875,1,1,0.0,3.015204893260716,86.11586014241016,89.13106503567087,1,0.00026408000601553766,0.4802792321116928,-0.0009498530540921202,BAJISTA,test
NZDUSD,39968,39970,39975,2026-02-16 03:45:00+00:00,PUT,0,30,105,0.30115924433509095,0.6024096385543753,90.21338766212244,82.71919003678636,7.494197625336085,1,0,,3.015204893260716,86.11586014241016,89.13106503567087,1,0.00011863467745827976,1.0723860589812333,3.643481976367546e-05,ALCISTA,test
NZDUSD,40885,40916,40919,2026-02-27 22:15:00+00:00,PUT,1,465,510,0.2692386022774433,0.5080213903743839,38.61803980851865,32.59081410342233,6.0272257050963205,0,0,0.0,4.105794083338637,84.15379028802063,88.25958437135927,1,6.685642985655745e-05,0.6029106029106029,-0.0004003202562049557,BAJISTA,test
NZDUSD,41876,41914,41916,2026-03-16 07:00:00+00:00,PUT,1,570,600,0.08135872929138566,0.7420494699645385,57.04505850136934,65.43716980610249,8.392111304733149,0,0,,5.077008618890304,84.05423302394276,89.13124164283306,1,-0.00010921327807932136,0.7001114827201784,0.00016275551108235753,ALCISTA,test
NZDUSD,42071,42075,42078,2026-03-18 07:45:00+00:00,PUT,0,60,105,0.27946158362498175,0.6145251396647751,87.96495934672309,84.55354895334227,3.4114103933808195,1,0,,3.009770121705131,89.22417153996177,92.2339416616669,1,0.00020421001093873955,1.0104226983207876,0.00022161231482575872,ALCISTA,test
NZDUSD,43862,43878,43883,2026-04-14 01:30:00+00:00,CALL,1,240,315,0.2391849055953195,0.5671077504725612,54.87020933977377,48.54552286146424,6.3246864783095305,0,0,,2.6687450638059946,11.737747848855548,9.069002785049554,1,3.1818543392513846e-05,0.9848395816194617,7.757561704591076e-05,ALCISTA,test
NZDUSD,43871,43898,43903,2026-04-14 03:45:00+00:00,PUT,0,405,480,0.45087022755286654,0.684210526315606,53.5251266559681,65.70664294817408,12.181516292205977,0,0,,2.350988157471363,89.74883584027971,92.09982399775107,1,-7.191267569393624e-05,0.9321754424535561,2.386813876253946e-05,ALCISTA,test
NZDUSD,43887,43898,43903,2026-04-14 07:45:00+00:00,PUT,0,165,240,0.25364514430581214,0.593023255813985,91.66318199920222,84.20130145893422,7.461880540267998,1,0,,2.350988157471363,89.74883584027971,92.09982399775107,1,0.00022822495486601055,0.66535654126895,0.0001941992347866961,ALCISTA,test
NZDUSD,43948,43975,43979,2026-04-14 23:00:00+00:00,CALL,0,405,465,0.1296568987193918,0.43583535108962446,15.365202099523875,18.494129649765465,3.12892755024159,1,0,0.0,2.1239877870719788,13.47147179276656,11.34748400569458,1,-8.71948373261671e-05,0.8514534218356604,-0.00037366516381520665,BAJISTA,test
NZDUSD,43973,43975,43979,2026-04-15 05:15:00+00:00,CALL,0,30,90,0.475489051205977,0.7845188284521255,10.639851320849358,15.971945661308439,5.332094340459081,1,0,,2.1239877870719788,13.47147179276656,11.34748400569458,1,-9.879802588999226e-05,0.6663025669033316,-1.1863260668154574e-05,BAJISTA,test
NZDUSD,45303,45315,45319,2026-05-05 01:45:00+00:00,CALL,0,180,240,0.2967005645896313,0.7441253263704575,25.88410676816713,30.342214414678455,4.458107646511326,0,0,,3.4992759004953964,15.371858116046317,11.87258221555092,1,-1.961829002847907e-05,1.0102536427415003,-0.0007772073711983518,BAJISTA,test
NZDUSD,45383,45393,45394,2026-05-05 21:45:00+00:00,CALL,1,150,165,0.08806492374014269,0.5242718446600844,12.205636244097363,19.174957106513812,6.969320862416449,1,0,,3.5326340194601737,16.81500491116129,13.282370891701115,1,-5.227676637325106e-05,0.45333167732720614,-0.0007642143876096519,BAJISTA,test
NZDUSD,46259,46268,46272,2026-05-19 00:45:00+00:00,PUT,1,135,195,0.1478632107977903,0.29252437703135575,58.67857737797701,60.68465767116377,2.0060802931867627,0,0,,2.6893566650974776,83.34295982544224,86.03231649053971,1,-9.710260680768566e-05,0.6870378852319571,-0.0017852944884143573,BAJISTA,test
NZDUSD,46351,46371,46373,2026-05-19 23:45:00+00:00,CALL,1,300,330,0.3159179518854683,0.5532786885244992,20.927522349933955,30.971255898451236,10.043733548517281,0,0,,2.432808093830837,9.714850281617677,7.28204218778684,1,-6.265185672361941e-05,0.8428914377167245,-0.0001199904007679331,BAJISTA,test
NZDUSD,46623,46640,46642,2026-05-22 19:45:00+00:00,CALL,1,255,285,0.37168345105894746,0.4858299595141973,56.13800888251868,49.50959903554607,6.628409846972616,0,0,,5.256978148672374,12.251599509251733,6.994621360579359,1,0.0001401840394005076,0.6823392267340198,-1.7070089788573384e-05,BAJISTA,test
NZDUSD,46638,46640,46642,2026-05-22 23:30:00+00:00,CALL,1,30,60,0.5897531603824879,0.8370535714284927,5.162857550605296,8.409203998034313,3.2463464474290165,1,0,,5.256978148672374,12.251599509251733,6.994621360579359,1,-0.0001704542216433079,1.4987043910637998,-0.0004957773446849778,BAJISTA,test
NZDUSD,46668,46670,46671,2026-05-25 07:00:00+00:00,CALL,0,30,45,0.07585356169481074,0.5226480836236287,10.714196591725079,16.63892175882496,5.924725167099881,1,0,,4.643502083550766,18.0194321685313,13.375930084980533,1,-0.00013206881828351256,0.6974035760772761,0.0002144885299706356,ALCISTA,test
NZDUSD,47056,47092,47094,2026-05-29 08:00:00+00:00,PUT,0,540,570,0.27691047406279035,0.9604519774011429,89.47989561348767,85.06934735552512,4.410548257962546,1,0,,3.833620110077618,87.8964924795202,91.73011258959782,1,0.0002702032066418975,0.7383326108943794,0.00064721985076166,ALCISTA,test
NZDUSD,47076,47092,47094,2026-05-29 13:00:00+00:00,PUT,0,240,270,0.12326993616971138,0.6933744221879056,77.77777777777395,78.77008272792794,0.9923049501539936,0,0,0.0,3.833620110077618,87.8964924795202,91.73011258959782,1,0.00013604384696231525,1.0101706602309948,0.0023889955321589884,ALCISTA,test
NZDUSD,47079,47092,47094,2026-05-29 13:45:00+00:00,PUT,0,195,225,0.266612580820871,0.6107491856676818,79.64376590330492,78.93695221939191,0.7068136839130119,0,0,,3.833620110077618,87.8964924795202,91.73011258959782,1,6.15692227038253e-05,1.1233977003906035,0.0019102836938855727,ALCISTA,test
NZDUSD,47088,47092,47094,2026-05-29 16:00:00+00:00,PUT,0,60,90,0.03670697715976761,0.8333333333331931,89.20620276362187,90.15442404540205,0.9482212817801781,1,0,,3.833620110077618,87.8964924795202,91.73011258959782,1,0.00027955030714557996,1.507579843010366,0.0021140198753004658,ALCISTA,test
NZDUSD,47298,47302,47304,2026-06-02 20:30:00+00:00,CALL,0,60,90,0.27660984591161264,0.6564019448946204,13.327163305690052,22.500996202381927,9.173832896691875,1,0,,2.5227160561806325,10.619010619013569,8.096294562832936,1,-0.00021331007803117007,0.4535746974473711,-0.0003181603747710593,BAJISTA,test
NZDUSD,47598,47600,47601,2026-06-05 23:30:00+00:00,CALL,1,30,45,0.09772866952126112,0.5294117647059284,12.710027024992774,16.08592740113098,3.3759003761382065,1,0,0.0,2.273621627345225,16.830188030895716,14.556566403550491,1,-0.00015655937744622937,0.6604015378043571,-0.0006165201533109288,BAJISTA,test
NZDUSD,47919,47944,47948,2026-06-11 07:45:00+00:00,CALL,0,375,435,0.08400972485327814,0.8165322580644809,25.808191191012735,22.557347676985966,3.2508435140267693,0,0,0.0,3.6406302235797874,15.503145989151369,11.862515765571581,1,-1.620175470228653e-05,0.4304778303917348,2.414642391457278e-05,ALCISTA,test
NZDUSD,47925,47944,47948,2026-06-11 09:15:00+00:00,CALL,0,285,345,0.5477305442796251,0.9561752988047584,32.70741412470045,38.560659778956484,5.853245654256035,0,0,,3.6406302235797874,15.503145989151369,11.862515765571581,1,-6.739122700167826e-05,1.1254033505724261,-0.0020179213511271055,BAJISTA,test
NZDUSD,48325,48365,48366,2026-06-17 13:15:00+00:00,CALL,0,600,615,0.5915664781220634,0.8540925266906256,31.145293366393222,38.82188273807866,7.676589371685441,0,0,,2.391174099063681,11.849663548334576,9.458489449270894,1,-7.309975822857748e-05,0.8517729122263127,-0.00026470760123342707,BAJISTA,test
NZDUSD,48531,48535,48536,2026-06-19 16:45:00+00:00,CALL,0,60,75,0.3145523902068505,0.902255639097669,18.362724785720207,30.913141447182497,12.55041666146229,1,0,,3.702060766259934,10.921800040794706,7.2197392745347715,1,-0.00011646678662111906,1.1321729821517563,-0.0014342557361525232,BAJISTA,test
USDCAD,180,215,217,2024-07-08 14:15:00+00:00,PUT,0,525,555,0.3942535636641286,0.9280575539566532,77.79426651221682,60.181064832436846,17.613201679779976,0,0,,2.247705560905189,82.8610702814588,85.10877584236398,1,6.29114820785824e-05,1.0485255110001561,-0.0003888196023769108,BAJISTA,train
USDCAD,198,215,217,2024-07-08 18:45:00+00:00,PUT,0,255,285,0.3024176417441375,0.6131605184446991,60.91856562444619,54.99087322616655,5.927692398279639,0,0,0.0,2.247705560905189,82.8610702814588,85.10877584236398,1,3.7815465859010517e-05,0.9450855551134102,0.00010566589325100573,ALCISTA,train
USDCAD,704,740,744,2024-07-16 01:15:00+00:00,PUT,1,540,600,0.12363072389498231,0.5219364599096066,77.72749906935752,68.39126579023541,9.336233279122112,0,0,,2.1793578625943724,86.03965949661954,88.21901735921391,1,6.999822789352241e-06,0.25341780593531177,-6.651458460171789e-05,BAJISTA,train
USDCAD,726,740,744,2024-07-16 06:45:00+00:00,PUT,1,210,270,0.055085389207308884,0.6705882352939352,67.07516339869841,73.78111177131552,6.705948372617115,0,0,,2.1793578625943724,86.03965949661954,88.21901735921391,1,1.102991498992133e-05,0.708041958041958,0.00011109015989663185,ALCISTA,train
USDCAD,853,893,895,2024-07-17 14:30:00+00:00,CALL,0,600,630,0.13535426568806622,0.8865248226949471,55.32205774087979,43.09270009792318,12.229357642956614,0,0,,3.2256606979082267,18.845146619549833,15.619485921641607,1,7.067632901653794e-05,0.9801523845357917,0.0002568044021105109,ALCISTA,train
USDCAD,855,893,895,2024-07-17 15:00:00+00:00,CALL,0,570,600,0.296214565774263,0.9018404907977462,63.29358602072841,59.547660876197064,3.7459251445313484,0,0,,3.2256606979082267,18.845146619549833,15.619485921641607,1,0.0001011763636585719,0.9873730181334853,0.00019972535934109636,ALCISTA,train
USDCAD,886,893,895,2024-07-17 22:45:00+00:00,CALL,0,105,135,0.3041173441104166,0.8884297520659937,20.051015389417227,22.372939230406235,2.321923840989008,0,0,,3.2256606979082267,18.845146619549833,15.619485921641607,1,-5.5171693113424766e-05,0.803013597941933,-0.0003302543689290838,BAJISTA,train
USDCAD,1763,1783,1785,2024-07-31 02:00:00+00:00,CALL,0,300,330,0.44656051279541803,0.7031250000000091,41.70579029733728,38.23682837767097,3.468961919666313,0,0,,4.19022231757927,14.665847732855696,10.475625415276426,1,2.0088955997953396e-05,0.7281177381874516,0.0001270781978577329,ALCISTA,train
USDCAD,1765,1783,1785,2024-07-31 02:30:00+00:00,CALL,0,270,300,0.1986579690520819,0.44204322200358864,38.11181263827919,40.6903746874583,2.578562049179112,0,0,0.0,4.19022231757927,14.665847732855696,10.475625415276426,1,3.676781975353931e-06,0.47919843171422344,0.0001039706687191444,ALCISTA,train
USDCAD,1780,1783,1785,2024-07-31 06:15:00+00:00,CALL,0,45,75,0.4217099791700553,0.5426356589148821,13.917436600364317,18.437611213099956,4.520174612735639,1,0,,4.19022231757927,14.665847732855696,10.475625415276426,1,-4.576074835682691e-05,0.8505550811272417,-0.0002744138015697839,BAJISTA,train
USDCAD,2280,2309,2311,2024-08-07 11:15:00+00:00,CALL,1,435,465,0.369808516484088,0.8453038674029847,16.407934133060355,33.367794091802054,16.9598599587417,1,0,,2.5659031573969315,18.675804269890666,16.109901112493734,1,-0.00015124640608048763,0.9532262359101802,-0.00042081577208796794,BAJISTA,train
USDCAD,2810,2844,2845,2024-08-14 23:45:00+00:00,CALL,0,510,525,0.48422815525684215,0.9887798036464597,41.34153792440956,47.03415326612927,5.692615341719716,0,0,,2.894221076263813,8.7248482400879,5.8306271638240865,1,-7.160336509245177e-06,0.8250867497750931,-1.4585849392734218e-06,BAJISTA,train
USDCAD,2814,2844,2845,2024-08-15 00:45:00+00:00,CALL,0,450,465,0.06672084546799091,0.5547652916072338,36.420343788764114,30.94925866855481,5.471085120209306,0,0,0.0,2.894221076263813,8.7248482400879,5.8306271638240865,1,-3.57517467645357e-05,0.14799865455768582,0.00028586263425345315,ALCISTA,train
USDCAD,2840,2844,2845,2024-08-15 07:15:00+00:00,CALL,0,60,75,0.2730197144497112,0.6315789473689992,13.859141952675948,17.008437642684587,3.149295690008639,1,0,,2.894221076263813,8.7248482400879,5.8306271638240865,1,-2.7142122385797116e-05,0.5437839864991563,-0.0001443971709822467,BAJISTA,train
USDCAD,3825,3828,3831,2024-08-29 13:30:00+00:00,CALL,1,45,90,0.5221692632549896,0.7080745341615878,12.285299201884206,16.567668297229105,4.282369095344899,1,0,,2.829613063867132,14.599676698520375,11.770063634653242,1,-0.000154530294357651,0.6381362370220309,0.0002943723650796759,ALCISTA,train
USDCAD,4438,4465,4468,2024-09-06 22:45:00+00:00,CALL,0,405,450,0.0733530151994024,0.6260434056763422,18.861927737055783,27.75409897074579,8.892171233690007,1,0,,2.5556803030007327,14.183121716658219,11.627441413657486,1,-2.0734228524733698e-05,0.8735830458353868,6.779421214275771e-05,ALCISTA,train
USDCAD,4602,4632,4634,2024-09-10 15:45:00+00:00,CALL,0,450,480,0.08116759762787243,0.9985835694050269,64.84831354814453,62.739987019243635,2.1083265289008963,0,0,,4.649973548864834,17.619699246991026,12.969725698126192,1,5.4924298241617205e-05,1.2408671697209246,-8.841394228964461e-06,BAJISTA,train
USDCAD,4630,4632,4634,2024-09-10 22:45:00+00:00,CALL,0,30,60,0.1994116847839439,0.5759999999994612,11.526382975095764,25.270160195763367,13.743777220667603,1,0,,4.649973548864834,17.619699246991026,12.969725698126192,1,-5.315930234319254e-05,0.9755250824509634,2.351595925254024e-05,ALCISTA,train
USDCAD,5317,5353,5356,2024-09-20 02:30:00+00:00,PUT,0,540,585,0.019119479949150458,0.31609195402314494,88.86731087969144,81.60900369362302,7.258307186068421,1,0,,2.521795066896175,81.17878432966997,83.70057939656614,1,3.9057149681624445e-05,0.4520155169505819,0.00024556852062285195,ALCISTA,train
USDCAD,5414,5430,5433,2024-09-23 02:45:00+00:00,CALL,0,240,285,0.4042457706656954,0.6176470588237254,66.838970619838,66.86969943388495,0.03072881404695238,0,0,0.0,3.2014070703468764,15.000381072610852,11.798974002263975,1,3.757247836066121e-05,0.45795499407816814,-0.00015332923472510807,BAJISTA,train
USDCAD,5890,5920,5925,2024-09-30 01:45:00+00:00,CALL,1,450,525,0.34170718126979477,0.6443298969074387,47.441162939562766,46.90118478473129,0.5399781548314735,0,0,,3.196390876098281,18.701629921102334,15.505239045004053,1,-2.749662515928253e-05,0.3,2.219870803510382e-05,ALCISTA,train
USDCAD,5893,5920,5925,2024-09-30 02:30:00+00:00,CALL,1,405,480,0.01910003875314071,0.6647398843929226,50.5723905723847,49.248306356734,1.3240842156507,0,0,,3.196390876098281,18.701629921102334,15.505239045004053,1,-1.256056265939857e-05,0.3167281672816728,1.6648938630181576e-05,ALCISTA,train
USDCAD,5913,5920,5925,2024-09-30 07:30:00+00:00,CALL,1,105,180,0.23102223491982055,0.5390624999998732,47.873799725651374,52.99497027892243,5.121170553271057,0,0,,3.196390876098281,18.701629921102334,15.505239045004053,1,-6.855036612535045e-05,0.6374957157545984,-0.00011843254526344715,BAJISTA,train
USDCAD,6244,6264,6267,2024-10-03 18:15:00+00:00,PUT,0,300,345,0.5922444975558346,0.7418988061397616,56.052141527001766,47.90459033441194,8.147551192589823,0,0,,2.3657248787252314,92.55208493712661,94.91780981585184,1,2.528571741845669e-05,1.234248788368336,-8.128339084734204e-05,BAJISTA,train
USDCAD,6254,6264,6267,2024-10-03 20:45:00+00:00,PUT,0,150,195,0.22558959848443147,0.5145118733510472,73.40230654205098,59.705889229828394,13.696417312222586,0,0,,2.3657248787252314,92.55208493712661,94.91780981585184,1,0.00011762737223404866,0.7898211499219782,0.0012706761918128695,ALCISTA,train
USDCAD,6778,6806,6807,2024-10-11 07:45:00+00:00,PUT,1,420,435,0.37493083055133003,0.6564551422319124,48.11151195358963,52.56058247172604,4.449070518136416,0,0,,2.727971273395056,86.38675102011729,89.11472229351234,1,-4.199482005123959e-05,0.871160018340211,8.144044885338708e-05,ALCISTA,train
USDCAD,6790,6806,6807,2024-10-11 10:45:00+00:00,PUT,1,240,255,0.04873271394091273,0.7543520309481906,51.65571975917536,64.60043787630828,12.944718117132915,0,0,,2.727971273395056,86.38675102011729,89.11472229351234,1,2.938513046311767e-05,1.3409090909090908,0.00030814267005618845,ALCISTA,train
USDCAD,7492,7511,7513,2024-10-22 18:15:00+00:00,CALL,0,285,315,0.4228126966165585,0.8928571428570012,50.93825669244793,56.49796751841385,5.559710825965922,0,0,,3.6908825520795787,14.84287234854601,11.151989796466431,1,7.890557960976011e-07,1.0943039470574332,3.615695008885034e-05,ALCISTA,train
USDCAD,7499,7534,7539,2024-10-22 20:00:00+00:00,PUT,0,525,600,0.10665666777064398,0.7100591715975865,83.79127896369461,84.92574127803577,1.1344623143411638,1,0,,5.017036166754153,85.86710757601561,90.88414374276977,1,6.437756014746865e-05,0.6951579407585529,-0.0009028596098503705,BAJISTA,train
USDCAD,7502,7511,7513,2024-10-22 20:45:00+00:00,CALL,0,135,165,0.3620735698493079,0.7003891050586649,53.26805732936493,67.26442187489786,13.996364545532934,0,0,,3.6908825520795787,14.84287234854601,11.151989796466431,1,-6.288373218898375e-05,0.825809293107245,-0.0007695400985356926,BAJISTA,train
USDCAD,7893,7895,7897,2024-10-28 22:30:00+00:00,CALL,1,30,60,0.2973571850563857,0.7858243451464091,9.753517226099989,10.992712911551811,1.239195685451822,1,0,,3.3014396764828575,14.288733127222121,10.987293450739264,1,-6.33217839810609e-05,0.42022895232574986,-9.718907594791215e-05,BAJISTA,train
USDCAD,8360,8375,8377,2024-11-04 20:15:00+00:00,PUT,0,225,255,0.14288897675117287,0.6574239713772999,67.44421776067182,66.3893345987663,1.0548831619055221,0,0,,3.6581279635348523,82.52702007205079,86.18514803558564,1,5.543064398764836e-05,0.918398533007335,0.0004621171877361441,ALCISTA,train
USDCAD,8362,8375,8377,2024-11-04 20:45:00+00:00,PUT,0,195,225,0.051339686504260275,0.5382436260620924,70.53317053316808,69.38141948690266,1.1517510462654172,0,0,,3.6581279635348523,82.52702007205079,86.18514803558564,1,-2.8443718518885268e-05,0.8088854844887017,0.0005010063316834845,ALCISTA,train
USDCAD,8372,8375,8377,2024-11-04 23:15:00+00:00,PUT,0,45,75,0.4355799151247277,0.7537688442210047,84.17068144943852,76.54328165058635,7.627399798852167,1,0,,3.6581279635348523,82.52702007205079,86.18514803558564,1,5.22680246763063e-05,0.4844769626260629,0.00018781856295047028,ALCISTA,train
USDCAD,9099,9118,9120,2024-11-14 13:00:00+00:00,PUT,0,285,315,0.5227963178836603,0.9766022380467773,83.0057333063237,76.82204183278628,6.183691473537422,1,0,,2.4163052324792034,86.358685193466,88.7749904259452,1,0.00013780492366141233,1.1167387276096357,0.0005729656595441224,ALCISTA,train
USDCAD,9121,9143,9145,2024-11-14 18:30:00+00:00,PUT,0,330,360,0.5894285002469708,0.6974522292992826,49.431321084863974,59.840091678993616,10.408770594129642,0,0,,2.5474714506703435,82.04428230656191,84.59175375723225,1,1.81561402124463e-06,0.7139709122961657,0.0004525078885782019,ALCISTA,train
USDCAD,9403,9410,9412,2024-11-19 17:00:00+00:00,CALL,1,105,135,0.590892371796274,0.984042553191476,33.635970600949825,37.46937599077583,3.833405389826005,0,0,,2.3459941387369607,10.9591735642837,8.61317942554674,1,-0.00024213662396571303,1.194055493514303,-0.0014626175317659085,BAJISTA,train
USDCAD,9551,9556,9561,2024-11-21 06:00:00+00:00,CALL,1,75,150,0.574577193889624,0.7926829268290757,46.28016147003428,59.21159759134391,12.93143612130963,0,0,,3.9394208505858703,14.657840430339272,10.718419579753402,1,-2.1046935316653183e-05,1.0845295055821371,-1.968338382429824e-05,BAJISTA,train
USDCAD,10565,10569,10574,2024-12-05 19:30:00+00:00,PUT,1,60,135,0.3958572786663899,0.653409090909163,81.86380436374095,69.08614091982797,12.777663443912985,1,0,,3.748117987478423,87.00193498543554,90.75005297291396,1,0.00011644648107226662,0.6586320718507714,0.00030964710907044335,ALCISTA,train
USDCAD,11606,11639,11641,2024-12-20 15:45:00+00:00,PUT,1,495,525,0.3697720429499245,0.6924979389943107,68.12958727078312,53.83877570462145,14.290811566161672,0,0,,4.519876772460549,85.84853148211887,90.36840825457942,1,3.869726234764717e-05,1.6777689962741333,8.755021977879807e-05,ALCISTA,train
USDCAD,11914,11943,11944,2024-12-26 20:30:00+00:00,PUT,0,435,450,0.37566932959276034,0.8150470219437049,63.379562342819554,73.25990840987934,9.88034606705979,0,0,,2.0315623018145743,86.63368983708729,88.66525213890186,1,3.112511180331256e-05,1.0275783906309028,-0.0009494580942777109,BAJISTA,train
USDCAD,11919,11943,11944,2024-12-26 21:45:00+00:00,PUT,0,360,375,0.18473710156307852,0.734624145785813,79.58332293436726,73.54846450678421,6.034858427583046,0,0,,2.0315623018145743,86.63368983708729,88.66525213890186,1,1.9046345687368186e-05,1.0801838610827375,-0.0007244848108012292,BAJISTA,train
USDCAD,11941,11943,11944,2024-12-27 03:15:00+00:00,PUT,0,30,45,0.01673149209783237,0.819327731092292,90.087347992741,87.08799960765087,2.99934838509013,1,0,,2.0315623018145743,86.63368983708729,88.66525213890186,1,6.055559760794641e-06,1.5389257694628848,0.00026442376093860354,ALCISTA,train
USDCAD,12687,12705,12707,2025-01-09 01:15:00+00:00,CALL,0,270,300,0.035369965613020096,0.5375139977601837,36.20553315969702,34.85026329507846,1.3552698646185561,0,0,,3.8945039591974275,10.54126675313096,6.646762793933533,1,-1.2141532324571478e-05,0.29974489795918363,0.00057484703223043,ALCISTA,train
USDCAD,12691,12705,12707,2025-01-09 02:15:00+00:00,CALL,0,210,240,0.5396687980964362,0.9280303030301613,60.16183721167814,51.446103817247696,8.715733394430444,0,0,,3.8945039591974275,10.54126675313096,6.646762793933533,1,2.4282895735330752e-05,0.7676261994159366,0.0004105375955021362,ALCISTA,train
USDCAD,12696,12723,12728,2025-01-09 03:30:00+00:00,PUT,0,405,480,0.14200640885028123,0.8289473684212673,64.32872730018154,71.8928456222892,7.56411832210766,0,0,,3.8362668056702773,83.94373026101057,87.77999706668085,1,8.304509939066415e-06,1.7455621301775146,0.0002052266711189965,ALCISTA,train
USDCAD,12702,12705,12707,2025-01-09 05:00:00+00:00,CALL,0,45,75,0.34274050887690943,0.8108108108108394,10.040036326569544,20.419556313591816,10.379519987022272,1,0,,3.8945039591974275,10.54126675313096,6.646762793933533,1,-6.73963012167879e-05,0.9319787985865724,-0.0001878077961102731,BAJISTA,train
USDCAD,12736,12776,12777,2025-01-09 13:30:00+00:00,CALL,1,600,615,0.3120525896118294,0.7729007633587701,40.60475026634173,34.37625008548267,6.228500180859065,0,0,,2.8080481153087984,15.436310643275945,12.628262527967147,1,7.179366038819848e-05,0.8772903942254303,0.00046531169106911463,ALCISTA,train
USDCAD,12768,12776,12777,2025-01-09 21:30:00+00:00,CALL,1,120,135,0.017137916517642696,0.752032520325194,24.476456731648437,21.72732712029398,2.749129611354455,0,0,0.0,2.8080481153087984,15.436310643275945,12.628262527967147,1,-2.303452251682283e-05,0.6026479987825293,-0.00018514318028739485,BAJISTA,train
USDCAD,12770,12776,12777,2025-01-09 22:00:00+00:00,CALL,1,90,105,0.16636525766736493,0.5613772455091866,25.029301453358496,25.05406088183608,0.02475942847758361,0,0,0.0,2.8080481153087984,15.436310643275945,12.628262527967147,1,-1.604515891020352e-05,0.521937693687816,-0.00015666407644099323,BAJISTA,train
USDCAD,12775,12776,12777,2025-01-09 23:15:00+00:00,CALL,1,15,30,0.08785943588097454,0.5643564356432796,9.95658343108733,12.813485115154037,2.856901684066708,1,0,,2.8080481153087984,15.436310643275945,12.628262527967147,1,-3.243173120585602e-05,0.398096062310688,-8.545921823577274e-05,BAJISTA,train
USDCAD,13261,13294,13296,2025-01-17 00:45:00+00:00,PUT,0,495,525,0.30920033072449976,0.7243460764588024,60.66433173929973,54.057173654315115,6.6071580849846185,0,0,,3.2917849836269397,88.05089996488296,91.3426849485099,1,-2.551373226114629e-05,0.4563492063492064,0.00038904288503061046,ALCISTA,train
USDCAD,13267,13294,13296,2025-01-17 02:15:00+00:00,PUT,0,405,435,0.26738757410448544,0.6826801517069356,84.8815853450356,82.8464889977429,2.0350963472927077,1,0,,3.2917849836269397,88.05089996488296,91.3426849485099,1,6.847643097643581e-05,0.6482825350749879,0.00024311633463902638,ALCISTA,train
USDCAD,13270,13294,13296,2025-01-17 03:00:00+00:00,PUT,0,360,390,0.3656584938185536,0.9213759213758158,89.9825942379134,89.71862127890415,0.26397295900925144,1,0,,3.2917849836269397,88.05089996488296,91.3426849485099,1,1.5530518731953546e-05,1.9647218453188602,0.00017016902298672143,ALCISTA,train
USDCAD,16150,16185,16186,2025-02-28 03:00:00+00:00,CALL,0,525,540,0.20549093806915944,0.7288135593219139,39.03508771929854,52.84854268072218,13.813454961423645,0,0,,2.110386400118223,14.852883179362179,12.742496779243956,1,-3.7787206385412215e-06,1.8662033014769766,0.00021086301140771369,ALCISTA,train
USDCAD,16169,16185,16186,2025-02-28 07:45:00+00:00,CALL,0,240,255,0.2757988575002599,0.7780979827091882,21.65343692611694,38.924309419540315,17.270872493423376,0,0,,2.110386400118223,14.852883179362179,12.742496779243956,1,-6.975427984682122e-05,0.8467419833390392,-4.708821700460941e-05,BAJISTA,train
USDCAD,16837,16868,16870,2025-03-11 06:45:00+00:00,CALL,1,465,495,0.17470553369150793,0.5589353612168365,42.118035160165874,43.053701429307814,0.9356662691419402,0,0,0.0,2.874645593689287,19.048486781163202,16.173841187473915,1,5.914794611070194e-05,0.5770782889426957,0.00036580499268379363,ALCISTA,train
USDCAD,16863,16868,16870,2025-03-11 13:15:00+00:00,CALL,1,75,105,0.5491193527705376,0.984116022099481,22.08900661012196,20.391505333874917,1.697501276247042,0,0,,2.874645593689287,19.048486781163202,16.173841187473915,1,-0.00012069886705453553,0.784477015323118,0.00017973367494272807,ALCISTA,train
USDCAD,17655,17692,17696,2025-03-21 20:15:00+00:00,PUT,1,555,615,0.08567608030869962,0.7341124908691327,27.203676430480545,23.912421820569843,3.291254609910702,0,0,0.0,2.2656821139847665,90.79144147574375,93.05712358972852,1,-2.2894121026254148e-05,0.6299212598425197,0.0008387676599637128,ALCISTA,train
USDCAD,17685,17692,17696,2025-03-24 04:45:00+00:00,PUT,1,105,165,0.49668599650519085,0.9302325581394228,90.82855433458667,91.2485630962395,0.42000876165282364,1,1,0.0,2.2656821139847665,90.79144147574375,93.05712358972852,1,0.00010177407549402395,1.138129010469436,0.00029008872810032393,ALCISTA,train
USDCAD,18037,18062,18064,2025-03-27 20:45:00+00:00,PUT,0,375,405,0.5894979765580981,0.9841628959276364,60.82322484566802,57.03238249287994,3.790842352788083,0,0,0.0,3.050397978862975,82.17004827235114,85.22044625121411,1,2.1078307818239953e-05,0.6646126760563381,-0.000609269561256065,BAJISTA,train
USDCAD,18133,18173,18175,2025-03-28 20:45:00+00:00,PUT,0,600,630,0.38564886236220636,0.5540355677154483,79.3392474310645,70.71496513146667,8.624282299597837,0,0,,2.354322814116358,88.93635557965115,91.29067839376751,1,0.00020266937626349797,0.7421668190787891,0.0005648011452601409,ALCISTA,train
USDCAD,18169,18173,18175,2025-03-31 06:45:00+00:00,PUT,0,60,90,0.3482333926936966,0.6792452830187177,85.58919632723608,74.28554688929643,11.303649437939654,1,0,,2.354322814116358,88.93635557965115,91.29067839376751,1,7.695873310180705e-05,0.684971098265896,0.00019284732081970013,ALCISTA,train
USDCAD,18414,18434,18436,2025-04-02 20:00:00+00:00,CALL,0,300,330,0.5717518709272612,0.8511870295309999,54.22799422799721,48.2347282347309,5.993265993266306,0,0,,4.363391670481866,19.279724468404055,14.91633279792219,1,7.558079714241899e-05,0.7711558068403003,-0.006012155640539363,BAJISTA,train
USDCAD,19504,19535,19538,2025-04-18 04:30:00+00:00,PUT,1,465,510,0.05433420718009746,0.23936170212769997,83.45570239843086,81.14949991419275,2.3062024842381135,1,0,0.0,4.054415793545672,80.27898027898398,84.33339607252965,1,0.0001312024101331372,2.0772166764533178,0.001102795409424484,ALCISTA,train
USDCAD,19570,19597,19602,2025-04-18 21:00:00+00:00,CALL,0,405,480,0.012285844114390142,0.3231939163498276,22.36825742236539,17.069910382246203,5.298347040119186,0,0,0.0,2.3356280715022475,13.172833250775204,10.837205179272956,1,-2.2319933932996586e-05,0.9079099307159354,-0.0007366269706576833,BAJISTA,train
USDCAD,19578,19597,19602,2025-04-18 23:00:00+00:00,CALL,0,285,360,0.05395784703299868,0.45112781954871684,37.76647433664929,35.53285610042489,2.2336182362244017,0,0,,2.3356280715022475,13.172833250775204,10.837205179272956,1,-2.7096925571454857e-05,0.4197002141327623,-0.00034389435796511325,BAJISTA,train
USDCAD,19585,19597,19602,2025-04-21 00:45:00+00:00,CALL,0,180,255,0.36022723817790203,0.7980900409275362,33.044710733149046,35.01997247725263,1.9752617441035838,0,0,0.0,2.3356280715022475,13.172833250775204,10.837205179272956,1,-0.00010773690289047018,0.03820631409611904,-0.0011046145126683005,BAJISTA,train
USDCAD,20925,20959,20961,2025-05-08 23:45:00+00:00,CALL,1,510,540,0.32081829495633785,0.754838709677558,26.323949901333346,28.935669425600135,2.611719524266789,0,0,,2.5931869783095403,7.47702589807912,4.8838389197695795,1,-8.495159370236705e-05,0.46953822273961976,-1.0058237193355524e-05,BAJISTA,train
USDCAD,22294,22298,22299,2025-05-29 07:15:00+00:00,CALL,0,60,75,0.5222744934406123,0.6893106893105417,21.217494089834684,23.14334717338485,1.925853083550166,0,0,,3.8040567999737522,19.220265578309032,15.41620877833528,1,-3.611829463857875e-05,0.47775947281713343,-0.00024484860916607065,BAJISTA,train
USDCAD,23937,23972,23975,2025-06-23 10:00:00+00:00,CALL,1,525,570,0.2946561040160756,0.9820485744456653,75.93360995850762,67.08787888767472,8.845731070832898,0,0,,5.599657536957336,15.401539469468375,9.801881932511039,1,-5.330774561538161e-06,1.2948425761796234,0.0007910271803912572,ALCISTA,train
USDCAD,23939,23972,23975,2025-06-23 10:30:00+00:00,CALL,1,495,540,0.4356922629425038,0.9317718940936279,66.25172890733005,71.78423236514543,5.53250345781538,0,0,0.0,5.599657536957336,15.401539469468375,9.801881932511039,1,-2.5778374719686086e-05,1.1867509986684421,0.0006471109871604153,ALCISTA,train
USDCAD,24302,24323,24324,2025-06-27 05:15:00+00:00,CALL,0,315,330,0.2783440563984332,0.8219178082194698,32.9495933369729,43.442518816468976,10.492925479496073,0,0,,2.9326044678921637,18.399437412095796,15.466832944203633,1,-4.4262978085177565e-05,0.7639117550214027,0.00046180234859494185,ALCISTA,train
USDCAD,24405,24419,24424,2025-06-30 07:00:00+00:00,CALL,0,210,285,0.2034461212942674,0.45454545454536105,43.03898170246713,38.04472730487122,4.99425439759591,0,0,,4.617782810882423,16.703180358016713,12.08539754713429,1,-6.647004826382933e-06,0.7667031763417306,-0.0005577921664926544,BAJISTA,train
USDCAD,25089,25128,25129,2025-07-10 01:00:00+00:00,CALL,1,585,600,0.4307672726397296,0.92866756392976,21.30718954248074,18.927493670139196,2.379695872341543,0,0,0.0,2.8046647793682773,14.071576022458872,11.266911243090595,1,-6.213848511425121e-05,0.4055099829747717,-0.0003289257285705727,BAJISTA,train
USDCAD,25108,25128,25129,2025-07-10 05:45:00+00:00,CALL,1,300,315,0.3440806471335539,0.7142857142857423,40.84084084084554,41.09109109109412,0.25025025024858394,0,0,,2.8046647793682773,14.071576022458872,11.266911243090595,1,2.2596677225109597e-05,1.1735673156018647,0.00019739439399923953,ALCISTA,train
USDCAD,25110,25128,25129,2025-07-10 06:15:00+00:00,CALL,1,270,285,0.15976481974014478,0.7839721254360537,45.2702702702742,43.293293293298085,1.9769769769761183,0,0,,2.8046647793682773,14.071576022458872,11.266911243090595,1,-1.1962334595808116e-06,0.5770001335648457,0.00016448991676809577,ALCISTA,train
USDCAD,25425,25430,25434,2025-07-15 13:00:00+00:00,CALL,0,75,135,0.5547258392879277,0.9656652360516269,30.44217687074709,26.757369614511404,3.684807256235686,0,0,,3.0413680487822887,19.043523784737744,16.002155735955455,1,3.011151222895499e-05,0.7222366036758996,-0.0005975189260009062,BAJISTA,train
USDCAD,25488,25507,25512,2025-07-16 04:45:00+00:00,CALL,1,285,360,0.08687089516524221,0.8606557377050579,25.44529262086589,23.382274693260978,2.0630179276049105,0,0,0.0,2.6220518510623094,13.277996689974623,10.655944838912314,1,-4.534780573633212e-05,1.1231203007518797,0.00018086189444077583,ALCISTA,train
USDCAD,25504,25507,25512,2025-07-16 08:45:00+00:00,CALL,1,45,120,0.40005814226370934,0.9610983981695387,17.63498893235356,33.99833366054835,16.363344728194786,1,0,,2.6220518510623094,13.277996689974623,10.655944838912314,1,-7.647480332047427e-05,1.1742968589611988,0.0002449793809022882,ALCISTA,train
USDCAD,26836,26863,26864,2025-08-05 05:45:00+00:00,PUT,0,405,420,0.35418104309623816,0.8597285067873613,94.34130429937913,88.88034948086947,5.460954818509663,1,0,,2.1991592633534793,85.56432674080092,87.7634860041544,1,0.00012112858425751205,0.9101187111362351,0.0007796416261842687,ALCISTA,train
USDCAD,27273,27285,27289,2025-08-11 19:00:00+00:00,CALL,0,180,240,0.11721240255096733,0.6344410876133822,55.81516095535206,65.67243835881418,9.857277403462113,0,0,,2.0363828555042875,13.821897421022351,11.785514565518064,1,-1.9655877041253808e-05,0.8084548329861915,-0.00013456992576166282,BAJISTA,train
USDCAD,28374,28383,28384,2025-08-27 06:15:00+00:00,PUT,1,135,150,0.2783334291022949,0.9489795918362159,83.04716366007641,85.87391609198704,2.8267524319106343,1,1,0.0,3.130563069239358,88.66703270782541,91.79759577706477,1,7.07298444031364e-05,0.7950941002326074,0.0003468909895065764,ALCISTA,train
USDCAD,28376,28383,28384,2025-08-27 06:45:00+00:00,PUT,1,105,120,0.317407209844069,0.635593220338965,84.15159345391878,82.97954550943147,1.1720479444873035,1,0,0.0,3.130563069239358,88.66703270782541,91.79759577706477,1,6.822905957973734e-05,0.7777553898851501,0.00027749353960349055,ALCISTA,train
USDCAD,28565,28569,28572,2025-08-29 06:00:00+00:00,PUT,0,60,105,0.29403617962097683,0.6500802568217234,74.41297506655769,64.70991688855432,9.703058178003374,0,0,,2.3505028711567775,87.83646122186212,90.1869640930189,1,6.080610387531966e-05,0.911169744942832,0.00025603202727908503,ALCISTA,train
USDCAD,28568,28569,28572,2025-08-29 06:45:00+00:00,PUT,0,15,60,0.11585961500156007,0.5033557046978778,91.30011494030016,89.29465766915432,2.0054572711458434,1,0,,2.3505028711567775,87.83646122186212,90.1869640930189,1,5.975381955139381e-05,0.6332277953674388,0.00018619210952763865,ALCISTA,train
USDCAD,29322,29327,29328,2025-09-10 03:15:00+00:00,PUT,0,75,90,0.12038185136077065,0.40598290598275594,69.2109517168824,59.73771302020532,9.473238696677086,0,0,,2.868079040214866,90.48547020544305,93.35354924565792,1,9.040719321095263e-05,1.6685372240927796,0.0002728824179980549,ALCISTA,train
USDCAD,29769,29792,29796,2025-09-16 19:00:00+00:00,CALL,0,345,405,0.5007212996865542,0.5910852713178397,59.2524258575896,63.224910026875285,3.9724841692856856,0,0,0.0,2.9930805127937337,16.504854368931753,13.511773856138019,1,2.8535961817417368e-05,0.7220284663964558,-0.00042517919175222296,BAJISTA,train
USDCAD,29778,29792,29796,2025-09-16 21:15:00+00:00,CALL,0,210,270,0.5622711292752501,0.9773371104813752,22.464997173170115,20.311931132259406,2.1530660409107085,0,0,,2.9930805127937337,16.504854368931753,13.511773856138019,1,2.5354678886292504e-05,0.5739657786441412,-0.0001834031769505362,BAJISTA,train
USDCAD,29780,29792,29796,2025-09-16 21:45:00+00:00,CALL,0,180,240,0.1254565680170444,0.6637168141595757,30.83707472812061,25.819836598045224,5.017238130075384,0,0,,2.9930805127937337,16.504854368931753,13.511773856138019,1,7.718355404039377e-05,0.6756437514764942,-0.00015720684199105328,BAJISTA,train
USDCAD,29789,29792,29796,2025-09-17 00:00:00+00:00,CALL,0,45,105,0.11091084928400836,0.4081632653060547,15.212143968244163,30.66169210566468,15.449548137420518,1,0,,2.9930805127937337,16.504854368931753,13.511773856138019,1,-0.00013365252857653289,0.12430080795525171,0.000347926850927216,ALCISTA,train
USDCAD,30164,30189,30193,2025-09-22 22:00:00+00:00,PUT,0,375,435,0.5103274637166519,0.8003048780483966,56.62655204728185,57.01211960801323,0.3855675607313813,0,0,,3.458348044190984,83.33333333333083,86.79168137752181,1,-5.107572491356714e-05,0.8098949508641138,-0.00042972045020817085,BAJISTA,train
USDCAD,30186,30189,30193,2025-09-23 03:30:00+00:00,PUT,0,45,105,0.10697638101767788,0.641891891891564,85.49823103997512,74.94645323415348,10.551777805821644,1,0,,3.458348044190984,83.33333333333083,86.79168137752181,1,7.164458501683223e-05,1.2296110414052699,0.00019348970435872914,ALCISTA,train
USDCAD,30858,30879,30884,2025-10-02 03:30:00+00:00,PUT,0,315,390,0.0,0.5357142857146658,84.99002313571849,77.70354471680255,7.286478418915934,1,0,,4.702528998779258,82.7198437060428,87.42237270482205,1,8.562326675360911e-05,1.0648518815052042,0.00015600540101479154,ALCISTA,train
USDCAD,32144,32169,32170,2025-10-21 13:00:00+00:00,CALL,1,375,390,0.09023491608813565,0.5736543909347687,22.094264403299174,34.25719155975769,12.162927156458519,0,0,,2.0370832986535046,10.701707741703665,8.66462444305016,1,-6.610817548547275e-05,0.6985915492957746,-0.0017719014851237391,BAJISTA,train
USDCAD,32363,32395,32397,2025-10-23 19:45:00+00:00,PUT,1,480,510,0.2532247354585407,0.6480505795574174,60.606060606056474,60.42969376302256,0.17636684303391092,0,0,0.0,3.683011384539327,80.4314737439547,84.11448512849402,1,4.914016615442676e-05,0.6493868450390189,6.429765527893316e-05,ALCISTA,train
USDCAD,32369,32395,32397,2025-10-23 23:00:00+00:00,PUT,1,390,420,0.38063379861781327,0.5043586550435317,21.45172898601885,33.85215722714473,12.40042824112588,0,0,,3.683011384539327,80.4314737439547,84.11448512849402,1,-6.676241289146335e-05,0.46730488398507225,-0.0003651014460447355,BAJISTA,train
USDCAD,33023,33025,33026,2025-11-03 19:30:00+00:00,CALL,0,30,45,0.05331062840090716,0.575892857142759,13.947949158034112,24.042635231799196,10.094686073765084,1,0,,2.083032671172159,16.99415700688124,14.911124335709083,1,-0.00020534996836288707,0.7995110024449877,-0.00017610425371816785,BAJISTA,train
USDCAD,33165,33169,33174,2025-11-05 07:00:00+00:00,CALL,0,60,135,0.27742662831309195,0.8121827411170193,26.823159259858738,39.298320838399455,12.475161578540717,0,0,,2.461223100761167,14.265134807767177,11.80391170700601,1,-2.7147556419212662e-05,0.786778398510242,-8.432724925222512e-05,BAJISTA,train
USDCAD,33704,33737,33739,2025-11-12 21:45:00+00:00,CALL,0,495,525,0.2757333597955533,0.8298755186720997,47.32085697122066,33.73752358274731,13.58333338847335,0,0,,3.7121864641254376,15.488215488211539,11.776029024086101,1,1.329232197383803e-05,0.8164180778288662,0.0003985480850408063,ALCISTA,train
USDCAD,33711,33714,33715,2025-11-12 23:30:00+00:00,PUT,0,45,60,0.5450659026866682,0.8406304728548176,89.37975752677717,84.44391280386122,4.935844722915945,1,0,,2.3013947001715565,87.31350602301342,89.61490072318497,1,6.165528207289384e-05,0.43615494978479197,0.00016602310398927678,ALCISTA,train
USDCAD,33732,33737,33739,2025-11-13 04:45:00+00:00,CALL,0,75,105,0.12249163413065199,0.4278074866314351,34.482940463008575,44.21006990221059,9.727129439202017,0,0,,3.7121864641254376,15.488215488211539,11.776029024086101,1,-5.647374068427431e-05,0.8409405255878285,0.00011420740063949886,ALCISTA,train
USDCAD,33734,33737,33739,2025-11-13 05:15:00+00:00,CALL,0,45,75,0.1750172603696644,0.7978723404254628,15.482502608744676,24.716446754097948,9.233944145353272,1,0,,3.7121864641254376,15.488215488211539,11.776029024086101,1,-9.326939078208625e-05,0.9406200735680504,9.993004896569069e-05,ALCISTA,train
USDCAD,33825,33833,33836,2025-11-14 04:00:00+00:00,CALL,0,120,165,0.23260722429587288,0.9467040673208885,22.530732425467946,34.77739336686593,12.246660941397984,0,0,,3.311233762655071,13.348634291787214,10.037400529132142,1,-0.0001587206904868361,1.5070643642072215,3.743482329876535e-05,ALCISTA,train
USDCAD,34208,34211,34213,2025-11-20 03:45:00+00:00,PUT,0,45,75,0.49957462007459214,0.9803921568632478,92.370672843485,79.29673536416342,13.073937479321572,1,0,,2.544941907442748,91.98617148377156,94.5311133912143,1,8.098229191526136e-05,1.0374261326329612,8.82344988351047e-05,ALCISTA,train
USDCAD,34336,34363,34365,2025-11-21 11:45:00+00:00,PUT,0,405,435,0.26963481305843995,0.7966101694914332,37.606837606836315,28.574437509146748,9.032400097689568,0,0,,4.126382412649718,86.03749089020728,90.163873302857,1,-5.1864743972677785e-05,1.1744049941474834,1.2772823972051484e-05,ALCISTA,train
USDCAD,34355,34363,34365,2025-11-21 16:30:00+00:00,PUT,0,120,150,0.3591110266726437,0.9636517328826206,45.846477392218866,34.35386071708621,11.492616675132659,0,0,,4.126382412649718,86.03749089020728,90.163873302857,1,7.82185594159093e-06,1.7408265268804097,0.00025266433117776543,ALCISTA,train
USDCAD,34466,34493,34494,2025-11-24 20:15:00+00:00,PUT,0,405,420,0.25775971756104277,0.5561440677967316,67.57846050386145,76.77336649357663,9.194905989715181,0,0,,4.1440099517371465,87.38121523043178,91.52522518216892,1,-5.067827285011599e-06,0.47690421038288594,-0.0003855192178494615,BAJISTA,train
USDCAD,34528,34532,34536,2025-11-25 11:45:00+00:00,CALL,0,60,120,0.4196726119790225,0.9359190556490555,23.95914896482986,30.110084283889165,6.150935319059304,0,0,,3.398444865950127,17.359988020365844,13.961543154415716,1,-2.743618510795334e-05,1.241011984021305,-3.117065651070394e-05,BAJISTA,train
USDCAD,35268,35288,35289,2025-12-05 04:45:00+00:00,CALL,0,300,315,0.025773462563764248,0.6598240469203198,24.464831804289457,23.943249334878292,0.5215824694111646,0,0,0.0,4.439722368670926,16.548718990085025,12.108996621414098,1,-2.0330169776428634e-05,0.9680365296803652,-9.748572837597891e-05,BAJISTA,test
USDCAD,35572,35597,35599,2025-12-10 08:45:00+00:00,CALL,1,375,405,0.39208722702287935,0.9347181008894482,17.144484056239072,19.825100967035628,2.680616910796555,1,0,,5.334693620852102,15.721057565270579,10.386363944418477,1,-5.457166820161946e-05,0.9128065395095367,0.00010971497205147784,ALCISTA,test
USDCAD,35946,35950,35954,2025-12-16 06:15:00+00:00,CALL,0,60,120,0.49825864188198693,0.805168986083391,16.554935159582886,24.34080418576273,7.785869026179846,1,0,,2.8388623847116694,10.642036038360972,7.803173653649303,1,-4.4242177718854574e-05,0.6204465334900118,-0.0003049245311784743,BAJISTA,test
USDCAD,36290,36301,36303,2025-12-19 20:15:00+00:00,PUT,1,165,195,0.07578948070447941,0.40577096483311237,70.11189036799199,75.00881633037811,4.8969259623861205,0,0,,2.8269483502224944,90.81126093059983,93.63820928082232,1,-3.5635613968642935e-05,0.6108930323846908,0.00124587037868773,ALCISTA,test
USDCAD,36299,36301,36303,2025-12-19 22:30:00+00:00,PUT,1,30,60,0.3446510366616222,0.8284883720925884,95.73584002737594,91.05378094191161,4.682059085464331,1,0,,2.8269483502224944,90.81126093059983,93.63820928082232,1,0.0001361563702530935,0.5795677799607073,0.0006330688174085441,ALCISTA,test
USDCAD,36745,36749,36751,2025-12-29 14:00:00+00:00,PUT,1,60,90,0.058783378128319894,0.47032474804038205,81.82967243852345,78.2166080997308,3.6130643387926398,1,0,,5.819275264625091,82.34604470392219,88.16531996854728,1,8.63006368987377e-05,1.0261930391101544,-1.2055001492150552e-05,BAJISTA,test
USDCAD,38522,38533,38535,2026-01-26 02:15:00+00:00,CALL,0,165,195,0.4019976172024414,0.7079999999998572,55.23414672668381,52.674708112519035,2.559438614164776,0,0,,3.2323542407523487,13.115172497974305,9.882818257221956,1,-4.115335598982098e-06,1.0881965774462483,-0.0005952272270808301,BAJISTA,test
USDCAD,38557,38575,38578,2026-01-26 11:00:00+00:00,PUT,1,270,315,0.11446550159557402,0.8860759493669685,53.14465408805247,64.02946386492003,10.884809776867563,0,0,,2.308664734512732,91.17470100521045,93.48336573972318,1,6.200924115046497e-07,1.530181818181818,-0.00010235339703612567,BAJISTA,test
USDCAD,40030,40035,40036,2026-02-16 19:15:00+00:00,PUT,0,75,90,0.40541330959808736,0.7341269841274084,84.43387015554018,77.02983135215095,7.404038803389227,1,0,,3.39341060344735,89.57777777777842,92.97118838122577,1,2.1201187266501953e-05,0.47785333578386324,0.0002596286283833571,ALCISTA,test
USDCAD,41137,41152,41154,2026-03-04 13:15:00+00:00,PUT,0,225,255,0.008640402192504115,0.7541385652974009,59.23753665689001,57.516982251094255,1.7205544057957525,0,0,,3.3461506934450256,80.96326941732023,84.30942011076526,1,-8.813056096850286e-05,0.9543859649122807,-0.00020988323325477065,BAJISTA,test
USDCAD,41649,41677,41680,2026-03-11 21:15:00+00:00,CALL,0,420,465,0.3917231539005092,0.744021257750374,53.55191256830534,49.64447142953478,3.907441138770558,0,0,,2.930398967802155,12.263531800792677,9.333132832990522,1,0.00010988310203923095,0.4787336227763477,0.00010820415695333985,ALCISTA,test
USDCAD,42652,42656,42658,2026-03-26 10:00:00+00:00,PUT,1,60,90,0.47456923044966776,0.88888888888928,80.2754782088564,68.24656888359118,12.028909325265218,1,0,,5.259331200855058,83.28008296947043,88.53941417032549,1,7.16790757781073e-05,1.444231773099008,0.00011933217376203231,ALCISTA,test
USDCAD,43568,43599,43604,2026-04-09 00:00:00+00:00,CALL,1,465,540,0.1146009454491458,0.9215500945177739,25.513153887601508,24.122517324207,1.3906365633945086,0,0,0.0,2.097679061291503,9.904995702093567,7.807316640802064,1,-0.0001377400514565836,0.06393991677661626,0.0007039376807473907,ALCISTA,test
USDCAD,43573,43599,43604,2026-04-09 01:15:00+00:00,CALL,1,390,465,0.1545730326242476,0.48793284365172107,45.0019912385491,37.54726263264967,7.454728605899433,0,0,,2.097679061291503,9.904995702093567,7.807316640802064,1,5.335633915113203e-05,0.26159921026653504,0.0005106083027655028,ALCISTA,test
USDCAD,44988,45023,45028,2026-04-29 19:00:00+00:00,CALL,1,525,600,0.2529796310065615,0.8333333333332342,13.890241521576963,18.8952126411266,5.004971119549639,1,0,,5.395634805164706,19.951199644690533,14.555564839525827,1,-0.00021598947184317598,0.9098793090987931,-3.5828954035976857e-05,BAJISTA,test
USDCAD,45013,45023,45028,2026-04-30 01:15:00+00:00,CALL,1,150,225,0.5766208923193894,0.8450704225352222,29.939666778338673,30.284524093653214,0.3448573153145418,0,0,,5.395634805164706,19.951199644690533,14.555564839525827,1,-3.176734078118426e-05,0.1291632069379094,-0.0004348890667426053,BAJISTA,test
USDCAD,45019,45023,45028,2026-04-30 02:45:00+00:00,CALL,1,60,135,0.36024395604351006,0.7268722466958607,35.50631361287191,40.44614203811289,4.939828425240982,0,0,0.0,5.395634805164706,19.951199644690533,14.555564839525827,1,-4.7079038257670816e-05,0.8959198057796225,-0.00024855436395665453,BAJISTA,test
USDCAD,45942,45960,45965,2026-05-13 17:30:00+00:00,PUT,0,270,345,0.302408612171174,0.9148112294291009,58.66666666666643,64.73043490036859,6.063768233702163,0,0,0.0,3.0465553844486237,87.02407921656201,90.07063460101064,1,4.2736092023330835e-05,1.252930240077601,0.00043177120724746665,ALCISTA,test
USDCAD,46729,46730,46734,2026-05-25 22:15:00+00:00,PUT,0,15,75,0.0,0.3989361702127236,88.92382948987922,86.17516887958065,2.748660610298572,1,0,,3.17223877303266,83.46665931076247,86.63889808379513,1,1.3434938347468461e-05,0.39215686274509803,-1.4489708684450875e-05,BAJISTA,test
USDCAD,46935,46958,46963,2026-05-28 01:45:00+00:00,PUT,1,345,420,0.10698033166535399,0.37209302325567867,72.03060380479276,76.00206136862595,3.9714575638331837,0,0,,3.6309835225257814,85.71149187817515,89.34247540070093,1,-1.5065566967833837e-05,0.20811253492629345,0.0003294074134005953,ALCISTA,test
USDCAD,46939,46958,46963,2026-05-28 02:45:00+00:00,PUT,1,285,360,0.3885235375522363,0.6783919597989726,88.11639267119752,81.89198842901133,6.224404242186182,1,0,,3.6309835225257814,85.71149187817515,89.34247540070093,1,3.712308359743605e-05,1.3959480032790725,0.00021958083174911103,ALCISTA,test
USDCAD,46989,46992,46993,2026-05-28 15:15:00+00:00,CALL,0,45,60,0.5125085414810974,0.7237635705671813,8.210262493758018,14.624687461037484,6.414424967279466,1,0,,2.1255019982793524,11.028629028446721,8.903127030167369,1,-0.00018224754021622515,0.8506118679288848,-0.0003596036561148708,BAJISTA,test
USDCAD,48734,48745,48746,2026-06-23 19:30:00+00:00,PUT,0,165,180,0.4376426653499834,0.6287425149699303,87.70517530554866,88.11285169606741,0.4076763905187448,1,0,,4.045884755231725,84.67883383766315,88.72471859289487,1,5.244156222091619e-05,0.8161245220920305,0.0003661275672937059,ALCISTA,test
USDCAD,48780,48798,48802,2026-06-24 07:00:00+00:00,PUT,1,270,330,0.5721160535830039,0.954545454545661,57.30676328503058,67.586645273862,10.279881988831427,0,0,,2.8905406700133653,85.03112481219459,87.92166548220796,1,8.563802567050676e-05,0.718747086790342,0.00010342331161439233,ALCISTA,test
USDCAD,48785,48798,48802,2026-06-24 08:15:00+00:00,PUT,1,195,255,0.2286582627410566,0.660685154975515,42.964644051607415,45.05406027145955,2.089416219852133,0,0,,2.8905406700133653,85.03112481219459,87.92166548220796,1,-4.621827689820556e-05,0.9061721295763848,0.000903216548277852,ALCISTA,test
USDCHF,133,165,170,2024-07-08 02:30:00+00:00,CALL,0,480,555,0.14405834955100041,0.3813559322033755,42.31824417009649,37.776974600577496,4.541269569518995,0,0,,2.537061768315194,17.960096319228352,15.423034550913158,1,-2.8846485908923268e-05,1.1710221634138274,-4.020073567334581e-05,BAJISTA,train
USDCHF,135,165,170,2024-07-08 03:00:00+00:00,CALL,0,450,525,0.12476195698816986,0.7869634340224221,49.39300411522646,46.139689071788176,3.2533150434382847,0,0,,2.537061768315194,17.960096319228352,15.423034550913158,1,5.3686404375055244e-05,1.9835796387520526,-3.126751818527396e-05,BAJISTA,train
USDCHF,154,165,170,2024-07-08 07:45:00+00:00,CALL,0,165,240,0.21915672326757885,0.5675675675676625,46.1111111111081,48.10422602089033,1.9931149097822285,0,0,0.0,2.537061768315194,17.960096319228352,15.423034550913158,1,3.3857756117338404e-07,0.7137858642407278,-0.0001027815824341527,BAJISTA,train
USDCHF,522,533,534,2024-07-12 03:45:00+00:00,PUT,1,165,180,0.22590579169496067,0.5161290322580325,58.03898530179557,67.3947494078975,9.355764106101937,0,0,,2.134370125677833,82.75224167581517,84.886611801493,1,-0.0001091068726507054,1.7309734513274335,-2.678559470703501e-05,BAJISTA,train
USDCHF,531,533,534,2024-07-12 06:00:00+00:00,PUT,1,30,45,0.07041521277745309,0.327510917030519,86.13540462933474,82.62677860652656,3.508626022808187,1,0,,2.134370125677833,82.75224167581517,84.886611801493,1,9.859423808244399e-05,0.49108447822274187,0.00015344398039274232,ALCISTA,train
USDCHF,1998,2022,2023,2024-08-02 12:45:00+00:00,CALL,0,360,375,0.5091742671233174,0.6987577639750903,19.42596389964857,32.02518079711152,12.599216897462949,1,0,,2.5596542909103235,6.561146822715263,4.0014925318049395,1,-0.00021630347391314364,0.7170380298207405,-0.006950062513789823,BAJISTA,train
USDCHF,2865,2878,2880,2024-08-15 13:30:00+00:00,PUT,0,195,225,0.2419143577348421,0.5371352785145744,73.1083937198053,79.77096199179769,6.662568271992384,0,0,,4.62909383739202,81.13498684862083,85.76408068601285,1,4.0369990614157414e-05,0.8487845076225793,0.005163986805063692,ALCISTA,train
USDCHF,3511,3519,3523,2024-08-26 07:00:00+00:00,PUT,1,120,180,0.40199759406536445,0.6911581569117464,83.42902344561442,76.76583559392019,6.663187851694232,1,0,,2.2412437691335185,84.61689637853488,86.8581401476684,1,0.00012128653891156532,0.6576175988766674,0.00032237608890484104,ALCISTA,train
USDCHF,3770,3801,3802,2024-08-28 23:45:00+00:00,CALL,0,465,480,0.1422501045494458,0.43760129659634733,32.76741625959986,32.97175117950421,0.2043349199043476,0,0,,2.5325199940589567,12.45304142097538,9.920521426916423,1,-2.821162750867304e-05,0.6807228915662651,-0.00019945671789212138,BAJISTA,train
USDCHF,3774,3801,3802,2024-08-29 00:45:00+00:00,CALL,0,405,420,0.14103904069989306,0.8713692946057775,52.98735563520645,46.31838915513551,6.668966480070935,0,0,,2.5325199940589567,12.45304142097538,9.920521426916423,1,-7.710932893283516e-05,0.3085966201322557,-0.0005035545727268831,BAJISTA,train
USDCHF,3787,3801,3802,2024-08-29 04:00:00+00:00,CALL,0,210,225,0.11047517882511748,0.6451612903224899,54.11814483800486,48.02872981159251,6.089415026412347,0,0,,2.5325199940589567,12.45304142097538,9.920521426916423,1,6.438489202023625e-05,1.3748511145142077,-0.001279679474155082,BAJISTA,train
USDCHF,3797,3801,3802,2024-08-29 06:30:00+00:00,CALL,0,60,75,0.2385155351691575,0.8476027397258995,12.063362201448875,12.58108050925229,0.5177183078034151,1,0,,2.5325199940589567,12.45304142097538,9.920521426916423,1,-6.450366770012115e-05,0.7926461723930078,-0.0005618228028715366,BAJISTA,train
USDCHF,3863,3867,3868,2024-08-29 23:00:00+00:00,PUT,0,60,75,0.14224672109225234,0.9128289473686031,72.47685077636334,53.33631276836835,19.140538007994984,0,0,,4.954815234839401,82.55612869555522,87.51094393039462,1,9.880995182926379e-05,0.3082283570088448,0.00020660059382882068,ALCISTA,train
USDCHF,3866,3867,3868,2024-08-29 23:45:00+00:00,PUT,0,15,30,0.2227050778945017,0.9205776173284851,89.64955358627348,88.46734241327779,1.182211172995693,1,0,,4.954815234839401,82.55612869555522,87.51094393039462,1,0.00016245646188287684,0.6035665294924554,0.00011804702993667426,ALCISTA,train
USDCHF,4156,4173,4174,2024-09-04 00:15:00+00:00,CALL,0,255,270,0.03557245907964647,0.7323232323232568,35.08727548697116,44.73864200653954,9.651366519568384,0,0,,2.3582328043187832,16.427571449737574,14.06933864541879,1,-4.727495197632959e-05,0.2494126152177842,-0.0019810040067099743,BAJISTA,train
USDCHF,4160,4173,4174,2024-09-04 01:15:00+00:00,CALL,0,195,210,0.4901161723858722,0.7305194805193936,41.712271973463935,35.578408959594526,6.133863013869409,0,0,,2.3582328043187832,16.427571449737574,14.06933864541879,1,-5.232465093437424e-05,0.9672712111736502,-0.0015076423698114905,BAJISTA,train
USDCHF,4940,4972,4974,2024-09-16 04:15:00+00:00,CALL,0,480,510,0.050266303448185945,0.6686478454679895,21.3363246133745,31.6783744230592,10.3420498096847,0,0,,2.335734708283116,18.75161875161735,16.415884043334234,1,-0.00023079367260358565,1.2183768467921472,-0.001371589911141835,BAJISTA,train
USDCHF,5074,5077,5078,2024-09-17 13:45:00+00:00,PUT,0,45,60,0.15186269487936324,0.6185567010310391,77.9166301136068,66.73990420962974,11.176725903977058,0,0,,4.784280457961671,80.2087148590084,84.99299531697007,1,0.0001901360979839947,0.8464273425851588,0.0022097380051253612,ALCISTA,train
USDCHF,5241,5254,5256,2024-09-19 07:30:00+00:00,CALL,0,195,225,0.4038941110506193,0.814655172413791,15.165179181079372,18.837350433963007,3.6721712528836346,1,0,,3.029439437594492,13.677645750815977,10.648206313221484,1,-6.356205316917271e-06,0.7280548032499601,-0.0003592736781967698,BAJISTA,train
USDCHF,5285,5320,5325,2024-09-19 18:30:00+00:00,PUT,0,525,600,0.5051127154991198,0.7133011716057553,23.73449134136729,37.36061137306746,13.626120031700168,0,0,,4.066911695411349,83.12807463952595,87.1949863349373,1,-0.00029390647955861897,0.721861101607937,-0.001420434469209697,BAJISTA,train
USDCHF,5287,5320,5325,2024-09-19 19:00:00+00:00,PUT,0,495,570,0.45640452520763386,0.6259150805270416,16.0783649503162,18.379887658805796,2.301522708489596,0,0,,4.066911695411349,83.12807463952595,87.1949863349373,1,-0.00019991247577454558,0.5839162860611666,-0.0011051312019303428,BAJISTA,train
USDCHF,5311,5320,5325,2024-09-20 01:00:00+00:00,PUT,0,135,210,0.2358626650069154,0.7916102841677964,71.48169896261619,68.89414230233133,2.5875566602848608,0,0,,4.066911695411349,83.12807463952595,87.1949863349373,1,1.79532186330557e-05,0.5446808510638298,-0.0006461110898036138,BAJISTA,train
USDCHF,5318,5320,5325,2024-09-20 02:45:00+00:00,PUT,0,30,105,0.19741644959639149,0.6167763157894309,88.46706248233231,85.10112147771434,3.365941004617966,1,0,,4.066911695411349,83.12807463952595,87.1949863349373,1,6.147891827128185e-05,0.8953442101074413,-0.00034469651360735654,BAJISTA,train
USDCHF,6103,6141,6143,2024-10-02 07:00:00+00:00,PUT,0,570,600,0.1718662718387845,0.6474820143885496,81.53459582031037,78.9667218238658,2.5678739964445754,1,0,,3.6886419351788504,87.99836601307156,91.68700794825041,1,5.305205007513893e-05,0.7838917921918229,-0.00018208604393232797,BAJISTA,train
USDCHF,6123,6141,6143,2024-10-02 12:00:00+00:00,PUT,0,270,300,0.39920882976544614,0.6191950464395618,64.38851879266618,50.96175027293737,13.426768519728803,0,0,,3.6886419351788504,87.99836601307156,91.68700794825041,1,0.00010000314970551814,1.0168634064080944,0.004624039808800662,ALCISTA,train
USDCHF,6731,6746,6748,2024-10-10 20:00:00+00:00,CALL,1,225,255,0.5248772336531018,0.7499999999999297,44.78632478632411,36.9700604788317,7.8162643074924105,0,0,,3.1533686460936394,14.163947717611862,11.010579071518222,1,2.9481507247397526e-05,0.9475059899803964,-0.001127437778143281,BAJISTA,train
USDCHF,6735,6746,6748,2024-10-10 21:00:00+00:00,CALL,1,165,195,0.03160488531946583,0.4389173372347595,29.20073920073823,36.984291984291296,7.783552783553066,0,0,,3.1533686460936394,14.163947717611862,11.010579071518222,1,-5.906816607841362e-05,0.48253232966608767,-0.0009358245897385098,BAJISTA,train
USDCHF,6739,6769,6771,2024-10-10 22:00:00+00:00,PUT,0,450,480,0.18767347294591286,0.6071757129714545,32.49847987522261,30.99059918594625,1.5078806892763552,0,0,,2.9251397202301064,84.38564644790266,87.31078616813276,1,-5.721422590354127e-05,0.6969930609097919,-0.0006864426697894555,BAJISTA,train
USDCHF,6744,6746,6748,2024-10-10 23:15:00+00:00,CALL,1,30,60,0.34424686076757677,0.925925925925799,10.512507356083614,17.269474815008675,6.756967458925061,1,0,,3.1533686460936394,14.163947717611862,11.010579071518222,1,-8.275532033883454e-05,0.41670860593860093,-0.0003745401382181379,BAJISTA,train
USDCHF,6926,6943,6945,2024-10-14 20:45:00+00:00,CALL,0,255,285,0.35786433554952385,0.6838905775077734,30.9642278339708,46.258683412844,15.294455578873201,0,0,,2.185508281216972,12.612765764540901,10.42725748332393,1,-8.848420240966906e-05,0.6420133538777607,-0.0007692895888703477,BAJISTA,train
USDCHF,6933,6943,6945,2024-10-14 22:30:00+00:00,CALL,0,150,180,0.03658013440639018,0.39867109634565007,32.759157728024086,37.641474341350545,4.882316613326459,0,0,0.0,2.185508281216972,12.612765764540901,10.42725748332393,1,-1.3065890018899638e-05,0.9475119291070212,-0.0004328710826471127,BAJISTA,train
USDCHF,6941,6943,6945,2024-10-15 00:30:00+00:00,CALL,0,30,60,0.07198631081693406,0.8317929759703296,9.41106281056074,9.543580143529015,0.13251733296827517,1,0,0.0,2.185508281216972,12.612765764540901,10.42725748332393,1,-5.7845233426281714e-05,0.6899661781285231,-0.0008662004413332314,BAJISTA,train
USDCHF,8452,8485,8486,2024-11-05 19:15:00+00:00,PUT,0,495,510,0.22575156180763317,0.5582061068702405,39.90212012751658,48.06059132009582,8.158471192579235,0,0,,2.7299776362343664,91.23295011478153,93.9629277510159,1,-0.000139257280459043,0.6232132647226987,-9.734232281943811e-05,BAJISTA,train
USDCHF,8586,8589,8591,2024-11-07 04:45:00+00:00,CALL,0,45,75,0.3577595522012023,0.6646706586826039,18.916268521052416,32.3287560669881,13.412487545935683,1,0,,4.21510560670008,19.08263198938701,14.86752638268693,1,-0.0002186060163033942,1.1208724628900333,-0.0012965579581950548,BAJISTA,train
USDCHF,8853,8892,8895,2024-11-11 23:30:00+00:00,PUT,0,585,630,0.5368301696276695,0.7482993197279176,75.00386124239584,77.6891330130162,2.6852717706203606,0,0,,2.4675392307556763,83.95604364389665,86.42358287465233,1,1.307232712194104e-05,0.5666557484441532,-1.704322730555763e-05,BAJISTA,train
USDCHF,8869,8892,8895,2024-11-12 03:30:00+00:00,PUT,0,345,390,0.14748214425421777,0.8507462686567885,89.62032560210059,88.63921809655783,0.9811075055427665,1,0,,2.4675392307556763,83.95604364389665,86.42358287465233,1,8.915083826552932e-05,2.0539083557951483,0.0003943743492114127,ALCISTA,train
USDCHF,8876,8892,8895,2024-11-12 05:15:00+00:00,PUT,0,240,285,0.17908561938665166,0.7103825136612778,63.51335747651197,68.54900234054607,5.035644864034097,0,0,,2.4675392307556763,83.95604364389665,86.42358287465233,1,1.2794651010401328e-05,1.0066707095209217,-0.0001588328057814392,BAJISTA,train
USDCHF,8880,8892,8895,2024-11-12 06:15:00+00:00,PUT,0,180,225,0.16033528006759057,0.5281690140844472,62.55232872203889,64.33373229742361,1.7814035753847222,0,0,0.0,2.4675392307556763,83.95604364389665,86.42358287465233,1,-2.111685462042305e-05,0.9365612298992755,-0.00011345715290622671,BAJISTA,train
USDCHF,9444,9446,9447,2024-11-20 03:15:00+00:00,PUT,0,30,45,0.0728634515438957,0.5172413793103539,92.69583075175801,85.13951236814542,7.556318383612592,1,0,,3.355603407169255,88.37200537708873,91.72760878425798,1,0.00011565911107223012,1.2493899463152758,0.00022779585411547565,ALCISTA,train
USDCHF,10130,10162,10165,2024-11-29 06:45:00+00:00,PUT,1,480,525,0.02287127854894992,0.4188481675393943,67.66315217115958,64.9424045376934,2.720747633466175,0,0,,2.0885886241897254,80.1170024284573,82.20559105264702,1,-3.0945317560513173e-06,0.6799859796705223,0.00021784811447922436,ALCISTA,train
USDCHF,10160,10162,10165,2024-11-29 14:15:00+00:00,PUT,1,30,75,0.013959429262021773,0.8941418293936445,80.89429103014123,69.32569421546158,11.568596814679651,1,0,,2.0885886241897254,80.1170024284573,82.20559105264702,1,0.0001348802628309085,0.8776076456684822,-0.0003008543127180907,BAJISTA,train
USDCHF,11261,11273,11278,2024-12-17 01:30:00+00:00,CALL,1,180,255,0.11046058870560226,0.43010752688156856,55.300149540696374,46.93995426744817,8.360195273248202,0,0,,4.962285769496361,15.57776514673148,10.615479377235118,1,-1.694591845693563e-05,0.3823178016726404,-0.0005455232127120624,BAJISTA,train
USDCHF,11271,11273,11278,2024-12-17 04:00:00+00:00,CALL,1,30,105,0.31290971163735126,0.9082031250000928,8.367886322431149,13.0099681568582,4.642081834427051,1,0,,4.962285769496361,15.57776514673148,10.615479377235118,1,-0.00014441971844938848,1.2520670918969998,0.0013416072309107019,ALCISTA,train
USDCHF,11883,11884,11889,2024-12-26 12:45:00+00:00,CALL,0,15,90,0.20380912282501193,0.7949308755759317,9.058911510054507,9.918292196554894,0.859380686500387,1,0,,3.8914702374522303,14.737673125365703,10.846202887913472,1,-8.75985399344392e-05,0.8484510186994139,0.0010313609296475068,ALCISTA,train
USDCHF,12315,12333,12336,2025-01-03 00:45:00+00:00,CALL,0,270,315,0.02757583652500222,0.48165137614690584,39.91025077981592,34.17386424632742,5.736386533488499,0,0,,5.96046118737293,14.734992061452019,8.774530874079089,1,-0.0001238879412303063,0.45417680454176806,-0.0005613961219809172,BAJISTA,train
USDCHF,12317,12333,12336,2025-01-03 01:15:00+00:00,CALL,0,240,285,0.18184273506258367,0.38002980625932886,48.13967285363236,44.39291603670001,3.746756816932354,0,0,,5.96046118737293,14.734992061452019,8.774530874079089,1,-5.0889266682991574e-05,0.4574861367837338,-0.0004912560803905786,BAJISTA,train
USDCHF,12322,12333,12336,2025-01-03 02:30:00+00:00,CALL,0,165,210,0.2885217316600148,0.48648648648638754,63.40900320201999,62.66207950599647,0.746923696023515,0,0,,5.96046118737293,14.734992061452019,8.774530874079089,1,1.7944944908830743e-06,0.8516801853997683,-0.0003158628979542666,BAJISTA,train
USDCHF,12436,12465,12467,2025-01-06 07:00:00+00:00,CALL,1,435,465,0.08114217206711416,0.7297297297300022,8.117598413082602,9.361674197800241,1.244075784717639,1,0,,2.516970523950844,13.615176996952782,11.098206473001937,1,-4.266013966533434e-05,0.6604194556001786,-0.00010388673817085525,BAJISTA,train
USDCHF,13139,13142,13144,2025-01-15 18:15:00+00:00,PUT,0,45,75,0.3639346188888171,0.702373316228355,80.64333053722943,72.47462724916275,8.16870328806668,1,0,,3.3718739025447917,81.80025276685615,85.17212666940094,1,0.0003455730997296444,1.0408017179670723,0.0020523063753197235,ALCISTA,train
USDCHF,14301,14327,14331,2025-01-31 20:45:00+00:00,PUT,0,390,450,0.37869194374325665,0.7197867298578043,64.1130980811713,44.49937252976698,19.613725551404322,0,0,,2.627850056849198,86.52314709656802,89.15099715341722,1,0.00028723440716814093,1.0732260579853974,0.0024480558649868644,ALCISTA,train
USDCHF,15289,15328,15329,2025-02-17 03:45:00+00:00,PUT,0,585,600,0.12078315262170458,0.43859649122803407,75.31820031819943,82.29501979501852,6.976819476819088,0,0,,2.577563074967429,84.67768831292564,87.25525138789307,1,-8.681213765791491e-05,1.100105374077977,6.672716596378692e-06,ALCISTA,train
USDCHF,15292,15328,15329,2025-02-17 04:30:00+00:00,PUT,0,540,555,0.4105179159681375,0.7847533632288781,50.63230246110035,57.191446987424705,6.559144526324353,0,0,,2.577563074967429,84.67768831292564,87.25525138789307,1,-9.169466015037476e-05,1.1102331094429079,0.0010413035586118724,ALCISTA,train
USDCHF,16237,16263,16265,2025-03-03 00:45:00+00:00,CALL,1,390,420,0.5738673582282825,0.8541666666666737,40.58805744520192,42.78660498258619,2.1985475373842718,0,0,,4.496445210678383,18.36261844936888,13.866173238690498,1,-7.549729815047466e-05,0.2633328900119697,-0.0002659987143395215,BAJISTA,train
USDCHF,16260,16263,16265,2025-03-03 06:30:00+00:00,CALL,1,45,75,0.12654050165230074,0.6122448979590527,12.973647278966908,13.756802178758685,0.7831548997917768,1,0,0.0,4.496445210678383,18.36261844936888,13.866173238690498,1,-2.1242169470813672e-05,0.523509452253999,0.0,NEUTRO,train
USDCHF,16836,16844,16847,2025-03-11 06:30:00+00:00,PUT,1,120,165,0.12763274271698888,0.6449631449630798,76.56395891690103,79.56136880364257,2.9974098867415364,0,0,0.0,3.6901581520363607,88.25895888821658,91.94911704025294,1,4.7444921996878505e-05,0.7615120274914089,0.0012801620400662017,ALCISTA,train
USDCHF,17053,17075,17077,2025-03-13 12:45:00+00:00,PUT,1,330,360,0.14406896965813082,0.4415954415954862,77.12700713879242,74.48365548848653,2.6433516503058883,0,0,,3.9263836714538343,81.98583322780672,85.91221689926056,1,0.00018036945871997565,1.0690596956691378,0.0015955180447653206,ALCISTA,train
USDCHF,17056,17075,17077,2025-03-13 13:30:00+00:00,PUT,1,285,315,0.04029841072603231,0.9928716904277199,83.1007751937995,84.07849096903965,0.9777157752401422,1,1,0.0,3.9263836714538343,81.98583322780672,85.91221689926056,1,5.392609445930352e-05,0.9552691432903715,0.0012959707092496942,ALCISTA,train
USDCHF,17231,17241,17243,2025-03-17 10:15:00+00:00,CALL,1,150,180,0.24802964833570204,0.9519725557460926,30.517856868086323,39.645427174854554,9.12757030676823,0,0,,3.8389249675991035,13.14743980209343,9.308514834494327,1,-5.918908890636802e-05,1.7327293318233297,-0.0009394985567942049,BAJISTA,train
USDCHF,18159,18168,18170,2025-03-31 04:15:00+00:00,CALL,0,135,165,0.19555296497238162,0.6690140845071098,8.677042183931322,22.68227273410592,14.005230550174597,1,0,,2.0693645788529995,11.009532650067975,8.940168071214975,1,-0.00027954201458539385,1.0064445358563006,-3.868102263515638e-05,BAJISTA,train
USDCHF,18941,18973,18974,2025-04-10 07:45:00+00:00,CALL,0,480,495,0.07692684485847721,0.7401315789472765,36.64484061479963,30.258267108842137,6.3865735059574895,0,0,,2.4945635778154838,11.99662571179971,9.502062133984227,1,-2.3606748543660894e-05,0.5827331400243195,4.458461220768761e-05,ALCISTA,train
USDCHF,19260,19267,19268,2025-04-15 15:30:00+00:00,PUT,1,105,120,0.2625989033262358,0.9856432909994581,67.28144065504053,68.87203455755368,1.5905939025131488,0,0,,2.479200160623435,90.46434181864923,92.94354197927267,1,0.0002746525111563418,1.4373599122514187,0.0009455700502163378,ALCISTA,train
USDCHF,20042,20057,20060,2025-04-25 19:00:00+00:00,CALL,0,225,270,0.4100469218221774,0.8085106382978541,19.614715170358533,29.86667821244936,10.251963042090829,1,0,,3.232118081260161,13.092072926124894,9.859954844864733,1,-0.00019403483770711965,0.5038201749529398,-0.0006371165923364508,BAJISTA,train
USDCHF,20051,20057,20060,2025-04-25 21:15:00+00:00,CALL,0,90,135,0.5475352985211587,0.9002433090023915,19.3153307049139,22.401277432415327,3.085946727501426,1,0,,3.232118081260161,13.092072926124894,9.859954844864733,1,-8.254242383962899e-05,0.579550158686353,-0.0014194566957076438,BAJISTA,train
USDCHF,20473,20476,20477,2025-05-02 06:45:00+00:00,CALL,0,45,60,0.348311069039962,0.8137432188065739,18.42625259597459,30.32333367072972,11.897081074755132,1,0,,4.765178849138385,18.108765099918017,13.343586250779632,1,-0.00028112630524890046,0.7925311203319502,-0.001002395146094237,BAJISTA,train
USDCHF,20844,20871,20874,2025-05-08 03:30:00+00:00,PUT,1,405,450,0.05713958531959501,0.8094144661310042,74.02619269778695,74.28216156685455,0.2559688690676012,0,0,0.0,2.882834410487064,86.19541061346473,89.0782450239518,1,6.624980815210786e-06,1.3588948407104595,0.00032480837823456454,ALCISTA,train
USDCHF,22139,22142,22147,2025-05-27 16:15:00+00:00,CALL,1,45,120,0.39985706323367654,0.8056640625000718,19.15405804813499,34.3574059515392,15.203347903404211,1,0,,4.804584003676688,19.513152728701776,14.708568725025088,1,-0.0003334960770677488,1.0926567248568804,0.001872012504316567,ALCISTA,train
USDCHF,22833,22865,22868,2025-06-05 22:00:00+00:00,PUT,0,480,525,0.36408888067073386,0.7591623036648292,61.32291729504632,61.36571268211131,0.04279538706499153,0,0,,2.8937203149526454,85.76908323743898,88.66280355239162,1,0.0001170500146958468,0.7144434628975265,-0.00010744968180254055,BAJISTA,train
USDCHF,22855,22865,22868,2025-06-06 03:30:00+00:00,PUT,0,150,195,0.09442922391689659,0.703703703703791,80.28122843340032,73.02198885702546,7.259239576374853,1,0,,2.8937203149526454,85.76908323743898,88.66280355239162,1,8.397590423793657e-05,1.3241758241758241,0.00035375776132351433,ALCISTA,train
USDCHF,24196,24232,24234,2025-06-26 02:45:00+00:00,CALL,0,540,570,0.02083655325717161,0.6090225563909767,21.89778098213679,33.16443696761085,11.266655985474056,0,0,,2.2918500264034005,11.473902612346945,9.182052585943545,1,-0.00011281017614144632,1.6089064463997127,-0.0003235037949481656,BAJISTA,train
USDCHF,24468,24473,24475,2025-06-30 22:45:00+00:00,CALL,0,75,105,0.2035374760482022,0.7490396927016795,16.57088122605436,13.901523425796151,2.6693578002582097,1,0,,4.93922699912093,14.07263740931547,9.133410410194541,1,-3.430329922863744e-05,0.6478141682296926,-0.0006050216799435848,BAJISTA,train
USDCHF,24625,24657,24662,2025-07-02 14:00:00+00:00,CALL,0,480,555,0.1908778598057061,0.7499999999999716,31.483107339119925,34.52739617249395,3.0442888333740257,0,0,,2.1727448614236184,7.558931019339188,5.38618615791557,1,-7.213641202049352e-05,0.6555012420867056,0.00024289684454914529,ALCISTA,train
USDCHF,24643,24657,24662,2025-07-02 18:30:00+00:00,CALL,0,210,285,0.3380852671831965,0.4021197007480661,65.83516092742678,71.24704269057214,5.4118817631453595,0,0,,2.1727448614236184,7.558931019339188,5.38618615791557,1,2.677419182037902e-06,0.6861667033208709,-0.0005453292298993606,BAJISTA,train
USDCHF,24649,24657,24662,2025-07-02 20:00:00+00:00,CALL,0,120,195,0.2121416874323272,0.6018054162488449,11.48529510734241,16.950582062458537,5.465286955116127,1,0,,2.1727448614236184,7.558931019339188,5.38618615791557,1,-0.0002390249131027058,0.5965604736396956,-0.00040978198209440375,BAJISTA,train
USDCHF,25979,26009,26010,2025-07-23 07:30:00+00:00,PUT,0,450,465,0.07980680469425776,0.5133079847908633,49.39431913116056,35.22601361241866,14.168305518741896,0,0,,3.201726547144432,86.73587472546008,89.93760127260451,1,-5.421413744305835e-06,0.5659600740893188,0.0002236946158911124,ALCISTA,train
USDCHF,25981,26009,26010,2025-07-23 08:00:00+00:00,PUT,0,420,435,0.4265294505351128,0.9839357429718715,71.23721465826488,61.41667983773099,9.820534820533886,0,0,,3.201726547144432,86.73587472546008,89.93760127260451,1,8.343715266330822e-05,0.6294085729788389,-0.0012425866975172006,BAJISTA,train
USDCHF,26727,26749,26750,2025-08-04 02:30:00+00:00,CALL,1,330,345,0.29666281858563753,0.5152671755725554,53.0017865732153,43.26038159371485,9.741404979500452,0,0,,2.804101902539145,19.25992955298379,16.455827650444647,1,-3.5498115434430845e-05,0.42136572065931344,0.0014249480778725232,ALCISTA,train
USDCHF,26745,26749,26750,2025-08-04 07:00:00+00:00,CALL,1,60,75,0.09777406572346714,0.5206942590120845,23.574264076048095,32.28402212596226,8.709758049914164,0,0,,2.804101902539145,19.25992955298379,16.455827650444647,1,-8.221241746287105e-05,0.6929038140100289,-0.000547403804022073,BAJISTA,train
USDCHF,28357,28382,28386,2025-08-27 02:00:00+00:00,PUT,0,375,435,0.12894027527517335,0.4072398190046522,75.345167652858,67.74110756011113,7.604060092746863,0,0,,2.299949953225422,86.40656797288567,88.70651792611109,1,6.652878161820241e-05,1.1426777585936274,0.000616073928871419,ALCISTA,train
USDCHF,28363,28382,28386,2025-08-27 03:30:00+00:00,PUT,0,285,345,0.3881120369912487,0.5048076923075011,93.52792887689911,91.84177760740899,1.686151269490125,1,0,,2.299949953225422,86.40656797288567,88.70651792611109,1,8.135092292590374e-05,1.2522017614091272,0.00027993953306082453,ALCISTA,train
USDCHF,28999,29008,29012,2025-09-04 18:30:00+00:00,PUT,1,135,195,0.06953062983364669,0.6005459508644136,85.52462422157599,86.60427690614836,1.0796526845723662,1,1,0.0,2.5676320500269725,86.71041668428671,89.27804873431369,1,0.00023246119037122445,0.6113070428556161,0.0006084403892776535,ALCISTA,train
USDCHF,29005,29008,29012,2025-09-04 20:00:00+00:00,PUT,1,45,105,0.4478179823921607,0.8291457286431887,86.304566129129,81.25343965774276,5.05112647138624,1,0,,2.5676320500269725,86.71041668428671,89.27804873431369,1,5.212358547186327e-05,0.4845668768669101,-0.0011873355013315434,BAJISTA,train
USDCHF,29586,29591,29595,2025-09-12 21:15:00+00:00,CALL,0,75,135,0.17377986366008297,0.6087662337662052,20.02923976608206,16.981738277830775,3.047501488251285,0,0,,2.307086234775646,11.067847443717353,8.760761208941707,1,-0.00011387280575049836,0.4362092260181432,-0.000729623597107043,BAJISTA,train
USDCHF,29648,29674,29678,2025-09-15 12:45:00+00:00,CALL,0,390,450,0.15513221071610855,0.6565656565654904,8.389393937667274,15.038386113053207,6.648992175385933,1,0,,2.659140094177161,17.585374575361342,14.926234481184181,1,-0.00015162753876117333,1.0401381096245146,-0.0013370126312509667,BAJISTA,train
USDCHF,30199,30223,30224,2025-09-23 06:45:00+00:00,CALL,1,360,375,0.3068648869956001,0.5666003976140555,68.65224250619718,66.8710089399748,1.781233566222383,0,0,,2.33290172957863,12.654684767150373,10.321783037571743,1,0.00012268309380283326,0.8628461043142306,0.00024234223772756636,ALCISTA,train
USDCHF,30219,30223,30224,2025-09-23 11:45:00+00:00,CALL,1,60,75,0.2826275488315619,0.862500000000053,41.40790592756469,54.011440037165926,12.603534109601235,0,0,,2.33290172957863,12.654684767150373,10.321783037571743,1,-5.258311691590751e-05,1.1219358893777498,-0.00016162677347486554,BAJISTA,train
USDCHF,30422,30461,30465,2025-09-25 14:30:00+00:00,CALL,1,585,645,0.181616094032221,0.9510086455331094,45.36704356205232,38.36262241292133,7.004421149130984,0,0,,2.2648323896838765,9.033729778568715,6.768897388884838,1,1.5914297320960702e-05,0.8295545478794346,0.001828025206185746,ALCISTA,train
USDCHF,30454,30461,30465,2025-09-25 22:30:00+00:00,CALL,1,105,165,0.27739261110888247,0.6164383561642927,18.5994001280625,29.557129981758127,10.957729853695628,1,0,,2.2648323896838765,9.033729778568715,6.768897388884838,1,-0.00014075933524927098,0.5993852459016393,-0.0008663008951774742,BAJISTA,train
USDCHF,30457,30461,30465,2025-09-25 23:15:00+00:00,CALL,1,60,120,0.41698885581066647,0.6368960468521605,14.395943562611322,14.463438516872037,0.06749495426071483,1,0,,2.2648323896838765,9.033729778568715,6.768897388884838,1,-0.00013286946503551927,0.34403317462755334,-0.0005777007510109344,BAJISTA,train
USDCHF,31625,31628,31632,2025-10-14 03:15:00+00:00,PUT,0,45,105,0.49836183369393944,0.7738998482549364,89.31142618465331,89.74490216655931,0.4334759819059997,1,0,,3.5322325478494605,85.43162877652314,88.9638613243726,1,0.00010007138274711792,1.8616512591648071,0.00024617312684638293,ALCISTA,train
USDCHF,31754,31779,31780,2025-10-15 11:30:00+00:00,CALL,0,375,390,0.5809112444751268,0.8456375838925235,48.54990583804338,46.352222792901934,2.1976830451414457,0,0,,3.6074530943880436,14.476351402952355,10.868898308564312,1,3.108314133830024e-06,1.0576221735959155,-8.126879340841775e-05,BAJISTA,train
USDCHF,32022,32031,32036,2025-10-20 06:30:00+00:00,CALL,0,135,210,0.0,0.3933566433568872,37.15040616128085,31.588603361800335,5.561802799480514,0,0,,3.4945831952936857,18.33367559133545,14.839092396041764,1,-6.082996991739191e-05,0.684326710816777,-1.7029038294480436e-05,BAJISTA,train
USDCHF,32028,32031,32036,2025-10-20 08:00:00+00:00,CALL,0,45,120,0.14081082107741844,0.7551487414187024,17.34389424319154,22.941791908222218,5.597897665030679,1,0,,3.4945831952936857,18.33367559133545,14.839092396041764,1,-6.124063901283007e-05,0.6429780033840948,-0.000365189321334336,BAJISTA,train
USDCHF,32098,32123,32127,2025-10-21 01:30:00+00:00,PUT,1,375,435,0.4666288999673084,0.7692307692305502,72.09302325581217,61.613551536030826,10.479471719781344,0,0,,2.0799687325816194,91.58400245521902,93.66397118780064,1,4.894184294316413e-06,0.6238964096527368,-0.0006235452714064005,BAJISTA,train
USDCHF,32118,32123,32127,2025-10-21 06:30:00+00:00,PUT,1,75,135,0.2722491103446803,0.7048872180450216,91.84912347744716,90.77763875650817,1.0714847209389973,1,0,,2.0799687325816194,91.58400245521902,93.66397118780064,1,0.0001289230492937858,0.7974481658692185,0.000709835160501715,ALCISTA,train
USDCHF,32392,32399,32400,2025-10-24 04:45:00+00:00,PUT,0,105,120,0.377894383160656,0.8130081300812176,84.5717367853294,75.27497479972577,9.296761985603638,1,0,,2.6230557617113845,92.60406415445497,95.22711991616636,1,9.94041464097675e-05,1.069031639501438,0.0009153985630254713,ALCISTA,train
USDCHF,33703,33712,33713,2025-11-12 21:30:00+00:00,PUT,0,135,150,0.26238161595831655,0.587628865979465,83.12780057960828,66.52766578687364,16.600134792734636,1,0,,2.2129880650917926,87.15986628065929,89.37285434575108,1,0.00010309556396577081,0.45931758530183725,0.0005870311277018647,ALCISTA,train
USDCHF,33706,33712,33713,2025-11-12 22:15:00+00:00,PUT,0,90,105,0.46915205271165056,0.7739557739555216,88.49460416127174,90.09372602210719,1.599121860835453,1,1,0.0,2.2129880650917926,87.15986628065929,89.37285434575108,1,9.442988998498768e-05,0.46601193914885425,0.00045150124162840477,ALCISTA,train
USDCHF,33727,33728,33729,2025-11-13 03:30:00+00:00,PUT,0,15,30,0.21790281317045054,0.5703422053234432,92.8435913411484,91.86847419435999,0.9751171467884063,1,0,,3.9435172814752946,86.91543735661855,90.85895463809385,1,0.0001253311197322024,1.2619857717290441,0.00012218159945098783,ALCISTA,train
USDCHF,34466,34490,34494,2025-11-24 20:15:00+00:00,PUT,0,360,420,0.16558116494626687,0.33490011750866694,66.66006805180133,77.48148977124983,10.821421719448495,0,0,,2.3392885083331407,83.74565349156097,86.08494199989411,1,3.0300030300049045e-05,0.45189711524797493,-0.00015710491515696923,BAJISTA,train
USDCHF,34483,34490,34494,2025-11-25 00:30:00+00:00,PUT,0,105,165,0.1236907713477857,0.4094292803967804,79.32816537467696,79.27265246934354,0.055512905333415574,0,0,,2.3392885083331407,83.74565349156097,86.08494199989411,1,8.698716939217488e-06,0.4935064935064935,-5.814982115837086e-05,BAJISTA,train
USDCHF,34487,34490,34494,2025-11-25 01:30:00+00:00,PUT,0,45,105,0.3321931422246019,0.8606557377045898,86.07646762408342,82.66304655654801,3.4134210675354097,1,0,,2.3392885083331407,83.74565349156097,86.08494199989411,1,2.96111049888993e-05,0.6542583192329385,-3.216882197798476e-05,BAJISTA,train
USDCHF,35336,35368,35369,2025-12-05 21:45:00+00:00,CALL,0,480,495,0.37118334827517585,0.8999999999999201,27.68519424920243,43.330372376603286,15.645178127400857,0,0,,2.0506350283458357,12.596539831248037,10.545904802902202,1,-5.862428838929681e-05,0.6337826211643246,-0.00014167404034481912,BAJISTA,test
USDCHF,35339,35368,35369,2025-12-05 22:30:00+00:00,CALL,0,435,450,0.19329315051044785,0.735981308411006,6.99776077134328,9.429854369428037,2.432093598084757,1,0,,2.0506350283458357,12.596539831248037,10.545904802902202,1,-8.161290614287789e-05,0.7097208207198116,-0.0001062592938045892,BAJISTA,test
USDCHF,35356,35368,35369,2025-12-08 02:45:00+00:00,CALL,0,180,195,0.3670520862780427,0.7151370679379514,68.38383838383787,78.45117845117797,10.067340067340098,0,0,,2.0506350283458357,12.596539831248037,10.545904802902202,1,-3.928652355362933e-05,0.7314410480349345,-0.0005174605622905171,BAJISTA,test
USDCHF,35361,35368,35369,2025-12-08 04:00:00+00:00,CALL,0,105,120,0.10847470468894985,0.4608294930875214,20.18232121285547,33.574329261352574,13.392008048497104,0,0,,2.0506350283458357,12.596539831248037,10.545904802902202,1,-0.00016466865430709245,0.506815798671793,-0.00039506879485340374,BAJISTA,test
USDCHF,35364,35368,35369,2025-12-08 04:45:00+00:00,CALL,0,60,75,0.2136150184665375,0.59999999999996,9.93169793169549,9.496880840390277,0.43481709130521295,1,1,0.0,2.0506350283458357,12.596539831248037,10.545904802902202,1,-5.8381673585295026e-05,0.6280100173376998,-0.0001692645455496633,BAJISTA,test
USDCHF,36804,36830,36832,2025-12-30 04:45:00+00:00,PUT,1,390,420,0.048161770045407615,0.4635761589405012,83.73972078790955,76.66058886557096,7.07913192233859,1,0,,2.5793251773638133,81.4751969163754,84.05452209373921,1,4.1784040263268636e-05,0.8345407128368588,-0.00018257105690899778,BAJISTA,test
USDCHF,38873,38898,38900,2026-01-29 18:00:00+00:00,CALL,0,375,405,0.43835617733772453,0.92420537897313,68.12731712166536,59.78775673922763,8.339560382437725,0,0,,2.0834664424290015,12.343172817313217,10.259706374884216,1,0.0002784688163890666,1.3606896060411768,-0.000717060832833516,BAJISTA,test
USDCHF,38879,38898,38900,2026-01-29 19:30:00+00:00,CALL,0,285,315,0.5523370536962423,0.5934409161894695,25.933658083971224,30.78945333642619,4.855795252454968,0,0,,2.0834664424290015,12.343172817313217,10.259706374884216,1,-0.0005146581428389783,0.8199376947040499,-0.0003260642737897834,BAJISTA,test
USDCHF,38884,38898,38900,2026-01-29 20:45:00+00:00,CALL,0,210,240,0.2959737565720719,0.4018637157833591,14.573550918538961,14.29525550652834,0.27829541201062113,1,0,,2.0834664424290015,12.343172817313217,10.259706374884216,1,-0.0001501708104004236,0.5769595748718922,-0.0023811575245360483,BAJISTA,test
USDCHF,38948,38980,38981,2026-01-30 12:45:00+00:00,PUT,0,480,495,0.24533564954398165,0.7294832826748594,62.56354393609337,69.42219644763516,6.858652511541791,0,0,,2.0557653046975446,86.32281219074402,88.37857749544156,1,0.00010508445581742182,0.8774279973208304,-0.000738181941054683,BAJISTA,test
USDCHF,38951,38980,38981,2026-01-30 13:30:00+00:00,PUT,0,435,450,0.07088277826389913,0.6870229007633286,47.84239872973709,54.1948639677681,6.352465238031009,0,0,,2.0557653046975446,86.32281219074402,88.37857749544156,1,-0.00022357831850633583,0.7291139240506329,-0.0005998558526238984,BAJISTA,test
USDCHF,39597,39637,39639,2026-02-10 07:00:00+00:00,CALL,1,600,630,0.14779452774786353,0.5917667238420843,61.79707179707003,52.37049737656059,9.42657442050944,0,0,,4.543468440891951,14.0372598370654,9.49379139617345,1,0.0001648230739661063,0.7912382655341976,0.0001231967804573575,ALCISTA,test
USDCHF,39624,39637,39639,2026-02-10 13:45:00+00:00,CALL,1,195,225,0.08900293691189873,0.4017857142855815,49.30714602394195,40.34606115425755,8.961084869684399,0,0,,4.543468440891951,14.0372598370654,9.49379139617345,1,0.00016501611022163616,0.8062015503875969,-0.0003213938564128327,BAJISTA,test
USDCHF,39839,39874,39876,2026-02-12 19:30:00+00:00,PUT,0,525,555,0.35140316120726645,0.6259484066768366,81.56037261694014,73.12851244059294,8.4318601763472,1,0,,4.894027893223779,83.10087586155574,87.99490375477951,1,0.0003197664807266812,1.0003087372645878,0.0003411361458112161,ALCISTA,test
USDCHF,39871,39874,39876,2026-02-13 03:30:00+00:00,PUT,0,45,75,0.12111862283359563,0.3250270855904276,89.88588530014715,89.29339647207206,0.5924888280750906,1,0,0.0,4.894027893223779,83.10087586155574,87.99490375477951,1,5.181014652114808e-05,1.1353506920009382,0.00010398793739918588,ALCISTA,test
USDCHF,40023,40045,40048,2026-02-16 17:30:00+00:00,CALL,0,330,375,0.412724153587775,0.8269961977186775,31.39083139083158,25.653866722645052,5.736964668186527,0,0,,3.3166281994584885,13.628752737549865,10.312124538091377,1,-0.00010067792163903606,1.1788693234476366,-8.444903500737233e-05,BAJISTA,test
USDCHF,40622,40625,40628,2026-02-24 23:15:00+00:00,PUT,0,45,90,0.20612426507503334,0.6250000000001634,73.6160645771645,61.058732263920774,12.55733231324372,0,0,,2.269310742953195,83.31003303600612,85.57934377895931,1,0.00010336317945136766,0.43542591418304794,0.00022487709303709025,ALCISTA,test
USDCHF,41446,41471,41472,2026-03-09 18:30:00+00:00,CALL,1,375,390,0.5720628990252506,0.7522455089820942,24.78329393223019,24.218544785921114,0.5647491463090759,0,0,,3.9138811557936943,16.948430915015603,13.034549759221909,1,-5.044990336273439e-05,0.8020352145678517,0.0005253566363319084,ALCISTA,test
USDCHF,41462,41471,41472,2026-03-09 22:30:00+00:00,CALL,1,135,150,0.503290090710704,0.9596456692913494,26.323940331130384,24.321910568378627,2.002029762751757,0,0,0.0,3.9138811557936943,16.948430915015603,13.034549759221909,1,-0.00042954271630809,0.3069317128437532,-0.0017057336421428815,BAJISTA,test
USDCHF,44120,44133,44138,2026-04-16 18:00:00+00:00,PUT,0,195,270,0.2670406753685993,0.6894409937887852,38.59095914516135,22.700819914380926,15.890139230780424,0,0,,3.898376256246152,86.11995480372154,90.0183310599677,1,2.937576120907445e-05,1.557241834378093,0.00037896042351714954,ALCISTA,test
USDCHF,44127,44133,44138,2026-04-16 19:45:00+00:00,PUT,0,90,165,0.09608088039951113,0.5742459396752605,59.9109324798734,58.18667678194711,1.7242556979262957,0,0,0.0,3.898376256246152,86.11995480372154,90.0183310599677,1,4.839084964590626e-05,0.7913271647562491,0.0001377705660838835,ALCISTA,test
USDCHF,44143,44148,44149,2026-04-16 23:45:00+00:00,CALL,0,75,90,0.3096676961075877,0.49668874172213917,29.24335378323079,26.142152443359546,3.1012013398712455,0,0,,2.0584015233347834,19.92745323279218,17.869051709457395,1,-8.122166669187284e-06,0.2867557715674362,-0.0001352737890443212,BAJISTA,test
USDCHF,45458,45462,45467,2026-05-06 16:30:00+00:00,PUT,0,60,135,0.054697472218497856,0.8892763731472154,85.34234042293832,77.93626956580876,7.4060708571295635,1,0,,4.684771164246655,85.7183788965156,90.40315006076226,1,0.0002516380173908438,1.1803906868257736,0.0005312146338083412,ALCISTA,test
USDCHF,45740,45771,45776,2026-05-11 15:00:00+00:00,PUT,1,465,540,0.18602236398404032,0.7698675496687016,57.32993197279213,54.383345930968424,2.946586041823707,0,0,0.0,2.6528460963089344,91.15330886876792,93.80615496507686,1,-4.0471492892227215e-05,1.4302489431658054,-0.00010793113993268211,BAJISTA,test
USDCHF,45764,45771,45776,2026-05-11 21:00:00+00:00,PUT,1,105,180,0.07464923915002118,0.5649717514126414,79.52249770431916,81.08356290174822,1.561065197429059,0,0,0.0,2.6528460963089344,91.15330886876792,93.80615496507686,1,6.374417545393258e-05,0.5064213498497131,8.677849307536789e-05,ALCISTA,test
USDCHF,46512,46516,46518,2026-05-21 16:00:00+00:00,PUT,0,60,90,0.38260625427792,0.6980198019801467,87.40360703133666,89.25789658620693,1.8542895548702631,1,1,0.0,5.332239105873157,85.03209027906313,90.36432938493628,1,0.00020054040685667704,1.1579380473755363,0.0004394400278502353,ALCISTA,test
USDCHF,47605,47610,47612,2026-06-08 01:15:00+00:00,PUT,1,75,105,0.26861463351133363,0.7751937984495413,83.39269806317834,76.6868264085736,6.705871654604749,1,0,,2.3902496745952817,88.9598864039758,91.35013607857108,1,7.581365657176199e-05,0.8644735441286064,-0.0002462385800576783,BAJISTA,test
USDCHF,47623,47651,47654,2026-06-08 05:45:00+00:00,PUT,1,420,465,0.03112818197891839,0.6170212765955544,86.52706704397288,87.89202877058447,1.3649617266115968,1,1,0.0,2.002020634891693,90.38211878632247,92.38413942121416,1,0.00025489062843763724,0.9742592038311882,0.0007385338846379597,ALCISTA,test
USDCHF,47630,47651,47654,2026-06-08 07:30:00+00:00,PUT,1,315,360,0.5349091636456484,0.657894736842069,48.356135986732305,55.0693292795277,6.7131932927953955,0,0,,2.002020634891693,90.38211878632247,92.38413942121416,1,-0.00015494376727862076,0.6339098342861278,0.0003075899386704162,ALCISTA,test
USDCHF,47647,47651,47654,2026-06-08 11:45:00+00:00,PUT,1,60,105,0.5107761728479732,0.7085427135677856,88.64396881366815,86.26795903480759,2.3760097788605634,1,0,,2.002020634891693,90.38211878632247,92.38413942121416,1,0.00010707247895571505,1.2776947125186897,0.00033591031695912044,ALCISTA,test
USDCHF,48444,48479,48480,2026-06-18 19:00:00+00:00,PUT,0,525,540,0.37748121863018674,0.8785529715762531,59.921171806001816,43.836538970399715,16.0846328356021,0,0,,3.577019031440827,85.34500729622528,88.9220263276661,1,0.00012604915389599579,1.1247346159543128,0.0003742761610954215,ALCISTA,test
USDCHF,48446,48479,48480,2026-06-18 19:30:00+00:00,PUT,0,495,510,0.1723990243684956,0.6602112676055718,83.87839298333114,72.62366605339712,11.254726929934023,1,0,,3.577019031440827,85.34500729622528,88.9220263276661,1,0.00026113949037874046,0.8977174419378452,0.00026731152982995,ALCISTA,test
USDCHF,48449,48479,48480,2026-06-18 20:15:00+00:00,PUT,0,450,465,0.012135467960533273,0.45454545454541373,84.40853377903876,85.63895983849021,1.230426059451446,1,1,0.0,3.577019031440827,85.34500729622528,88.9220263276661,1,0.00019055950576599907,0.5997006657606359,-7.210181771177826e-05,BAJISTA,test
USDCHF,48475,48479,48480,2026-06-19 02:45:00+00:00,PUT,0,60,75,0.3677558262704243,0.7153502235469046,71.80215520905489,56.734023407140484,15.068131801914404,0,0,,3.577019031440827,85.34500729622528,88.9220263276661,1,5.4738431988670614e-05,0.7668749234350116,0.0001690356516077518,ALCISTA,test
USDCHF,49898,49901,49904,2026-07-09 22:30:00+00:00,PUT,0,45,90,0.1856852479847764,0.7969639468692189,83.08138888720218,72.00188492742798,11.0795039597742,1,0,,3.449160743466024,83.60225858933629,87.05141933280231,1,0.00015245957474294795,0.7225331161011546,0.00016735779236487502,ALCISTA,test
USDJPY,1731,1760,1761,2024-07-30 18:15:00+00:00,CALL,0,435,450,0.3720567062359285,0.8481051344743551,35.45861652797966,36.104170930759445,0.645554402779787,0,0,0.0,2.391762201602999,14.050283437301387,11.658521235698387,1,-0.0002050521836562799,1.465485418973791,-0.005532534874439166,BAJISTA,train
USDJPY,1757,1760,1761,2024-07-31 00:45:00+00:00,CALL,0,45,60,0.3902668511584319,0.988758303525751,11.749680715198954,10.427202177148718,1.3224785380502357,1,0,,2.391762201602999,14.050283437301387,11.658521235698387,1,-0.0004530570935285747,0.14207650273224043,-0.0019232205297240457,BAJISTA,train
USDJPY,3999,4028,4029,2024-09-02 09:15:00+00:00,PUT,0,435,450,0.32171339110131925,0.8732876712329334,81.83734873782163,74.8810700840263,6.956278653795323,1,0,,2.117313291964493,92.6971815559916,94.8144948479561,1,0.0003473348688493267,0.9247426340078098,0.00368285696106474,ALCISTA,train
USDJPY,4283,4290,4293,2024-09-05 08:15:00+00:00,CALL,1,105,150,0.35374427706242934,0.9245102723363349,25.063689488081923,38.09347999485694,13.029790506775019,0,0,,4.8836260995691045,18.974179658920995,14.090553559351891,1,-0.00033629882371487806,0.960802428401742,-2.0196406571804104e-05,BAJISTA,train
USDJPY,5017,5041,5042,2024-09-16 23:45:00+00:00,CALL,1,360,375,0.06553344717162159,0.5276381909547613,13.715961457895263,25.18761173778795,11.471650279892687,1,0,,2.4579401555425946,11.91932757253125,9.461387416988655,1,-0.00011362558730975867,1.1912568306010929,-5.689576695500076e-05,BAJISTA,train
USDJPY,5037,5041,5042,2024-09-17 04:45:00+00:00,CALL,1,60,75,0.11655976376105287,0.9899068322980554,11.055459415173281,14.537766699776979,3.4823072846036975,1,0,,2.4579401555425946,11.91932757253125,9.461387416988655,1,-0.00031311951792711466,1.5905055602280163,9.09955625445491e-05,ALCISTA,train
USDJPY,5111,5115,5117,2024-09-17 23:15:00+00:00,PUT,1,60,90,0.036749354550394873,0.5429864253393937,87.75145107118111,83.98976097968854,3.761690091492568,1,0,,2.0444461230478765,90.04536632311988,92.08981244616776,1,0.0003637488369239805,0.6645077720207254,0.0013840226957217983,ALCISTA,train
USDJPY,5684,5689,5690,2024-09-25 22:30:00+00:00,PUT,1,75,90,0.42176074031414357,0.6725978647688191,80.44041717599151,77.47653494231564,2.963882233675875,1,0,,3.186263044935913,89.61891481313982,92.80517785807574,1,0.00013727468295539905,0.6521156936261382,0.0006128910377907193,ALCISTA,train
USDJPY,6163,6167,6172,2024-10-02 22:15:00+00:00,PUT,1,60,135,0.15149358207566962,0.605074821079884,92.62571494280752,91.83620902470041,0.7895059181071105,1,0,,2.244997721180482,90.24212274763896,92.48712046881944,1,0.0002118580459988314,0.7365735592333355,0.00140528675030005,ALCISTA,train
USDJPY,8721,8757,8758,2024-11-08 14:45:00+00:00,CALL,1,540,555,0.2672686937754344,0.9214743589742251,71.20321173113923,65.38314844595087,5.820063285188368,0,0,,4.418622390286092,18.8678420015674,14.449219611281308,1,0.00020543685759963774,1.0171192773099873,0.0012061144759958342,ALCISTA,train
USDJPY,9792,9795,9800,2024-11-25 18:30:00+00:00,PUT,1,45,120,0.3509276274987055,0.7718536887786722,86.63987465717516,69.75681676551893,16.88305789165622,1,0,,5.140462806947269,82.57235664015427,87.71281944710154,1,0.0005829000040419198,0.9909584086799277,0.0011443948655336378,ALCISTA,train
USDJPY,10512,10537,10541,2024-12-05 06:30:00+00:00,PUT,0,375,435,0.5319151156950871,0.721348314606748,28.449074074072424,24.10493827160373,4.344135802468696,0,0,,2.1707813794407684,88.2441297334916,90.41491111293237,1,2.3653779587915116e-05,0.801472670631549,-0.001809541436368578,BAJISTA,train
USDJPY,10531,10537,10541,2024-12-05 11:15:00+00:00,PUT,0,90,150,0.30558604424618685,0.6778606965174504,79.26212407845922,61.3143928340102,17.947731244449024,0,0,,2.1707813794407684,88.2441297334916,90.41491111293237,1,0.0002949741837077722,0.8732953454126384,0.0007530165603721883,ALCISTA,train
USDJPY,13567,13605,13607,2025-01-22 05:15:00+00:00,PUT,0,570,600,0.5380321310965996,0.8470964304740746,88.46518892940101,82.12043404904232,6.344754880358693,1,0,,2.0906342563328906,82.11702674817836,84.20766100451125,1,0.0001918435017387934,0.7305034550839092,0.0006517753654597946,ALCISTA,train
USDJPY,15022,15062,15063,2025-02-12 09:00:00+00:00,PUT,1,600,615,0.14282257356440195,0.728744939271269,55.45137345137386,56.83258191860413,1.381208467230266,0,0,,3.4261475352266757,87.88899780600735,91.31514534123403,1,-3.965280712279717e-05,0.982299473768139,-9.281437613273269e-05,BAJISTA,train
USDJPY,15313,15317,15319,2025-02-17 09:45:00+00:00,PUT,1,60,90,0.520105266869608,0.8366197183099681,69.91910954262102,67.6679602448249,2.2511492977961183,0,0,0.0,4.312970974697606,85.88112467648877,90.19409565118637,1,0.00016709417953946127,1.0923458320421444,0.0011118775694858307,ALCISTA,train
USDJPY,16606,16610,16615,2025-03-06 21:00:00+00:00,CALL,0,60,135,0.3660040148094842,0.7668034080150385,26.755574377603278,34.79395733229972,8.038382954696441,0,0,,2.660925184659872,16.902585370698485,14.241660186038613,1,-7.627145416720092e-05,0.8340840840840841,0.0002180192025906802,ALCISTA,train
USDJPY,17318,17322,17324,2025-03-18 08:00:00+00:00,PUT,1,60,90,0.3154462138157368,0.6581986143186075,67.61052513974538,57.6709140682575,9.939611071487874,0,0,,4.0155144278310075,86.06383310936201,90.07934753719302,1,4.552343759010742e-05,1.1736334405144695,0.0006332952999870134,ALCISTA,train
USDJPY,18507,18510,18511,2025-04-03 19:15:00+00:00,PUT,1,45,60,0.27855251718533003,0.6033620172103081,84.76833202235376,73.54511083050858,11.223221191845184,1,0,,2.1010953377886636,86.92072473926925,89.02182007705791,1,0.0006159130615024793,1.0620595589906796,0.0005381114342519755,ALCISTA,train
USDJPY,19624,19627,19630,2025-04-21 10:30:00+00:00,CALL,1,45,90,0.31827276929815157,0.7874220374220392,19.742940636633474,31.12119945101883,11.378258814385354,1,0,,3.256768938724404,13.874510996521087,10.617742057796683,1,-6.998031884377336e-05,0.849953012425603,-0.0006270742507102911,BAJISTA,train
USDJPY,19857,19870,19875,2025-04-23 20:45:00+00:00,PUT,1,195,270,0.1613574161370456,0.6834157771414123,93.47635794470388,94.07747736840811,0.6011194237042332,1,0,,4.1516194777377535,80.12674491067327,84.27836438841102,1,0.0005771602783402101,0.6637837264213514,0.002308897501443141,ALCISTA,train
USDJPY,20591,20609,20610,2025-05-05 12:15:00+00:00,CALL,1,270,285,0.29970739399615737,0.9758724687633369,19.611900793488847,26.260735490115945,6.648834696627098,1,0,,2.170708776427894,18.52433220686824,16.353623430440347,1,-0.00035898135723006874,1.092436974789916,-0.0026851798487214085,BAJISTA,train
USDJPY,20981,21009,21010,2025-05-09 13:45:00+00:00,PUT,0,420,435,0.24543068788751005,0.7700709994540275,67.37624634976919,60.30999224698479,7.066254102784399,0,0,,3.4215131972731996,90.07478538517137,93.49629858244457,1,8.92737952209639e-05,0.7644288686890811,0.0002685931915069606,ALCISTA,train
USDJPY,21005,21009,21010,2025-05-09 19:45:00+00:00,PUT,0,60,75,0.1390780925264887,0.5666156202144882,82.03102846829584,72.75239837510354,9.278630093192305,1,0,,3.4215131972731996,90.07478538517137,93.49629858244457,1,0.00020926550561023026,0.7370358514724712,4.1304108381989835e-05,ALCISTA,train
USDJPY,22778,22792,22796,2025-06-05 08:15:00+00:00,PUT,1,210,270,0.438526241444023,0.7784598214284812,84.83495214191764,82.79657097435695,2.0383811675606864,1,0,0.0,2.698703924698819,83.78640610031356,86.48511002501237,1,0.00018336336443183874,0.8495434696308058,0.0018215445719018675,ALCISTA,train
USDJPY,25497,25500,25501,2025-07-16 07:00:00+00:00,PUT,1,45,60,0.5882709533695589,0.9661678594664052,76.47473243836411,67.27766388211727,9.197068556246847,0,0,,4.270944358017957,80.39613060325907,84.66707496127702,1,0.00015109240172290562,0.8918128654970761,-0.00011514924248257064,BAJISTA,train
USDJPY,26931,26959,26962,2025-08-06 05:30:00+00:00,PUT,1,420,465,0.02610376501523851,0.7763578274761769,76.81855942224882,76.34319553977524,0.4753638824735873,0,0,,2.2881752646125904,82.64586819071151,84.9340434553241,1,7.976750420497302e-05,1.0999032748376398,-0.0010488156925064773,BAJISTA,train
USDJPY,27253,27290,27293,2025-08-11 14:00:00+00:00,PUT,0,555,600,0.4562185505684765,0.9351927809679518,91.65329431172263,91.62871578734617,0.024578524376465793,1,0,0.0,4.527871977361158,86.96587959226622,91.49375156962738,1,0.00018345835612210842,0.9357472488462903,0.001132524309986671,ALCISTA,train
USDJPY,27285,27290,27293,2025-08-11 22:00:00+00:00,PUT,0,75,120,0.13811776181379024,0.6404494382024001,74.43251807455033,61.963222673456364,12.469295401093966,0,0,,4.527871977361158,86.96587959226622,91.49375156962738,1,9.295119428170436e-05,0.6466815028145045,0.0005572422923258991,ALCISTA,train
USDJPY,27658,27696,27701,2025-08-15 19:15:00+00:00,PUT,1,570,645,0.36696925525931123,0.4643035446830739,58.89123971900949,46.89419476867561,11.99704495033388,0,0,,2.9407709469931262,82.16326125073607,85.1040321977292,1,0.00016731102629516294,0.7121507472384665,0.0006342637000620321,ALCISTA,train
USDJPY,28208,28214,28216,2025-08-25 12:45:00+00:00,PUT,0,90,120,0.37419291509926506,0.9486607142858072,71.89298271407682,70.54500420652165,1.347978507555169,0,0,0.0,5.184388673734674,85.86589254906472,91.0502812227994,1,2.3651747555627055e-05,0.9747636805133988,0.0005105303677312989,ALCISTA,train
USDJPY,28522,28541,28544,2025-08-28 19:15:00+00:00,PUT,0,285,330,0.15152305604383048,0.5449972051425485,29.834762187699976,37.54826443310134,7.7135022454013615,0,0,,5.052855534008344,85.01292290152003,90.06577843552837,1,-2.289340459574373e-05,0.6241671323561019,-0.000516615061881387,BAJISTA,train
USDJPY,28537,28541,28544,2025-08-28 23:00:00+00:00,PUT,0,60,105,0.5784423961173613,0.8254269449718141,81.69828125134383,69.46993944530335,12.228341806040476,1,0,,5.052855534008344,85.01292290152003,90.06577843552837,1,9.715906642344495e-05,0.6408216403876754,0.0002001407792964205,ALCISTA,train
USDJPY,29718,29736,29737,2025-09-16 06:15:00+00:00,CALL,1,270,285,0.4983051284297521,0.8634686346863136,13.509428783892863,17.05512393217469,3.545695148281828,1,0,,2.0499063542448255,19.375712427140197,17.32580607289537,1,-0.00027919682923348445,1.0386715702663547,-0.0014501366932129223,BAJISTA,train
USDJPY,29915,29953,29956,2025-09-18 07:30:00+00:00,PUT,1,570,615,0.2235174479775634,0.7287889775200411,76.41812577874248,65.1496293917756,11.268496386966874,0,0,,2.450486600810393,92.35508831304087,94.80557491385126,1,0.00015180756434935962,0.857173701824463,0.0004944531195574253,ALCISTA,train
USDJPY,31113,31132,31134,2025-10-06 19:15:00+00:00,PUT,0,285,315,0.4555115501642763,0.6518282988870815,78.80729141494915,67.27266242718879,11.534628987760357,0,0,,2.1844284502874984,88.44940004369157,90.63382849397907,1,0.00010512031613602191,0.5724172734482014,0.0007557551353361003,ALCISTA,train
USDJPY,31993,31996,31998,2025-10-17 23:15:00+00:00,PUT,0,45,75,0.44001492967945066,0.929203539822916,79.87220268326762,78.23034435527762,1.6418583279899934,0,0,0.0,3.688835437520652,82.15038416834794,85.83921960586859,1,5.7998733768108336e-05,0.45898922949461474,0.00043836344314551745,ALCISTA,train
USDJPY,32102,32130,32135,2025-10-21 02:30:00+00:00,PUT,0,420,495,0.24144322975744253,0.6335149863761349,87.95584045583433,83.56137378604664,4.39446666978769,1,0,,2.0763963364193074,91.31167682969408,93.38807316611339,1,8.765953855154999e-05,0.9860762383017575,-0.0002747227224887405,BAJISTA,train
USDJPY,32113,32130,32135,2025-10-21 05:15:00+00:00,PUT,0,255,330,0.15474106568406235,0.5113636363635502,89.23855684856987,81.40606615841618,7.832490690153691,1,0,,2.0763963364193074,91.31167682969408,93.38807316611339,1,0.00034954230425036676,1.0996300548539355,0.001949834860925037,ALCISTA,train
USDJPY,32144,32156,32157,2025-10-21 13:00:00+00:00,PUT,1,180,195,0.37495951408230305,0.9702797202797024,95.13564769762871,93.45979343181688,1.6758542658118358,1,0,,4.649898985382151,83.21643450427966,87.86633348966181,1,0.0005254962243926355,0.724805082298585,0.0020762750965632737,ALCISTA,train
USDJPY,32293,32321,32326,2025-10-23 02:15:00+00:00,CALL,1,420,495,0.05118532315487111,0.8692722371968724,50.00000000000182,39.733737260714,10.266262739287818,0,0,,4.268039806717576,16.635024948282275,12.3669851415647,1,2.1058173203466222e-05,0.9626436781609197,0.0006346366951539562,ALCISTA,train
USDJPY,35145,35176,35177,2025-12-03 22:00:00+00:00,PUT,0,465,480,0.06321487757888786,0.6910569105692894,59.98865739584263,47.67996477472207,12.308692621120557,0,0,,2.1253568243357392,90.15909490597637,92.28445173031211,1,3.0743478485898134e-05,0.5342319388509904,0.00032255995957841677,ALCISTA,test
USDJPY,35170,35176,35177,2025-12-04 04:15:00+00:00,PUT,0,90,105,0.5389096632518333,0.7605633802817257,73.36268223434689,70.63118972481406,2.7314925095328277,0,0,,2.1253568243357392,90.15909490597637,92.28445173031211,1,0.00015395494935711756,1.073132980781633,-0.00018550509559289718,BAJISTA,test
USDJPY,35173,35176,35177,2025-12-04 05:00:00+00:00,PUT,0,45,60,0.358092385101199,0.6275303643725896,89.18859346088537,83.50062962437137,5.687963836514001,1,0,,2.1253568243357392,90.15909490597637,92.28445173031211,1,0.00021396337124864393,1.079918767172381,-0.00017874309785925746,BAJISTA,test
USDJPY,36035,36058,36061,2025-12-17 04:30:00+00:00,PUT,0,345,390,0.2902611522751317,0.5874409182983755,75.98330860766225,55.64218563422622,20.34112297343603,0,0,,2.100907157105297,91.43435990590176,93.53526706300705,1,0.00017457280415443364,1.3003901170351106,0.002622682373681018,ALCISTA,test
USDJPY,36277,36305,36306,2025-12-19 17:00:00+00:00,PUT,1,420,435,0.3155270467778419,0.9248704663212658,76.79589872513446,63.65792942741863,13.137969297715834,0,0,,5.33612073190001,84.72694304791423,90.06306377981424,1,8.588059171766091e-05,1.3763509218054673,0.0005338417540514673,ALCISTA,test
USDJPY,39290,39321,39323,2026-02-05 02:15:00+00:00,PUT,1,465,495,0.18713749066862145,0.6357214934410204,78.05716720234024,69.30522579931029,8.751941403029946,0,0,,2.1217769433145577,81.61637701526712,83.73815395858168,1,8.716378991401371e-05,1.1684782608695652,6.375192849628064e-06,ALCISTA,test
USDJPY,39756,39795,39799,2026-02-11 22:45:00+00:00,PUT,1,585,645,0.3195533236101436,0.8709677419355218,82.4626728755651,66.41109777880801,16.05157509675709,1,0,,2.166305542892488,89.60987002115625,91.77617556404874,1,0.0003822342368428745,0.9485458612975392,0.0011444412944729976,ALCISTA,test
USDJPY,40921,40935,40938,2026-03-02 07:15:00+00:00,PUT,1,210,255,0.3421507576767238,0.8143743536710576,88.72685301613741,77.40454716733431,11.322305848803097,1,0,,4.875735314759879,83.4732548837094,88.34899019846928,1,0.0003474759848697451,0.9079997175739604,0.0011720590319403978,ALCISTA,test
USDJPY,41809,41848,41850,2026-03-13 13:15:00+00:00,PUT,1,585,615,0.04291041030766008,0.6584362139916593,61.90007449901406,65.89554359626648,3.9954690972524176,0,0,,2.080360434378889,85.64612985003087,87.72649028440976,1,3.8547863216674277e-05,1.0000847529451649,-0.0016559169067297264,BAJISTA,test
USDJPY,41845,41848,41850,2026-03-13 22:15:00+00:00,PUT,1,45,75,0.2893938711859252,0.9529025191674781,87.41532697387771,86.63514395892616,0.7801830149515467,1,0,,2.080360434378889,85.64612985003087,87.72649028440976,1,5.199109775786538e-05,0.43688921737702224,0.0004416117262007191,ALCISTA,test
USDJPY,42999,43006,43008,2026-04-01 01:45:00+00:00,CALL,0,105,135,0.0,0.33155487804872874,25.678236841561155,24.04130854534891,1.6369282962122433,0,0,0.0,2.407381385298832,18.263010567345543,15.85562918204671,1,5.994626981555749e-06,1.4489740082079343,0.0003061679614757562,ALCISTA,test
USDJPY,43839,43870,43872,2026-04-13 19:45:00+00:00,CALL,1,465,495,0.010530091654551826,0.9581043956045296,50.66721016764429,62.76706423889547,12.09985407125118,0,0,,3.003689654350037,13.6520180769815,10.648328422631463,1,-1.3296968025325896e-05,1.266243811881188,-0.00027072893766455497,BAJISTA,test
USDJPY,44118,44133,44138,2026-04-16 17:30:00+00:00,PUT,0,225,300,0.28823939153348327,0.7397260273972842,64.11929446388862,66.29362428824236,2.174329824353734,0,0,,3.3173147650974073,82.57238703995326,85.88970180505066,1,8.10238397799445e-05,1.3100211460106246,0.00026958056657155893,ALCISTA,test
USDJPY,44796,44802,44805,2026-04-27 19:00:00+00:00,PUT,0,90,135,0.2407346534617799,0.8090753424660212,82.16956075472599,75.56940971347804,6.600151041247955,1,0,,3.23698850757566,91.41365500915997,94.65064351673563,1,4.8199380331765014e-05,0.7435625421930755,0.00034488158385692635,ALCISTA,test
USDJPY,44957,44965,44966,2026-04-29 11:15:00+00:00,PUT,0,120,135,0.29909491500366464,0.6818181818182533,64.67224399025531,51.214891689316794,13.457352300938517,0,0,,2.790557543730202,90.56430374493867,93.35486128866887,1,9.029542348264805e-06,1.5260115606936415,0.0002760789773685879,ALCISTA,test
USDJPY,45567,45571,45572,2026-05-07 19:45:00+00:00,PUT,0,60,75,0.396610995601419,0.6406480117819233,92.66420746263697,93.40536168488343,0.7411542222464647,1,1,0.0,2.105742615364406,92.03050535809473,94.13624797345913,1,0.00023776566056388912,0.7638831416039064,0.0004483766466023553,ALCISTA,test
USDJPY,46503,46515,46519,2026-05-21 13:45:00+00:00,PUT,0,180,240,0.33425145819060914,0.6638566912539879,70.85127680871658,54.060869380010445,16.790407428706132,0,0,,2.649552107444066,84.52954381644842,87.17909592389249,1,9.487490775784429e-05,1.3792042657916324,0.0006827938465563399,ALCISTA,test
USDJPY,46962,46969,46973,2026-05-28 08:30:00+00:00,CALL,0,105,165,0.5864684486593997,0.7679180887372511,30.446194225718386,33.158355205594525,2.7121609798761384,0,0,0.0,2.9463803972479585,12.058978705668528,9.11259830842057,1,-3.662020573027809e-05,0.982078853046595,-0.0006226640306072895,BAJISTA,test
USDJPY,47872,47888,47891,2026-06-10 20:00:00+00:00,PUT,0,240,285,0.19546797926912485,0.8915304606239669,76.36843661184655,74.19114795850967,2.1772886533368734,0,0,0.0,2.6715662653693784,85.8598243896597,88.53139065502909,1,1.6577397945222138e-05,0.7064475109499364,0.00041873907196965376,ALCISTA,test
USDJPY,48539,48547,48552,2026-06-19 18:45:00+00:00,PUT,0,120,195,0.3936621076189045,0.6857142857141493,61.840584119252526,52.264936374751386,9.57564774450114,0,0,0.0,3.2715064878824904,87.61297182349678,90.88447831137927,1,-8.078102855633881e-06,0.4091630999488546,0.0004142142454977016,ALCISTA,test
USDJPY,48687,48717,48718,2026-06-23 07:45:00+00:00,PUT,0,450,465,0.25663861820139844,0.8737864077671912,66.8018173452966,53.8920519898816,12.909765355414997,0,0,,3.699315811577634,83.8246853514023,87.52400116297993,1,2.2388492090084237e-05,0.7926459694255505,3.8365671881868124e-05,ALCISTA,test
USDJPY,49292,49328,49331,2026-07-01 15:00:00+00:00,PUT,0,540,585,0.04335894156018565,0.711574952561811,55.89316589316766,57.007324785102725,1.1141588919350625,0,0,,6.038548659779494,83.55098449753997,89.58953315731947,1,-1.0281179072435063e-05,1.0974025974025974,7.529761767544052e-05,ALCISTA,test
USDJPY,49314,49328,49331,2026-07-01 20:30:00+00:00,PUT,0,210,255,0.4858234138643711,0.7291666666668261,81.24760161752002,62.33674335920665,18.910858258313368,1,0,,6.038548659779494,83.55098449753997,89.58953315731947,1,6.663776668388387e-05,0.39830560126775155,0.000552966803836652,ALCISTA,test
USDJPY,49622,49657,49658,2026-07-07 01:30:00+00:00,PUT,1,525,540,0.03206596840544963,0.3716216216214735,36.71347379686141,38.443434955809096,1.7299611589476882,0,0,,2.8123813218883242,87.9351859437573,90.74756726564563,1,4.038335016937859e-06,0.78598995725609,0.0002726900316369907,ALCISTA,test
