asset,brake_idx,cross_idx,direction,original_win,original_separation,max_separation_reachable,reached_2,wait_cycles_2,win_wait_2,confirm_idx_wait_2,entry_idx_wait_2,actionable_2,winrate_actionable_2,reached_3,wait_cycles_3,win_wait_3,confirm_idx_wait_3,entry_idx_wait_3,actionable_3,winrate_actionable_3,reached_4,wait_cycles_4,win_wait_4,confirm_idx_wait_4,entry_idx_wait_4,actionable_4,winrate_actionable_4,reached_5,wait_cycles_5,win_wait_5,confirm_idx_wait_5,entry_idx_wait_5,actionable_5,winrate_actionable_5,reached_6,wait_cycles_6,win_wait_6,confirm_idx_wait_6,entry_idx_wait_6,actionable_6,winrate_actionable_6
AUDUSD,179,203,CALL,0,5.691894793342769,7.883699169217962,1,0,0,205,206,1,0.0,1,0,0,205,206,1,0.0,1,0.0,0.0,-1,-1,0,,1,0.0,0.0,-1,-1,0,,1,1.0,0.0,-1,-1,0,
AUDUSD,1354,1365,CALL,0,2.260951674449102,5.912907350400417,1,0,0,1366,1367,1,0.0,1,1,0,-1,-1,0,,1,1.0,0.0,-1,-1,0,,1,1.0,0.0,-1,-1,0,,0,,,-1,-1,0,
AUDUSD,1360,1365,CALL,0,2.260951674449102,5.912907350400417,1,0,0,1366,1367,1,0.0,1,1,0,-1,-1,0,,1,1.0,0.0,-1,-1,0,,1,1.0,0.0,-1,-1,0,,0,,,-1,-1,0,
AUDUSD,1439,1453,PUT,1,3.8393742479733817,13.331357389428831,1,0,1,1455,1456,1,1.0,1,0,1,1455,1456,1,1.0,1,1.0,1.0,1455,1456,1,1.0,1,1.0,1.0,1455,1456,1,1.0,1,1.0,1.0,1455,1456,1,1.0
AUDUSD,3177,3196,PUT,0,3.2599513247473624,14.17178307697872,1,0,0,3201,3202,1,0.0,1,0,0,3201,3202,1,0.0,1,1.0,0.0,3201,3202,1,0.0,1,1.0,0.0,3201,3202,1,0.0,1,1.0,0.0,3201,3202,1,0.0
AUDUSD,3187,3196,PUT,0,3.2599513247473624,14.17178307697872,1,0,0,3201,3202,1,0.0,1,0,0,3201,3202,1,0.0,1,1.0,0.0,3201,3202,1,0.0,1,1.0,0.0,3201,3202,1,0.0,1,1.0,0.0,3201,3202,1,0.0
AUDUSD,3277,3303,PUT,1,3.746481262789701,13.115443477974353,1,0,1,3306,3307,1,1.0,1,0,1,3306,3307,1,1.0,1,1.0,1.0,3306,3307,1,1.0,1,1.0,1.0,3306,3307,1,1.0,1,4.0,0.0,-1,-1,0,
AUDUSD,3300,3303,PUT,1,3.746481262789701,13.115443477974353,1,0,1,3306,3307,1,1.0,1,0,1,3306,3307,1,1.0,1,1.0,1.0,3306,3307,1,1.0,1,1.0,1.0,3306,3307,1,1.0,1,4.0,0.0,-1,-1,0,
AUDUSD,4205,4216,PUT,0,2.604350382128061,12.91219887412371,1,0,0,4217,4218,1,0.0,1,1,0,-1,-1,0,,1,1.0,0.0,-1,-1,0,,1,1.0,0.0,-1,-1,0,,1,1.0,0.0,-1,-1,0,
AUDUSD,4212,4216,PUT,0,2.604350382128061,12.91219887412371,1,0,0,4217,4218,1,0.0,1,1,0,-1,-1,0,,1,1.0,0.0,-1,-1,0,,1,1.0,0.0,-1,-1,0,,1,1.0,0.0,-1,-1,0,
AUDUSD,5507,5540,CALL,1,6.714966559508738,15.000304200189241,1,0,1,5542,5543,1,1.0,1,0,0,-1,-1,0,,1,0.0,0.0,-1,-1,0,,1,0.0,0.0,-1,-1,0,,1,0.0,0.0,-1,-1,0,
AUDUSD,5917,5952,PUT,1,5.200864935806536,17.64764255168911,1,0,1,5956,5957,1,1.0,1,0,1,5956,5957,1,1.0,1,0.0,1.0,5956,5957,1,1.0,1,0.0,0.0,-1,-1,0,,1,1.0,0.0,-1,-1,0,
AUDUSD,6067,6103,PUT,1,2.5403369328427488,15.801649628317247,1,0,1,6108,6109,1,1.0,1,1,1,6108,6109,1,1.0,1,1.0,1.0,6108,6109,1,1.0,1,2.0,1.0,6108,6109,1,1.0,1,4.0,1.0,6108,6109,1,1.0
AUDUSD,6072,6103,PUT,1,2.5403369328427488,15.801649628317247,1,0,1,6108,6109,1,1.0,1,1,1,6108,6109,1,1.0,1,1.0,1.0,6108,6109,1,1.0,1,2.0,1.0,6108,6109,1,1.0,1,4.0,1.0,6108,6109,1,1.0
AUDUSD,6153,6166,CALL,0,2.930782198852789,14.332513484598,1,0,0,6169,6170,1,0.0,1,1,0,6169,6170,1,0.0,1,1.0,0.0,6169,6170,1,0.0,1,1.0,0.0,6169,6170,1,0.0,1,1.0,0.0,6169,6170,1,0.0
AUDUSD,6165,6166,CALL,0,2.930782198852789,14.332513484598,1,0,0,6169,6170,1,0.0,1,1,0,6169,6170,1,0.0,1,1.0,0.0,6169,6170,1,0.0,1,1.0,0.0,6169,6170,1,0.0,1,1.0,0.0,6169,6170,1,0.0
AUDUSD,7544,7557,CALL,0,2.159240701429922,3.1586083926432043,1,0,0,7558,7559,1,0.0,1,4,0,-1,-1,0,,0,,,-1,-1,0,,0,,,-1,-1,0,,0,,,-1,-1,0,
AUDUSD,9131,9134,CALL,0,2.677434144525911,9.995846036706645,1,0,0,9135,9136,1,0.0,1,1,0,-1,-1,0,,1,5.0,0.0,-1,-1,0,,1,18.0,0.0,-1,-1,0,,1,18.0,0.0,-1,-1,0,
AUDUSD,9461,9487,CALL,0,2.695125756171109,8.805415388046725,1,0,0,9491,9492,1,0.0,1,1,0,9491,9492,1,0.0,1,3.0,0.0,9491,9492,1,0.0,1,4.0,0.0,9492,9493,1,0.0,1,4.0,0.0,9492,9493,1,0.0
AUDUSD,11462,11493,PUT,0,3.255196622674589,4.876307711218601,1,0,0,11495,11496,1,0.0,1,0,0,11495,11496,1,0.0,1,1.0,0.0,-1,-1,0,,0,,,-1,-1,0,,0,,,-1,-1,0,
AUDUSD,11466,11493,PUT,0,3.255196622674589,4.876307711218601,1,0,0,11495,11496,1,0.0,1,0,0,11495,11496,1,0.0,1,1.0,0.0,-1,-1,0,,0,,,-1,-1,0,,0,,,-1,-1,0,
AUDUSD,11959,11961,CALL,1,2.091542238795988,20.436097197780526,1,0,1,11965,11966,1,1.0,1,1,1,11965,11966,1,1.0,1,1.0,1.0,11965,11966,1,1.0,1,1.0,1.0,11965,11966,1,1.0,1,1.0,1.0,11965,11966,1,1.0
AUDUSD,13156,13173,PUT,1,4.949242382969061,13.303887632610063,1,0,1,13175,13176,1,1.0,1,0,1,13175,13176,1,1.0,1,0.0,1.0,13175,13176,1,1.0,1,1.0,1.0,13175,13176,1,1.0,1,1.0,1.0,13175,13176,1,1.0
AUDUSD,13162,13173,PUT,1,4.949242382969061,13.303887632610063,1,0,1,13175,13176,1,1.0,1,0,1,13175,13176,1,1.0,1,0.0,1.0,13175,13176,1,1.0,1,1.0,1.0,13175,13176,1,1.0,1,1.0,1.0,13175,13176,1,1.0
AUDUSD,13204,13211,PUT,1,4.395722378452675,12.785531558708215,1,0,1,13216,13217,1,1.0,1,0,1,13216,13217,1,1.0,1,0.0,1.0,13216,13217,1,1.0,1,1.0,1.0,13216,13217,1,1.0,1,1.0,1.0,13216,13217,1,1.0
AUDUSD,14127,14135,PUT,0,2.0252440692742084,14.619332120710652,1,0,0,14136,14137,1,0.0,1,2,0,-1,-1,0,,1,4.0,0.0,-1,-1,0,,1,8.0,0.0,-1,-1,0,,1,8.0,0.0,-1,-1,0,
AUDUSD,14131,14135,PUT,0,2.0252440692742084,14.619332120710652,1,0,0,14136,14137,1,0.0,1,2,0,-1,-1,0,,1,4.0,0.0,-1,-1,0,,1,8.0,0.0,-1,-1,0,,1,8.0,0.0,-1,-1,0,
AUDUSD,14842,14868,PUT,0,2.0336087638826257,14.641870987850382,1,0,0,14871,14872,1,0.0,1,1,0,14871,14872,1,0.0,1,1.0,0.0,14871,14872,1,0.0,1,1.0,0.0,14871,14872,1,0.0,1,1.0,0.0,14871,14872,1,0.0
AUDUSD,14865,14868,PUT,0,2.0336087638826257,14.641870987850382,1,0,0,14871,14872,1,0.0,1,1,0,14871,14872,1,0.0,1,1.0,0.0,14871,14872,1,0.0,1,1.0,0.0,14871,14872,1,0.0,1,1.0,0.0,14871,14872,1,0.0
AUDUSD,15830,15860,CALL,1,3.424260505707116,10.487034724964388,1,0,1,15864,15865,1,1.0,1,0,0,-1,-1,0,,1,1.0,0.0,-1,-1,0,,1,1.0,0.0,-1,-1,0,,1,1.0,0.0,-1,-1,0,
AUDUSD,16979,17001,PUT,0,3.443003912704896,10.926972633936558,1,0,0,17003,17004,1,0.0,1,0,0,17003,17004,1,0.0,1,1.0,0.0,17003,17004,1,0.0,1,1.0,0.0,17003,17004,1,0.0,1,1.0,0.0,17003,17004,1,0.0
AUDUSD,16996,17001,PUT,0,3.443003912704896,10.926972633936558,1,0,0,17003,17004,1,0.0,1,0,0,17003,17004,1,0.0,1,1.0,0.0,17003,17004,1,0.0,1,1.0,0.0,17003,17004,1,0.0,1,1.0,0.0,17003,17004,1,0.0
AUDUSD,17685,17720,PUT,1,3.5397413601112504,16.962855557434644,1,0,1,17722,17723,1,1.0,1,0,1,17722,17723,1,1.0,1,1.0,1.0,17722,17723,1,1.0,1,1.0,1.0,17722,17723,1,1.0,1,1.0,1.0,17722,17723,1,1.0
AUDUSD,17832,17850,CALL,0,2.0497078042043944,9.591181751106625,1,0,0,17853,17854,1,0.0,1,1,0,17853,17854,1,0.0,1,1.0,0.0,17853,17854,1,0.0,1,1.0,0.0,17853,17854,1,0.0,1,2.0,0.0,17853,17854,1,0.0
AUDUSD,17845,17850,CALL,0,2.0497078042043944,9.591181751106625,1,0,0,17853,17854,1,0.0,1,1,0,17853,17854,1,0.0,1,1.0,0.0,17853,17854,1,0.0,1,1.0,0.0,17853,17854,1,0.0,1,2.0,0.0,17853,17854,1,0.0
AUDUSD,17864,17870,PUT,0,9.131931810524748,25.95302309427517,1,0,0,17872,17873,1,0.0,1,0,0,17872,17873,1,0.0,1,0.0,0.0,17872,17873,1,0.0,1,0.0,0.0,17872,17873,1,0.0,1,0.0,0.0,17872,17873,1,0.0
AUDUSD,17867,17870,PUT,0,9.131931810524748,25.95302309427517,1,0,0,17872,17873,1,0.0,1,0,0,17872,17873,1,0.0,1,0.0,0.0,17872,17873,1,0.0,1,0.0,0.0,17872,17873,1,0.0,1,0.0,0.0,17872,17873,1,0.0
AUDUSD,18238,18274,PUT,1,3.615893185878448,13.692270931022442,1,0,1,18276,18277,1,1.0,1,0,1,18276,18277,1,1.0,1,1.0,1.0,18276,18277,1,1.0,1,1.0,1.0,18276,18277,1,1.0,1,1.0,1.0,18276,18277,1,1.0
AUDUSD,18740,18744,PUT,0,2.1883533589025177,16.074474904676002,1,0,0,18746,18747,1,0.0,1,1,0,-1,-1,0,,1,9.0,0.0,-1,-1,0,,1,10.0,0.0,-1,-1,0,,1,10.0,0.0,-1,-1,0,
AUDUSD,20246,20270,PUT,0,4.846418792259598,12.362473621870272,1,0,0,20271,20272,1,0.0,1,0,0,20271,20272,1,0.0,1,0.0,0.0,20271,20272,1,0.0,1,1.0,0.0,-1,-1,0,,1,1.0,0.0,-1,-1,0,
AUDUSD,20779,20787,CALL,0,2.0261719467622594,11.182925540910247,1,0,0,20792,20793,1,0.0,1,1,0,20792,20793,1,0.0,1,1.0,0.0,20792,20793,1,0.0,1,4.0,0.0,20792,20793,1,0.0,1,4.0,0.0,20792,20793,1,0.0
AUDUSD,22262,22298,PUT,0,3.3250769720166744,10.887100563205792,1,0,0,22300,22301,1,0.0,1,0,0,22300,22301,1,0.0,1,1.0,0.0,22300,22301,1,0.0,1,1.0,0.0,22300,22301,1,0.0,1,1.0,0.0,22300,22301,1,0.0
AUDUSD,22295,22298,PUT,0,3.3250769720166744,10.887100563205792,1,0,0,22300,22301,1,0.0,1,0,0,22300,22301,1,0.0,1,1.0,0.0,22300,22301,1,0.0,1,1.0,0.0,22300,22301,1,0.0,1,1.0,0.0,22300,22301,1,0.0
AUDUSD,22736,22762,PUT,0,3.946997856219596,11.235312163467192,1,0,0,22766,22767,1,0.0,1,0,0,22766,22767,1,0.0,1,1.0,0.0,22766,22767,1,0.0,1,1.0,0.0,22766,22767,1,0.0,1,1.0,0.0,22766,22767,1,0.0
AUDUSD,23111,23127,PUT,0,2.200535465732713,20.654184410865152,1,0,0,23130,23131,1,0.0,1,1,0,23130,23131,1,0.0,1,1.0,0.0,23130,23131,1,0.0,1,1.0,0.0,23130,23131,1,0.0,1,1.0,0.0,23130,23131,1,0.0
AUDUSD,25768,25797,PUT,0,3.4916130123007605,15.571611882718955,1,0,0,25802,25803,1,0.0,1,0,0,25802,25803,1,0.0,1,1.0,0.0,25802,25803,1,0.0,1,1.0,0.0,25802,25803,1,0.0,1,1.0,0.0,25802,25803,1,0.0
AUDUSD,25786,25797,PUT,0,3.4916130123007605,15.571611882718955,1,0,0,25802,25803,1,0.0,1,0,0,25802,25803,1,0.0,1,1.0,0.0,25802,25803,1,0.0,1,1.0,0.0,25802,25803,1,0.0,1,1.0,0.0,25802,25803,1,0.0
AUDUSD,26094,26124,CALL,0,2.340493084199757,18.62898533906173,1,0,0,26128,26129,1,0.0,1,1,0,-1,-1,0,,1,1.0,0.0,-1,-1,0,,1,1.0,0.0,-1,-1,0,,1,8.0,0.0,-1,-1,0,
AUDUSD,26100,26124,CALL,0,2.340493084199757,18.62898533906173,1,0,0,26128,26129,1,0.0,1,1,0,-1,-1,0,,1,1.0,0.0,-1,-1,0,,1,1.0,0.0,-1,-1,0,,1,8.0,0.0,-1,-1,0,
AUDUSD,26416,26446,PUT,0,3.0442431204248805,12.987292179805678,1,0,0,26447,26448,1,0.0,1,0,0,26447,26448,1,0.0,1,1.0,0.0,-1,-1,0,,1,1.0,0.0,-1,-1,0,,1,1.0,0.0,-1,-1,0,
AUDUSD,26425,26446,PUT,0,3.0442431204248805,12.987292179805678,1,0,0,26447,26448,1,0.0,1,0,0,26447,26448,1,0.0,1,1.0,0.0,-1,-1,0,,1,1.0,0.0,-1,-1,0,,1,1.0,0.0,-1,-1,0,
AUDUSD,26774,26784,PUT,1,2.089255329251245,13.414820791109566,1,0,1,26785,26786,1,1.0,1,1,0,-1,-1,0,,1,1.0,0.0,-1,-1,0,,1,1.0,0.0,-1,-1,0,,1,1.0,0.0,-1,-1,0,
AUDUSD,26782,26784,PUT,1,2.089255329251245,13.414820791109566,1,0,1,26785,26786,1,1.0,1,1,0,-1,-1,0,,1,1.0,0.0,-1,-1,0,,1,1.0,0.0,-1,-1,0,,1,1.0,0.0,-1,-1,0,
AUDUSD,26845,26862,CALL,0,2.824035815536149,13.59426035851174,1,0,0,26864,26865,1,0.0,1,1,0,26864,26865,1,0.0,1,1.0,0.0,26864,26865,1,0.0,1,1.0,0.0,26864,26865,1,0.0,1,1.0,0.0,26864,26865,1,0.0
AUDUSD,27281,27320,PUT,1,3.9689740143376175,13.982646240710409,1,0,1,27323,27324,1,1.0,1,0,1,27323,27324,1,1.0,1,1.0,1.0,27323,27324,1,1.0,1,1.0,1.0,27323,27324,1,1.0,1,1.0,1.0,27323,27324,1,1.0
AUDUSD,27418,27442,PUT,1,2.695674883874944,13.37818491258038,1,0,1,27447,27448,1,1.0,1,1,1,27447,27448,1,1.0,1,1.0,1.0,27447,27448,1,1.0,1,1.0,1.0,27447,27448,1,1.0,1,1.0,1.0,27447,27448,1,1.0
AUDUSD,28076,28110,PUT,0,6.0964234918186975,17.140223092604074,1,0,0,28114,28115,1,0.0,1,0,0,28114,28115,1,0.0,1,0.0,0.0,28114,28115,1,0.0,1,0.0,0.0,28114,28115,1,0.0,1,0.0,0.0,28114,28115,1,0.0
AUDUSD,28524,28558,PUT,0,3.507035149294097,9.445630604704142,1,0,0,28560,28561,1,0.0,1,0,0,28560,28561,1,0.0,1,1.0,0.0,28560,28561,1,0.0,1,1.0,0.0,28560,28561,1,0.0,1,8.0,0.0,-1,-1,0,
AUDUSD,28531,28558,PUT,0,3.507035149294097,9.445630604704142,1,0,0,28560,28561,1,0.0,1,0,0,28560,28561,1,0.0,1,1.0,0.0,28560,28561,1,0.0,1,1.0,0.0,28560,28561,1,0.0,1,8.0,0.0,-1,-1,0,
AUDUSD,29215,29249,PUT,0,2.146179960126801,11.913902819454293,1,0,0,29252,29253,1,0.0,1,1,0,29252,29253,1,0.0,1,1.0,0.0,29252,29253,1,0.0,1,1.0,0.0,29252,29253,1,0.0,1,1.0,0.0,29252,29253,1,0.0
AUDUSD,29413,29417,PUT,0,4.348152031340575,13.043310578888814,1,0,0,29421,29422,1,0.0,1,0,0,29421,29422,1,0.0,1,0.0,0.0,29421,29422,1,0.0,1,1.0,0.0,29421,29422,1,0.0,1,1.0,0.0,29421,29422,1,0.0
AUDUSD,29689,29706,PUT,0,4.011143094619797,18.135181760426327,1,0,0,29708,29709,1,0.0,1,0,0,29708,29709,1,0.0,1,0.0,0.0,29708,29709,1,0.0,1,1.0,0.0,29708,29709,1,0.0,1,1.0,0.0,29708,29709,1,0.0
AUDUSD,30107,30132,PUT,0,2.347724146100404,11.787738703543578,1,0,0,30134,30135,1,0.0,1,1,0,30134,30135,1,0.0,1,1.0,0.0,30134,30135,1,0.0,1,3.0,0.0,-1,-1,0,,1,5.0,0.0,-1,-1,0,
AUDUSD,30128,30132,PUT,0,2.347724146100404,11.787738703543578,1,0,0,30134,30135,1,0.0,1,1,0,30134,30135,1,0.0,1,1.0,0.0,30134,30135,1,0.0,1,3.0,0.0,-1,-1,0,,1,5.0,0.0,-1,-1,0,
AUDUSD,31051,31064,PUT,1,2.320594533480872,18.376401743879285,1,0,1,31066,31067,1,1.0,1,1,1,31066,31067,1,1.0,1,1.0,1.0,31066,31067,1,1.0,1,1.0,1.0,31066,31067,1,1.0,1,1.0,1.0,31066,31067,1,1.0
AUDUSD,31976,32005,PUT,0,2.7989332689110995,10.305861317981595,1,0,0,32007,32008,1,0.0,1,1,0,32007,32008,1,0.0,1,1.0,0.0,32007,32008,1,0.0,1,1.0,0.0,32007,32008,1,0.0,1,1.0,0.0,32007,32008,1,0.0
AUDUSD,32002,32005,PUT,0,2.7989332689110995,10.305861317981595,1,0,0,32007,32008,1,0.0,1,1,0,32007,32008,1,0.0,1,1.0,0.0,32007,32008,1,0.0,1,1.0,0.0,32007,32008,1,0.0,1,1.0,0.0,32007,32008,1,0.0
AUDUSD,32234,32248,CALL,1,3.547674115760664,12.235696888593814,1,0,1,32252,32253,1,1.0,1,0,1,32252,32253,1,1.0,1,1.0,0.0,-1,-1,0,,1,1.0,0.0,-1,-1,0,,1,1.0,0.0,-1,-1,0,
AUDUSD,32314,32346,CALL,1,2.7763342803497224,14.050387357273799,1,0,1,32347,32348,1,1.0,1,1,1,32351,32352,1,1.0,1,1.0,1.0,32351,32352,1,1.0,1,1.0,1.0,32351,32352,1,1.0,1,1.0,1.0,32351,32352,1,1.0
AUDUSD,32317,32346,CALL,1,2.7763342803497224,14.050387357273799,1,0,1,32347,32348,1,1.0,1,1,1,32351,32352,1,1.0,1,1.0,1.0,32351,32352,1,1.0,1,1.0,1.0,32351,32352,1,1.0,1,1.0,1.0,32351,32352,1,1.0
AUDUSD,32343,32346,CALL,1,2.7763342803497224,14.050387357273799,1,0,1,32347,32348,1,1.0,1,1,1,32351,32352,1,1.0,1,1.0,1.0,32351,32352,1,1.0,1,1.0,1.0,32351,32352,1,1.0,1,1.0,1.0,32351,32352,1,1.0
AUDUSD,33606,33627,PUT,0,2.5183423365312905,16.680240219693715,1,0,0,33631,33632,1,0.0,1,1,0,33631,33632,1,0.0,1,1.0,0.0,33631,33632,1,0.0,1,1.0,0.0,33631,33632,1,0.0,1,1.0,0.0,33631,33632,1,0.0
AUDUSD,33609,33627,PUT,0,2.5183423365312905,16.680240219693715,1,0,0,33631,33632,1,0.0,1,1,0,33631,33632,1,0.0,1,1.0,0.0,33631,33632,1,0.0,1,1.0,0.0,33631,33632,1,0.0,1,1.0,0.0,33631,33632,1,0.0
AUDUSD,33696,33701,PUT,0,2.0543121487592373,13.612296988382631,1,0,0,33705,33706,1,0.0,1,1,0,33705,33706,1,0.0,1,1.0,0.0,33705,33706,1,0.0,1,1.0,0.0,33705,33706,1,0.0,1,1.0,0.0,33705,33706,1,0.0
AUDUSD,34285,34317,CALL,0,4.721321173086633,16.89437601543944,1,0,0,34322,34323,1,0.0,1,0,0,34322,34323,1,0.0,1,0.0,0.0,34322,34323,1,0.0,1,1.0,0.0,34322,34323,1,0.0,1,1.0,0.0,34324,34325,1,0.0
AUDUSD,34288,34317,CALL,0,4.721321173086633,16.89437601543944,1,0,0,34322,34323,1,0.0,1,0,0,34322,34323,1,0.0,1,0.0,0.0,34322,34323,1,0.0,1,1.0,0.0,34322,34323,1,0.0,1,1.0,0.0,34324,34325,1,0.0
AUDUSD,35218,35226,PUT,0,4.698582690550978,11.105558460799553,1,0,0,35231,35232,1,0.0,1,0,0,35231,35232,1,0.0,1,0.0,0.0,-1,-1,0,,1,1.0,0.0,-1,-1,0,,1,1.0,0.0,-1,-1,0,
AUDUSD,35222,35226,PUT,0,4.698582690550978,11.105558460799553,1,0,0,35231,35232,1,0.0,1,0,0,35231,35232,1,0.0,1,0.0,0.0,-1,-1,0,,1,1.0,0.0,-1,-1,0,,1,1.0,0.0,-1,-1,0,
AUDUSD,35671,35700,PUT,1,5.597953661384281,13.668963672418379,1,0,1,35703,35704,1,1.0,1,0,1,35703,35704,1,1.0,1,0.0,1.0,35703,35704,1,1.0,1,0.0,1.0,35703,35704,1,1.0,1,1.0,1.0,35703,35704,1,1.0
AUDUSD,35832,35853,CALL,0,3.646014597340871,11.21070650482472,1,0,0,35855,35856,1,0.0,1,0,0,35855,35856,1,0.0,1,1.0,0.0,35855,35856,1,0.0,1,1.0,0.0,-1,-1,0,,1,7.0,0.0,-1,-1,0,
AUDUSD,35913,35937,CALL,1,3.039742081793727,11.928991844912105,1,0,1,35942,35943,1,1.0,1,0,0,-1,-1,0,,1,1.0,0.0,-1,-1,0,,1,1.0,0.0,-1,-1,0,,1,1.0,0.0,-1,-1,0,
AUDUSD,38929,38955,PUT,1,3.020219978074578,10.308107428019497,1,0,1,38959,38960,1,1.0,1,0,1,38959,38960,1,1.0,1,1.0,0.0,-1,-1,0,,1,1.0,0.0,-1,-1,0,,1,1.0,0.0,-1,-1,0,
AUDUSD,38947,38955,PUT,1,3.020219978074578,10.308107428019497,1,0,1,38959,38960,1,1.0,1,0,1,38959,38960,1,1.0,1,1.0,0.0,-1,-1,0,,1,1.0,0.0,-1,-1,0,,1,1.0,0.0,-1,-1,0,
AUDUSD,39161,39185,PUT,0,3.2340451032305566,12.26977327333551,1,0,0,39186,39187,1,0.0,1,0,0,39186,39187,1,0.0,1,1.0,0.0,-1,-1,0,,1,2.0,0.0,-1,-1,0,,1,14.0,0.0,-1,-1,0,
AUDUSD,39168,39185,PUT,0,3.2340451032305566,12.26977327333551,1,0,0,39186,39187,1,0.0,1,0,0,39186,39187,1,0.0,1,1.0,0.0,-1,-1,0,,1,2.0,0.0,-1,-1,0,,1,14.0,0.0,-1,-1,0,
AUDUSD,39181,39185,PUT,0,3.2340451032305566,12.26977327333551,1,0,0,39186,39187,1,0.0,1,0,0,39186,39187,1,0.0,1,1.0,0.0,-1,-1,0,,1,2.0,0.0,-1,-1,0,,1,14.0,0.0,-1,-1,0,
AUDUSD,39756,39760,CALL,0,2.7376281877750337,15.145937987052108,1,0,0,39765,39766,1,0.0,1,1,0,39765,39766,1,0.0,1,4.0,0.0,39765,39766,1,0.0,1,4.0,0.0,39765,39766,1,0.0,1,4.0,0.0,39765,39766,1,0.0
AUDUSD,39807,39844,CALL,0,2.883222340329474,8.684053738446494,1,0,0,39846,39847,1,0.0,1,1,0,39846,39847,1,0.0,1,1.0,0.0,39846,39847,1,0.0,1,1.0,0.0,39846,39847,1,0.0,1,4.0,0.0,-1,-1,0,
AUDUSD,41440,41470,PUT,1,2.5256776960276284,13.084112149533109,1,0,1,41472,41473,1,1.0,1,1,1,41472,41473,1,1.0,1,1.0,1.0,41472,41473,1,1.0,1,1.0,1.0,41472,41473,1,1.0,1,1.0,1.0,41472,41473,1,1.0
AUDUSD,41523,41547,PUT,1,2.7236290565860344,17.712640785983723,1,0,1,41549,41550,1,1.0,1,1,1,41549,41550,1,1.0,1,1.0,1.0,41549,41550,1,1.0,1,1.0,1.0,41549,41550,1,1.0,1,1.0,1.0,41549,41550,1,1.0
AUDUSD,42071,42075,PUT,1,3.403980767794266,12.564376960759795,1,0,1,42078,42079,1,1.0,1,0,1,42078,42079,1,1.0,1,1.0,1.0,42078,42079,1,1.0,1,1.0,1.0,42078,42079,1,1.0,1,1.0,1.0,42078,42079,1,1.0
AUDUSD,42397,42400,CALL,1,4.619578102373156,12.445826885446671,1,0,1,42402,42403,1,1.0,1,0,1,42402,42403,1,1.0,1,0.0,1.0,42402,42403,1,1.0,1,1.0,1.0,42402,42403,1,1.0,1,1.0,1.0,42402,42403,1,1.0
AUDUSD,42508,42540,CALL,0,4.442579616230715,12.50925342274369,1,0,0,42541,42542,1,0.0,1,0,0,42541,42542,1,0.0,1,0.0,0.0,42541,42542,1,0.0,1,1.0,0.0,-1,-1,0,,1,1.0,0.0,-1,-1,0,
AUDUSD,43206,43240,CALL,0,3.615144597557064,14.42109731406439,1,0,0,43243,43244,1,0.0,1,0,0,43243,43244,1,0.0,1,1.0,0.0,43243,43244,1,0.0,1,1.0,0.0,43243,43244,1,0.0,1,1.0,0.0,43243,43244,1,0.0
AUDUSD,43211,43240,CALL,0,3.615144597557064,14.42109731406439,1,0,0,43243,43244,1,0.0,1,0,0,43243,43244,1,0.0,1,1.0,0.0,43243,43244,1,0.0,1,1.0,0.0,43243,43244,1,0.0,1,1.0,0.0,43243,43244,1,0.0
AUDUSD,43238,43240,CALL,0,3.615144597557064,14.42109731406439,1,0,0,43243,43244,1,0.0,1,0,0,43243,43244,1,0.0,1,1.0,0.0,43243,43244,1,0.0,1,1.0,0.0,43243,43244,1,0.0,1,1.0,0.0,43243,43244,1,0.0
AUDUSD,43756,43778,PUT,0,2.1768556027216164,7.378631693341262,1,0,0,43783,43784,1,0.0,1,1,0,-1,-1,0,,1,1.0,0.0,-1,-1,0,,1,1.0,0.0,-1,-1,0,,1,1.0,0.0,-1,-1,0,
AUDUSD,43813,43833,PUT,0,4.065482995439183,5.528846644624849,1,0,0,43835,43836,1,0.0,1,0,0,43835,43836,1,0.0,1,0.0,0.0,43835,43836,1,0.0,1,1.0,0.0,-1,-1,0,,0,,,-1,-1,0,
AUDUSD,43828,43833,PUT,0,4.065482995439183,5.528846644624849,1,0,0,43835,43836,1,0.0,1,0,0,43835,43836,1,0.0,1,0.0,0.0,43835,43836,1,0.0,1,1.0,0.0,-1,-1,0,,0,,,-1,-1,0,
AUDUSD,44172,44193,PUT,0,2.36974034878466,12.623075344347882,1,0,0,44197,44198,1,0.0,1,1,0,44197,44198,1,0.0,1,1.0,0.0,44197,44198,1,0.0,1,1.0,0.0,-1,-1,0,,1,1.0,0.0,-1,-1,0,
AUDUSD,44272,44310,PUT,0,3.4046386029770304,5.837265105704361,1,0,0,44311,44312,1,0.0,1,0,0,44311,44312,1,0.0,1,2.0,0.0,-1,-1,0,,1,5.0,0.0,-1,-1,0,,0,,,-1,-1,0,
AUDUSD,44289,44310,PUT,0,3.4046386029770304,5.837265105704361,1,0,0,44311,44312,1,0.0,1,0,0,44311,44312,1,0.0,1,2.0,0.0,-1,-1,0,,1,5.0,0.0,-1,-1,0,,0,,,-1,-1,0,
AUDUSD,44298,44310,PUT,0,3.4046386029770304,5.837265105704361,1,0,0,44311,44312,1,0.0,1,0,0,44311,44312,1,0.0,1,2.0,0.0,-1,-1,0,,1,5.0,0.0,-1,-1,0,,0,,,-1,-1,0,
AUDUSD,44394,44407,PUT,1,5.098200702370548,15.733754769621505,1,0,1,44410,44411,1,1.0,1,0,1,44410,44411,1,1.0,1,0.0,1.0,44410,44411,1,1.0,1,0.0,1.0,44410,44411,1,1.0,1,1.0,1.0,44410,44411,1,1.0
AUDUSD,45077,45116,PUT,0,2.0534148265593477,13.826799701215283,1,0,0,45118,45119,1,0.0,1,1,0,45118,45119,1,0.0,1,1.0,0.0,45118,45119,1,0.0,1,1.0,0.0,45118,45119,1,0.0,1,1.0,0.0,45118,45119,1,0.0
AUDUSD,45095,45116,PUT,0,2.0534148265593477,13.826799701215283,1,0,0,45118,45119,1,0.0,1,1,0,45118,45119,1,0.0,1,1.0,0.0,45118,45119,1,0.0,1,1.0,0.0,45118,45119,1,0.0,1,1.0,0.0,45118,45119,1,0.0
AUDUSD,45114,45116,PUT,0,2.0534148265593477,13.826799701215283,1,0,0,45118,45119,1,0.0,1,1,0,45118,45119,1,0.0,1,1.0,0.0,45118,45119,1,0.0,1,1.0,0.0,45118,45119,1,0.0,1,1.0,0.0,45118,45119,1,0.0
AUDUSD,45263,45279,CALL,0,2.1058784967362545,16.280881433909187,1,0,0,45284,45285,1,0.0,1,1,0,45284,45285,1,0.0,1,2.0,0.0,45284,45285,1,0.0,1,2.0,0.0,-1,-1,0,,1,3.0,0.0,-1,-1,0,
AUDUSD,45468,45473,CALL,1,3.977000147212374,14.110611929914263,1,0,1,45476,45477,1,1.0,1,0,0,-1,-1,0,,1,1.0,0.0,-1,-1,0,,1,1.0,0.0,-1,-1,0,,1,1.0,0.0,-1,-1,0,
AUDUSD,46783,46803,PUT,1,3.3672716940144767,16.443302129564323,1,0,1,46807,46808,1,1.0,1,0,1,46807,46808,1,1.0,1,1.0,1.0,46807,46808,1,1.0,1,1.0,1.0,46807,46808,1,1.0,1,1.0,1.0,46807,46808,1,1.0
AUDUSD,46792,46803,PUT,1,3.3672716940144767,16.443302129564323,1,0,1,46807,46808,1,1.0,1,0,1,46807,46808,1,1.0,1,1.0,1.0,46807,46808,1,1.0,1,1.0,1.0,46807,46808,1,1.0,1,1.0,1.0,46807,46808,1,1.0
AUDUSD,46800,46803,PUT,1,3.3672716940144767,16.443302129564323,1,0,1,46807,46808,1,1.0,1,0,1,46807,46808,1,1.0,1,1.0,1.0,46807,46808,1,1.0,1,1.0,1.0,46807,46808,1,1.0,1,1.0,1.0,46807,46808,1,1.0
AUDUSD,47406,47408,CALL,1,4.7254119554555984,17.92806442886848,1,0,1,47410,47411,1,1.0,1,0,1,47410,47411,1,1.0,1,0.0,1.0,47410,47411,1,1.0,1,1.0,1.0,47410,47411,1,1.0,1,1.0,1.0,47410,47411,1,1.0
AUDUSD,48330,48365,CALL,0,2.458782242581483,15.524191609910346,1,0,0,48366,48367,1,0.0,1,1,0,-1,-1,0,,1,1.0,0.0,-1,-1,0,,1,10.0,0.0,-1,-1,0,,1,10.0,0.0,-1,-1,0,
AUDUSD,48876,48897,PUT,0,2.8491890583396184,18.72388992988661,1,0,0,48901,48902,1,0.0,1,1,0,48901,48902,1,0.0,1,1.0,0.0,48901,48902,1,0.0,1,3.0,0.0,48901,48902,1,0.0,1,4.0,0.0,48903,48904,1,0.0
AUDUSD,48881,48897,PUT,0,2.8491890583396184,18.72388992988661,1,0,0,48901,48902,1,0.0,1,1,0,48901,48902,1,0.0,1,1.0,0.0,48901,48902,1,0.0,1,3.0,0.0,48901,48902,1,0.0,1,4.0,0.0,48903,48904,1,0.0
AUDUSD,48885,48897,PUT,0,2.8491890583396184,18.72388992988661,1,0,0,48901,48902,1,0.0,1,1,0,48901,48902,1,0.0,1,1.0,0.0,48901,48902,1,0.0,1,3.0,0.0,48901,48902,1,0.0,1,4.0,0.0,48903,48904,1,0.0
AUDUSD,48979,49014,PUT,1,3.614097793872645,16.22187588425696,1,0,1,49019,49020,1,1.0,1,0,0,-1,-1,0,,1,1.0,0.0,-1,-1,0,,1,1.0,0.0,-1,-1,0,,1,1.0,0.0,-1,-1,0,
AUDUSD,48999,49014,PUT,1,3.614097793872645,16.22187588425696,1,0,1,49019,49020,1,1.0,1,0,0,-1,-1,0,,1,1.0,0.0,-1,-1,0,,1,1.0,0.0,-1,-1,0,,1,1.0,0.0,-1,-1,0,
EURUSD,627,630,CALL,0,3.325233760015781,18.617769703020514,1,0,0,631,632,1,0.0,1,0,0,631,632,1,0.0,1,1.0,0.0,-1,-1,0,,1,1.0,0.0,-1,-1,0,,1,1.0,0.0,-1,-1,0,
EURUSD,2041,2073,PUT,0,2.782857119501984,14.458233246786875,1,0,0,2077,2078,1,0.0,1,1,0,2077,2078,1,0.0,1,1.0,0.0,2077,2078,1,0.0,1,1.0,0.0,2077,2078,1,0.0,1,1.0,0.0,2077,2078,1,0.0
EURUSD,2709,2714,PUT,0,2.120759652368648,15.51820259206238,1,0,0,2717,2718,1,0.0,1,1,0,2717,2718,1,0.0,1,1.0,0.0,2717,2718,1,0.0,1,1.0,0.0,2717,2718,1,0.0,1,1.0,0.0,2717,2718,1,0.0
EURUSD,4961,4983,CALL,1,2.2409664456727354,12.976462254181264,1,0,1,4984,4985,1,1.0,1,1,0,-1,-1,0,,1,1.0,0.0,-1,-1,0,,1,1.0,0.0,-1,-1,0,,1,2.0,0.0,-1,-1,0,
EURUSD,6745,6785,CALL,1,2.505229797872925,11.246773269228854,1,0,1,6786,6787,1,1.0,1,1,0,-1,-1,0,,1,1.0,0.0,-1,-1,0,,1,1.0,0.0,-1,-1,0,,1,2.0,0.0,-1,-1,0,
EURUSD,6747,6785,CALL,1,2.505229797872925,11.246773269228854,1,0,1,6786,6787,1,1.0,1,1,0,-1,-1,0,,1,1.0,0.0,-1,-1,0,,1,1.0,0.0,-1,-1,0,,1,2.0,0.0,-1,-1,0,
EURUSD,6773,6785,CALL,1,2.505229797872925,11.246773269228854,1,0,1,6786,6787,1,1.0,1,1,0,-1,-1,0,,1,1.0,0.0,-1,-1,0,,1,1.0,0.0,-1,-1,0,,1,2.0,0.0,-1,-1,0,
EURUSD,7105,7116,CALL,0,3.514450397047119,12.382665558813844,1,0,0,7118,7119,1,0.0,1,0,0,7118,7119,1,0.0,1,1.0,0.0,7118,7119,1,0.0,1,1.0,0.0,7118,7119,1,0.0,1,1.0,0.0,7118,7119,1,0.0
EURUSD,7947,7954,PUT,0,2.543833659142763,10.596345339500644,1,0,0,7959,7960,1,0.0,1,1,0,7959,7960,1,0.0,1,1.0,0.0,7959,7960,1,0.0,1,1.0,0.0,7959,7960,1,0.0,1,1.0,0.0,7959,7960,1,0.0
EURUSD,8853,8863,PUT,0,2.100235738256046,10.174318604180499,1,0,0,8866,8867,1,0.0,1,1,0,8866,8867,1,0.0,1,1.0,0.0,8866,8867,1,0.0,1,1.0,0.0,8866,8867,1,0.0,1,1.0,0.0,8866,8867,1,0.0
EURUSD,8859,8863,PUT,0,2.100235738256046,10.174318604180499,1,0,0,8866,8867,1,0.0,1,1,0,8866,8867,1,0.0,1,1.0,0.0,8866,8867,1,0.0,1,1.0,0.0,8866,8867,1,0.0,1,1.0,0.0,8866,8867,1,0.0
EURUSD,9244,9253,PUT,0,2.180127481264876,10.04449925332888,1,0,0,9257,9258,1,0.0,1,1,0,9257,9258,1,0.0,1,1.0,1.0,9259,9260,1,1.0,1,2.0,1.0,9259,9260,1,1.0,1,2.0,1.0,9259,9260,1,1.0
EURUSD,9969,9980,PUT,0,5.292335116807806,7.619865971882746,1,0,0,9983,9984,1,0.0,1,0,0,-1,-1,0,,1,0.0,0.0,-1,-1,0,,1,0.0,0.0,-1,-1,0,,1,1.0,0.0,-1,-1,0,
EURUSD,9976,9980,PUT,0,5.292335116807806,7.619865971882746,1,0,0,9983,9984,1,0.0,1,0,0,-1,-1,0,,1,0.0,0.0,-1,-1,0,,1,0.0,0.0,-1,-1,0,,1,1.0,0.0,-1,-1,0,
EURUSD,10322,10345,CALL,1,3.1727921740047105,13.188464048805066,1,0,1,10346,10347,1,1.0,1,0,1,10346,10347,1,1.0,1,6.0,0.0,-1,-1,0,,1,6.0,0.0,-1,-1,0,,1,7.0,0.0,-1,-1,0,
EURUSD,10650,10690,CALL,1,3.766097519231879,15.997103830657288,1,0,1,10694,10695,1,1.0,1,0,1,10694,10695,1,1.0,1,1.0,1.0,10694,10695,1,1.0,1,1.0,1.0,10694,10695,1,1.0,1,1.0,1.0,10694,10695,1,1.0
EURUSD,10653,10690,CALL,1,3.766097519231879,15.997103830657288,1,0,1,10694,10695,1,1.0,1,0,1,10694,10695,1,1.0,1,1.0,1.0,10694,10695,1,1.0,1,1.0,1.0,10694,10695,1,1.0,1,1.0,1.0,10694,10695,1,1.0
EURUSD,12503,12508,CALL,1,2.272285893741796,16.762497475265683,1,0,1,12512,12513,1,1.0,1,1,1,12512,12513,1,1.0,1,1.0,1.0,12512,12513,1,1.0,1,2.0,1.0,12512,12513,1,1.0,1,2.0,1.0,12512,12513,1,1.0
EURUSD,13271,13311,CALL,1,2.417833233283588,11.270094511530822,1,0,1,13316,13317,1,1.0,1,1,1,13316,13317,1,1.0,1,1.0,1.0,13316,13317,1,1.0,1,2.0,1.0,13316,13317,1,1.0,1,2.0,1.0,13316,13317,1,1.0
EURUSD,13301,13311,CALL,1,2.417833233283588,11.270094511530822,1,0,1,13316,13317,1,1.0,1,1,1,13316,13317,1,1.0,1,1.0,1.0,13316,13317,1,1.0,1,2.0,1.0,13316,13317,1,1.0,1,2.0,1.0,13316,13317,1,1.0
EURUSD,14630,14662,CALL,0,2.3124978083876755,8.193067748207824,1,0,0,14665,14666,1,0.0,1,1,0,14665,14666,1,0.0,1,1.0,0.0,14665,14666,1,0.0,1,2.0,0.0,14665,14666,1,0.0,1,2.0,0.0,14665,14666,1,0.0
EURUSD,15810,15814,CALL,1,4.317390885316419,11.276128510779152,1,0,1,15816,15817,1,1.0,1,0,1,15816,15817,1,1.0,1,0.0,0.0,-1,-1,0,,1,1.0,0.0,-1,-1,0,,1,1.0,0.0,-1,-1,0,
EURUSD,16757,16793,CALL,0,4.505734016207178,8.999702621162697,1,0,0,16797,16798,1,0.0,1,0,0,-1,-1,0,,1,0.0,0.0,-1,-1,0,,1,1.0,0.0,-1,-1,0,,1,1.0,0.0,-1,-1,0,
EURUSD,17745,17747,CALL,1,2.3518333936836626,15.144670981812872,1,0,1,17748,17749,1,1.0,1,1,1,17749,17750,1,1.0,1,1.0,1.0,17749,17750,1,1.0,1,1.0,1.0,17749,17750,1,1.0,1,1.0,1.0,17749,17750,1,1.0
EURUSD,19097,19103,CALL,0,3.441144036332972,10.910703238958988,1,0,0,19105,19106,1,0.0,1,0,0,19105,19106,1,0.0,1,1.0,0.0,19105,19106,1,0.0,1,1.0,0.0,19105,19106,1,0.0,1,1.0,0.0,19105,19106,1,0.0
EURUSD,19263,19273,CALL,1,3.089657656757174,17.343486069225257,1,0,1,19274,19275,1,1.0,1,0,0,-1,-1,0,,1,6.0,0.0,-1,-1,0,,1,6.0,0.0,-1,-1,0,,1,7.0,0.0,-1,-1,0,
EURUSD,19814,19839,PUT,1,2.020889239988179,13.104322424822236,1,0,1,19842,19843,1,1.0,1,1,1,19842,19843,1,1.0,1,1.0,1.0,19842,19843,1,1.0,1,1.0,1.0,19842,19843,1,1.0,1,1.0,1.0,19842,19843,1,1.0
EURUSD,20612,20620,CALL,1,2.7018377479910374,15.566752808754714,1,0,1,20622,20623,1,1.0,1,1,1,20622,20623,1,1.0,1,1.0,1.0,20622,20623,1,1.0,1,1.0,1.0,20622,20623,1,1.0,1,2.0,0.0,-1,-1,0,
EURUSD,23090,23099,PUT,1,2.8792045669399187,11.065194587076668,1,0,1,23100,23101,1,1.0,1,1,0,-1,-1,0,,1,1.0,0.0,-1,-1,0,,1,1.0,0.0,-1,-1,0,,1,1.0,0.0,-1,-1,0,
EURUSD,25803,25830,PUT,1,3.2263606539249,16.78166055891434,1,0,1,25832,25833,1,1.0,1,0,1,25832,25833,1,1.0,1,1.0,1.0,25832,25833,1,1.0,1,1.0,1.0,25832,25833,1,1.0,1,1.0,1.0,25832,25833,1,1.0
EURUSD,25827,25830,PUT,1,3.2263606539249,16.78166055891434,1,0,1,25832,25833,1,1.0,1,0,1,25832,25833,1,1.0,1,1.0,1.0,25832,25833,1,1.0,1,1.0,1.0,25832,25833,1,1.0,1,1.0,1.0,25832,25833,1,1.0
EURUSD,26855,26882,PUT,0,3.878667383357694,11.357788476434763,1,0,0,26886,26887,1,0.0,1,0,0,26886,26887,1,0.0,1,4.0,0.0,-1,-1,0,,1,4.0,0.0,-1,-1,0,,1,4.0,0.0,-1,-1,0,
EURUSD,26861,26882,PUT,0,3.878667383357694,11.357788476434763,1,0,0,26886,26887,1,0.0,1,0,0,26886,26887,1,0.0,1,4.0,0.0,-1,-1,0,,1,4.0,0.0,-1,-1,0,,1,4.0,0.0,-1,-1,0,
EURUSD,27508,27512,CALL,1,3.320283496685784,17.610050109683947,1,0,1,27517,27518,1,1.0,1,0,1,27517,27518,1,1.0,1,1.0,1.0,27517,27518,1,1.0,1,4.0,1.0,27517,27518,1,1.0,1,8.0,0.0,-1,-1,0,
EURUSD,27923,27937,PUT,1,2.3895078417754405,9.588048144242656,1,0,1,27939,27940,1,1.0,1,1,1,27939,27940,1,1.0,1,1.0,1.0,27939,27940,1,1.0,1,1.0,1.0,27939,27940,1,1.0,1,1.0,0.0,-1,-1,0,
EURUSD,27926,27937,PUT,1,2.3895078417754405,9.588048144242656,1,0,1,27939,27940,1,1.0,1,1,1,27939,27940,1,1.0,1,1.0,1.0,27939,27940,1,1.0,1,1.0,1.0,27939,27940,1,1.0,1,1.0,0.0,-1,-1,0,
EURUSD,27955,27977,PUT,1,2.488819307091888,8.369380086883076,1,0,1,27980,27981,1,1.0,1,1,1,27980,27981,1,1.0,1,1.0,0.0,-1,-1,0,,1,1.0,0.0,-1,-1,0,,1,9.0,0.0,-1,-1,0,
EURUSD,29060,29084,PUT,1,2.3542838049016552,17.4889196086769,1,0,1,29085,29086,1,1.0,1,1,1,29087,29088,1,1.0,1,1.0,1.0,29087,29088,1,1.0,1,1.0,1.0,29087,29088,1,1.0,1,2.0,1.0,29087,29088,1,1.0
EURUSD,29062,29084,PUT,1,2.3542838049016552,17.4889196086769,1,0,1,29085,29086,1,1.0,1,1,1,29087,29088,1,1.0,1,1.0,1.0,29087,29088,1,1.0,1,1.0,1.0,29087,29088,1,1.0,1,2.0,1.0,29087,29088,1,1.0
EURUSD,29467,29499,CALL,0,2.1814659953147637,10.525360113327821,1,0,0,29500,29501,1,0.0,1,4,0,-1,-1,0,,1,4.0,0.0,-1,-1,0,,1,5.0,0.0,-1,-1,0,,1,10.0,0.0,-1,-1,0,
EURUSD,29864,29872,PUT,0,2.744130065361474,8.215347191020186,1,0,0,29873,29874,1,0.0,1,1,0,-1,-1,0,,1,1.0,0.0,-1,-1,0,,1,1.0,0.0,-1,-1,0,,1,14.0,0.0,-1,-1,0,
EURUSD,30167,30206,CALL,0,3.0671840740113847,16.89267390890042,1,0,0,30209,30210,1,0.0,1,0,0,30209,30210,1,0.0,1,1.0,0.0,30209,30210,1,0.0,1,1.0,0.0,30209,30210,1,0.0,1,1.0,0.0,30209,30210,1,0.0
EURUSD,30184,30206,CALL,0,3.0671840740113847,16.89267390890042,1,0,0,30209,30210,1,0.0,1,0,0,30209,30210,1,0.0,1,1.0,0.0,30209,30210,1,0.0,1,1.0,0.0,30209,30210,1,0.0,1,1.0,0.0,30209,30210,1,0.0
EURUSD,32293,32311,PUT,0,4.653074542282141,11.3499530646301,1,0,0,32312,32313,1,0.0,1,0,0,32312,32313,1,0.0,1,0.0,0.0,32312,32313,1,0.0,1,1.0,0.0,32313,32314,1,0.0,1,1.0,0.0,32313,32314,1,0.0
EURUSD,32302,32311,PUT,0,4.653074542282141,11.3499530646301,1,0,0,32312,32313,1,0.0,1,0,0,32312,32313,1,0.0,1,0.0,0.0,32312,32313,1,0.0,1,1.0,0.0,32313,32314,1,0.0,1,1.0,0.0,32313,32314,1,0.0
EURUSD,32981,32988,PUT,0,5.277915183254507,6.131341425457393,1,0,0,32989,32990,1,0.0,1,0,0,32989,32990,1,0.0,1,0.0,0.0,32989,32990,1,0.0,1,0.0,0.0,32989,32990,1,0.0,1,1.0,0.0,-1,-1,0,
EURUSD,32984,32988,PUT,0,5.277915183254507,6.131341425457393,1,0,0,32989,32990,1,0.0,1,0,0,32989,32990,1,0.0,1,0.0,0.0,32989,32990,1,0.0,1,0.0,0.0,32989,32990,1,0.0,1,1.0,0.0,-1,-1,0,
EURUSD,32987,32988,PUT,0,5.277915183254507,6.131341425457393,1,0,0,32989,32990,1,0.0,1,0,0,32989,32990,1,0.0,1,0.0,0.0,32989,32990,1,0.0,1,0.0,0.0,32989,32990,1,0.0,1,1.0,0.0,-1,-1,0,
EURUSD,33021,33041,CALL,0,4.808801189013121,13.65720047656307,1,0,0,33046,33047,1,0.0,1,0,0,33046,33047,1,0.0,1,0.0,0.0,33046,33047,1,0.0,1,1.0,0.0,-1,-1,0,,1,1.0,0.0,-1,-1,0,
EURUSD,33111,33146,CALL,0,2.231304082456992,14.379342260536859,1,0,0,33147,33148,1,0.0,1,1,0,-1,-1,0,,1,1.0,0.0,-1,-1,0,,1,1.0,0.0,-1,-1,0,,1,1.0,0.0,-1,-1,0,
EURUSD,33135,33146,CALL,0,2.231304082456992,14.379342260536859,1,0,0,33147,33148,1,0.0,1,1,0,-1,-1,0,,1,1.0,0.0,-1,-1,0,,1,1.0,0.0,-1,-1,0,,1,1.0,0.0,-1,-1,0,
EURUSD,33677,33709,CALL,1,3.437037911814018,16.56451871605055,1,0,1,33711,33712,1,1.0,1,0,1,33711,33712,1,1.0,1,1.0,1.0,33711,33712,1,1.0,1,1.0,1.0,33711,33712,1,1.0,1,1.0,1.0,33711,33712,1,1.0
EURUSD,33679,33709,CALL,1,3.437037911814018,16.56451871605055,1,0,1,33711,33712,1,1.0,1,0,1,33711,33712,1,1.0,1,1.0,1.0,33711,33712,1,1.0,1,1.0,1.0,33711,33712,1,1.0,1,1.0,1.0,33711,33712,1,1.0
EURUSD,33683,33709,CALL,1,3.437037911814018,16.56451871605055,1,0,1,33711,33712,1,1.0,1,0,1,33711,33712,1,1.0,1,1.0,1.0,33711,33712,1,1.0,1,1.0,1.0,33711,33712,1,1.0,1,1.0,1.0,33711,33712,1,1.0
EURUSD,34018,34058,CALL,0,2.1798808366077798,13.954747368001023,1,0,0,34062,34063,1,0.0,1,1,0,34062,34063,1,0.0,1,1.0,0.0,34062,34063,1,0.0,1,2.0,0.0,34062,34063,1,0.0,1,2.0,0.0,34062,34063,1,0.0
EURUSD,34023,34058,CALL,0,2.1798808366077798,13.954747368001023,1,0,0,34062,34063,1,0.0,1,1,0,34062,34063,1,0.0,1,1.0,0.0,34062,34063,1,0.0,1,2.0,0.0,34062,34063,1,0.0,1,2.0,0.0,34062,34063,1,0.0
EURUSD,34738,34772,CALL,1,2.5697216942890915,12.74858952777371,1,0,1,34777,34778,1,1.0,1,1,1,34777,34778,1,1.0,1,1.0,0.0,-1,-1,0,,1,1.0,0.0,-1,-1,0,,1,2.0,0.0,-1,-1,0,
EURUSD,35750,35754,PUT,1,5.626186364834481,17.12677186361256,1,0,1,35759,35760,1,1.0,1,0,1,35759,35760,1,1.0,1,0.0,1.0,35759,35760,1,1.0,1,0.0,0.0,-1,-1,0,,1,1.0,1.0,35760,35761,1,1.0
EURUSD,36277,36289,PUT,1,2.643297073922895,13.012583630237906,1,0,1,36292,36293,1,1.0,1,1,1,36292,36293,1,1.0,1,1.0,1.0,36292,36293,1,1.0,1,1.0,0.0,-1,-1,0,,1,1.0,0.0,-1,-1,0,
EURUSD,36440,36461,PUT,1,4.116237775800997,13.682614615827793,1,0,1,36466,36467,1,1.0,1,0,1,36466,36467,1,1.0,1,0.0,1.0,36466,36467,1,1.0,1,1.0,1.0,36466,36467,1,1.0,1,1.0,0.0,-1,-1,0,
EURUSD,36454,36461,PUT,1,4.116237775800997,13.682614615827793,1,0,1,36466,36467,1,1.0,1,0,1,36466,36467,1,1.0,1,0.0,1.0,36466,36467,1,1.0,1,1.0,1.0,36466,36467,1,1.0,1,1.0,0.0,-1,-1,0,
EURUSD,36456,36461,PUT,1,4.116237775800997,13.682614615827793,1,0,1,36466,36467,1,1.0,1,0,1,36466,36467,1,1.0,1,0.0,1.0,36466,36467,1,1.0,1,1.0,1.0,36466,36467,1,1.0,1,1.0,0.0,-1,-1,0,
EURUSD,36458,36461,PUT,1,4.116237775800997,13.682614615827793,1,0,1,36466,36467,1,1.0,1,0,1,36466,36467,1,1.0,1,0.0,1.0,36466,36467,1,1.0,1,1.0,1.0,36466,36467,1,1.0,1,1.0,0.0,-1,-1,0,
EURUSD,36468,36472,CALL,0,4.050483078934205,12.79093868314719,1,0,0,36477,36478,1,0.0,1,0,0,36477,36478,1,0.0,1,0.0,0.0,36477,36478,1,0.0,1,1.0,0.0,36477,36478,1,0.0,1,1.0,0.0,-1,-1,0,
EURUSD,36472,36509,CALL,0,2.291098583128367,11.733181794551452,1,0,0,36512,36513,1,0.0,1,1,0,36512,36513,1,0.0,1,1.0,0.0,36512,36513,1,0.0,1,1.0,0.0,36512,36513,1,0.0,1,1.0,0.0,36512,36513,1,0.0
EURUSD,36507,36509,CALL,0,2.291098583128367,11.733181794551452,1,0,0,36512,36513,1,0.0,1,1,0,36512,36513,1,0.0,1,1.0,0.0,36512,36513,1,0.0,1,1.0,0.0,36512,36513,1,0.0,1,1.0,0.0,36512,36513,1,0.0
EURUSD,36960,36988,CALL,0,2.313073099587045,21.997962152052217,1,0,0,36993,36994,1,0.0,1,1,0,36993,36994,1,0.0,1,1.0,0.0,36993,36994,1,0.0,1,1.0,0.0,36993,36994,1,0.0,1,2.0,0.0,36993,36994,1,0.0
EURUSD,36962,36988,CALL,0,2.313073099587045,21.997962152052217,1,0,0,36993,36994,1,0.0,1,1,0,36993,36994,1,0.0,1,1.0,0.0,36993,36994,1,0.0,1,1.0,0.0,36993,36994,1,0.0,1,2.0,0.0,36993,36994,1,0.0
EURUSD,37554,37593,PUT,1,6.93512252007946,16.07520738218176,1,0,1,37594,37595,1,1.0,1,0,1,37594,37595,1,1.0,1,0.0,1.0,37594,37595,1,1.0,1,0.0,1.0,37594,37595,1,1.0,1,0.0,1.0,37594,37595,1,1.0
EURUSD,37563,37593,PUT,1,6.93512252007946,16.07520738218176,1,0,1,37594,37595,1,1.0,1,0,1,37594,37595,1,1.0,1,0.0,1.0,37594,37595,1,1.0,1,0.0,1.0,37594,37595,1,1.0,1,0.0,1.0,37594,37595,1,1.0
EURUSD,37582,37593,PUT,1,6.93512252007946,16.07520738218176,1,0,1,37594,37595,1,1.0,1,0,1,37594,37595,1,1.0,1,0.0,1.0,37594,37595,1,1.0,1,0.0,1.0,37594,37595,1,1.0,1,0.0,1.0,37594,37595,1,1.0
EURUSD,37998,38014,CALL,0,3.1710961008372536,10.323210993797105,1,0,0,38015,38016,1,0.0,1,0,0,38015,38016,1,0.0,1,2.0,0.0,-1,-1,0,,1,8.0,0.0,-1,-1,0,,1,8.0,0.0,-1,-1,0,
EURUSD,38011,38014,CALL,0,3.1710961008372536,10.323210993797105,1,0,0,38015,38016,1,0.0,1,0,0,38015,38016,1,0.0,1,2.0,0.0,-1,-1,0,,1,8.0,0.0,-1,-1,0,,1,8.0,0.0,-1,-1,0,
EURUSD,38236,38238,CALL,0,3.6305782769199055,19.38252049299974,1,0,0,38241,38242,1,0.0,1,0,0,38241,38242,1,0.0,1,1.0,0.0,38241,38242,1,0.0,1,1.0,0.0,38241,38242,1,0.0,1,1.0,0.0,38241,38242,1,0.0
EURUSD,40430,40440,PUT,1,4.30765533564454,22.12180143755753,1,0,1,40442,40443,1,1.0,1,0,1,40442,40443,1,1.0,1,0.0,1.0,40442,40443,1,1.0,1,1.0,1.0,40442,40443,1,1.0,1,1.0,1.0,40442,40443,1,1.0
EURUSD,40439,40440,PUT,1,4.30765533564454,22.12180143755753,1,0,1,40442,40443,1,1.0,1,0,1,40442,40443,1,1.0,1,0.0,1.0,40442,40443,1,1.0,1,1.0,1.0,40442,40443,1,1.0,1,1.0,1.0,40442,40443,1,1.0
EURUSD,40972,40998,PUT,0,4.2812885305214365,12.37018991137986,1,0,0,41001,41002,1,0.0,1,0,0,41001,41002,1,0.0,1,0.0,0.0,41001,41002,1,0.0,1,1.0,0.0,41001,41002,1,0.0,1,1.0,0.0,41001,41002,1,0.0
EURUSD,40990,40998,PUT,0,4.2812885305214365,12.37018991137986,1,0,0,41001,41002,1,0.0,1,0,0,41001,41002,1,0.0,1,0.0,0.0,41001,41002,1,0.0,1,1.0,0.0,41001,41002,1,0.0,1,1.0,0.0,41001,41002,1,0.0
EURUSD,41142,41166,CALL,1,2.491217912595678,15.726925188575315,1,0,1,41171,41172,1,1.0,1,1,1,41171,41172,1,1.0,1,1.0,1.0,41171,41172,1,1.0,1,1.0,1.0,41171,41172,1,1.0,1,1.0,1.0,41171,41172,1,1.0
EURUSD,41159,41166,CALL,1,2.491217912595678,15.726925188575315,1,0,1,41171,41172,1,1.0,1,1,1,41171,41172,1,1.0,1,1.0,1.0,41171,41172,1,1.0,1,1.0,1.0,41171,41172,1,1.0,1,1.0,1.0,41171,41172,1,1.0
EURUSD,41173,41189,PUT,0,2.522361659184085,16.04401533230517,1,0,0,41191,41192,1,0.0,1,1,0,41191,41192,1,0.0,1,1.0,0.0,41191,41192,1,0.0,1,1.0,0.0,41191,41192,1,0.0,1,2.0,0.0,-1,-1,0,
EURUSD,41368,41377,PUT,0,3.4980970945885588,7.512125783026882,1,0,0,41378,41379,1,0.0,1,0,0,41378,41379,1,0.0,1,1.0,0.0,-1,-1,0,,1,7.0,0.0,-1,-1,0,,1,17.0,0.0,-1,-1,0,
EURUSD,41755,41773,CALL,0,2.777777413006314,9.884031755070229,1,0,0,41774,41775,1,0.0,1,1,0,-1,-1,0,,1,1.0,0.0,-1,-1,0,,1,1.0,0.0,-1,-1,0,,1,2.0,0.0,-1,-1,0,
EURUSD,41761,41773,CALL,0,2.777777413006314,9.884031755070229,1,0,0,41774,41775,1,0.0,1,1,0,-1,-1,0,,1,1.0,0.0,-1,-1,0,,1,1.0,0.0,-1,-1,0,,1,2.0,0.0,-1,-1,0,
EURUSD,42044,42055,PUT,0,3.528415856925605,13.371577620048676,1,0,0,42056,42057,1,0.0,1,0,0,42056,42057,1,0.0,1,1.0,0.0,-1,-1,0,,1,1.0,0.0,-1,-1,0,,1,1.0,0.0,-1,-1,0,
EURUSD,43553,43588,PUT,1,2.661966582190175,18.569288388685713,1,0,1,43592,43593,1,1.0,1,1,1,43592,43593,1,1.0,1,1.0,1.0,43592,43593,1,1.0,1,1.0,1.0,43592,43593,1,1.0,1,1.0,1.0,43592,43593,1,1.0
EURUSD,43563,43588,PUT,1,2.661966582190175,18.569288388685713,1,0,1,43592,43593,1,1.0,1,1,1,43592,43593,1,1.0,1,1.0,1.0,43592,43593,1,1.0,1,1.0,1.0,43592,43593,1,1.0,1,1.0,1.0,43592,43593,1,1.0
EURUSD,44204,44238,PUT,0,2.716153472729673,19.767758170106042,1,0,0,44239,44240,1,0.0,1,1,0,-1,-1,0,,1,1.0,0.0,-1,-1,0,,1,8.0,0.0,-1,-1,0,,1,8.0,0.0,-1,-1,0,
EURUSD,44393,44401,PUT,0,3.078979508703185,16.794934835564064,1,0,0,44405,44406,1,0.0,1,0,0,44405,44406,1,0.0,1,1.0,0.0,44405,44406,1,0.0,1,1.0,0.0,44405,44406,1,0.0,1,1.0,0.0,44405,44406,1,0.0
EURUSD,44396,44401,PUT,0,3.078979508703185,16.794934835564064,1,0,0,44405,44406,1,0.0,1,0,0,44405,44406,1,0.0,1,1.0,0.0,44405,44406,1,0.0,1,1.0,0.0,44405,44406,1,0.0,1,1.0,0.0,44405,44406,1,0.0
EURUSD,44520,44550,PUT,1,3.22685853241542,14.68718119761629,1,0,1,44551,44552,1,1.0,1,0,1,44551,44552,1,1.0,1,1.0,0.0,-1,-1,0,,1,1.0,0.0,-1,-1,0,,1,1.0,0.0,-1,-1,0,
EURUSD,44536,44540,CALL,0,2.060300508429618,14.578276661610069,1,0,0,44542,44543,1,0.0,1,1,0,44542,44543,1,0.0,1,2.0,0.0,-1,-1,0,,1,2.0,0.0,-1,-1,0,,1,3.0,0.0,-1,-1,0,
EURUSD,44740,44744,CALL,1,2.3944651450222523,13.561358876743107,1,0,1,44747,44748,1,1.0,1,1,1,44747,44748,1,1.0,1,2.0,1.0,44747,44748,1,1.0,1,2.0,1.0,44747,44748,1,1.0,1,3.0,0.0,-1,-1,0,
EURUSD,44871,44886,CALL,0,2.8464871731996126,12.796186022568737,1,0,0,44888,44889,1,0.0,1,1,0,44888,44889,1,0.0,1,1.0,0.0,44888,44889,1,0.0,1,1.0,0.0,44888,44889,1,0.0,1,1.0,0.0,44888,44889,1,0.0
EURUSD,44882,44886,CALL,0,2.8464871731996126,12.796186022568737,1,0,0,44888,44889,1,0.0,1,1,0,44888,44889,1,0.0,1,1.0,0.0,44888,44889,1,0.0,1,1.0,0.0,44888,44889,1,0.0,1,1.0,0.0,44888,44889,1,0.0
EURUSD,45192,45206,PUT,1,3.100965843825904,15.236120947168288,1,0,1,45207,45208,1,1.0,1,0,1,45207,45208,1,1.0,1,1.0,0.0,-1,-1,0,,1,1.0,0.0,-1,-1,0,,1,2.0,0.0,-1,-1,0,
EURUSD,45227,45244,PUT,0,3.434105181142272,15.351568890134104,1,0,0,45249,45250,1,0.0,1,0,0,45249,45250,1,0.0,1,1.0,0.0,45249,45250,1,0.0,1,1.0,0.0,45249,45250,1,0.0,1,1.0,0.0,45249,45250,1,0.0
EURUSD,46289,46294,PUT,0,2.864231294880895,16.47988452798363,1,0,0,46296,46297,1,0.0,1,1,0,-1,-1,0,,1,6.0,0.0,-1,-1,0,,1,9.0,0.0,-1,-1,0,,1,9.0,0.0,-1,-1,0,
EURUSD,46786,46789,PUT,1,2.93016632905659,15.718442543933051,1,0,1,46791,46792,1,1.0,1,1,1,46791,46792,1,1.0,1,1.0,1.0,46791,46792,1,1.0,1,1.0,1.0,46791,46792,1,1.0,1,1.0,1.0,46791,46792,1,1.0
EURUSD,47098,47101,CALL,0,2.282948024749711,18.077533521247002,1,0,0,47106,47107,1,0.0,1,1,0,47106,47107,1,0.0,1,1.0,0.0,47106,47107,1,0.0,1,1.0,0.0,47106,47107,1,0.0,1,5.0,0.0,-1,-1,0,
EURUSD,47910,47933,PUT,0,2.266554622375409,13.973217155038455,1,0,0,47937,47938,1,0.0,1,1,0,47937,47938,1,0.0,1,1.0,0.0,47937,47938,1,0.0,1,1.0,0.0,47937,47938,1,0.0,1,2.0,0.0,-1,-1,0,
EURUSD,47927,47933,PUT,0,2.266554622375409,13.973217155038455,1,0,0,47937,47938,1,0.0,1,1,0,47937,47938,1,0.0,1,1.0,0.0,47937,47938,1,0.0,1,1.0,0.0,47937,47938,1,0.0,1,2.0,0.0,-1,-1,0,
EURUSD,48918,48947,CALL,1,4.541387905753672,13.887462383757764,1,0,1,48951,48952,1,1.0,1,0,1,48951,48952,1,1.0,1,0.0,1.0,48951,48952,1,1.0,1,1.0,1.0,48951,48952,1,1.0,1,1.0,1.0,48951,48952,1,1.0
EURUSD,49507,49510,PUT,0,6.052195167965081,26.40759849629613,1,0,0,49512,49513,1,0.0,1,0,0,49512,49513,1,0.0,1,0.0,0.0,49512,49513,1,0.0,1,0.0,0.0,49512,49513,1,0.0,1,0.0,0.0,49512,49513,1,0.0
EURUSD,50139,50162,PUT,0,2.7017983974330235,9.858474449753977,1,0,0,50166,50167,1,0.0,1,1,0,50166,50167,1,0.0,1,1.0,0.0,50166,50167,1,0.0,1,1.0,0.0,50166,50167,1,0.0,1,2.0,0.0,50166,50167,1,0.0
EURUSD,50215,50226,PUT,0,2.542084603909956,8.794237631445228,1,0,0,50227,50228,1,0.0,1,1,0,-1,-1,0,,1,1.0,0.0,-1,-1,0,,1,1.0,0.0,-1,-1,0,,1,1.0,0.0,-1,-1,0,
EURUSD,50221,50226,PUT,0,2.542084603909956,8.794237631445228,1,0,0,50227,50228,1,0.0,1,1,0,-1,-1,0,,1,1.0,0.0,-1,-1,0,,1,1.0,0.0,-1,-1,0,,1,1.0,0.0,-1,-1,0,
EURUSD,50519,50550,CALL,0,2.147077545943694,15.290275129449135,1,0,0,50554,50555,1,0.0,1,3,0,50554,50555,1,0.0,1,3.0,0.0,50554,50555,1,0.0,1,3.0,0.0,50554,50555,1,0.0,1,3.0,0.0,50554,50555,1,0.0
EURUSD,50524,50550,CALL,0,2.147077545943694,15.290275129449135,1,0,0,50554,50555,1,0.0,1,3,0,50554,50555,1,0.0,1,3.0,0.0,50554,50555,1,0.0,1,3.0,0.0,50554,50555,1,0.0,1,3.0,0.0,50554,50555,1,0.0
EURUSD,51177,51187,PUT,0,2.486872400075768,15.643424036281893,1,0,0,51189,51190,1,0.0,1,1,0,51189,51190,1,0.0,1,1.0,0.0,51189,51190,1,0.0,1,1.0,0.0,51189,51190,1,0.0,1,1.0,0.0,51189,51190,1,0.0
EURUSD,51510,51525,PUT,0,3.104692080212274,8.364589888117663,1,0,0,51526,51527,1,0.0,1,0,0,51526,51527,1,0.0,1,1.0,0.0,-1,-1,0,,1,2.0,0.0,-1,-1,0,,1,2.0,0.0,-1,-1,0,
EURUSD,52293,52326,PUT,0,4.99113253761044,13.38222424163417,1,0,0,52329,52330,1,0.0,1,0,0,52329,52330,1,0.0,1,0.0,0.0,52329,52330,1,0.0,1,1.0,0.0,52329,52330,1,0.0,1,1.0,0.0,52329,52330,1,0.0
EURUSD,52310,52326,PUT,0,4.99113253761044,13.38222424163417,1,0,0,52329,52330,1,0.0,1,0,0,52329,52330,1,0.0,1,0.0,0.0,52329,52330,1,0.0,1,1.0,0.0,52329,52330,1,0.0,1,1.0,0.0,52329,52330,1,0.0
EURUSD,52312,52326,PUT,0,4.99113253761044,13.38222424163417,1,0,0,52329,52330,1,0.0,1,0,0,52329,52330,1,0.0,1,0.0,0.0,52329,52330,1,0.0,1,1.0,0.0,52329,52330,1,0.0,1,1.0,0.0,52329,52330,1,0.0
EURUSD,53359,53360,CALL,0,2.4456617446255717,15.4635241301917,1,0,0,53362,53363,1,0.0,1,5,0,-1,-1,0,,1,10.0,0.0,-1,-1,0,,1,10.0,0.0,-1,-1,0,,1,10.0,0.0,-1,-1,0,
EURUSD,53598,53629,CALL,0,2.554953593220441,15.26337841245877,1,0,0,53632,53633,1,0.0,1,1,0,-1,-1,0,,1,1.0,0.0,-1,-1,0,,1,1.0,0.0,-1,-1,0,,1,2.0,0.0,-1,-1,0,
EURUSD,53601,53629,CALL,0,2.554953593220441,15.26337841245877,1,0,0,53632,53633,1,0.0,1,1,0,-1,-1,0,,1,1.0,0.0,-1,-1,0,,1,1.0,0.0,-1,-1,0,,1,2.0,0.0,-1,-1,0,
EURUSD,53963,53996,PUT,1,2.161550031614837,11.689129003526919,1,0,1,53998,53999,1,1.0,1,1,1,53998,53999,1,1.0,1,1.0,1.0,53998,53999,1,1.0,1,1.0,1.0,53998,53999,1,1.0,1,1.0,1.0,53998,53999,1,1.0
EURUSD,53981,53996,PUT,1,2.161550031614837,11.689129003526919,1,0,1,53998,53999,1,1.0,1,1,1,53998,53999,1,1.0,1,1.0,1.0,53998,53999,1,1.0,1,1.0,1.0,53998,53999,1,1.0,1,1.0,1.0,53998,53999,1,1.0
EURUSD,53988,53996,PUT,1,2.161550031614837,11.689129003526919,1,0,1,53998,53999,1,1.0,1,1,1,53998,53999,1,1.0,1,1.0,1.0,53998,53999,1,1.0,1,1.0,1.0,53998,53999,1,1.0,1,1.0,1.0,53998,53999,1,1.0
EURUSD,54034,54062,CALL,0,5.358871943837597,14.500758068009716,1,0,0,54067,54068,1,0.0,1,0,0,54067,54068,1,0.0,1,0.0,0.0,54067,54068,1,0.0,1,0.0,0.0,54067,54068,1,0.0,1,1.0,0.0,54067,54068,1,0.0
EURUSD,54040,54062,CALL,0,5.358871943837597,14.500758068009716,1,0,0,54067,54068,1,0.0,1,0,0,54067,54068,1,0.0,1,0.0,0.0,54067,54068,1,0.0,1,0.0,0.0,54067,54068,1,0.0,1,1.0,0.0,54067,54068,1,0.0
EURUSD,54053,54062,CALL,0,5.358871943837597,14.500758068009716,1,0,0,54067,54068,1,0.0,1,0,0,54067,54068,1,0.0,1,0.0,0.0,54067,54068,1,0.0,1,0.0,0.0,54067,54068,1,0.0,1,1.0,0.0,54067,54068,1,0.0
EURUSD,54330,54333,PUT,0,2.0294208996893133,12.733257463482424,1,0,0,54337,54338,1,0.0,1,1,0,54337,54338,1,0.0,1,1.0,0.0,54337,54338,1,0.0,1,2.0,0.0,54337,54338,1,0.0,1,2.0,0.0,54337,54338,1,0.0
EURUSD,54332,54333,PUT,0,2.0294208996893133,12.733257463482424,1,0,0,54337,54338,1,0.0,1,1,0,54337,54338,1,0.0,1,1.0,0.0,54337,54338,1,0.0,1,2.0,0.0,54337,54338,1,0.0,1,2.0,0.0,54337,54338,1,0.0
EURUSD,54464,54491,PUT,1,3.761577123893886,16.64205147599052,1,0,1,54492,54493,1,1.0,1,0,1,54492,54493,1,1.0,1,1.0,0.0,-1,-1,0,,1,1.0,0.0,-1,-1,0,,1,1.0,0.0,-1,-1,0,
EURUSD,54536,54572,PUT,0,2.0218527896132343,13.091434927862203,1,0,0,54573,54574,1,0.0,1,1,0,-1,-1,0,,1,1.0,0.0,-1,-1,0,,1,1.0,0.0,-1,-1,0,,1,1.0,0.0,-1,-1,0,
EURUSD,54756,54761,CALL,0,2.3564521211293936,17.74696135015178,1,0,0,54764,54765,1,0.0,1,2,0,54764,54765,1,0.0,1,2.0,0.0,54764,54765,1,0.0,1,2.0,0.0,54764,54765,1,0.0,1,2.0,0.0,54764,54765,1,0.0
EURUSD,56059,56063,PUT,1,2.2047812468681087,15.71880799523964,1,0,1,56064,56065,1,1.0,1,1,0,56066,56067,1,0.0,1,1.0,0.0,56066,56067,1,0.0,1,1.0,0.0,56066,56067,1,0.0,1,1.0,0.0,56066,56067,1,0.0
EURUSD,56061,56063,PUT,1,2.2047812468681087,15.71880799523964,1,0,1,56064,56065,1,1.0,1,1,0,56066,56067,1,0.0,1,1.0,0.0,56066,56067,1,0.0,1,1.0,0.0,56066,56067,1,0.0,1,1.0,0.0,56066,56067,1,0.0
EURUSD,57628,57635,PUT,0,2.0546813229758527,16.86828867845309,1,0,0,57638,57639,1,0.0,1,1,0,57638,57639,1,0.0,1,1.0,0.0,57638,57639,1,0.0,1,2.0,0.0,57638,57639,1,0.0,1,4.0,0.0,-1,-1,0,
EURUSD,57631,57635,PUT,0,2.0546813229758527,16.86828867845309,1,0,0,57638,57639,1,0.0,1,1,0,57638,57639,1,0.0,1,1.0,0.0,57638,57639,1,0.0,1,2.0,0.0,57638,57639,1,0.0,1,4.0,0.0,-1,-1,0,
EURUSD,57707,57717,CALL,0,3.206801112727444,19.21447983401972,1,0,0,57719,57720,1,0.0,1,0,0,57719,57720,1,0.0,1,1.0,0.0,57719,57720,1,0.0,1,1.0,0.0,57719,57720,1,0.0,1,1.0,0.0,57719,57720,1,0.0
EURUSD,58441,58461,PUT,0,3.924997549897967,16.728420838363817,1,0,0,58462,58463,1,0.0,1,0,0,58462,58463,1,0.0,1,1.0,0.0,-1,-1,0,,1,1.0,0.0,-1,-1,0,,1,1.0,0.0,-1,-1,0,
EURUSD,58454,58461,PUT,0,3.924997549897967,16.728420838363817,1,0,0,58462,58463,1,0.0,1,0,0,58462,58463,1,0.0,1,1.0,0.0,-1,-1,0,,1,1.0,0.0,-1,-1,0,,1,1.0,0.0,-1,-1,0,
EURUSD,58457,58461,PUT,0,3.924997549897967,16.728420838363817,1,0,0,58462,58463,1,0.0,1,0,0,58462,58463,1,0.0,1,1.0,0.0,-1,-1,0,,1,1.0,0.0,-1,-1,0,,1,1.0,0.0,-1,-1,0,
EURUSD,58542,58545,CALL,0,3.414593963957886,20.441644695495718,1,0,0,58547,58548,1,0.0,1,0,0,-1,-1,0,,1,1.0,0.0,-1,-1,0,,1,8.0,0.0,58555,58556,1,0.0,1,8.0,0.0,58555,58556,1,0.0
EURUSD,58546,58552,CALL,0,3.7637434213042926,20.441644695495718,1,0,0,58555,58556,1,0.0,1,0,0,58555,58556,1,0.0,1,1.0,0.0,58555,58556,1,0.0,1,1.0,0.0,58555,58556,1,0.0,1,1.0,0.0,58555,58556,1,0.0
EURUSD,59793,59830,CALL,0,3.954475531148709,15.285310034051662,1,0,0,59834,59835,1,0.0,1,0,0,59834,59835,1,0.0,1,1.0,0.0,59834,59835,1,0.0,1,1.0,0.0,59834,59835,1,0.0,1,1.0,0.0,59834,59835,1,0.0
EURUSD,59926,59949,CALL,0,2.645055345760973,11.688880216310295,1,0,0,59950,59951,1,0.0,1,1,0,-1,-1,0,,1,1.0,0.0,-1,-1,0,,1,2.0,0.0,-1,-1,0,,1,2.0,0.0,-1,-1,0,
EURUSD,60241,60254,PUT,0,3.4785984714490894,13.473766611014476,1,0,0,60255,60256,1,0.0,1,0,0,60255,60256,1,0.0,1,1.0,0.0,-1,-1,0,,1,11.0,0.0,-1,-1,0,,1,11.0,0.0,-1,-1,0,
EURUSD,60243,60254,PUT,0,3.4785984714490894,13.473766611014476,1,0,0,60255,60256,1,0.0,1,0,0,60255,60256,1,0.0,1,1.0,0.0,-1,-1,0,,1,11.0,0.0,-1,-1,0,,1,11.0,0.0,-1,-1,0,
EURUSD,60245,60254,PUT,0,3.4785984714490894,13.473766611014476,1,0,0,60255,60256,1,0.0,1,0,0,60255,60256,1,0.0,1,1.0,0.0,-1,-1,0,,1,11.0,0.0,-1,-1,0,,1,11.0,0.0,-1,-1,0,
EURUSD,60247,60254,PUT,0,3.4785984714490894,13.473766611014476,1,0,0,60255,60256,1,0.0,1,0,0,60255,60256,1,0.0,1,1.0,0.0,-1,-1,0,,1,11.0,0.0,-1,-1,0,,1,11.0,0.0,-1,-1,0,
EURUSD,60253,60254,PUT,0,3.4785984714490894,13.473766611014476,1,0,0,60255,60256,1,0.0,1,0,0,60255,60256,1,0.0,1,1.0,0.0,-1,-1,0,,1,11.0,0.0,-1,-1,0,,1,11.0,0.0,-1,-1,0,
EURUSD,60643,60660,CALL,0,2.183346185472061,12.528085815752942,1,0,0,60664,60665,1,0.0,1,1,0,60664,60665,1,0.0,1,1.0,0.0,60664,60665,1,0.0,1,1.0,0.0,60664,60665,1,0.0,1,1.0,0.0,60664,60665,1,0.0
EURUSD,60657,60660,CALL,0,2.183346185472061,12.528085815752942,1,0,0,60664,60665,1,0.0,1,1,0,60664,60665,1,0.0,1,1.0,0.0,60664,60665,1,0.0,1,1.0,0.0,60664,60665,1,0.0,1,1.0,0.0,60664,60665,1,0.0
EURUSD,60659,60660,CALL,0,2.183346185472061,12.528085815752942,1,0,0,60664,60665,1,0.0,1,1,0,60664,60665,1,0.0,1,1.0,0.0,60664,60665,1,0.0,1,1.0,0.0,60664,60665,1,0.0,1,1.0,0.0,60664,60665,1,0.0
EURUSD,60881,60917,PUT,1,4.110470769485929,12.936606789201583,1,0,1,60922,60923,1,1.0,1,0,1,60922,60923,1,1.0,1,0.0,1.0,60922,60923,1,1.0,1,1.0,0.0,-1,-1,0,,1,1.0,0.0,-1,-1,0,
EURUSD,60885,60917,PUT,1,4.110470769485929,12.936606789201583,1,0,1,60922,60923,1,1.0,1,0,1,60922,60923,1,1.0,1,0.0,1.0,60922,60923,1,1.0,1,1.0,0.0,-1,-1,0,,1,1.0,0.0,-1,-1,0,
EURUSD,60887,60917,PUT,1,4.110470769485929,12.936606789201583,1,0,1,60922,60923,1,1.0,1,0,1,60922,60923,1,1.0,1,0.0,1.0,60922,60923,1,1.0,1,1.0,0.0,-1,-1,0,,1,1.0,0.0,-1,-1,0,
EURUSD,60911,60917,PUT,1,4.110470769485929,12.936606789201583,1,0,1,60922,60923,1,1.0,1,0,1,60922,60923,1,1.0,1,0.0,1.0,60922,60923,1,1.0,1,1.0,0.0,-1,-1,0,,1,1.0,0.0,-1,-1,0,
EURUSD,60914,60917,PUT,1,4.110470769485929,12.936606789201583,1,0,1,60922,60923,1,1.0,1,0,1,60922,60923,1,1.0,1,0.0,1.0,60922,60923,1,1.0,1,1.0,0.0,-1,-1,0,,1,1.0,0.0,-1,-1,0,
EURUSD,61349,61350,CALL,1,2.693676563182329,11.087930365038758,1,0,1,61354,61355,1,1.0,1,1,0,-1,-1,0,,1,1.0,0.0,-1,-1,0,,1,1.0,0.0,-1,-1,0,,1,2.0,0.0,-1,-1,0,
EURUSD,61450,61470,CALL,0,4.248812145745834,14.978828640409795,1,0,0,61475,61476,1,0.0,1,0,0,61475,61476,1,0.0,1,0.0,0.0,61475,61476,1,0.0,1,3.0,0.0,61475,61476,1,0.0,1,3.0,0.0,61475,61476,1,0.0
EURUSD,61468,61470,CALL,0,4.248812145745834,14.978828640409795,1,0,0,61475,61476,1,0.0,1,0,0,61475,61476,1,0.0,1,0.0,0.0,61475,61476,1,0.0,1,3.0,0.0,61475,61476,1,0.0,1,3.0,0.0,61475,61476,1,0.0
EURUSD,61563,61567,CALL,0,3.4641181345457905,9.084630849335923,1,0,0,61568,61569,1,0.0,1,0,0,61568,61569,1,0.0,1,1.0,0.0,-1,-1,0,,1,11.0,0.0,-1,-1,0,,1,12.0,0.0,-1,-1,0,
EURUSD,61854,61872,PUT,0,2.4390577163419778,17.391727219417085,1,0,0,61874,61875,1,0.0,1,1,0,61874,61875,1,0.0,1,1.0,0.0,61874,61875,1,0.0,1,1.0,0.0,61874,61875,1,0.0,1,1.0,0.0,61874,61875,1,0.0
EURUSD,61867,61872,PUT,0,2.4390577163419778,17.391727219417085,1,0,0,61874,61875,1,0.0,1,1,0,61874,61875,1,0.0,1,1.0,0.0,61874,61875,1,0.0,1,1.0,0.0,61874,61875,1,0.0,1,1.0,0.0,61874,61875,1,0.0
EURUSD,63576,63613,PUT,0,2.2207175848451044,13.022576054768372,1,0,0,63616,63617,1,0.0,1,1,0,63616,63617,1,0.0,1,1.0,0.0,63616,63617,1,0.0,1,2.0,0.0,63616,63617,1,0.0,1,2.0,0.0,63616,63617,1,0.0
EURUSD,63594,63613,PUT,0,2.2207175848451044,13.022576054768372,1,0,0,63616,63617,1,0.0,1,1,0,63616,63617,1,0.0,1,1.0,0.0,63616,63617,1,0.0,1,2.0,0.0,63616,63617,1,0.0,1,2.0,0.0,63616,63617,1,0.0
EURUSD,63604,63613,PUT,0,2.2207175848451044,13.022576054768372,1,0,0,63616,63617,1,0.0,1,1,0,63616,63617,1,0.0,1,1.0,0.0,63616,63617,1,0.0,1,2.0,0.0,63616,63617,1,0.0,1,2.0,0.0,63616,63617,1,0.0
EURUSD,63608,63613,PUT,0,2.2207175848451044,13.022576054768372,1,0,0,63616,63617,1,0.0,1,1,0,63616,63617,1,0.0,1,1.0,0.0,63616,63617,1,0.0,1,2.0,0.0,63616,63617,1,0.0,1,2.0,0.0,63616,63617,1,0.0
EURUSD,63611,63613,PUT,0,2.2207175848451044,13.022576054768372,1,0,0,63616,63617,1,0.0,1,1,0,63616,63617,1,0.0,1,1.0,0.0,63616,63617,1,0.0,1,2.0,0.0,63616,63617,1,0.0,1,2.0,0.0,63616,63617,1,0.0
EURUSD,63864,63895,PUT,0,2.9752462710371645,8.818870037660822,1,0,0,63897,63898,1,0.0,1,1,0,63897,63898,1,0.0,1,1.0,0.0,63897,63898,1,0.0,1,1.0,0.0,63897,63898,1,0.0,1,2.0,0.0,-1,-1,0,
EURUSD,63886,63895,PUT,0,2.9752462710371645,8.818870037660822,1,0,0,63897,63898,1,0.0,1,1,0,63897,63898,1,0.0,1,1.0,0.0,63897,63898,1,0.0,1,1.0,0.0,63897,63898,1,0.0,1,2.0,0.0,-1,-1,0,
EURUSD,63891,63895,PUT,0,2.9752462710371645,8.818870037660822,1,0,0,63897,63898,1,0.0,1,1,0,63897,63898,1,0.0,1,1.0,0.0,63897,63898,1,0.0,1,1.0,0.0,63897,63898,1,0.0,1,2.0,0.0,-1,-1,0,
EURUSD,63901,63918,PUT,0,2.985772810402949,11.900426052857455,1,0,0,63922,63923,1,0.0,1,1,0,63922,63923,1,0.0,1,1.0,0.0,63922,63923,1,0.0,1,1.0,0.0,63922,63923,1,0.0,1,2.0,0.0,63922,63923,1,0.0
EURUSD,63910,63918,PUT,0,2.985772810402949,11.900426052857455,1,0,0,63922,63923,1,0.0,1,1,0,63922,63923,1,0.0,1,1.0,0.0,63922,63923,1,0.0,1,1.0,0.0,63922,63923,1,0.0,1,2.0,0.0,63922,63923,1,0.0
EURUSD,63912,63918,PUT,0,2.985772810402949,11.900426052857455,1,0,0,63922,63923,1,0.0,1,1,0,63922,63923,1,0.0,1,1.0,0.0,63922,63923,1,0.0,1,1.0,0.0,63922,63923,1,0.0,1,2.0,0.0,63922,63923,1,0.0
EURUSD,63995,63998,PUT,0,2.5054337649215057,12.867689948833409,1,0,0,64002,64003,1,0.0,1,1,0,64002,64003,1,0.0,1,1.0,0.0,64002,64003,1,0.0,1,1.0,0.0,64002,64003,1,0.0,1,2.0,0.0,64002,64003,1,0.0
EURUSD,65435,65449,CALL,1,2.4989243487911708,12.135483081289031,1,0,1,65450,65451,1,1.0,1,1,0,-1,-1,0,,1,1.0,0.0,-1,-1,0,,1,1.0,0.0,-1,-1,0,,1,4.0,0.0,-1,-1,0,
EURUSD,66783,66787,PUT,1,3.362142136118408,11.867960804820012,1,0,1,66791,66792,1,1.0,1,0,1,66791,66792,1,1.0,1,1.0,1.0,66791,66792,1,1.0,1,1.0,1.0,66791,66792,1,1.0,1,1.0,1.0,66791,66792,1,1.0
EURUSD,67348,67353,CALL,0,4.413565709459219,17.777915186901453,1,0,0,67357,67358,1,0.0,1,0,0,67357,67358,1,0.0,1,0.0,0.0,67357,67358,1,0.0,1,1.0,0.0,67357,67358,1,0.0,1,1.0,0.0,67357,67358,1,0.0
EURUSD,67578,67610,CALL,1,4.982450937104165,18.628428365586124,1,0,1,67611,67612,1,1.0,1,0,1,67611,67612,1,1.0,1,0.0,1.0,67611,67612,1,1.0,1,1.0,0.0,-1,-1,0,,1,1.0,0.0,-1,-1,0,
EURUSD,67941,67945,CALL,0,3.8592372706562657,13.749709571348603,1,0,0,67946,67947,1,0.0,1,0,0,67946,67947,1,0.0,1,1.0,0.0,-1,-1,0,,1,1.0,0.0,-1,-1,0,,1,1.0,0.0,-1,-1,0,
EURUSD,68372,68378,CALL,0,3.2746402372013748,17.880308629482876,1,0,0,68383,68384,1,0.0,1,0,0,68383,68384,1,0.0,1,1.0,0.0,68383,68384,1,0.0,1,1.0,0.0,68383,68384,1,0.0,1,2.0,0.0,68383,68384,1,0.0
EURUSD,69381,69385,PUT,0,2.7091682726089203,6.339440331417393,1,0,0,69387,69388,1,0.0,1,1,0,69387,69388,1,0.0,1,13.0,0.0,-1,-1,0,,1,14.0,0.0,-1,-1,0,,1,14.0,0.0,-1,-1,0,
EURUSD,69698,69734,PUT,0,2.9669250614769997,15.914888008812817,1,0,0,69735,69736,1,0.0,1,1,0,-1,-1,0,,1,1.0,0.0,-1,-1,0,,1,2.0,0.0,-1,-1,0,,1,2.0,0.0,-1,-1,0,
EURUSD,69709,69719,CALL,1,5.662088085520281,15.145949029872583,1,0,1,69722,69723,1,1.0,1,0,0,-1,-1,0,,1,0.0,0.0,-1,-1,0,,1,0.0,0.0,-1,-1,0,,1,10.0,0.0,-1,-1,0,
EURUSD,69730,69734,PUT,0,2.9669250614769997,15.914888008812817,1,0,0,69735,69736,1,0.0,1,1,0,-1,-1,0,,1,1.0,0.0,-1,-1,0,,1,2.0,0.0,-1,-1,0,,1,2.0,0.0,-1,-1,0,
EURUSD,70289,70315,CALL,0,2.666555203735049,16.026188913852092,1,0,0,70316,70317,1,0.0,1,1,0,-1,-1,0,,1,1.0,0.0,-1,-1,0,,1,1.0,0.0,-1,-1,0,,1,1.0,0.0,-1,-1,0,
EURUSD,70306,70315,CALL,0,2.666555203735049,16.026188913852092,1,0,0,70316,70317,1,0.0,1,1,0,-1,-1,0,,1,1.0,0.0,-1,-1,0,,1,1.0,0.0,-1,-1,0,,1,1.0,0.0,-1,-1,0,
EURUSD,70310,70315,CALL,0,2.666555203735049,16.026188913852092,1,0,0,70316,70317,1,0.0,1,1,0,-1,-1,0,,1,1.0,0.0,-1,-1,0,,1,1.0,0.0,-1,-1,0,,1,1.0,0.0,-1,-1,0,
EURUSD,71151,71153,PUT,0,2.000743653886616,14.457985905515038,1,0,0,71155,71156,1,0.0,1,1,0,71155,71156,1,0.0,1,1.0,0.0,71155,71156,1,0.0,1,1.0,0.0,71155,71156,1,0.0,1,2.0,0.0,-1,-1,0,
EURUSD,71723,71753,CALL,1,2.311576672629231,13.144566099566294,1,0,1,71754,71755,1,1.0,1,1,0,-1,-1,0,,1,2.0,0.0,-1,-1,0,,1,3.0,0.0,-1,-1,0,,1,3.0,0.0,-1,-1,0,
EURUSD,71735,71753,CALL,1,2.311576672629231,13.144566099566294,1,0,1,71754,71755,1,1.0,1,1,0,-1,-1,0,,1,2.0,0.0,-1,-1,0,,1,3.0,0.0,-1,-1,0,,1,3.0,0.0,-1,-1,0,
EURUSD,71746,71753,CALL,1,2.311576672629231,13.144566099566294,1,0,1,71754,71755,1,1.0,1,1,0,-1,-1,0,,1,2.0,0.0,-1,-1,0,,1,3.0,0.0,-1,-1,0,,1,3.0,0.0,-1,-1,0,
EURUSD,71749,71753,CALL,1,2.311576672629231,13.144566099566294,1,0,1,71754,71755,1,1.0,1,1,0,-1,-1,0,,1,2.0,0.0,-1,-1,0,,1,3.0,0.0,-1,-1,0,,1,3.0,0.0,-1,-1,0,
EURUSD,72221,72228,CALL,1,5.363683977926856,20.212104579664434,1,0,1,72232,72233,1,1.0,1,0,1,72232,72233,1,1.0,1,0.0,1.0,72232,72233,1,1.0,1,0.0,1.0,72232,72233,1,1.0,1,1.0,1.0,72232,72233,1,1.0
EURUSD,72799,72814,PUT,0,3.509771005791848,14.15469166050584,1,0,0,72819,72820,1,0.0,1,0,0,-1,-1,0,,1,1.0,0.0,-1,-1,0,,1,1.0,0.0,-1,-1,0,,1,1.0,0.0,-1,-1,0,
EURUSD,72807,72814,PUT,0,3.509771005791848,14.15469166050584,1,0,0,72819,72820,1,0.0,1,0,0,-1,-1,0,,1,1.0,0.0,-1,-1,0,,1,1.0,0.0,-1,-1,0,,1,1.0,0.0,-1,-1,0,
EURUSD,73978,73983,PUT,1,4.399766916406236,13.123483526468835,1,0,1,73985,73986,1,1.0,1,0,1,73985,73986,1,1.0,1,0.0,1.0,73985,73986,1,1.0,1,1.0,1.0,73985,73986,1,1.0,1,1.0,0.0,-1,-1,0,
EURUSD,74258,74293,CALL,0,3.8424746059131927,9.466974273749283,1,0,0,74294,74295,1,0.0,1,0,0,74294,74295,1,0.0,1,1.0,0.0,-1,-1,0,,1,1.0,0.0,-1,-1,0,,1,1.0,0.0,-1,-1,0,
EURUSD,75799,75811,PUT,1,3.655250290201352,15.175480178179455,1,0,1,75814,75815,1,1.0,1,0,1,75814,75815,1,1.0,1,1.0,1.0,75814,75815,1,1.0,1,1.0,1.0,75814,75815,1,1.0,1,1.0,1.0,75814,75815,1,1.0
EURUSD,75802,75811,PUT,1,3.655250290201352,15.175480178179455,1,0,1,75814,75815,1,1.0,1,0,1,75814,75815,1,1.0,1,1.0,1.0,75814,75815,1,1.0,1,1.0,1.0,75814,75815,1,1.0,1,1.0,1.0,75814,75815,1,1.0
EURUSD,76985,77007,PUT,0,2.2377175470567465,5.0533977852583405,1,0,0,77009,77010,1,0.0,1,1,0,77009,77010,1,0.0,1,1.0,0.0,77009,77010,1,0.0,1,2.0,0.0,-1,-1,0,,0,,,-1,-1,0,
EURUSD,76995,77007,PUT,0,2.2377175470567465,5.0533977852583405,1,0,0,77009,77010,1,0.0,1,1,0,77009,77010,1,0.0,1,1.0,0.0,77009,77010,1,0.0,1,2.0,0.0,-1,-1,0,,0,,,-1,-1,0,
EURUSD,76998,77007,PUT,0,2.2377175470567465,5.0533977852583405,1,0,0,77009,77010,1,0.0,1,1,0,77009,77010,1,0.0,1,1.0,0.0,77009,77010,1,0.0,1,2.0,0.0,-1,-1,0,,0,,,-1,-1,0,
EURUSD,77980,77999,PUT,0,4.580306993402814,13.328991275011994,1,0,0,78000,78001,1,0.0,1,0,0,78000,78001,1,0.0,1,0.0,0.0,78000,78001,1,0.0,1,1.0,0.0,-1,-1,0,,1,1.0,0.0,-1,-1,0,
EURUSD,78014,78044,PUT,0,2.109233034199036,17.302309891258844,1,0,0,78046,78047,1,0.0,1,1,0,78046,78047,1,0.0,1,1.0,0.0,78046,78047,1,0.0,1,1.0,0.0,78046,78047,1,0.0,1,1.0,0.0,78046,78047,1,0.0
EURUSD,78088,78127,CALL,1,4.60924564563288,16.31550406280283,1,0,1,78129,78130,1,1.0,1,0,1,78129,78130,1,1.0,1,0.0,0.0,-1,-1,0,,1,1.0,0.0,-1,-1,0,,1,1.0,0.0,-1,-1,0,
EURUSD,78093,78127,CALL,1,4.60924564563288,16.31550406280283,1,0,1,78129,78130,1,1.0,1,0,1,78129,78130,1,1.0,1,0.0,0.0,-1,-1,0,,1,1.0,0.0,-1,-1,0,,1,1.0,0.0,-1,-1,0,
EURUSD,78097,78127,CALL,1,4.60924564563288,16.31550406280283,1,0,1,78129,78130,1,1.0,1,0,1,78129,78130,1,1.0,1,0.0,0.0,-1,-1,0,,1,1.0,0.0,-1,-1,0,,1,1.0,0.0,-1,-1,0,
EURUSD,78595,78634,CALL,1,3.505412723078825,14.825943265957285,1,0,1,78636,78637,1,1.0,1,0,1,78636,78637,1,1.0,1,1.0,1.0,78636,78637,1,1.0,1,1.0,1.0,78636,78637,1,1.0,1,1.0,1.0,78636,78637,1,1.0
EURUSD,79291,79305,CALL,1,2.6968471326320405,13.90609110078423,1,0,1,79306,79307,1,1.0,1,1,1,79307,79308,1,1.0,1,6.0,0.0,-1,-1,0,,1,6.0,0.0,-1,-1,0,,1,7.0,0.0,-1,-1,0,
EURUSD,79627,79649,CALL,0,2.080359384205334,13.883319989769255,1,0,0,79650,79651,1,0.0,1,1,0,-1,-1,0,,1,1.0,0.0,-1,-1,0,,1,1.0,0.0,-1,-1,0,,1,2.0,0.0,-1,-1,0,
EURUSD,79644,79649,CALL,0,2.080359384205334,13.883319989769255,1,0,0,79650,79651,1,0.0,1,1,0,-1,-1,0,,1,1.0,0.0,-1,-1,0,,1,1.0,0.0,-1,-1,0,,1,2.0,0.0,-1,-1,0,
EURUSD,79672,79685,PUT,1,2.18338764367546,9.556574155565567,1,0,1,79687,79688,1,1.0,1,1,1,79687,79688,1,1.0,1,1.0,1.0,79687,79688,1,1.0,1,1.0,1.0,79687,79688,1,1.0,1,1.0,1.0,79687,79688,1,1.0
EURUSD,79728,79756,CALL,1,2.186041733152756,18.25833429714634,1,0,1,79757,79758,1,1.0,1,1,1,79764,79765,1,1.0,1,1.0,1.0,79764,79765,1,1.0,1,1.0,1.0,79764,79765,1,1.0,1,6.0,1.0,79764,79765,1,1.0
EURUSD,79730,79756,CALL,1,2.186041733152756,18.25833429714634,1,0,1,79757,79758,1,1.0,1,1,1,79764,79765,1,1.0,1,1.0,1.0,79764,79765,1,1.0,1,1.0,1.0,79764,79765,1,1.0,1,6.0,1.0,79764,79765,1,1.0
EURUSD,79737,79756,CALL,1,2.186041733152756,18.25833429714634,1,0,1,79757,79758,1,1.0,1,1,1,79764,79765,1,1.0,1,1.0,1.0,79764,79765,1,1.0,1,1.0,1.0,79764,79765,1,1.0,1,6.0,1.0,79764,79765,1,1.0
EURUSD,79786,79800,CALL,0,2.3872505250765226,15.175601666829873,1,0,0,79804,79805,1,0.0,1,1,0,-1,-1,0,,1,1.0,0.0,-1,-1,0,,1,1.0,0.0,-1,-1,0,,1,1.0,0.0,-1,-1,0,
EURUSD,79791,79800,CALL,0,2.3872505250765226,15.175601666829873,1,0,0,79804,79805,1,0.0,1,1,0,-1,-1,0,,1,1.0,0.0,-1,-1,0,,1,1.0,0.0,-1,-1,0,,1,1.0,0.0,-1,-1,0,
EURUSD,80082,80101,PUT,0,3.838406034599771,13.06776615165871,1,0,0,80103,80104,1,0.0,1,0,0,80103,80104,1,0.0,1,1.0,0.0,80103,80104,1,0.0,1,1.0,0.0,80103,80104,1,0.0,1,1.0,0.0,-1,-1,0,
EURUSD,80251,80265,CALL,1,2.669242528998387,14.344190584405084,1,0,1,80266,80267,1,1.0,1,1,1,80270,80271,1,1.0,1,4.0,1.0,80270,80271,1,1.0,1,4.0,1.0,80270,80271,1,1.0,1,4.0,1.0,80270,80271,1,1.0
EURUSD,80406,80441,CALL,1,2.4204572381057066,12.848672054147634,1,0,1,80443,80444,1,1.0,1,1,1,80443,80444,1,1.0,1,1.0,1.0,80443,80444,1,1.0,1,1.0,1.0,80443,80444,1,1.0,1,1.0,1.0,80443,80444,1,1.0
EURUSD,80427,80441,CALL,1,2.4204572381057066,12.848672054147634,1,0,1,80443,80444,1,1.0,1,1,1,80443,80444,1,1.0,1,1.0,1.0,80443,80444,1,1.0,1,1.0,1.0,80443,80444,1,1.0,1,1.0,1.0,80443,80444,1,1.0
EURUSD,80773,80790,CALL,1,2.879654175371261,14.35671668314854,1,0,1,80794,80795,1,1.0,1,1,1,80794,80795,1,1.0,1,1.0,1.0,80794,80795,1,1.0,1,1.0,1.0,80794,80795,1,1.0,1,2.0,1.0,80794,80795,1,1.0
EURUSD,80902,80909,CALL,1,2.523112130827643,17.952153599296196,1,0,1,80913,80914,1,1.0,1,1,1,80913,80914,1,1.0,1,1.0,1.0,80913,80914,1,1.0,1,1.0,1.0,80913,80914,1,1.0,1,1.0,1.0,80913,80914,1,1.0
EURUSD,81327,81356,PUT,1,2.0364284275671736,11.292662583353657,1,0,1,81360,81361,1,1.0,1,1,1,81360,81361,1,1.0,1,2.0,1.0,81360,81361,1,1.0,1,3.0,1.0,81360,81361,1,1.0,1,3.0,1.0,81360,81361,1,1.0
EURUSD,81350,81356,PUT,1,2.0364284275671736,11.292662583353657,1,0,1,81360,81361,1,1.0,1,1,1,81360,81361,1,1.0,1,2.0,1.0,81360,81361,1,1.0,1,3.0,1.0,81360,81361,1,1.0,1,3.0,1.0,81360,81361,1,1.0
EURUSD,81640,81650,CALL,1,4.639594979186816,16.399905101150196,1,0,1,81654,81655,1,1.0,1,0,1,81654,81655,1,1.0,1,0.0,1.0,81654,81655,1,1.0,1,1.0,1.0,81654,81655,1,1.0,1,1.0,0.0,-1,-1,0,
EURUSD,82250,82255,CALL,0,2.791202064180128,15.752010579593126,1,0,0,82257,82258,1,0.0,1,1,0,82257,82258,1,0.0,1,1.0,0.0,82257,82258,1,0.0,1,1.0,0.0,82257,82258,1,0.0,1,1.0,0.0,82257,82258,1,0.0
EURUSD,82757,82787,PUT,0,4.601116659588072,14.437918794590281,1,0,0,82790,82791,1,0.0,1,0,0,82790,82791,1,0.0,1,0.0,0.0,82790,82791,1,0.0,1,1.0,0.0,82790,82791,1,0.0,1,1.0,0.0,82790,82791,1,0.0
EURUSD,82765,82787,PUT,0,4.601116659588072,14.437918794590281,1,0,0,82790,82791,1,0.0,1,0,0,82790,82791,1,0.0,1,0.0,0.0,82790,82791,1,0.0,1,1.0,0.0,82790,82791,1,0.0,1,1.0,0.0,82790,82791,1,0.0
EURUSD,82768,82787,PUT,0,4.601116659588072,14.437918794590281,1,0,0,82790,82791,1,0.0,1,0,0,82790,82791,1,0.0,1,0.0,0.0,82790,82791,1,0.0,1,1.0,0.0,82790,82791,1,0.0,1,1.0,0.0,82790,82791,1,0.0
EURUSD,82850,82854,PUT,1,2.7091009397544497,15.029617275846483,1,0,1,82856,82857,1,1.0,1,1,1,82856,82857,1,1.0,1,1.0,1.0,82856,82857,1,1.0,1,1.0,1.0,82856,82857,1,1.0,1,2.0,1.0,82861,82862,1,1.0
EURUSD,83437,83466,PUT,0,3.3249596966445267,10.354585332228503,1,0,0,83468,83469,1,0.0,1,0,0,83468,83469,1,0.0,1,1.0,0.0,-1,-1,0,,1,9.0,0.0,-1,-1,0,,1,10.0,0.0,-1,-1,0,
EURUSD,85044,85060,PUT,0,3.815809537156369,13.09648243773459,1,0,0,85061,85062,1,0.0,1,0,0,85061,85062,1,0.0,1,1.0,0.0,-1,-1,0,,1,1.0,0.0,-1,-1,0,,1,1.0,0.0,-1,-1,0,
EURUSD,86112,86115,PUT,0,2.9783809513608475,6.506312161102741,1,0,0,86116,86117,1,0.0,1,1,0,-1,-1,0,,1,14.0,0.0,-1,-1,0,,1,20.0,0.0,-1,-1,0,,1,20.0,0.0,-1,-1,0,
EURUSD,87631,87665,PUT,1,3.14401390568608,19.08283250469556,1,0,1,87669,87670,1,1.0,1,0,1,87669,87670,1,1.0,1,1.0,1.0,87669,87670,1,1.0,1,1.0,1.0,87669,87670,1,1.0,1,1.0,1.0,87669,87670,1,1.0
EURUSD,88916,88919,PUT,0,4.800095611750479,15.581964056717041,1,0,0,88920,88921,1,0.0,1,0,0,88920,88921,1,0.0,1,0.0,0.0,88920,88921,1,0.0,1,1.0,0.0,-1,-1,0,,1,1.0,0.0,-1,-1,0,
EURUSD,90514,90523,CALL,0,3.11299414421833,16.071194547619235,1,0,0,90528,90529,1,0.0,1,0,0,90528,90529,1,0.0,1,1.0,0.0,90528,90529,1,0.0,1,1.0,0.0,90528,90529,1,0.0,1,1.0,0.0,90528,90529,1,0.0
EURUSD,90517,90523,CALL,0,3.11299414421833,16.071194547619235,1,0,0,90528,90529,1,0.0,1,0,0,90528,90529,1,0.0,1,1.0,0.0,90528,90529,1,0.0,1,1.0,0.0,90528,90529,1,0.0,1,1.0,0.0,90528,90529,1,0.0
EURUSD,90781,90786,PUT,1,2.605960637846877,17.92383083927703,1,0,1,90787,90788,1,1.0,1,1,0,-1,-1,0,,1,1.0,0.0,-1,-1,0,,1,2.0,0.0,-1,-1,0,,1,2.0,0.0,-1,-1,0,
EURUSD,91479,91518,PUT,0,2.249478285244251,16.273007701579246,1,0,0,91520,91521,1,0.0,1,1,0,91520,91521,1,0.0,1,1.0,0.0,91520,91521,1,0.0,1,1.0,0.0,91520,91521,1,0.0,1,1.0,0.0,91520,91521,1,0.0
EURUSD,91482,91518,PUT,0,2.249478285244251,16.273007701579246,1,0,0,91520,91521,1,0.0,1,1,0,91520,91521,1,0.0,1,1.0,0.0,91520,91521,1,0.0,1,1.0,0.0,91520,91521,1,0.0,1,1.0,0.0,91520,91521,1,0.0
EURUSD,91500,91518,PUT,0,2.249478285244251,16.273007701579246,1,0,0,91520,91521,1,0.0,1,1,0,91520,91521,1,0.0,1,1.0,0.0,91520,91521,1,0.0,1,1.0,0.0,91520,91521,1,0.0,1,1.0,0.0,91520,91521,1,0.0
EURUSD,91991,92029,CALL,1,2.8558595415081705,12.10535304738272,1,0,1,92034,92035,1,1.0,1,1,1,92034,92035,1,1.0,1,1.0,1.0,92034,92035,1,1.0,1,1.0,0.0,-1,-1,0,,1,1.0,0.0,-1,-1,0,
EURUSD,92003,92015,PUT,1,3.2873336000724294,9.819762643813384,1,0,1,92016,92017,1,1.0,1,0,1,92016,92017,1,1.0,1,1.0,0.0,-1,-1,0,,1,1.0,0.0,-1,-1,0,,1,2.0,0.0,-1,-1,0,
EURUSD,92264,92268,PUT,0,2.031533474205915,11.2158774092821,1,0,0,92269,92270,1,0.0,1,1,0,-1,-1,0,,1,1.0,0.0,-1,-1,0,,1,1.0,0.0,-1,-1,0,,1,1.0,0.0,-1,-1,0,
EURUSD,93537,93552,CALL,0,3.5353941007414136,9.333619314384634,1,0,0,93555,93556,1,0.0,1,0,0,93555,93556,1,0.0,1,1.0,0.0,93555,93556,1,0.0,1,1.0,0.0,93555,93556,1,0.0,1,2.0,0.0,93555,93556,1,0.0
EURUSD,93544,93552,CALL,0,3.5353941007414136,9.333619314384634,1,0,0,93555,93556,1,0.0,1,0,0,93555,93556,1,0.0,1,1.0,0.0,93555,93556,1,0.0,1,1.0,0.0,93555,93556,1,0.0,1,2.0,0.0,93555,93556,1,0.0
EURUSD,94015,94031,CALL,0,2.636512170942993,16.419428282752257,1,0,0,94036,94037,1,0.0,1,1,0,94036,94037,1,0.0,1,1.0,0.0,94036,94037,1,0.0,1,1.0,0.0,94036,94037,1,0.0,1,1.0,0.0,94036,94037,1,0.0
EURUSD,94409,94412,PUT,1,2.0453229166176783,18.64544819519045,1,0,1,94415,94416,1,1.0,1,1,0,-1,-1,0,,1,1.0,0.0,-1,-1,0,,1,1.0,0.0,-1,-1,0,,1,1.0,0.0,-1,-1,0,
EURUSD,96402,96430,CALL,0,2.5156557903804018,15.527236098432482,1,0,0,96434,96435,1,0.0,1,1,0,-1,-1,0,,1,1.0,0.0,-1,-1,0,,1,1.0,0.0,-1,-1,0,,1,8.0,0.0,-1,-1,0,
EURUSD,96407,96430,CALL,0,2.5156557903804018,15.527236098432482,1,0,0,96434,96435,1,0.0,1,1,0,-1,-1,0,,1,1.0,0.0,-1,-1,0,,1,1.0,0.0,-1,-1,0,,1,8.0,0.0,-1,-1,0,
EURUSD,96427,96430,CALL,0,2.5156557903804018,15.527236098432482,1,0,0,96434,96435,1,0.0,1,1,0,-1,-1,0,,1,1.0,0.0,-1,-1,0,,1,1.0,0.0,-1,-1,0,,1,8.0,0.0,-1,-1,0,
EURUSD,97926,97962,PUT,0,3.708605718306359,16.724444643923334,1,0,0,97967,97968,1,0.0,1,0,0,97967,97968,1,0.0,1,1.0,0.0,97967,97968,1,0.0,1,1.0,0.0,-1,-1,0,,1,1.0,0.0,-1,-1,0,
EURUSD,97928,97962,PUT,0,3.708605718306359,16.724444643923334,1,0,0,97967,97968,1,0.0,1,0,0,97967,97968,1,0.0,1,1.0,0.0,97967,97968,1,0.0,1,1.0,0.0,-1,-1,0,,1,1.0,0.0,-1,-1,0,
EURUSD,97949,97962,PUT,0,3.708605718306359,16.724444643923334,1,0,0,97967,97968,1,0.0,1,0,0,97967,97968,1,0.0,1,1.0,0.0,97967,97968,1,0.0,1,1.0,0.0,-1,-1,0,,1,1.0,0.0,-1,-1,0,
EURUSD,97956,97962,PUT,0,3.708605718306359,16.724444643923334,1,0,0,97967,97968,1,0.0,1,0,0,97967,97968,1,0.0,1,1.0,0.0,97967,97968,1,0.0,1,1.0,0.0,-1,-1,0,,1,1.0,0.0,-1,-1,0,
EURUSD,98269,98281,PUT,0,2.113145990937994,18.8768489270759,1,0,0,98284,98285,1,0.0,1,1,0,98284,98285,1,0.0,1,1.0,0.0,98284,98285,1,0.0,1,1.0,0.0,98284,98285,1,0.0,1,1.0,0.0,98284,98285,1,0.0
EURUSD,98274,98281,PUT,0,2.113145990937994,18.8768489270759,1,0,0,98284,98285,1,0.0,1,1,0,98284,98285,1,0.0,1,1.0,0.0,98284,98285,1,0.0,1,1.0,0.0,98284,98285,1,0.0,1,1.0,0.0,98284,98285,1,0.0
EURUSD,100235,100249,CALL,0,4.152545422089387,18.91332135980515,1,0,0,100252,100253,1,0.0,1,0,0,100252,100253,1,0.0,1,0.0,0.0,100252,100253,1,0.0,1,1.0,0.0,100252,100253,1,0.0,1,1.0,0.0,100252,100253,1,0.0
EURUSD,100240,100249,CALL,0,4.152545422089387,18.91332135980515,1,0,0,100252,100253,1,0.0,1,0,0,100252,100253,1,0.0,1,0.0,0.0,100252,100253,1,0.0,1,1.0,0.0,100252,100253,1,0.0,1,1.0,0.0,100252,100253,1,0.0
EURUSD,100629,100646,PUT,0,2.8056785702906666,15.792034538867611,1,0,0,100651,100652,1,0.0,1,1,0,100651,100652,1,0.0,1,1.0,0.0,100651,100652,1,0.0,1,1.0,0.0,100651,100652,1,0.0,1,1.0,0.0,100651,100652,1,0.0
EURUSD,100634,100646,PUT,0,2.8056785702906666,15.792034538867611,1,0,0,100651,100652,1,0.0,1,1,0,100651,100652,1,0.0,1,1.0,0.0,100651,100652,1,0.0,1,1.0,0.0,100651,100652,1,0.0,1,1.0,0.0,100651,100652,1,0.0
EURUSD,102047,102064,PUT,0,3.400104423690152,10.305241735853194,1,0,0,102065,102066,1,0.0,1,0,0,102065,102066,1,0.0,1,1.0,0.0,-1,-1,0,,1,1.0,0.0,-1,-1,0,,1,1.0,0.0,-1,-1,0,
EURUSD,102504,102535,CALL,1,5.511030848758535,17.440993522027917,1,0,1,102539,102540,1,1.0,1,0,1,102539,102540,1,1.0,1,0.0,0.0,-1,-1,0,,1,0.0,0.0,-1,-1,0,,1,1.0,0.0,-1,-1,0,
EURUSD,103153,103189,PUT,1,5.639319880257631,23.347597882366124,1,0,1,103193,103194,1,1.0,1,0,1,103193,103194,1,1.0,1,0.0,1.0,103193,103194,1,1.0,1,0.0,1.0,103193,103194,1,1.0,1,1.0,1.0,103193,103194,1,1.0
EURUSD,103167,103189,PUT,1,5.639319880257631,23.347597882366124,1,0,1,103193,103194,1,1.0,1,0,1,103193,103194,1,1.0,1,0.0,1.0,103193,103194,1,1.0,1,0.0,1.0,103193,103194,1,1.0,1,1.0,1.0,103193,103194,1,1.0
EURUSD,103169,103189,PUT,1,5.639319880257631,23.347597882366124,1,0,1,103193,103194,1,1.0,1,0,1,103193,103194,1,1.0,1,0.0,1.0,103193,103194,1,1.0,1,0.0,1.0,103193,103194,1,1.0,1,1.0,1.0,103193,103194,1,1.0
EURUSD,103176,103189,PUT,1,5.639319880257631,23.347597882366124,1,0,1,103193,103194,1,1.0,1,0,1,103193,103194,1,1.0,1,0.0,1.0,103193,103194,1,1.0,1,0.0,1.0,103193,103194,1,1.0,1,1.0,1.0,103193,103194,1,1.0
EURUSD,103186,103189,PUT,1,5.639319880257631,23.347597882366124,1,0,1,103193,103194,1,1.0,1,0,1,103193,103194,1,1.0,1,0.0,1.0,103193,103194,1,1.0,1,0.0,1.0,103193,103194,1,1.0,1,1.0,1.0,103193,103194,1,1.0
EURUSD,104354,104372,PUT,1,2.9608819935385498,18.927638334237805,1,0,1,104373,104374,1,1.0,1,1,0,-1,-1,0,,1,1.0,0.0,-1,-1,0,,1,4.0,0.0,-1,-1,0,,1,4.0,0.0,-1,-1,0,
EURUSD,104369,104372,PUT,1,2.9608819935385498,18.927638334237805,1,0,1,104373,104374,1,1.0,1,1,0,-1,-1,0,,1,1.0,0.0,-1,-1,0,,1,4.0,0.0,-1,-1,0,,1,4.0,0.0,-1,-1,0,
EURUSD,104877,104901,CALL,0,4.502749302901723,18.370121807509,1,0,0,104902,104903,1,0.0,1,0,0,104902,104903,1,0.0,1,0.0,0.0,104902,104903,1,0.0,1,1.0,0.0,104904,104905,1,0.0,1,1.0,0.0,104904,104905,1,0.0
EURUSD,104892,104901,CALL,0,4.502749302901723,18.370121807509,1,0,0,104902,104903,1,0.0,1,0,0,104902,104903,1,0.0,1,0.0,0.0,104902,104903,1,0.0,1,1.0,0.0,104904,104905,1,0.0,1,1.0,0.0,104904,104905,1,0.0
EURUSD,105003,105032,PUT,1,6.6272407427473325,12.519420789385322,1,0,1,105034,105035,1,1.0,1,0,1,105034,105035,1,1.0,1,0.0,1.0,105034,105035,1,1.0,1,0.0,1.0,105034,105035,1,1.0,1,0.0,1.0,105034,105035,1,1.0
EURUSD,105006,105032,PUT,1,6.6272407427473325,12.519420789385322,1,0,1,105034,105035,1,1.0,1,0,1,105034,105035,1,1.0,1,0.0,1.0,105034,105035,1,1.0,1,0.0,1.0,105034,105035,1,1.0,1,0.0,1.0,105034,105035,1,1.0
EURUSD,105718,105744,PUT,0,3.636155984218149,16.175829632135567,1,0,0,105749,105750,1,0.0,1,0,0,105749,105750,1,0.0,1,1.0,0.0,105749,105750,1,0.0,1,1.0,0.0,105749,105750,1,0.0,1,1.0,0.0,105749,105750,1,0.0
EURUSD,105738,105744,PUT,0,3.636155984218149,16.175829632135567,1,0,0,105749,105750,1,0.0,1,0,0,105749,105750,1,0.0,1,1.0,0.0,105749,105750,1,0.0,1,1.0,0.0,105749,105750,1,0.0,1,1.0,0.0,105749,105750,1,0.0
EURUSD,107442,107460,PUT,1,5.793447613020248,14.3116634846101,1,0,1,107461,107462,1,1.0,1,0,1,107461,107462,1,1.0,1,0.0,1.0,107461,107462,1,1.0,1,0.0,1.0,107461,107462,1,1.0,1,1.0,0.0,-1,-1,0,
EURUSD,107638,107649,CALL,1,2.0426995890048723,12.65242356197092,1,0,1,107651,107652,1,1.0,1,1,1,107651,107652,1,1.0,1,1.0,1.0,107651,107652,1,1.0,1,1.0,1.0,107651,107652,1,1.0,1,1.0,1.0,107651,107652,1,1.0
EURUSD,107645,107649,CALL,1,2.0426995890048723,12.65242356197092,1,0,1,107651,107652,1,1.0,1,1,1,107651,107652,1,1.0,1,1.0,1.0,107651,107652,1,1.0,1,1.0,1.0,107651,107652,1,1.0,1,1.0,1.0,107651,107652,1,1.0
EURUSD,108498,108502,PUT,0,3.509086438164445,10.932323466337564,1,0,0,108503,108504,1,0.0,1,0,0,108503,108504,1,0.0,1,1.0,0.0,-1,-1,0,,1,1.0,0.0,-1,-1,0,,1,1.0,0.0,-1,-1,0,
EURUSD,109968,109973,CALL,1,4.840453417833842,12.880809791191332,1,0,1,109977,109978,1,1.0,1,0,0,-1,-1,0,,1,0.0,0.0,-1,-1,0,,1,1.0,0.0,-1,-1,0,,1,1.0,0.0,-1,-1,0,
EURUSD,110409,110433,PUT,1,2.166228941105132,10.700083264840597,1,0,1,110436,110437,1,1.0,1,1,1,110436,110437,1,1.0,1,1.0,1.0,110436,110437,1,1.0,1,1.0,1.0,110436,110437,1,1.0,1,1.0,1.0,110436,110437,1,1.0
EURUSD,110411,110433,PUT,1,2.166228941105132,10.700083264840597,1,0,1,110436,110437,1,1.0,1,1,1,110436,110437,1,1.0,1,1.0,1.0,110436,110437,1,1.0,1,1.0,1.0,110436,110437,1,1.0,1,1.0,1.0,110436,110437,1,1.0
EURUSD,110643,110657,PUT,0,2.530717866620648,19.879821634438464,1,0,0,110660,110661,1,0.0,1,1,0,110660,110661,1,0.0,1,1.0,0.0,110660,110661,1,0.0,1,1.0,0.0,110660,110661,1,0.0,1,1.0,0.0,110660,110661,1,0.0
EURUSD,111042,111058,CALL,1,2.1406668431649347,17.389477960803788,1,0,1,111062,111063,1,1.0,1,1,1,111062,111063,1,1.0,1,1.0,1.0,111062,111063,1,1.0,1,1.0,1.0,111062,111063,1,1.0,1,1.0,1.0,111062,111063,1,1.0
EURUSD,112366,112381,PUT,1,2.039692126838375,15.361074881219324,1,0,1,112384,112385,1,1.0,1,1,1,112384,112385,1,1.0,1,2.0,1.0,112384,112385,1,1.0,1,3.0,0.0,-1,-1,0,,1,3.0,0.0,-1,-1,0,
EURUSD,112389,112392,CALL,0,2.3685649733237373,10.123828308175149,1,0,0,112394,112395,1,0.0,1,1,0,112394,112395,1,0.0,1,1.0,0.0,112394,112395,1,0.0,1,1.0,0.0,112394,112395,1,0.0,1,18.0,0.0,-1,-1,0,
EURUSD,112866,112869,CALL,0,2.8774538062606485,16.73766196773186,1,0,0,112874,112875,1,0.0,1,1,0,112874,112875,1,0.0,1,1.0,0.0,112874,112875,1,0.0,1,1.0,0.0,112874,112875,1,0.0,1,1.0,0.0,112874,112875,1,0.0
GBPUSD,1246,1276,CALL,0,2.4369506498046025,11.085034743335463,1,0,0,1278,1279,1,0.0,1,1,0,1278,1279,1,0.0,1,1.0,0.0,1278,1279,1,0.0,1,1.0,0.0,1278,1279,1,0.0,1,1.0,0.0,1278,1279,1,0.0
GBPUSD,1267,1276,CALL,0,2.4369506498046025,11.085034743335463,1,0,0,1278,1279,1,0.0,1,1,0,1278,1279,1,0.0,1,1.0,0.0,1278,1279,1,0.0,1,1.0,0.0,1278,1279,1,0.0,1,1.0,0.0,1278,1279,1,0.0
GBPUSD,1272,1276,CALL,0,2.4369506498046025,11.085034743335463,1,0,0,1278,1279,1,0.0,1,1,0,1278,1279,1,0.0,1,1.0,0.0,1278,1279,1,0.0,1,1.0,0.0,1278,1279,1,0.0,1,1.0,0.0,1278,1279,1,0.0
GBPUSD,1576,1606,CALL,0,2.4020824993490937,12.031405144238256,1,0,0,1611,1612,1,0.0,1,1,0,1611,1612,1,0.0,1,4.0,0.0,-1,-1,0,,1,15.0,0.0,-1,-1,0,,1,15.0,0.0,-1,-1,0,
GBPUSD,1580,1606,CALL,0,2.4020824993490937,12.031405144238256,1,0,0,1611,1612,1,0.0,1,1,0,1611,1612,1,0.0,1,4.0,0.0,-1,-1,0,,1,15.0,0.0,-1,-1,0,,1,15.0,0.0,-1,-1,0,
GBPUSD,1599,1606,CALL,0,2.4020824993490937,12.031405144238256,1,0,0,1611,1612,1,0.0,1,1,0,1611,1612,1,0.0,1,4.0,0.0,-1,-1,0,,1,15.0,0.0,-1,-1,0,,1,15.0,0.0,-1,-1,0,
GBPUSD,1670,1697,PUT,1,2.3393824134487176,15.241077704847939,1,0,1,1698,1699,1,1.0,1,1,0,-1,-1,0,,1,1.0,0.0,-1,-1,0,,1,1.0,0.0,-1,-1,0,,1,2.0,0.0,-1,-1,0,
GBPUSD,1694,1697,PUT,1,2.3393824134487176,15.241077704847939,1,0,1,1698,1699,1,1.0,1,1,0,-1,-1,0,,1,1.0,0.0,-1,-1,0,,1,1.0,0.0,-1,-1,0,,1,2.0,0.0,-1,-1,0,
GBPUSD,2471,2509,PUT,0,2.2957805325462743,13.034597566231234,1,0,0,2512,2513,1,0.0,1,1,0,2512,2513,1,0.0,1,1.0,0.0,2512,2513,1,0.0,1,1.0,0.0,2512,2513,1,0.0,1,1.0,0.0,2512,2513,1,0.0
GBPUSD,3570,3598,PUT,1,3.326256192500466,22.188900918028096,1,0,1,3603,3604,1,1.0,1,0,1,3603,3604,1,1.0,1,1.0,1.0,3603,3604,1,1.0,1,1.0,1.0,3603,3604,1,1.0,1,1.0,1.0,3603,3604,1,1.0
GBPUSD,3595,3598,PUT,1,3.326256192500466,22.188900918028096,1,0,1,3603,3604,1,1.0,1,0,1,3603,3604,1,1.0,1,1.0,1.0,3603,3604,1,1.0,1,1.0,1.0,3603,3604,1,1.0,1,1.0,1.0,3603,3604,1,1.0
GBPUSD,5294,5305,PUT,0,5.886273426208192,18.910128250886842,1,0,0,5309,5310,1,0.0,1,0,0,5309,5310,1,0.0,1,0.0,0.0,-1,-1,0,,1,0.0,0.0,-1,-1,0,,1,1.0,0.0,-1,-1,0,
GBPUSD,5966,5995,PUT,0,4.823934370171742,16.161858062206555,1,0,0,5998,5999,1,0.0,1,0,0,5998,5999,1,0.0,1,0.0,0.0,-1,-1,0,,1,1.0,0.0,-1,-1,0,,1,1.0,0.0,-1,-1,0,
GBPUSD,5989,5995,PUT,0,4.823934370171742,16.161858062206555,1,0,0,5998,5999,1,0.0,1,0,0,5998,5999,1,0.0,1,0.0,0.0,-1,-1,0,,1,1.0,0.0,-1,-1,0,,1,1.0,0.0,-1,-1,0,
GBPUSD,5992,5995,PUT,0,4.823934370171742,16.161858062206555,1,0,0,5998,5999,1,0.0,1,0,0,5998,5999,1,0.0,1,0.0,0.0,-1,-1,0,,1,1.0,0.0,-1,-1,0,,1,1.0,0.0,-1,-1,0,
GBPUSD,6749,6752,PUT,0,2.1967207083682183,12.84122173884488,1,0,0,6753,6754,1,0.0,1,1,0,-1,-1,0,,1,1.0,0.0,-1,-1,0,,1,1.0,0.0,-1,-1,0,,1,1.0,0.0,-1,-1,0,
GBPUSD,8183,8192,PUT,0,2.1254170929488367,14.698609727952494,1,0,0,8194,8195,1,0.0,1,1,0,8194,8195,1,0.0,1,4.0,0.0,8202,8203,1,0.0,1,8.0,0.0,8202,8203,1,0.0,1,8.0,0.0,8202,8203,1,0.0
GBPUSD,8913,8917,PUT,1,2.4461055627870394,12.443363355860047,1,0,1,8921,8922,1,1.0,1,1,1,8921,8922,1,1.0,1,1.0,1.0,8921,8922,1,1.0,1,1.0,0.0,-1,-1,0,,1,1.0,0.0,-1,-1,0,
GBPUSD,9342,9365,PUT,1,2.2424365456068927,14.8077406217704,1,0,1,9367,9368,1,1.0,1,1,1,9367,9368,1,1.0,1,1.0,1.0,9367,9368,1,1.0,1,1.0,1.0,9367,9368,1,1.0,1,2.0,0.0,-1,-1,0,
GBPUSD,9346,9365,PUT,1,2.2424365456068927,14.8077406217704,1,0,1,9367,9368,1,1.0,1,1,1,9367,9368,1,1.0,1,1.0,1.0,9367,9368,1,1.0,1,1.0,1.0,9367,9368,1,1.0,1,2.0,0.0,-1,-1,0,
GBPUSD,9364,9365,PUT,1,2.2424365456068927,14.8077406217704,1,0,1,9367,9368,1,1.0,1,1,1,9367,9368,1,1.0,1,1.0,1.0,9367,9368,1,1.0,1,1.0,1.0,9367,9368,1,1.0,1,2.0,0.0,-1,-1,0,
GBPUSD,9844,9847,PUT,0,2.3038493775713675,13.912079412874633,1,0,0,9848,9849,1,0.0,1,1,0,-1,-1,0,,1,1.0,0.0,-1,-1,0,,1,2.0,0.0,-1,-1,0,,1,3.0,0.0,-1,-1,0,
GBPUSD,11075,11081,PUT,0,3.5188170759783475,20.6901872992024,1,0,0,11085,11086,1,0.0,1,0,0,11085,11086,1,0.0,1,1.0,0.0,11085,11086,1,0.0,1,1.0,0.0,11085,11086,1,0.0,1,1.0,0.0,11085,11086,1,0.0
GBPUSD,11558,11562,CALL,0,2.8338737762029886,9.111179273628956,1,0,0,11563,11564,1,0.0,1,1,0,-1,-1,0,,1,1.0,0.0,-1,-1,0,,1,1.0,0.0,-1,-1,0,,1,18.0,0.0,-1,-1,0,
GBPUSD,14429,14446,CALL,1,4.196494794006558,14.129618280865856,1,0,1,14447,14448,1,1.0,1,0,1,14447,14448,1,1.0,1,0.0,1.0,14447,14448,1,1.0,1,1.0,0.0,-1,-1,0,,1,1.0,0.0,-1,-1,0,
GBPUSD,14998,15001,PUT,0,2.5581238131654374,11.953934298283478,1,0,0,15003,15004,1,0.0,1,1,0,15003,15004,1,0.0,1,1.0,0.0,15003,15004,1,0.0,1,1.0,0.0,15003,15004,1,0.0,1,1.0,0.0,15003,15004,1,0.0
GBPUSD,15468,15507,PUT,1,7.993594878402916,18.889668422112685,1,0,1,15512,15513,1,1.0,1,0,0,-1,-1,0,,1,0.0,0.0,-1,-1,0,,1,0.0,0.0,-1,-1,0,,1,0.0,0.0,-1,-1,0,
GBPUSD,15560,15582,PUT,0,3.606061836688028,14.561404402498013,1,0,0,15583,15584,1,0.0,1,0,0,15583,15584,1,0.0,1,1.0,0.0,-1,-1,0,,1,1.0,0.0,-1,-1,0,,1,1.0,0.0,-1,-1,0,
GBPUSD,15562,15582,PUT,0,3.606061836688028,14.561404402498013,1,0,0,15583,15584,1,0.0,1,0,0,15583,15584,1,0.0,1,1.0,0.0,-1,-1,0,,1,1.0,0.0,-1,-1,0,,1,1.0,0.0,-1,-1,0,
GBPUSD,15674,15680,CALL,1,3.0592101307132733,13.721259809209677,1,0,1,15681,15682,1,1.0,1,0,1,15681,15682,1,1.0,1,1.0,0.0,-1,-1,0,,1,1.0,0.0,-1,-1,0,,1,1.0,0.0,-1,-1,0,
GBPUSD,15709,15713,CALL,0,2.636503767293961,11.068726177045754,1,0,0,15715,15716,1,0.0,1,1,0,15715,15716,1,0.0,1,10.0,0.0,-1,-1,0,,1,11.0,0.0,-1,-1,0,,1,11.0,0.0,-1,-1,0,
GBPUSD,16893,16925,CALL,0,2.807518345562966,10.890413522075733,1,0,0,16926,16927,1,0.0,1,1,0,-1,-1,0,,1,1.0,0.0,-1,-1,0,,1,1.0,0.0,-1,-1,0,,1,2.0,0.0,-1,-1,0,
GBPUSD,16911,16925,CALL,0,2.807518345562966,10.890413522075733,1,0,0,16926,16927,1,0.0,1,1,0,-1,-1,0,,1,1.0,0.0,-1,-1,0,,1,1.0,0.0,-1,-1,0,,1,2.0,0.0,-1,-1,0,
GBPUSD,17553,17560,PUT,0,3.425404548411024,13.567565424046023,1,0,0,17564,17565,1,0.0,1,0,0,17564,17565,1,0.0,1,1.0,0.0,17564,17565,1,0.0,1,1.0,0.0,17564,17565,1,0.0,1,1.0,0.0,17564,17565,1,0.0
GBPUSD,17556,17560,PUT,0,3.425404548411024,13.567565424046023,1,0,0,17564,17565,1,0.0,1,0,0,17564,17565,1,0.0,1,1.0,0.0,17564,17565,1,0.0,1,1.0,0.0,17564,17565,1,0.0,1,1.0,0.0,17564,17565,1,0.0
GBPUSD,18783,18811,PUT,1,3.23076172904436,17.377669492648792,1,0,1,18815,18816,1,1.0,1,0,1,18815,18816,1,1.0,1,1.0,1.0,18815,18816,1,1.0,1,1.0,0.0,-1,-1,0,,1,1.0,0.0,-1,-1,0,
GBPUSD,18805,18811,PUT,1,3.23076172904436,17.377669492648792,1,0,1,18815,18816,1,1.0,1,0,1,18815,18816,1,1.0,1,1.0,1.0,18815,18816,1,1.0,1,1.0,0.0,-1,-1,0,,1,1.0,0.0,-1,-1,0,
GBPUSD,18906,18933,PUT,0,3.780876073658675,9.666601383992614,1,0,0,18935,18936,1,0.0,1,0,0,18935,18936,1,0.0,1,1.0,0.0,18935,18936,1,0.0,1,1.0,0.0,18935,18936,1,0.0,1,1.0,0.0,18935,18936,1,0.0
GBPUSD,18927,18933,PUT,0,3.780876073658675,9.666601383992614,1,0,0,18935,18936,1,0.0,1,0,0,18935,18936,1,0.0,1,1.0,0.0,18935,18936,1,0.0,1,1.0,0.0,18935,18936,1,0.0,1,1.0,0.0,18935,18936,1,0.0
GBPUSD,18929,18933,PUT,0,3.780876073658675,9.666601383992614,1,0,0,18935,18936,1,0.0,1,0,0,18935,18936,1,0.0,1,1.0,0.0,18935,18936,1,0.0,1,1.0,0.0,18935,18936,1,0.0,1,1.0,0.0,18935,18936,1,0.0
GBPUSD,19749,19788,CALL,1,3.0916348938731897,15.309184183934924,1,0,1,19793,19794,1,1.0,1,0,1,19793,19794,1,1.0,1,1.0,0.0,-1,-1,0,,1,1.0,0.0,-1,-1,0,,1,2.0,0.0,-1,-1,0,
GBPUSD,21022,21030,CALL,1,4.389994656154174,10.328029061179421,1,0,1,21031,21032,1,1.0,1,0,1,21031,21032,1,1.0,1,0.0,1.0,21031,21032,1,1.0,1,3.0,0.0,-1,-1,0,,1,4.0,0.0,-1,-1,0,
GBPUSD,22309,22325,PUT,1,2.4938566722164666,15.35774555073224,1,0,1,22327,22328,1,1.0,1,1,1,22327,22328,1,1.0,1,1.0,1.0,22327,22328,1,1.0,1,1.0,1.0,22327,22328,1,1.0,1,1.0,1.0,22327,22328,1,1.0
GBPUSD,22628,22667,PUT,0,2.833722958978413,12.391466984543108,1,0,0,22670,22671,1,0.0,1,1,0,22670,22671,1,0.0,1,1.0,0.0,-1,-1,0,,1,9.0,0.0,-1,-1,0,,1,9.0,0.0,-1,-1,0,
GBPUSD,22640,22667,PUT,0,2.833722958978413,12.391466984543108,1,0,0,22670,22671,1,0.0,1,1,0,22670,22671,1,0.0,1,1.0,0.0,-1,-1,0,,1,9.0,0.0,-1,-1,0,,1,9.0,0.0,-1,-1,0,
GBPUSD,22643,22658,CALL,1,3.5885113626273526,17.620393032992105,1,0,1,22661,22662,1,1.0,1,0,1,22661,22662,1,1.0,1,1.0,1.0,22661,22662,1,1.0,1,1.0,1.0,22661,22662,1,1.0,1,1.0,1.0,22661,22662,1,1.0
GBPUSD,22647,22658,CALL,1,3.5885113626273526,17.620393032992105,1,0,1,22661,22662,1,1.0,1,0,1,22661,22662,1,1.0,1,1.0,1.0,22661,22662,1,1.0,1,1.0,1.0,22661,22662,1,1.0,1,1.0,1.0,22661,22662,1,1.0
GBPUSD,22649,22658,CALL,1,3.5885113626273526,17.620393032992105,1,0,1,22661,22662,1,1.0,1,0,1,22661,22662,1,1.0,1,1.0,1.0,22661,22662,1,1.0,1,1.0,1.0,22661,22662,1,1.0,1,1.0,1.0,22661,22662,1,1.0
GBPUSD,22651,22667,PUT,0,2.833722958978413,12.391466984543108,1,0,0,22670,22671,1,0.0,1,1,0,22670,22671,1,0.0,1,1.0,0.0,-1,-1,0,,1,9.0,0.0,-1,-1,0,,1,9.0,0.0,-1,-1,0,
GBPUSD,22853,22861,PUT,1,2.3275121328116484,17.90726794215472,1,0,1,22862,22863,1,1.0,1,1,0,-1,-1,0,,1,1.0,0.0,-1,-1,0,,1,4.0,0.0,-1,-1,0,,1,4.0,0.0,-1,-1,0,
GBPUSD,22855,22861,PUT,1,2.3275121328116484,17.90726794215472,1,0,1,22862,22863,1,1.0,1,1,0,-1,-1,0,,1,1.0,0.0,-1,-1,0,,1,4.0,0.0,-1,-1,0,,1,4.0,0.0,-1,-1,0,
GBPUSD,23017,23053,PUT,0,5.483685302369182,14.697384907881066,1,0,0,23058,23059,1,0.0,1,0,0,23058,23059,1,0.0,1,0.0,0.0,23058,23059,1,0.0,1,0.0,0.0,23058,23059,1,0.0,1,1.0,0.0,23058,23059,1,0.0
GBPUSD,23323,23338,PUT,1,2.9341508521088717,23.61742920654003,1,0,1,23343,23344,1,1.0,1,1,1,23343,23344,1,1.0,1,1.0,0.0,-1,-1,0,,1,1.0,0.0,-1,-1,0,,1,1.0,0.0,-1,-1,0,
GBPUSD,23336,23338,PUT,1,2.9341508521088717,23.61742920654003,1,0,1,23343,23344,1,1.0,1,1,1,23343,23344,1,1.0,1,1.0,0.0,-1,-1,0,,1,1.0,0.0,-1,-1,0,,1,1.0,0.0,-1,-1,0,
GBPUSD,24856,24885,CALL,1,3.5820470896748926,10.918997729234384,1,0,1,24886,24887,1,1.0,1,0,1,24886,24887,1,1.0,1,1.0,0.0,-1,-1,0,,1,6.0,0.0,-1,-1,0,,1,6.0,0.0,-1,-1,0,
GBPUSD,27179,27191,PUT,1,2.60138059456429,8.551440329218607,1,0,1,27193,27194,1,1.0,1,1,1,27193,27194,1,1.0,1,1.0,1.0,27193,27194,1,1.0,1,1.0,1.0,27193,27194,1,1.0,1,6.0,0.0,-1,-1,0,
GBPUSD,27181,27191,PUT,1,2.60138059456429,8.551440329218607,1,0,1,27193,27194,1,1.0,1,1,1,27193,27194,1,1.0,1,1.0,1.0,27193,27194,1,1.0,1,1.0,1.0,27193,27194,1,1.0,1,6.0,0.0,-1,-1,0,
GBPUSD,28153,28160,CALL,0,3.2900410540794685,8.456092579126508,1,0,0,28164,28165,1,0.0,1,0,0,-1,-1,0,,1,1.0,0.0,-1,-1,0,,1,1.0,0.0,-1,-1,0,,1,2.0,0.0,-1,-1,0,
GBPUSD,28157,28160,CALL,0,3.2900410540794685,8.456092579126508,1,0,0,28164,28165,1,0.0,1,0,0,-1,-1,0,,1,1.0,0.0,-1,-1,0,,1,1.0,0.0,-1,-1,0,,1,2.0,0.0,-1,-1,0,
GBPUSD,29338,29348,PUT,1,3.705511901629293,12.402257821542705,1,0,1,29352,29353,1,1.0,1,0,1,29352,29353,1,1.0,1,1.0,1.0,29352,29353,1,1.0,1,1.0,1.0,29352,29353,1,1.0,1,1.0,1.0,29354,29355,1,1.0
GBPUSD,29343,29348,PUT,1,3.705511901629293,12.402257821542705,1,0,1,29352,29353,1,1.0,1,0,1,29352,29353,1,1.0,1,1.0,1.0,29352,29353,1,1.0,1,1.0,1.0,29352,29353,1,1.0,1,1.0,1.0,29354,29355,1,1.0
GBPUSD,30039,30050,CALL,0,2.498614359749346,11.429566616592663,1,0,0,30053,30054,1,0.0,1,1,0,30053,30054,1,0.0,1,1.0,0.0,30053,30054,1,0.0,1,1.0,0.0,30053,30054,1,0.0,1,1.0,0.0,30053,30054,1,0.0
GBPUSD,30645,30670,PUT,1,2.9001533421810137,11.372763280584735,1,0,1,30674,30675,1,1.0,1,1,1,30674,30675,1,1.0,1,1.0,1.0,30674,30675,1,1.0,1,1.0,1.0,30674,30675,1,1.0,1,1.0,0.0,-1,-1,0,
GBPUSD,30650,30670,PUT,1,2.9001533421810137,11.372763280584735,1,0,1,30674,30675,1,1.0,1,1,1,30674,30675,1,1.0,1,1.0,1.0,30674,30675,1,1.0,1,1.0,1.0,30674,30675,1,1.0,1,1.0,0.0,-1,-1,0,
GBPUSD,31129,31133,PUT,0,2.4119607654236432,9.953174468492954,1,0,0,31137,31138,1,0.0,1,1,0,31137,31138,1,0.0,1,1.0,0.0,31137,31138,1,0.0,1,1.0,0.0,31139,31140,1,0.0,1,1.0,0.0,31139,31140,1,0.0
GBPUSD,31162,31198,CALL,1,3.3715630443622544,9.6782800231084,1,0,1,31201,31202,1,1.0,1,0,1,31201,31202,1,1.0,1,1.0,1.0,31201,31202,1,1.0,1,2.0,1.0,31201,31202,1,1.0,1,2.0,1.0,31201,31202,1,1.0
GBPUSD,33353,33383,CALL,1,2.088832026742909,12.729180324477667,1,0,1,33388,33389,1,1.0,1,1,1,33388,33389,1,1.0,1,1.0,1.0,33388,33389,1,1.0,1,2.0,1.0,33388,33389,1,1.0,1,2.0,1.0,33388,33389,1,1.0
GBPUSD,33537,33541,CALL,0,3.795209773192076,9.607359972037816,1,0,0,33543,33544,1,0.0,1,0,0,33543,33544,1,0.0,1,1.0,0.0,33543,33544,1,0.0,1,1.0,0.0,33543,33544,1,0.0,1,1.0,0.0,33543,33544,1,0.0
GBPUSD,36686,36692,PUT,0,3.1332154517981934,13.023928257137193,1,0,0,36696,36697,1,0.0,1,0,0,36696,36697,1,0.0,1,1.0,0.0,36698,36699,1,0.0,1,1.0,0.0,36698,36699,1,0.0,1,1.0,0.0,36698,36699,1,0.0
GBPUSD,36754,36775,CALL,1,2.4945008240537376,16.495081062242768,1,0,1,36777,36778,1,1.0,1,1,1,36777,36778,1,1.0,1,1.0,1.0,36777,36778,1,1.0,1,1.0,1.0,36777,36778,1,1.0,1,1.0,1.0,36777,36778,1,1.0
GBPUSD,36772,36775,CALL,1,2.4945008240537376,16.495081062242768,1,0,1,36777,36778,1,1.0,1,1,1,36777,36778,1,1.0,1,1.0,1.0,36777,36778,1,1.0,1,1.0,1.0,36777,36778,1,1.0,1,1.0,1.0,36777,36778,1,1.0
GBPUSD,37389,37391,PUT,1,2.174070747091946,10.317460317458561,1,0,1,37392,37393,1,1.0,1,1,1,37398,37399,1,1.0,1,1.0,0.0,-1,-1,0,,1,3.0,0.0,-1,-1,0,,1,4.0,0.0,-1,-1,0,
GBPUSD,37444,37462,PUT,0,3.013458872950736,15.787590280469804,1,0,0,37464,37465,1,0.0,1,0,0,37464,37465,1,0.0,1,1.0,0.0,37464,37465,1,0.0,1,1.0,0.0,37464,37465,1,0.0,1,1.0,0.0,37464,37465,1,0.0
GBPUSD,37456,37462,PUT,0,3.013458872950736,15.787590280469804,1,0,0,37464,37465,1,0.0,1,0,0,37464,37465,1,0.0,1,1.0,0.0,37464,37465,1,0.0,1,1.0,0.0,37464,37465,1,0.0,1,1.0,0.0,37464,37465,1,0.0
GBPUSD,38788,38817,PUT,0,2.02369053010041,14.168906351701054,1,0,0,38822,38823,1,0.0,1,1,0,38822,38823,1,0.0,1,1.0,0.0,38822,38823,1,0.0,1,1.0,0.0,38822,38823,1,0.0,1,1.0,0.0,38822,38823,1,0.0
GBPUSD,38801,38817,PUT,0,2.02369053010041,14.168906351701054,1,0,0,38822,38823,1,0.0,1,1,0,38822,38823,1,0.0,1,1.0,0.0,38822,38823,1,0.0,1,1.0,0.0,38822,38823,1,0.0,1,1.0,0.0,38822,38823,1,0.0
GBPUSD,38934,38961,PUT,1,3.532520590489796,11.035089219836777,1,0,1,38964,38965,1,1.0,1,0,1,38964,38965,1,1.0,1,1.0,1.0,38964,38965,1,1.0,1,1.0,1.0,38964,38965,1,1.0,1,1.0,1.0,38964,38965,1,1.0
GBPUSD,38958,38961,PUT,1,3.532520590489796,11.035089219836777,1,0,1,38964,38965,1,1.0,1,0,1,38964,38965,1,1.0,1,1.0,1.0,38964,38965,1,1.0,1,1.0,1.0,38964,38965,1,1.0,1,1.0,1.0,38964,38965,1,1.0
GBPUSD,41021,41048,CALL,1,5.059997097629008,18.1853658985042,1,0,1,41050,41051,1,1.0,1,0,1,41050,41051,1,1.0,1,0.0,1.0,41050,41051,1,1.0,1,0.0,1.0,41050,41051,1,1.0,1,1.0,1.0,41050,41051,1,1.0
GBPUSD,41982,42008,PUT,0,2.435912721646972,9.825349725903862,1,0,0,42009,42010,1,0.0,1,1,0,-1,-1,0,,1,1.0,0.0,-1,-1,0,,1,7.0,0.0,-1,-1,0,,1,7.0,0.0,-1,-1,0,
GBPUSD,41987,42008,PUT,0,2.435912721646972,9.825349725903862,1,0,0,42009,42010,1,0.0,1,1,0,-1,-1,0,,1,1.0,0.0,-1,-1,0,,1,7.0,0.0,-1,-1,0,,1,7.0,0.0,-1,-1,0,
GBPUSD,42706,42726,PUT,0,2.9882083487739663,14.5403017833444,1,0,0,42729,42730,1,0.0,1,1,0,-1,-1,0,,1,4.0,0.0,-1,-1,0,,1,17.0,0.0,-1,-1,0,,1,17.0,0.0,-1,-1,0,
GBPUSD,42721,42726,PUT,0,2.9882083487739663,14.5403017833444,1,0,0,42729,42730,1,0.0,1,1,0,-1,-1,0,,1,4.0,0.0,-1,-1,0,,1,17.0,0.0,-1,-1,0,,1,17.0,0.0,-1,-1,0,
GBPUSD,43863,43888,PUT,0,2.577191528202661,7.414219902187867,1,0,0,43891,43892,1,0.0,1,1,0,43891,43892,1,0.0,1,1.0,0.0,43891,43892,1,0.0,1,1.0,0.0,43891,43892,1,0.0,1,2.0,0.0,43891,43892,1,0.0
GBPUSD,45202,45205,PUT,1,2.4060365230680105,13.249357290167318,1,0,1,45207,45208,1,1.0,1,1,1,45207,45208,1,1.0,1,1.0,1.0,45207,45208,1,1.0,1,1.0,1.0,45207,45208,1,1.0,1,1.0,1.0,45207,45208,1,1.0
GBPUSD,46154,46159,CALL,0,2.014628678696557,11.22227602826198,1,0,0,46163,46164,1,0.0,1,1,0,46163,46164,1,0.0,1,1.0,0.0,46163,46164,1,0.0,1,1.0,0.0,46163,46164,1,0.0,1,1.0,0.0,-1,-1,0,
GBPUSD,46156,46159,CALL,0,2.014628678696557,11.22227602826198,1,0,0,46163,46164,1,0.0,1,1,0,46163,46164,1,0.0,1,1.0,0.0,46163,46164,1,0.0,1,1.0,0.0,46163,46164,1,0.0,1,1.0,0.0,-1,-1,0,
GBPUSD,46359,46372,CALL,1,4.854742921706693,11.669786842792625,1,0,1,46375,46376,1,1.0,1,0,1,46375,46376,1,1.0,1,0.0,1.0,46375,46376,1,1.0,1,1.0,1.0,46375,46376,1,1.0,1,1.0,1.0,46375,46376,1,1.0
GBPUSD,47395,47399,CALL,0,2.6862869133777245,12.359456655013865,1,0,0,47401,47402,1,0.0,1,1,0,47401,47402,1,0.0,1,3.0,0.0,-1,-1,0,,1,4.0,0.0,-1,-1,0,,1,4.0,0.0,-1,-1,0,
GBPUSD,47934,47944,CALL,0,2.56159505552078,11.084329394452814,1,0,0,47946,47947,1,0.0,1,1,0,47946,47947,1,0.0,1,1.0,0.0,47946,47947,1,0.0,1,1.0,0.0,47946,47947,1,0.0,1,1.0,0.0,47946,47947,1,0.0
GBPUSD,48072,48080,CALL,1,3.687243747310532,19.110856498380535,1,0,1,48083,48084,1,1.0,1,0,1,48083,48084,1,1.0,1,1.0,1.0,48083,48084,1,1.0,1,1.0,1.0,48083,48084,1,1.0,1,1.0,1.0,48083,48084,1,1.0
GBPUSD,49292,49297,CALL,1,5.022269809750808,21.938872530021165,1,0,1,49301,49302,1,1.0,1,0,1,49301,49302,1,1.0,1,0.0,1.0,49301,49302,1,1.0,1,0.0,1.0,49301,49302,1,1.0,1,1.0,1.0,49301,49302,1,1.0
GBPUSD,49639,49652,CALL,0,2.239673191278856,15.534280898370582,1,0,0,49653,49654,1,0.0,1,1,0,-1,-1,0,,1,9.0,0.0,49662,49663,1,0.0,1,9.0,0.0,49662,49663,1,0.0,1,9.0,0.0,49662,49663,1,0.0
NZDUSD,951,989,CALL,0,2.372502657833275,13.249426367582664,1,0,0,991,992,1,0.0,1,1,0,991,992,1,0.0,1,1.0,0.0,991,992,1,0.0,1,1.0,0.0,991,992,1,0.0,1,1.0,0.0,991,992,1,0.0
NZDUSD,966,989,CALL,0,2.372502657833275,13.249426367582664,1,0,0,991,992,1,0.0,1,1,0,991,992,1,0.0,1,1.0,0.0,991,992,1,0.0,1,1.0,0.0,991,992,1,0.0,1,1.0,0.0,991,992,1,0.0
NZDUSD,1078,1084,CALL,1,2.6076664748649296,14.371386876420758,1,0,1,1085,1086,1,1.0,1,1,0,-1,-1,0,,1,1.0,0.0,-1,-1,0,,1,1.0,0.0,-1,-1,0,,1,1.0,0.0,-1,-1,0,
NZDUSD,1454,1468,CALL,0,4.116885698559116,15.973226390949655,1,0,0,1471,1472,1,0.0,1,0,0,1471,1472,1,0.0,1,0.0,0.0,1471,1472,1,0.0,1,1.0,0.0,1471,1472,1,0.0,1,1.0,0.0,1471,1472,1,0.0
NZDUSD,1456,1468,CALL,0,4.116885698559116,15.973226390949655,1,0,0,1471,1472,1,0.0,1,0,0,1471,1472,1,0.0,1,0.0,0.0,1471,1472,1,0.0,1,1.0,0.0,1471,1472,1,0.0,1,1.0,0.0,1471,1472,1,0.0
NZDUSD,2939,2961,PUT,0,4.673006824618938,21.25389448738237,1,0,0,2962,2963,1,0.0,1,0,0,2962,2963,1,0.0,1,0.0,0.0,2962,2963,1,0.0,1,1.0,0.0,-1,-1,0,,1,8.0,0.0,-1,-1,0,
NZDUSD,2957,2961,PUT,0,4.673006824618938,21.25389448738237,1,0,0,2962,2963,1,0.0,1,0,0,2962,2963,1,0.0,1,0.0,0.0,2962,2963,1,0.0,1,1.0,0.0,-1,-1,0,,1,8.0,0.0,-1,-1,0,
NZDUSD,3177,3212,PUT,1,2.104852251181512,16.493174905124647,1,0,1,3214,3215,1,1.0,1,1,1,3214,3215,1,1.0,1,1.0,1.0,3214,3215,1,1.0,1,1.0,1.0,3214,3215,1,1.0,1,1.0,1.0,3214,3215,1,1.0
NZDUSD,3186,3212,PUT,1,2.104852251181512,16.493174905124647,1,0,1,3214,3215,1,1.0,1,1,1,3214,3215,1,1.0,1,1.0,1.0,3214,3215,1,1.0,1,1.0,1.0,3214,3215,1,1.0,1,1.0,1.0,3214,3215,1,1.0
NZDUSD,3767,3773,PUT,0,4.122333073482537,5.998870300615664,1,0,0,3774,3775,1,0.0,1,0,0,3774,3775,1,0.0,1,0.0,0.0,3774,3775,1,0.0,1,1.0,0.0,-1,-1,0,,0,,,-1,-1,0,
NZDUSD,3923,3963,PUT,0,2.507986144278348,15.820451083880933,1,0,0,3967,3968,1,0.0,1,1,0,-1,-1,0,,1,1.0,0.0,-1,-1,0,,1,1.0,0.0,-1,-1,0,,1,1.0,0.0,-1,-1,0,
NZDUSD,3957,3963,PUT,0,2.507986144278348,15.820451083880933,1,0,0,3967,3968,1,0.0,1,1,0,-1,-1,0,,1,1.0,0.0,-1,-1,0,,1,1.0,0.0,-1,-1,0,,1,1.0,0.0,-1,-1,0,
NZDUSD,5150,5151,CALL,1,6.18104277851876,14.802391837274605,1,0,1,5154,5155,1,1.0,1,0,1,5154,5155,1,1.0,1,0.0,1.0,5154,5155,1,1.0,1,0.0,1.0,5154,5155,1,1.0,1,0.0,1.0,5154,5155,1,1.0
NZDUSD,6128,6150,CALL,0,4.586003492621275,11.64982685472425,1,0,0,6152,6153,1,0.0,1,0,0,6152,6153,1,0.0,1,0.0,0.0,6152,6153,1,0.0,1,1.0,0.0,6152,6153,1,0.0,1,1.0,0.0,6152,6153,1,0.0
NZDUSD,6464,6468,PUT,0,3.450394849869042,17.122135316821115,1,0,0,6470,6471,1,0.0,1,0,0,6470,6471,1,0.0,1,1.0,0.0,6470,6471,1,0.0,1,1.0,0.0,-1,-1,0,,1,6.0,0.0,-1,-1,0,
NZDUSD,6654,6686,PUT,0,2.869656049360984,12.109869530446801,1,0,0,6689,6690,1,0.0,1,1,0,6689,6690,1,0.0,1,1.0,0.0,6689,6690,1,0.0,1,1.0,0.0,6689,6690,1,0.0,1,1.0,0.0,6689,6690,1,0.0
NZDUSD,7357,7365,CALL,0,2.8981965080409298,10.015920675268994,1,0,0,7369,7370,1,0.0,1,1,0,-1,-1,0,,1,1.0,0.0,-1,-1,0,,1,1.0,0.0,-1,-1,0,,1,1.0,0.0,-1,-1,0,
NZDUSD,7479,7516,CALL,0,2.486666895970292,16.217423030069703,1,0,0,7518,7519,1,0.0,1,1,0,-1,-1,0,,1,16.0,1.0,7537,7538,1,1.0,1,16.0,1.0,7537,7538,1,1.0,1,19.0,1.0,7537,7538,1,1.0
NZDUSD,7492,7516,CALL,0,2.486666895970292,16.217423030069703,1,0,0,7518,7519,1,0.0,1,1,0,-1,-1,0,,1,16.0,1.0,7537,7538,1,1.0,1,16.0,1.0,7537,7538,1,1.0,1,19.0,1.0,7537,7538,1,1.0
NZDUSD,7937,7948,PUT,1,2.4948041217061814,13.804818155343867,1,0,1,7951,7952,1,1.0,1,1,1,7951,7952,1,1.0,1,1.0,1.0,7951,7952,1,1.0,1,1.0,0.0,-1,-1,0,,1,2.0,0.0,-1,-1,0,
NZDUSD,8075,8088,CALL,0,2.4342018125379674,19.78801205073554,1,0,0,8089,8090,1,0.0,1,1,0,-1,-1,0,,1,2.0,0.0,-1,-1,0,,1,2.0,0.0,-1,-1,0,,1,2.0,0.0,-1,-1,0,
NZDUSD,8372,8376,CALL,0,2.083636490775116,17.082584062431422,1,0,0,8380,8381,1,0.0,1,1,0,8380,8381,1,0.0,1,1.0,0.0,8380,8381,1,0.0,1,2.0,0.0,8380,8381,1,0.0,1,2.0,0.0,8380,8381,1,0.0
NZDUSD,8457,8486,CALL,0,2.164824914375421,7.25409758120038,1,0,0,8487,8488,1,0.0,1,1,0,-1,-1,0,,1,4.0,0.0,-1,-1,0,,1,4.0,0.0,-1,-1,0,,1,14.0,0.0,8501,8502,1,0.0
NZDUSD,8460,8486,CALL,0,2.164824914375421,7.25409758120038,1,0,0,8487,8488,1,0.0,1,1,0,-1,-1,0,,1,4.0,0.0,-1,-1,0,,1,4.0,0.0,-1,-1,0,,1,14.0,0.0,8501,8502,1,0.0
NZDUSD,8463,8486,CALL,0,2.164824914375421,7.25409758120038,1,0,0,8487,8488,1,0.0,1,1,0,-1,-1,0,,1,4.0,0.0,-1,-1,0,,1,4.0,0.0,-1,-1,0,,1,14.0,0.0,8501,8502,1,0.0
NZDUSD,8755,8760,PUT,0,3.285862674675513,6.541450344166407,1,0,0,8762,8763,1,0.0,1,0,0,8762,8763,1,0.0,1,1.0,0.0,8762,8763,1,0.0,1,1.0,0.0,-1,-1,0,,1,1.0,0.0,-1,-1,0,
NZDUSD,9622,9643,CALL,0,3.20808353640653,12.408530394289947,1,0,0,9647,9648,1,0.0,1,0,0,9647,9648,1,0.0,1,1.0,0.0,9647,9648,1,0.0,1,1.0,0.0,9647,9648,1,0.0,1,1.0,0.0,9647,9648,1,0.0
NZDUSD,9626,9643,CALL,0,3.20808353640653,12.408530394289947,1,0,0,9647,9648,1,0.0,1,0,0,9647,9648,1,0.0,1,1.0,0.0,9647,9648,1,0.0,1,1.0,0.0,9647,9648,1,0.0,1,1.0,0.0,9647,9648,1,0.0
NZDUSD,9629,9643,CALL,0,3.20808353640653,12.408530394289947,1,0,0,9647,9648,1,0.0,1,0,0,9647,9648,1,0.0,1,1.0,0.0,9647,9648,1,0.0,1,1.0,0.0,9647,9648,1,0.0,1,1.0,0.0,9647,9648,1,0.0
NZDUSD,10480,10490,CALL,1,2.157217480651198,12.366726263893511,1,0,1,10494,10495,1,1.0,1,1,1,10494,10495,1,1.0,1,2.0,1.0,10494,10495,1,1.0,1,3.0,1.0,10494,10495,1,1.0,1,4.0,0.0,-1,-1,0,
NZDUSD,10486,10490,CALL,1,2.157217480651198,12.366726263893511,1,0,1,10494,10495,1,1.0,1,1,1,10494,10495,1,1.0,1,2.0,1.0,10494,10495,1,1.0,1,3.0,1.0,10494,10495,1,1.0,1,4.0,0.0,-1,-1,0,
NZDUSD,10826,10857,CALL,0,2.2220694014089126,17.146002595335624,1,0,0,10859,10860,1,0.0,1,1,0,10859,10860,1,0.0,1,1.0,0.0,10859,10860,1,0.0,1,1.0,0.0,10859,10860,1,0.0,1,1.0,0.0,10859,10860,1,0.0
NZDUSD,10837,10857,CALL,0,2.2220694014089126,17.146002595335624,1,0,0,10859,10860,1,0.0,1,1,0,10859,10860,1,0.0,1,1.0,0.0,10859,10860,1,0.0,1,1.0,0.0,10859,10860,1,0.0,1,1.0,0.0,10859,10860,1,0.0
NZDUSD,10839,10857,CALL,0,2.2220694014089126,17.146002595335624,1,0,0,10859,10860,1,0.0,1,1,0,10859,10860,1,0.0,1,1.0,0.0,10859,10860,1,0.0,1,1.0,0.0,10859,10860,1,0.0,1,1.0,0.0,10859,10860,1,0.0
NZDUSD,11113,11128,PUT,1,3.213847277638351,17.512698004643244,1,0,1,11129,11130,1,1.0,1,0,1,11129,11130,1,1.0,1,1.0,0.0,-1,-1,0,,1,1.0,0.0,-1,-1,0,,1,1.0,0.0,-1,-1,0,
NZDUSD,12993,13014,PUT,1,4.988181835607506,12.592797558064156,1,0,1,13015,13016,1,1.0,1,0,1,13015,13016,1,1.0,1,0.0,1.0,13015,13016,1,1.0,1,1.0,0.0,-1,-1,0,,1,1.0,0.0,-1,-1,0,
NZDUSD,13142,13159,PUT,0,2.3519775883669354,11.964299756232315,1,0,0,13163,13164,1,0.0,1,1,0,13163,13164,1,0.0,1,1.0,0.0,13163,13164,1,0.0,1,2.0,0.0,13163,13164,1,0.0,1,2.0,0.0,13163,13164,1,0.0
NZDUSD,13156,13159,PUT,0,2.3519775883669354,11.964299756232315,1,0,0,13163,13164,1,0.0,1,1,0,13163,13164,1,0.0,1,1.0,0.0,13163,13164,1,0.0,1,2.0,0.0,13163,13164,1,0.0,1,2.0,0.0,13163,13164,1,0.0
NZDUSD,14168,14170,PUT,0,3.313246803781269,10.784110259684923,1,0,0,14171,14172,1,0.0,1,0,0,14171,14172,1,0.0,1,1.0,0.0,-1,-1,0,,1,1.0,0.0,-1,-1,0,,1,6.0,0.0,-1,-1,0,
NZDUSD,14854,14891,CALL,0,2.9103247035925204,22.922175317966463,1,0,0,14894,14895,1,0.0,1,1,0,14894,14895,1,0.0,1,1.0,0.0,14894,14895,1,0.0,1,1.0,0.0,14894,14895,1,0.0,1,1.0,0.0,14894,14895,1,0.0
NZDUSD,14856,14891,CALL,0,2.9103247035925204,22.922175317966463,1,0,0,14894,14895,1,0.0,1,1,0,14894,14895,1,0.0,1,1.0,0.0,14894,14895,1,0.0,1,1.0,0.0,14894,14895,1,0.0,1,1.0,0.0,14894,14895,1,0.0
NZDUSD,14872,14891,CALL,0,2.9103247035925204,22.922175317966463,1,0,0,14894,14895,1,0.0,1,1,0,14894,14895,1,0.0,1,1.0,0.0,14894,14895,1,0.0,1,1.0,0.0,14894,14895,1,0.0,1,1.0,0.0,14894,14895,1,0.0
NZDUSD,14889,14891,CALL,0,2.9103247035925204,22.922175317966463,1,0,0,14894,14895,1,0.0,1,1,0,14894,14895,1,0.0,1,1.0,0.0,14894,14895,1,0.0,1,1.0,0.0,14894,14895,1,0.0,1,1.0,0.0,14894,14895,1,0.0
NZDUSD,15262,15291,PUT,1,3.534270353064116,10.141120598547488,1,0,1,15294,15295,1,1.0,1,0,1,15294,15295,1,1.0,1,1.0,1.0,15294,15295,1,1.0,1,1.0,1.0,15294,15295,1,1.0,1,1.0,1.0,15294,15295,1,1.0
NZDUSD,15265,15291,PUT,1,3.534270353064116,10.141120598547488,1,0,1,15294,15295,1,1.0,1,0,1,15294,15295,1,1.0,1,1.0,1.0,15294,15295,1,1.0,1,1.0,1.0,15294,15295,1,1.0,1,1.0,1.0,15294,15295,1,1.0
NZDUSD,15584,15616,PUT,0,2.6554424391274267,18.477190208113818,1,0,0,15618,15619,1,0.0,1,1,0,15618,15619,1,0.0,1,1.0,0.0,15618,15619,1,0.0,1,1.0,0.0,15618,15619,1,0.0,1,1.0,0.0,15618,15619,1,0.0
NZDUSD,15591,15616,PUT,0,2.6554424391274267,18.477190208113818,1,0,0,15618,15619,1,0.0,1,1,0,15618,15619,1,0.0,1,1.0,0.0,15618,15619,1,0.0,1,1.0,0.0,15618,15619,1,0.0,1,1.0,0.0,15618,15619,1,0.0
NZDUSD,15612,15616,PUT,0,2.6554424391274267,18.477190208113818,1,0,0,15618,15619,1,0.0,1,1,0,15618,15619,1,0.0,1,1.0,0.0,15618,15619,1,0.0,1,1.0,0.0,15618,15619,1,0.0,1,1.0,0.0,15618,15619,1,0.0
NZDUSD,15788,15806,CALL,0,3.1970781860848145,20.230767583041285,1,0,0,15811,15812,1,0.0,1,0,0,15811,15812,1,0.0,1,1.0,0.0,15811,15812,1,0.0,1,1.0,0.0,-1,-1,0,,1,1.0,0.0,-1,-1,0,
NZDUSD,15818,15839,PUT,1,2.6456864773388418,13.489375138138612,1,0,1,15843,15844,1,1.0,1,1,1,15843,15844,1,1.0,1,1.0,1.0,15843,15844,1,1.0,1,1.0,1.0,15843,15844,1,1.0,1,1.0,1.0,15843,15844,1,1.0
NZDUSD,15836,15839,PUT,1,2.6456864773388418,13.489375138138612,1,0,1,15843,15844,1,1.0,1,1,1,15843,15844,1,1.0,1,1.0,1.0,15843,15844,1,1.0,1,1.0,1.0,15843,15844,1,1.0,1,1.0,1.0,15843,15844,1,1.0
NZDUSD,15871,15885,PUT,1,4.586809348765669,16.22170044918154,1,0,1,15886,15887,1,1.0,1,0,1,15886,15887,1,1.0,1,0.0,1.0,15886,15887,1,1.0,1,1.0,0.0,-1,-1,0,,1,1.0,0.0,-1,-1,0,
NZDUSD,15875,15885,PUT,1,4.586809348765669,16.22170044918154,1,0,1,15886,15887,1,1.0,1,0,1,15886,15887,1,1.0,1,0.0,1.0,15886,15887,1,1.0,1,1.0,0.0,-1,-1,0,,1,1.0,0.0,-1,-1,0,
NZDUSD,15937,15946,PUT,0,3.771573652797116,20.229310112778066,1,0,0,15950,15951,1,0.0,1,0,0,15950,15951,1,0.0,1,1.0,0.0,15950,15951,1,0.0,1,1.0,0.0,-1,-1,0,,1,1.0,0.0,-1,-1,0,
NZDUSD,16262,16271,CALL,0,2.96048965821917,13.65057775917807,1,0,0,16273,16274,1,0.0,1,1,0,16273,16274,1,0.0,1,1.0,0.0,16273,16274,1,0.0,1,1.0,0.0,16273,16274,1,0.0,1,1.0,0.0,16273,16274,1,0.0
NZDUSD,16580,16618,CALL,1,2.4344805373238536,14.820495294681518,1,0,1,16619,16620,1,1.0,1,3,0,16624,16625,1,0.0,1,4.0,0.0,16624,16625,1,0.0,1,4.0,0.0,16624,16625,1,0.0,1,4.0,0.0,16624,16625,1,0.0
NZDUSD,16779,16800,CALL,0,2.558226215354744,16.635592478226627,1,0,0,16803,16804,1,0.0,1,1,0,16803,16804,1,0.0,1,1.0,0.0,16803,16804,1,0.0,1,1.0,0.0,-1,-1,0,,1,2.0,0.0,-1,-1,0,
NZDUSD,18669,18704,CALL,0,3.011160404495243,11.739232795115932,1,0,0,18708,18709,1,0.0,1,0,0,18708,18709,1,0.0,1,1.0,0.0,18708,18709,1,0.0,1,1.0,0.0,18708,18709,1,0.0,1,1.0,0.0,18708,18709,1,0.0
NZDUSD,18825,18828,CALL,1,2.063232418546457,19.017117430166103,1,0,1,18831,18832,1,1.0,1,1,1,18831,18832,1,1.0,1,1.0,1.0,18831,18832,1,1.0,1,1.0,1.0,18831,18832,1,1.0,1,1.0,1.0,18831,18832,1,1.0
NZDUSD,21590,21591,CALL,0,2.025380397328913,17.966648247072477,1,0,0,21596,21597,1,0.0,1,1,0,21596,21597,1,0.0,1,1.0,0.0,21596,21597,1,0.0,1,1.0,0.0,21596,21597,1,0.0,1,1.0,0.0,21596,21597,1,0.0
NZDUSD,22927,22931,PUT,1,2.0973555932288264,12.307505698810147,1,0,1,22933,22934,1,1.0,1,1,0,-1,-1,0,,1,5.0,0.0,-1,-1,0,,1,5.0,0.0,-1,-1,0,,1,5.0,0.0,-1,-1,0,
NZDUSD,24678,24693,CALL,0,2.296024231005797,14.529559050883883,1,0,0,24698,24699,1,0.0,1,1,0,24698,24699,1,0.0,1,1.0,0.0,24698,24699,1,0.0,1,1.0,0.0,24698,24699,1,0.0,1,2.0,0.0,24698,24699,1,0.0
NZDUSD,25200,25215,CALL,1,2.948567105901746,15.547185603682365,1,0,1,25218,25219,1,1.0,1,1,1,25218,25219,1,1.0,1,1.0,0.0,-1,-1,0,,1,4.0,0.0,-1,-1,0,,1,8.0,0.0,-1,-1,0,
NZDUSD,25213,25215,CALL,1,2.948567105901746,15.547185603682365,1,0,1,25218,25219,1,1.0,1,1,1,25218,25219,1,1.0,1,1.0,0.0,-1,-1,0,,1,4.0,0.0,-1,-1,0,,1,8.0,0.0,-1,-1,0,
NZDUSD,25785,25797,PUT,0,2.2778020980003504,16.429544934976924,1,0,0,25800,25801,1,0.0,1,1,0,25800,25801,1,0.0,1,1.0,0.0,25800,25801,1,0.0,1,1.0,0.0,25800,25801,1,0.0,1,1.0,0.0,25800,25801,1,0.0
NZDUSD,25848,25852,CALL,0,2.6780815772360302,13.697489136791766,1,0,0,25857,25858,1,0.0,1,1,0,25857,25858,1,0.0,1,1.0,0.0,25857,25858,1,0.0,1,2.0,0.0,25857,25858,1,0.0,1,3.0,0.0,25857,25858,1,0.0
NZDUSD,26368,26377,CALL,1,3.25099542302019,13.894519542525718,1,0,1,26378,26379,1,1.0,1,0,1,26378,26379,1,1.0,1,1.0,0.0,-1,-1,0,,1,1.0,0.0,-1,-1,0,,1,1.0,0.0,-1,-1,0,
NZDUSD,29498,29500,PUT,0,2.0301196913990225,11.185850474255197,1,0,0,29503,29504,1,0.0,1,1,0,29503,29504,1,0.0,1,1.0,0.0,29503,29504,1,0.0,1,1.0,0.0,29503,29504,1,0.0,1,1.0,0.0,29503,29504,1,0.0
NZDUSD,31522,31539,PUT,0,2.703656230546457,7.8288880863008,1,0,0,31542,31543,1,0.0,1,1,0,-1,-1,0,,1,5.0,0.0,-1,-1,0,,1,5.0,0.0,-1,-1,0,,1,5.0,0.0,-1,-1,0,
NZDUSD,32274,32275,CALL,0,2.3990539230586734,17.307060755335584,1,0,0,32277,32278,1,0.0,1,2,0,-1,-1,0,,1,3.0,0.0,-1,-1,0,,1,11.0,0.0,-1,-1,0,,1,11.0,0.0,-1,-1,0,
NZDUSD,32615,32618,PUT,1,4.25691594838456,20.09400115437274,1,0,1,32622,32623,1,1.0,1,0,0,-1,-1,0,,1,0.0,0.0,-1,-1,0,,1,1.0,0.0,-1,-1,0,,1,1.0,0.0,-1,-1,0,
NZDUSD,33072,33075,CALL,0,3.1768563654020348,17.30308855286542,1,0,0,33079,33080,1,0.0,1,0,0,33079,33080,1,0.0,1,1.0,0.0,33079,33080,1,0.0,1,1.0,0.0,33079,33080,1,0.0,1,1.0,0.0,-1,-1,0,
NZDUSD,33112,33115,PUT,0,2.480247993358517,16.31393298060028,1,0,0,33118,33119,1,0.0,1,1,0,33118,33119,1,0.0,1,1.0,0.0,33118,33119,1,0.0,1,2.0,0.0,33118,33119,1,0.0,1,2.0,0.0,33118,33119,1,0.0
NZDUSD,33562,33580,PUT,0,3.0918545030288413,14.842179788084188,1,0,0,33584,33585,1,0.0,1,0,0,-1,-1,0,,1,1.0,0.0,-1,-1,0,,1,1.0,0.0,-1,-1,0,,1,4.0,0.0,-1,-1,0,
NZDUSD,33570,33580,PUT,0,3.0918545030288413,14.842179788084188,1,0,0,33584,33585,1,0.0,1,0,0,-1,-1,0,,1,1.0,0.0,-1,-1,0,,1,1.0,0.0,-1,-1,0,,1,4.0,0.0,-1,-1,0,
NZDUSD,34997,35001,PUT,1,2.538871699818173,16.554946774676928,1,0,1,35004,35005,1,1.0,1,1,1,35004,35005,1,1.0,1,1.0,1.0,35004,35005,1,1.0,1,2.0,1.0,35004,35005,1,1.0,1,2.0,1.0,35004,35005,1,1.0
NZDUSD,36434,36469,CALL,0,3.56855173153245,7.876683018813182,1,0,0,36474,36475,1,0.0,1,0,0,-1,-1,0,,1,1.0,0.0,-1,-1,0,,1,1.0,0.0,-1,-1,0,,1,2.0,0.0,-1,-1,0,
NZDUSD,36481,36516,PUT,0,3.622822276391261,12.894254268234171,1,0,0,36518,36519,1,0.0,1,0,0,36518,36519,1,0.0,1,1.0,0.0,36518,36519,1,0.0,1,1.0,0.0,36518,36519,1,0.0,1,1.0,0.0,36518,36519,1,0.0
NZDUSD,36483,36516,PUT,0,3.622822276391261,12.894254268234171,1,0,0,36518,36519,1,0.0,1,0,0,36518,36519,1,0.0,1,1.0,0.0,36518,36519,1,0.0,1,1.0,0.0,36518,36519,1,0.0,1,1.0,0.0,36518,36519,1,0.0
NZDUSD,36884,36900,CALL,0,3.4491696498674878,9.388910303338676,1,0,0,36903,36904,1,0.0,1,0,0,36903,36904,1,0.0,1,1.0,0.0,-1,-1,0,,1,1.0,0.0,-1,-1,0,,1,1.0,0.0,-1,-1,0,
NZDUSD,37849,37864,CALL,0,2.03023977657762,8.612818777548696,1,0,0,37866,37867,1,0.0,1,1,0,-1,-1,0,,1,6.0,0.0,-1,-1,0,,1,7.0,0.0,-1,-1,0,,1,7.0,0.0,-1,-1,0,
NZDUSD,37860,37864,CALL,0,2.03023977657762,8.612818777548696,1,0,0,37866,37867,1,0.0,1,1,0,-1,-1,0,,1,6.0,0.0,-1,-1,0,,1,7.0,0.0,-1,-1,0,,1,7.0,0.0,-1,-1,0,
NZDUSD,38275,38278,CALL,1,2.588094872861572,20.351096641159877,1,0,1,38280,38281,1,1.0,1,1,1,38280,38281,1,1.0,1,1.0,1.0,38280,38281,1,1.0,1,1.0,1.0,38280,38281,1,1.0,1,1.0,1.0,38280,38281,1,1.0
NZDUSD,39574,39597,CALL,0,2.117558417472643,12.71316880260542,1,0,0,39599,39600,1,0.0,1,1,0,39599,39600,1,0.0,1,8.0,0.0,-1,-1,0,,1,8.0,0.0,-1,-1,0,,1,9.0,0.0,-1,-1,0,
NZDUSD,39577,39597,CALL,0,2.117558417472643,12.71316880260542,1,0,0,39599,39600,1,0.0,1,1,0,39599,39600,1,0.0,1,8.0,0.0,-1,-1,0,,1,8.0,0.0,-1,-1,0,,1,9.0,0.0,-1,-1,0,
NZDUSD,39801,39804,PUT,0,2.1639384226750025,16.868929404973315,1,0,0,39805,39806,1,0.0,1,3,0,-1,-1,0,,1,16.0,0.0,-1,-1,0,,1,16.0,0.0,-1,-1,0,,1,16.0,0.0,-1,-1,0,
NZDUSD,39938,39970,PUT,0,3.015204893260716,15.286356348303983,1,0,0,39975,39976,1,0.0,1,0,0,39975,39976,1,0.0,1,1.0,0.0,39975,39976,1,0.0,1,1.0,0.0,39975,39976,1,0.0,1,1.0,0.0,39975,39976,1,0.0
NZDUSD,39968,39970,PUT,0,3.015204893260716,15.286356348303983,1,0,0,39975,39976,1,0.0,1,0,0,39975,39976,1,0.0,1,1.0,0.0,39975,39976,1,0.0,1,1.0,0.0,39975,39976,1,0.0,1,1.0,0.0,39975,39976,1,0.0
NZDUSD,40885,40916,PUT,1,4.105794083338637,19.269475779045987,1,0,1,40919,40920,1,1.0,1,0,1,40919,40920,1,1.0,1,0.0,1.0,40919,40920,1,1.0,1,1.0,1.0,40919,40920,1,1.0,1,1.0,1.0,40919,40920,1,1.0
NZDUSD,41876,41914,PUT,1,5.077008618890304,12.217721528053254,1,0,1,41916,41917,1,1.0,1,0,1,41916,41917,1,1.0,1,0.0,1.0,41916,41917,1,1.0,1,0.0,1.0,41916,41917,1,1.0,1,1.0,1.0,41916,41917,1,1.0
NZDUSD,42071,42075,PUT,0,3.009770121705131,17.237495091193065,1,0,0,42078,42079,1,0.0,1,0,0,42078,42079,1,0.0,1,1.0,0.0,42078,42079,1,0.0,1,1.0,0.0,42078,42079,1,0.0,1,1.0,0.0,42078,42079,1,0.0
NZDUSD,43862,43878,CALL,1,2.668745063805994,13.586186813279369,1,0,1,43883,43884,1,1.0,1,1,1,43883,43884,1,1.0,1,1.0,1.0,43883,43884,1,1.0,1,1.0,1.0,43883,43884,1,1.0,1,4.0,1.0,43883,43884,1,1.0
NZDUSD,43871,43898,PUT,0,2.350988157471363,9.492415858781953,1,0,0,43903,43904,1,0.0,1,1,0,-1,-1,0,,1,2.0,0.0,-1,-1,0,,1,6.0,0.0,-1,-1,0,,1,13.0,0.0,-1,-1,0,
NZDUSD,43887,43898,PUT,0,2.350988157471363,9.492415858781953,1,0,0,43903,43904,1,0.0,1,1,0,-1,-1,0,,1,2.0,0.0,-1,-1,0,,1,6.0,0.0,-1,-1,0,,1,13.0,0.0,-1,-1,0,
NZDUSD,43948,43975,CALL,0,2.1239877870719788,12.656279666263671,1,0,0,43979,43980,1,0.0,1,1,0,43979,43980,1,0.0,1,1.0,0.0,43979,43980,1,0.0,1,1.0,0.0,43979,43980,1,0.0,1,1.0,0.0,43979,43980,1,0.0
NZDUSD,43973,43975,CALL,0,2.1239877870719788,12.656279666263671,1,0,0,43979,43980,1,0.0,1,1,0,43979,43980,1,0.0,1,1.0,0.0,43979,43980,1,0.0,1,1.0,0.0,43979,43980,1,0.0,1,1.0,0.0,43979,43980,1,0.0
NZDUSD,45303,45315,CALL,0,3.4992759004953964,16.92243879308964,1,0,0,45319,45320,1,0.0,1,0,0,45319,45320,1,0.0,1,1.0,0.0,45319,45320,1,0.0,1,1.0,0.0,45319,45320,1,0.0,1,1.0,0.0,45319,45320,1,0.0
NZDUSD,45383,45393,CALL,1,3.5326340194601737,15.135133849343081,1,0,1,45394,45395,1,1.0,1,0,1,45394,45395,1,1.0,1,1.0,0.0,-1,-1,0,,1,1.0,0.0,-1,-1,0,,1,1.0,0.0,-1,-1,0,
NZDUSD,46259,46268,PUT,1,2.6893566650974776,17.975564669609284,1,0,1,46272,46273,1,1.0,1,1,1,46272,46273,1,1.0,1,1.0,1.0,46272,46273,1,1.0,1,1.0,1.0,46272,46273,1,1.0,1,1.0,1.0,46272,46273,1,1.0
NZDUSD,46351,46371,CALL,1,2.432808093830837,17.9672074920555,1,0,1,46373,46374,1,1.0,1,1,1,46373,46374,1,1.0,1,1.0,1.0,46373,46374,1,1.0,1,1.0,1.0,46373,46374,1,1.0,1,1.0,1.0,46373,46374,1,1.0
NZDUSD,46623,46640,CALL,1,5.256978148672374,24.093927519008986,1,0,1,46642,46643,1,1.0,1,0,1,46642,46643,1,1.0,1,0.0,1.0,46642,46643,1,1.0,1,0.0,1.0,46642,46643,1,1.0,1,1.0,1.0,46642,46643,1,1.0
NZDUSD,46638,46640,CALL,1,5.256978148672374,24.093927519008986,1,0,1,46642,46643,1,1.0,1,0,1,46642,46643,1,1.0,1,0.0,1.0,46642,46643,1,1.0,1,0.0,1.0,46642,46643,1,1.0,1,1.0,1.0,46642,46643,1,1.0
NZDUSD,46668,46670,CALL,0,4.643502083550766,15.679027130988807,1,0,0,46671,46672,1,0.0,1,0,0,46671,46672,1,0.0,1,0.0,0.0,46671,46672,1,0.0,1,1.0,0.0,-1,-1,0,,1,1.0,0.0,-1,-1,0,
NZDUSD,47056,47092,PUT,0,3.833620110077618,11.783631721672048,1,0,0,47094,47095,1,0.0,1,0,0,47094,47095,1,0.0,1,1.0,0.0,47094,47095,1,0.0,1,1.0,0.0,47094,47095,1,0.0,1,1.0,0.0,47094,47095,1,0.0
NZDUSD,47076,47092,PUT,0,3.833620110077618,11.783631721672048,1,0,0,47094,47095,1,0.0,1,0,0,47094,47095,1,0.0,1,1.0,0.0,47094,47095,1,0.0,1,1.0,0.0,47094,47095,1,0.0,1,1.0,0.0,47094,47095,1,0.0
NZDUSD,47079,47092,PUT,0,3.833620110077618,11.783631721672048,1,0,0,47094,47095,1,0.0,1,0,0,47094,47095,1,0.0,1,1.0,0.0,47094,47095,1,0.0,1,1.0,0.0,47094,47095,1,0.0,1,1.0,0.0,47094,47095,1,0.0
NZDUSD,47088,47092,PUT,0,3.833620110077618,11.783631721672048,1,0,0,47094,47095,1,0.0,1,0,0,47094,47095,1,0.0,1,1.0,0.0,47094,47095,1,0.0,1,1.0,0.0,47094,47095,1,0.0,1,1.0,0.0,47094,47095,1,0.0
NZDUSD,47298,47302,CALL,0,2.5227160561806325,10.288065843620707,1,0,0,47304,47305,1,0.0,1,1,0,47304,47305,1,0.0,1,1.0,0.0,47304,47305,1,0.0,1,1.0,0.0,47304,47305,1,0.0,1,1.0,0.0,47304,47305,1,0.0
NZDUSD,47598,47600,CALL,1,2.273621627345225,12.321839685093344,1,0,1,47601,47602,1,1.0,1,1,0,-1,-1,0,,1,5.0,0.0,-1,-1,0,,1,5.0,0.0,-1,-1,0,,1,5.0,0.0,-1,-1,0,
NZDUSD,47919,47944,CALL,0,3.6406302235797874,12.397839898967042,1,0,0,47948,47949,1,0.0,1,0,0,47948,47949,1,0.0,1,1.0,0.0,47948,47949,1,0.0,1,1.0,0.0,47948,47949,1,0.0,1,1.0,0.0,47948,47949,1,0.0
NZDUSD,47925,47944,CALL,0,3.6406302235797874,12.397839898967042,1,0,0,47948,47949,1,0.0,1,0,0,47948,47949,1,0.0,1,1.0,0.0,47948,47949,1,0.0,1,1.0,0.0,47948,47949,1,0.0,1,1.0,0.0,47948,47949,1,0.0
NZDUSD,48325,48365,CALL,0,2.391174099063681,14.216854581371457,1,0,0,48366,48367,1,0.0,1,1,0,-1,-1,0,,1,1.0,0.0,-1,-1,0,,1,9.0,0.0,-1,-1,0,,1,9.0,0.0,-1,-1,0,
NZDUSD,48531,48535,CALL,0,3.702060766259934,10.660332548204742,1,0,0,48536,48537,1,0.0,1,0,0,48536,48537,1,0.0,1,1.0,0.0,-1,-1,0,,1,1.0,0.0,-1,-1,0,,1,1.0,0.0,-1,-1,0,
USDCAD,180,215,PUT,0,2.247705560905189,12.108417097580926,1,0,0,217,218,1,0.0,1,1,0,217,218,1,0.0,1,1.0,0.0,217,218,1,0.0,1,1.0,0.0,217,218,1,0.0,1,2.0,0.0,-1,-1,0,
USDCAD,198,215,PUT,0,2.247705560905189,12.108417097580926,1,0,0,217,218,1,0.0,1,1,0,217,218,1,0.0,1,1.0,0.0,217,218,1,0.0,1,1.0,0.0,217,218,1,0.0,1,2.0,0.0,-1,-1,0,
USDCAD,704,740,PUT,1,2.1793578625943724,13.962418393989712,1,0,1,744,745,1,1.0,1,1,1,744,745,1,1.0,1,1.0,1.0,744,745,1,1.0,1,1.0,1.0,744,745,1,1.0,1,2.0,1.0,744,745,1,1.0
USDCAD,726,740,PUT,1,2.1793578625943724,13.962418393989712,1,0,1,744,745,1,1.0,1,1,1,744,745,1,1.0,1,1.0,1.0,744,745,1,1.0,1,1.0,1.0,744,745,1,1.0,1,2.0,1.0,744,745,1,1.0
USDCAD,853,893,CALL,0,3.2256606979082267,13.805521455342259,1,0,0,895,896,1,0.0,1,0,0,895,896,1,0.0,1,1.0,0.0,895,896,1,0.0,1,1.0,0.0,895,896,1,0.0,1,1.0,0.0,895,896,1,0.0
USDCAD,855,893,CALL,0,3.2256606979082267,13.805521455342259,1,0,0,895,896,1,0.0,1,0,0,895,896,1,0.0,1,1.0,0.0,895,896,1,0.0,1,1.0,0.0,895,896,1,0.0,1,1.0,0.0,895,896,1,0.0
USDCAD,886,893,CALL,0,3.2256606979082267,13.805521455342259,1,0,0,895,896,1,0.0,1,0,0,895,896,1,0.0,1,1.0,0.0,895,896,1,0.0,1,1.0,0.0,895,896,1,0.0,1,1.0,0.0,895,896,1,0.0
USDCAD,1763,1783,CALL,0,4.19022231757927,17.541008662501714,1,0,0,1785,1786,1,0.0,1,0,0,1785,1786,1,0.0,1,0.0,0.0,1785,1786,1,0.0,1,1.0,0.0,1785,1786,1,0.0,1,1.0,0.0,1785,1786,1,0.0
USDCAD,1765,1783,CALL,0,4.19022231757927,17.541008662501714,1,0,0,1785,1786,1,0.0,1,0,0,1785,1786,1,0.0,1,0.0,0.0,1785,1786,1,0.0,1,1.0,0.0,1785,1786,1,0.0,1,1.0,0.0,1785,1786,1,0.0
USDCAD,1780,1783,CALL,0,4.19022231757927,17.541008662501714,1,0,0,1785,1786,1,0.0,1,0,0,1785,1786,1,0.0,1,0.0,0.0,1785,1786,1,0.0,1,1.0,0.0,1785,1786,1,0.0,1,1.0,0.0,1785,1786,1,0.0
USDCAD,2280,2309,CALL,1,2.5659031573969315,9.652289708477635,1,0,1,2311,2312,1,1.0,1,1,1,2311,2312,1,1.0,1,1.0,1.0,2311,2312,1,1.0,1,1.0,1.0,2311,2312,1,1.0,1,1.0,1.0,2311,2312,1,1.0
USDCAD,2810,2844,CALL,0,2.894221076263813,11.194133216831148,1,0,0,2845,2846,1,0.0,1,1,0,-1,-1,0,,1,1.0,0.0,-1,-1,0,,1,1.0,0.0,-1,-1,0,,1,2.0,0.0,-1,-1,0,
USDCAD,2814,2844,CALL,0,2.894221076263813,11.194133216831148,1,0,0,2845,2846,1,0.0,1,1,0,-1,-1,0,,1,1.0,0.0,-1,-1,0,,1,1.0,0.0,-1,-1,0,,1,2.0,0.0,-1,-1,0,
USDCAD,2840,2844,CALL,0,2.894221076263813,11.194133216831148,1,0,0,2845,2846,1,0.0,1,1,0,-1,-1,0,,1,1.0,0.0,-1,-1,0,,1,1.0,0.0,-1,-1,0,,1,2.0,0.0,-1,-1,0,
USDCAD,3825,3828,CALL,1,2.829613063867132,15.153718156985725,1,0,1,3831,3832,1,1.0,1,1,1,3831,3832,1,1.0,1,1.0,1.0,3831,3832,1,1.0,1,1.0,1.0,3831,3832,1,1.0,1,1.0,1.0,3831,3832,1,1.0
USDCAD,4438,4465,CALL,0,2.5556803030007327,19.849101383461523,1,0,0,4468,4469,1,0.0,1,1,0,4468,4469,1,0.0,1,1.0,0.0,-1,-1,0,,1,8.0,0.0,-1,-1,0,,1,8.0,0.0,-1,-1,0,
USDCAD,4602,4632,CALL,0,4.649973548864834,13.232783224034801,1,0,0,4634,4635,1,0.0,1,0,0,4634,4635,1,0.0,1,0.0,0.0,4634,4635,1,0.0,1,1.0,0.0,4634,4635,1,0.0,1,1.0,0.0,4634,4635,1,0.0
USDCAD,4630,4632,CALL,0,4.649973548864834,13.232783224034801,1,0,0,4634,4635,1,0.0,1,0,0,4634,4635,1,0.0,1,0.0,0.0,4634,4635,1,0.0,1,1.0,0.0,4634,4635,1,0.0,1,1.0,0.0,4634,4635,1,0.0
USDCAD,5317,5353,PUT,0,2.521795066896175,18.451940463254843,1,0,0,5356,5357,1,0.0,1,1,0,5356,5357,1,0.0,1,1.0,0.0,-1,-1,0,,1,1.0,0.0,-1,-1,0,,1,1.0,0.0,-1,-1,0,
USDCAD,5414,5430,CALL,0,3.2014070703468764,12.899140124225987,1,0,0,5433,5434,1,0.0,1,0,0,-1,-1,0,,1,1.0,0.0,-1,-1,0,,1,1.0,0.0,-1,-1,0,,1,1.0,0.0,-1,-1,0,
USDCAD,5890,5920,CALL,1,3.196390876098281,14.333798824348918,1,0,1,5925,5926,1,1.0,1,0,1,5925,5926,1,1.0,1,1.0,1.0,5925,5926,1,1.0,1,1.0,1.0,5925,5926,1,1.0,1,1.0,1.0,5925,5926,1,1.0
USDCAD,5893,5920,CALL,1,3.196390876098281,14.333798824348918,1,0,1,5925,5926,1,1.0,1,0,1,5925,5926,1,1.0,1,1.0,1.0,5925,5926,1,1.0,1,1.0,1.0,5925,5926,1,1.0,1,1.0,1.0,5925,5926,1,1.0
USDCAD,5913,5920,CALL,1,3.196390876098281,14.333798824348918,1,0,1,5925,5926,1,1.0,1,0,1,5925,5926,1,1.0,1,1.0,1.0,5925,5926,1,1.0,1,1.0,1.0,5925,5926,1,1.0,1,1.0,1.0,5925,5926,1,1.0
USDCAD,6244,6264,PUT,0,2.3657248787252314,11.325067388878523,1,0,0,6267,6268,1,0.0,1,1,0,6267,6268,1,0.0,1,1.0,0.0,6267,6268,1,0.0,1,2.0,0.0,-1,-1,0,,1,18.0,0.0,-1,-1,0,
USDCAD,6254,6264,PUT,0,2.3657248787252314,11.325067388878523,1,0,0,6267,6268,1,0.0,1,1,0,6267,6268,1,0.0,1,1.0,0.0,6267,6268,1,0.0,1,2.0,0.0,-1,-1,0,,1,18.0,0.0,-1,-1,0,
USDCAD,6778,6806,PUT,1,2.727971273395056,10.153225740208086,1,0,1,6807,6808,1,1.0,1,1,0,-1,-1,0,,1,1.0,0.0,-1,-1,0,,1,3.0,0.0,-1,-1,0,,1,3.0,0.0,-1,-1,0,
USDCAD,6790,6806,PUT,1,2.727971273395056,10.153225740208086,1,0,1,6807,6808,1,1.0,1,1,0,-1,-1,0,,1,1.0,0.0,-1,-1,0,,1,3.0,0.0,-1,-1,0,,1,3.0,0.0,-1,-1,0,
USDCAD,7492,7511,CALL,0,3.6908825520795783,10.321577268720738,1,0,0,7513,7514,1,0.0,1,0,0,7513,7514,1,0.0,1,1.0,0.0,-1,-1,0,,1,1.0,0.0,-1,-1,0,,1,1.0,0.0,-1,-1,0,
USDCAD,7499,7534,PUT,0,5.017036166754153,17.02784545455568,1,0,0,7539,7540,1,0.0,1,0,0,7539,7540,1,0.0,1,0.0,0.0,7539,7540,1,0.0,1,0.0,0.0,7539,7540,1,0.0,1,1.0,0.0,7539,7540,1,0.0
USDCAD,7502,7511,CALL,0,3.6908825520795783,10.321577268720738,1,0,0,7513,7514,1,0.0,1,0,0,7513,7514,1,0.0,1,1.0,0.0,-1,-1,0,,1,1.0,0.0,-1,-1,0,,1,1.0,0.0,-1,-1,0,
USDCAD,7893,7895,CALL,1,3.301439676482857,15.137645980334057,1,0,1,7897,7898,1,1.0,1,0,1,7897,7898,1,1.0,1,1.0,1.0,7897,7898,1,1.0,1,1.0,1.0,7897,7898,1,1.0,1,1.0,1.0,7897,7898,1,1.0
USDCAD,8360,8375,PUT,0,3.658127963534852,18.567273763330597,1,0,0,8377,8378,1,0.0,1,0,0,8377,8378,1,0.0,1,1.0,0.0,8377,8378,1,0.0,1,1.0,0.0,-1,-1,0,,1,11.0,0.0,-1,-1,0,
USDCAD,8362,8375,PUT,0,3.658127963534852,18.567273763330597,1,0,0,8377,8378,1,0.0,1,0,0,8377,8378,1,0.0,1,1.0,0.0,8377,8378,1,0.0,1,1.0,0.0,-1,-1,0,,1,11.0,0.0,-1,-1,0,
USDCAD,8372,8375,PUT,0,3.658127963534852,18.567273763330597,1,0,0,8377,8378,1,0.0,1,0,0,8377,8378,1,0.0,1,1.0,0.0,8377,8378,1,0.0,1,1.0,0.0,-1,-1,0,,1,11.0,0.0,-1,-1,0,
USDCAD,9099,9118,PUT,0,2.416305232479204,15.317097101780043,1,0,0,9120,9121,1,0.0,1,1,0,9120,9121,1,0.0,1,1.0,0.0,9120,9121,1,0.0,1,1.0,0.0,9120,9121,1,0.0,1,1.0,0.0,9120,9121,1,0.0
USDCAD,9121,9143,PUT,0,2.5474714506703435,16.916936196829067,1,0,0,9145,9146,1,0.0,1,1,0,9145,9146,1,0.0,1,2.0,0.0,-1,-1,0,,1,5.0,0.0,-1,-1,0,,1,9.0,0.0,-1,-1,0,
USDCAD,9403,9410,CALL,1,2.3459941387369607,7.790614437442462,1,0,1,9412,9413,1,1.0,1,1,0,-1,-1,0,,1,6.0,0.0,-1,-1,0,,1,6.0,0.0,-1,-1,0,,1,6.0,0.0,-1,-1,0,
USDCAD,9551,9556,CALL,1,3.9394208505858703,19.82325862154699,1,0,1,9561,9562,1,1.0,1,0,0,-1,-1,0,,1,1.0,0.0,-1,-1,0,,1,1.0,0.0,-1,-1,0,,1,1.0,0.0,-1,-1,0,
USDCAD,10565,10569,PUT,1,3.748117987478423,14.995211357571677,1,0,1,10574,10575,1,1.0,1,0,1,10574,10575,1,1.0,1,1.0,1.0,10574,10575,1,1.0,1,1.0,1.0,10574,10575,1,1.0,1,1.0,1.0,10574,10575,1,1.0
USDCAD,11606,11639,PUT,1,4.519876772460549,7.989582321601283,1,0,1,11641,11642,1,1.0,1,0,1,11641,11642,1,1.0,1,0.0,1.0,11641,11642,1,1.0,1,1.0,1.0,11641,11642,1,1.0,1,1.0,0.0,-1,-1,0,
USDCAD,11914,11943,PUT,0,2.0315623018145743,11.433660372836862,1,0,0,11944,11945,1,0.0,1,4,0,11950,11951,1,0.0,1,4.0,0.0,11950,11951,1,0.0,1,4.0,0.0,11950,11951,1,0.0,1,5.0,0.0,11950,11951,1,0.0
USDCAD,11919,11943,PUT,0,2.0315623018145743,11.433660372836862,1,0,0,11944,11945,1,0.0,1,4,0,11950,11951,1,0.0,1,4.0,0.0,11950,11951,1,0.0,1,4.0,0.0,11950,11951,1,0.0,1,5.0,0.0,11950,11951,1,0.0
USDCAD,11941,11943,PUT,0,2.0315623018145743,11.433660372836862,1,0,0,11944,11945,1,0.0,1,4,0,11950,11951,1,0.0,1,4.0,0.0,11950,11951,1,0.0,1,4.0,0.0,11950,11951,1,0.0,1,5.0,0.0,11950,11951,1,0.0
USDCAD,12687,12705,CALL,0,3.894503959197428,19.84375734243674,1,0,0,12707,12708,1,0.0,1,0,0,12707,12708,1,0.0,1,1.0,0.0,12707,12708,1,0.0,1,1.0,0.0,12707,12708,1,0.0,1,1.0,0.0,12707,12708,1,0.0
USDCAD,12691,12705,CALL,0,3.894503959197428,19.84375734243674,1,0,0,12707,12708,1,0.0,1,0,0,12707,12708,1,0.0,1,1.0,0.0,12707,12708,1,0.0,1,1.0,0.0,12707,12708,1,0.0,1,1.0,0.0,12707,12708,1,0.0
USDCAD,12696,12723,PUT,0,3.836266805670277,14.163186582775062,1,0,0,12728,12729,1,0.0,1,0,0,-1,-1,0,,1,1.0,0.0,-1,-1,0,,1,1.0,0.0,-1,-1,0,,1,1.0,0.0,-1,-1,0,
USDCAD,12702,12705,CALL,0,3.894503959197428,19.84375734243674,1,0,0,12707,12708,1,0.0,1,0,0,12707,12708,1,0.0,1,1.0,0.0,12707,12708,1,0.0,1,1.0,0.0,12707,12708,1,0.0,1,1.0,0.0,12707,12708,1,0.0
USDCAD,12736,12776,CALL,1,2.8080481153087984,16.956673230934527,1,0,1,12777,12778,1,1.0,1,1,1,12780,12781,1,1.0,1,1.0,1.0,12780,12781,1,1.0,1,1.0,1.0,12780,12781,1,1.0,1,1.0,1.0,12780,12781,1,1.0
USDCAD,12768,12776,CALL,1,2.8080481153087984,16.956673230934527,1,0,1,12777,12778,1,1.0,1,1,1,12780,12781,1,1.0,1,1.0,1.0,12780,12781,1,1.0,1,1.0,1.0,12780,12781,1,1.0,1,1.0,1.0,12780,12781,1,1.0
USDCAD,12770,12776,CALL,1,2.8080481153087984,16.956673230934527,1,0,1,12777,12778,1,1.0,1,1,1,12780,12781,1,1.0,1,1.0,1.0,12780,12781,1,1.0,1,1.0,1.0,12780,12781,1,1.0,1,1.0,1.0,12780,12781,1,1.0
USDCAD,12775,12776,CALL,1,2.8080481153087984,16.956673230934527,1,0,1,12777,12778,1,1.0,1,1,1,12780,12781,1,1.0,1,1.0,1.0,12780,12781,1,1.0,1,1.0,1.0,12780,12781,1,1.0,1,1.0,1.0,12780,12781,1,1.0
USDCAD,13261,13294,PUT,0,3.29178498362694,12.556983647152556,1,0,0,13296,13297,1,0.0,1,0,0,-1,-1,0,,1,1.0,0.0,-1,-1,0,,1,1.0,0.0,-1,-1,0,,1,5.0,0.0,-1,-1,0,
USDCAD,13267,13294,PUT,0,3.29178498362694,12.556983647152556,1,0,0,13296,13297,1,0.0,1,0,0,-1,-1,0,,1,1.0,0.0,-1,-1,0,,1,1.0,0.0,-1,-1,0,,1,5.0,0.0,-1,-1,0,
USDCAD,13270,13294,PUT,0,3.29178498362694,12.556983647152556,1,0,0,13296,13297,1,0.0,1,0,0,-1,-1,0,,1,1.0,0.0,-1,-1,0,,1,1.0,0.0,-1,-1,0,,1,5.0,0.0,-1,-1,0,
USDCAD,16150,16185,CALL,0,2.110386400118223,17.638200202350326,1,0,0,16186,16187,1,0.0,1,1,0,-1,-1,0,,1,1.0,0.0,-1,-1,0,,1,1.0,0.0,-1,-1,0,,1,1.0,0.0,-1,-1,0,
USDCAD,16169,16185,CALL,0,2.110386400118223,17.638200202350326,1,0,0,16186,16187,1,0.0,1,1,0,-1,-1,0,,1,1.0,0.0,-1,-1,0,,1,1.0,0.0,-1,-1,0,,1,1.0,0.0,-1,-1,0,
USDCAD,16837,16868,CALL,1,2.874645593689287,12.131319912221095,1,0,1,16870,16871,1,1.0,1,1,1,16870,16871,1,1.0,1,1.0,1.0,16870,16871,1,1.0,1,1.0,1.0,16870,16871,1,1.0,1,1.0,1.0,16870,16871,1,1.0
USDCAD,16863,16868,CALL,1,2.874645593689287,12.131319912221095,1,0,1,16870,16871,1,1.0,1,1,1,16870,16871,1,1.0,1,1.0,1.0,16870,16871,1,1.0,1,1.0,1.0,16870,16871,1,1.0,1,1.0,1.0,16870,16871,1,1.0
USDCAD,17655,17692,PUT,1,2.2656821139847665,13.350885203934578,1,0,1,17696,17697,1,1.0,1,1,1,17696,17697,1,1.0,1,1.0,1.0,17696,17697,1,1.0,1,1.0,0.0,-1,-1,0,,1,1.0,0.0,-1,-1,0,
USDCAD,17685,17692,PUT,1,2.2656821139847665,13.350885203934578,1,0,1,17696,17697,1,1.0,1,1,1,17696,17697,1,1.0,1,1.0,1.0,17696,17697,1,1.0,1,1.0,0.0,-1,-1,0,,1,1.0,0.0,-1,-1,0,
USDCAD,18037,18062,PUT,0,3.050397978862975,9.362355859105975,1,0,0,18064,18065,1,0.0,1,0,0,-1,-1,0,,1,1.0,0.0,-1,-1,0,,1,1.0,0.0,-1,-1,0,,1,1.0,0.0,-1,-1,0,
USDCAD,18133,18173,PUT,0,2.354322814116358,12.184139796905384,1,0,0,18175,18176,1,0.0,1,1,0,18175,18176,1,0.0,1,1.0,0.0,18175,18176,1,0.0,1,1.0,0.0,18175,18176,1,0.0,1,2.0,0.0,-1,-1,0,
USDCAD,18169,18173,PUT,0,2.354322814116358,12.184139796905384,1,0,0,18175,18176,1,0.0,1,1,0,18175,18176,1,0.0,1,1.0,0.0,18175,18176,1,0.0,1,1.0,0.0,18175,18176,1,0.0,1,2.0,0.0,-1,-1,0,
USDCAD,18414,18434,CALL,0,4.363391670481866,11.772486772486733,1,0,0,18436,18437,1,0.0,1,0,0,18436,18437,1,0.0,1,0.0,0.0,18436,18437,1,0.0,1,1.0,0.0,18436,18437,1,0.0,1,1.0,0.0,18436,18437,1,0.0
USDCAD,19504,19535,PUT,1,4.054415793545672,10.381097106761537,1,0,1,19538,19539,1,1.0,1,0,1,19538,19539,1,1.0,1,0.0,1.0,19538,19539,1,1.0,1,1.0,1.0,19538,19539,1,1.0,1,1.0,1.0,19538,19539,1,1.0
USDCAD,19570,19597,CALL,0,2.3356280715022475,9.897340540000155,1,0,0,19602,19603,1,0.0,1,1,0,-1,-1,0,,1,1.0,0.0,-1,-1,0,,1,1.0,0.0,-1,-1,0,,1,1.0,0.0,-1,-1,0,
USDCAD,19578,19597,CALL,0,2.3356280715022475,9.897340540000155,1,0,0,19602,19603,1,0.0,1,1,0,-1,-1,0,,1,1.0,0.0,-1,-1,0,,1,1.0,0.0,-1,-1,0,,1,1.0,0.0,-1,-1,0,
USDCAD,19585,19597,CALL,0,2.3356280715022475,9.897340540000155,1,0,0,19602,19603,1,0.0,1,1,0,-1,-1,0,,1,1.0,0.0,-1,-1,0,,1,1.0,0.0,-1,-1,0,,1,1.0,0.0,-1,-1,0,
USDCAD,20925,20959,CALL,1,2.5931869783095403,19.105580743831226,1,0,1,20961,20962,1,1.0,1,1,0,20967,20968,1,0.0,1,4.0,0.0,20967,20968,1,0.0,1,4.0,0.0,20967,20968,1,0.0,1,5.0,0.0,20967,20968,1,0.0
USDCAD,22294,22298,CALL,0,3.804056799973752,14.69806721087058,1,0,0,22299,22300,1,0.0,1,0,0,22299,22300,1,0.0,1,1.0,0.0,22300,22301,1,0.0,1,1.0,0.0,22300,22301,1,0.0,1,1.0,0.0,22300,22301,1,0.0
USDCAD,23937,23972,CALL,1,5.599657536957336,18.793377112483128,1,0,1,23975,23976,1,1.0,1,0,1,23975,23976,1,1.0,1,0.0,1.0,23975,23976,1,1.0,1,0.0,1.0,23975,23976,1,1.0,1,1.0,1.0,23975,23976,1,1.0
USDCAD,23939,23972,CALL,1,5.599657536957336,18.793377112483128,1,0,1,23975,23976,1,1.0,1,0,1,23975,23976,1,1.0,1,0.0,1.0,23975,23976,1,1.0,1,0.0,1.0,23975,23976,1,1.0,1,1.0,1.0,23975,23976,1,1.0
USDCAD,24302,24323,CALL,0,2.932604467892164,14.720931173535412,1,0,0,24324,24325,1,0.0,1,1,0,-1,-1,0,,1,1.0,0.0,-1,-1,0,,1,1.0,0.0,-1,-1,0,,1,1.0,0.0,-1,-1,0,
USDCAD,24405,24419,CALL,0,4.617782810882423,18.52148605182031,1,0,0,24424,24425,1,0.0,1,0,0,24424,24425,1,0.0,1,0.0,0.0,24424,24425,1,0.0,1,1.0,0.0,24424,24425,1,0.0,1,1.0,0.0,24424,24425,1,0.0
USDCAD,25089,25128,CALL,1,2.8046647793682773,13.520970603042116,1,0,1,25129,25130,1,1.0,1,1,0,-1,-1,0,,1,1.0,0.0,-1,-1,0,,1,1.0,0.0,-1,-1,0,,1,1.0,0.0,-1,-1,0,
USDCAD,25108,25128,CALL,1,2.8046647793682773,13.520970603042116,1,0,1,25129,25130,1,1.0,1,1,0,-1,-1,0,,1,1.0,0.0,-1,-1,0,,1,1.0,0.0,-1,-1,0,,1,1.0,0.0,-1,-1,0,
USDCAD,25110,25128,CALL,1,2.8046647793682773,13.520970603042116,1,0,1,25129,25130,1,1.0,1,1,0,-1,-1,0,,1,1.0,0.0,-1,-1,0,,1,1.0,0.0,-1,-1,0,,1,1.0,0.0,-1,-1,0,
USDCAD,25425,25430,CALL,0,3.0413680487822887,20.320986861620113,1,0,0,25434,25435,1,0.0,1,0,0,25434,25435,1,0.0,1,1.0,0.0,25434,25435,1,0.0,1,1.0,0.0,25434,25435,1,0.0,1,1.0,0.0,25434,25435,1,0.0
USDCAD,25488,25507,CALL,1,2.622051851062309,11.886402330426982,1,0,1,25512,25513,1,1.0,1,4,1,25512,25513,1,1.0,1,4.0,1.0,25512,25513,1,1.0,1,4.0,1.0,25512,25513,1,1.0,1,4.0,1.0,25512,25513,1,1.0
USDCAD,25504,25507,CALL,1,2.622051851062309,11.886402330426982,1,0,1,25512,25513,1,1.0,1,4,1,25512,25513,1,1.0,1,4.0,1.0,25512,25513,1,1.0,1,4.0,1.0,25512,25513,1,1.0,1,4.0,1.0,25512,25513,1,1.0
USDCAD,26836,26863,PUT,0,2.1991592633534798,10.663122922447855,1,0,0,26864,26865,1,0.0,1,7,1,26873,26874,1,1.0,1,8.0,1.0,26873,26874,1,1.0,1,9.0,1.0,26873,26874,1,1.0,1,9.0,1.0,26873,26874,1,1.0
USDCAD,27273,27285,CALL,0,2.0363828555042875,16.01849200510842,1,0,0,27289,27290,1,0.0,1,1,0,27289,27290,1,0.0,1,1.0,0.0,27289,27290,1,0.0,1,1.0,0.0,27289,27290,1,0.0,1,1.0,0.0,27289,27290,1,0.0
USDCAD,28374,28383,PUT,1,3.130563069239358,22.536022272696407,1,0,1,28384,28385,1,1.0,1,0,1,28384,28385,1,1.0,1,1.0,0.0,-1,-1,0,,1,1.0,0.0,-1,-1,0,,1,1.0,0.0,-1,-1,0,
USDCAD,28376,28383,PUT,1,3.130563069239358,22.536022272696407,1,0,1,28384,28385,1,1.0,1,0,1,28384,28385,1,1.0,1,1.0,0.0,-1,-1,0,,1,1.0,0.0,-1,-1,0,,1,1.0,0.0,-1,-1,0,
USDCAD,28565,28569,PUT,0,2.350502871156777,12.154062153275618,1,0,0,28572,28573,1,0.0,1,1,0,28572,28573,1,0.0,1,3.0,0.0,-1,-1,0,,1,3.0,0.0,-1,-1,0,,1,4.0,0.0,-1,-1,0,
USDCAD,28568,28569,PUT,0,2.350502871156777,12.154062153275618,1,0,0,28572,28573,1,0.0,1,1,0,28572,28573,1,0.0,1,3.0,0.0,-1,-1,0,,1,3.0,0.0,-1,-1,0,,1,4.0,0.0,-1,-1,0,
USDCAD,29322,29327,PUT,0,2.868079040214866,12.420915437282392,1,0,0,29328,29329,1,0.0,1,1,0,-1,-1,0,,1,1.0,0.0,-1,-1,0,,1,1.0,0.0,-1,-1,0,,1,1.0,0.0,-1,-1,0,
USDCAD,29769,29792,CALL,0,2.9930805127937337,10.560588742843649,1,0,0,29796,29797,1,0.0,1,1,0,29796,29797,1,0.0,1,2.0,0.0,-1,-1,0,,1,3.0,0.0,-1,-1,0,,1,10.0,0.0,-1,-1,0,
USDCAD,29778,29792,CALL,0,2.9930805127937337,10.560588742843649,1,0,0,29796,29797,1,0.0,1,1,0,29796,29797,1,0.0,1,2.0,0.0,-1,-1,0,,1,3.0,0.0,-1,-1,0,,1,10.0,0.0,-1,-1,0,
USDCAD,29780,29792,CALL,0,2.9930805127937337,10.560588742843649,1,0,0,29796,29797,1,0.0,1,1,0,29796,29797,1,0.0,1,2.0,0.0,-1,-1,0,,1,3.0,0.0,-1,-1,0,,1,10.0,0.0,-1,-1,0,
USDCAD,29789,29792,CALL,0,2.9930805127937337,10.560588742843649,1,0,0,29796,29797,1,0.0,1,1,0,29796,29797,1,0.0,1,2.0,0.0,-1,-1,0,,1,3.0,0.0,-1,-1,0,,1,10.0,0.0,-1,-1,0,
USDCAD,30164,30189,PUT,0,3.458348044190984,13.600888159607386,1,0,0,30193,30194,1,0.0,1,0,0,30193,30194,1,0.0,1,1.0,0.0,30193,30194,1,0.0,1,1.0,0.0,30193,30194,1,0.0,1,2.0,0.0,30193,30194,1,0.0
USDCAD,30186,30189,PUT,0,3.458348044190984,13.600888159607386,1,0,0,30193,30194,1,0.0,1,0,0,30193,30194,1,0.0,1,1.0,0.0,30193,30194,1,0.0,1,1.0,0.0,30193,30194,1,0.0,1,2.0,0.0,30193,30194,1,0.0
USDCAD,30858,30879,PUT,0,4.702528998779258,18.249345044154914,1,0,0,30884,30885,1,0.0,1,0,0,30884,30885,1,0.0,1,0.0,0.0,-1,-1,0,,1,1.0,0.0,-1,-1,0,,1,1.0,0.0,-1,-1,0,
USDCAD,32144,32169,CALL,1,2.037083298653505,8.983306754708593,1,0,1,32170,32171,1,1.0,1,1,0,32172,32173,1,0.0,1,1.0,0.0,32172,32173,1,0.0,1,1.0,0.0,32172,32173,1,0.0,1,1.0,0.0,32172,32173,1,0.0
USDCAD,32363,32395,PUT,1,3.683011384539327,8.323962117063061,1,0,1,32397,32398,1,1.0,1,0,1,32397,32398,1,1.0,1,4.0,0.0,-1,-1,0,,1,5.0,0.0,-1,-1,0,,1,15.0,0.0,-1,-1,0,
USDCAD,32369,32395,PUT,1,3.683011384539327,8.323962117063061,1,0,1,32397,32398,1,1.0,1,0,1,32397,32398,1,1.0,1,4.0,0.0,-1,-1,0,,1,5.0,0.0,-1,-1,0,,1,15.0,0.0,-1,-1,0,
USDCAD,33023,33025,CALL,0,2.083032671172159,6.297755222585799,1,0,0,33026,33027,1,0.0,1,1,0,-1,-1,0,,1,2.0,0.0,-1,-1,0,,1,10.0,0.0,-1,-1,0,,1,10.0,0.0,-1,-1,0,
USDCAD,33165,33169,CALL,0,2.461223100761167,18.534730389119787,1,0,0,33174,33175,1,0.0,1,1,0,33174,33175,1,0.0,1,2.0,0.0,33174,33175,1,0.0,1,2.0,0.0,33174,33175,1,0.0,1,3.0,0.0,33174,33175,1,0.0
USDCAD,33704,33737,CALL,0,3.7121864641254376,20.068124912082485,1,0,0,33739,33740,1,0.0,1,0,0,33739,33740,1,0.0,1,1.0,0.0,33739,33740,1,0.0,1,1.0,0.0,33739,33740,1,0.0,1,1.0,0.0,33739,33740,1,0.0
USDCAD,33711,33714,PUT,0,2.3013947001715565,13.800089631177677,1,0,0,33715,33716,1,0.0,1,1,0,-1,-1,0,,1,15.0,0.0,-1,-1,0,,1,15.0,0.0,-1,-1,0,,1,15.0,0.0,-1,-1,0,
USDCAD,33732,33737,CALL,0,3.7121864641254376,20.068124912082485,1,0,0,33739,33740,1,0.0,1,0,0,33739,33740,1,0.0,1,1.0,0.0,33739,33740,1,0.0,1,1.0,0.0,33739,33740,1,0.0,1,1.0,0.0,33739,33740,1,0.0
USDCAD,33734,33737,CALL,0,3.7121864641254376,20.068124912082485,1,0,0,33739,33740,1,0.0,1,0,0,33739,33740,1,0.0,1,1.0,0.0,33739,33740,1,0.0,1,1.0,0.0,33739,33740,1,0.0,1,1.0,0.0,33739,33740,1,0.0
USDCAD,33825,33833,CALL,0,3.311233762655071,15.502256223124157,1,0,0,33836,33837,1,0.0,1,0,0,33836,33837,1,0.0,1,1.0,0.0,33836,33837,1,0.0,1,1.0,0.0,33836,33837,1,0.0,1,1.0,0.0,33836,33837,1,0.0
USDCAD,34208,34211,PUT,0,2.544941907442748,10.186175103360974,1,0,0,34213,34214,1,0.0,1,1,0,34213,34214,1,0.0,1,3.0,0.0,-1,-1,0,,1,8.0,0.0,-1,-1,0,,1,9.0,0.0,-1,-1,0,
USDCAD,34336,34363,PUT,0,4.126382412649718,16.501969941339198,1,0,0,34365,34366,1,0.0,1,0,0,34365,34366,1,0.0,1,0.0,0.0,34365,34366,1,0.0,1,1.0,0.0,34365,34366,1,0.0,1,1.0,0.0,34365,34366,1,0.0
USDCAD,34355,34363,PUT,0,4.126382412649718,16.501969941339198,1,0,0,34365,34366,1,0.0,1,0,0,34365,34366,1,0.0,1,0.0,0.0,34365,34366,1,0.0,1,1.0,0.0,34365,34366,1,0.0,1,1.0,0.0,34365,34366,1,0.0
USDCAD,34466,34493,PUT,0,4.1440099517371465,16.689116080164283,1,0,0,34494,34495,1,0.0,1,0,0,34494,34495,1,0.0,1,0.0,0.0,34494,34495,1,0.0,1,1.0,0.0,-1,-1,0,,1,1.0,0.0,-1,-1,0,
USDCAD,34528,34532,CALL,0,3.398444865950127,18.19517930629121,1,0,0,34536,34537,1,0.0,1,0,0,34536,34537,1,0.0,1,1.0,0.0,34536,34537,1,0.0,1,1.0,0.0,34536,34537,1,0.0,1,1.0,0.0,34536,34537,1,0.0
USDCAD,35268,35288,CALL,0,4.439722368670926,14.080865122531193,1,0,0,35289,35290,1,0.0,1,0,0,35289,35290,1,0.0,1,0.0,0.0,35289,35290,1,0.0,1,1.0,0.0,-1,-1,0,,1,1.0,0.0,-1,-1,0,
USDCAD,35572,35597,CALL,1,5.334693620852102,12.987168857137242,1,0,1,35599,35600,1,1.0,1,0,1,35599,35600,1,1.0,1,0.0,1.0,35599,35600,1,1.0,1,0.0,1.0,35599,35600,1,1.0,1,1.0,1.0,35599,35600,1,1.0
USDCAD,35946,35950,CALL,0,2.8388623847116694,14.002859487080897,1,0,0,35954,35955,1,0.0,1,1,0,35954,35955,1,0.0,1,1.0,0.0,35954,35955,1,0.0,1,2.0,0.0,35954,35955,1,0.0,1,2.0,0.0,35954,35955,1,0.0
USDCAD,36290,36301,PUT,1,2.8269483502224944,6.912924337166643,1,0,1,36303,36304,1,1.0,1,1,1,36303,36304,1,1.0,1,1.0,1.0,36303,36304,1,1.0,1,1.0,0.0,-1,-1,0,,1,10.0,0.0,-1,-1,0,
USDCAD,36299,36301,PUT,1,2.8269483502224944,6.912924337166643,1,0,1,36303,36304,1,1.0,1,1,1,36303,36304,1,1.0,1,1.0,1.0,36303,36304,1,1.0,1,1.0,0.0,-1,-1,0,,1,10.0,0.0,-1,-1,0,
USDCAD,36745,36749,PUT,1,5.819275264625091,18.19334962211179,1,0,1,36751,36752,1,1.0,1,0,1,36751,36752,1,1.0,1,0.0,1.0,36751,36752,1,1.0,1,0.0,1.0,36751,36752,1,1.0,1,1.0,1.0,36751,36752,1,1.0
USDCAD,38522,38533,CALL,0,3.2323542407523487,13.813598430574025,1,0,0,38535,38536,1,0.0,1,0,0,38535,38536,1,0.0,1,1.0,0.0,38535,38536,1,0.0,1,1.0,0.0,38535,38536,1,0.0,1,1.0,0.0,38535,38536,1,0.0
USDCAD,38557,38575,PUT,1,2.308664734512732,13.345033237419003,1,0,1,38578,38579,1,1.0,1,1,1,38578,38579,1,1.0,1,2.0,1.0,38578,38579,1,1.0,1,3.0,0.0,-1,-1,0,,1,3.0,0.0,-1,-1,0,
USDCAD,40030,40035,PUT,0,3.39341060344735,19.92283539204375,1,0,0,40036,40037,1,0.0,1,0,0,40036,40037,1,0.0,1,1.0,0.0,-1,-1,0,,1,1.0,0.0,-1,-1,0,,1,8.0,0.0,-1,-1,0,
USDCAD,41137,41152,PUT,0,3.3461506934450256,16.703652646354595,1,0,0,41154,41155,1,0.0,1,0,0,41154,41155,1,0.0,1,1.0,0.0,41154,41155,1,0.0,1,1.0,0.0,41154,41155,1,0.0,1,1.0,0.0,41154,41155,1,0.0
USDCAD,41649,41677,CALL,0,2.930398967802155,12.66952392156022,1,0,0,41680,41681,1,0.0,1,1,0,41680,41681,1,0.0,1,1.0,0.0,41680,41681,1,0.0,1,1.0,0.0,41680,41681,1,0.0,1,2.0,0.0,41680,41681,1,0.0
USDCAD,42652,42656,PUT,1,5.259331200855058,15.886367483490794,1,0,1,42658,42659,1,1.0,1,0,1,42658,42659,1,1.0,1,0.0,1.0,42658,42659,1,1.0,1,0.0,1.0,42658,42659,1,1.0,1,1.0,0.0,-1,-1,0,
USDCAD,43568,43599,CALL,1,2.097679061291503,14.065762920291135,1,0,1,43604,43605,1,1.0,1,1,1,43604,43605,1,1.0,1,1.0,1.0,43604,43605,1,1.0,1,1.0,1.0,43604,43605,1,1.0,1,5.0,0.0,-1,-1,0,
USDCAD,43573,43599,CALL,1,2.097679061291503,14.065762920291135,1,0,1,43604,43605,1,1.0,1,1,1,43604,43605,1,1.0,1,1.0,1.0,43604,43605,1,1.0,1,1.0,1.0,43604,43605,1,1.0,1,5.0,0.0,-1,-1,0,
USDCAD,44988,45023,CALL,1,5.395634805164706,11.731620160738384,1,0,1,45028,45029,1,1.0,1,0,1,45028,45029,1,1.0,1,0.0,1.0,45028,45029,1,1.0,1,0.0,0.0,-1,-1,0,,1,1.0,0.0,-1,-1,0,
USDCAD,45013,45023,CALL,1,5.395634805164706,11.731620160738384,1,0,1,45028,45029,1,1.0,1,0,1,45028,45029,1,1.0,1,0.0,1.0,45028,45029,1,1.0,1,0.0,0.0,-1,-1,0,,1,1.0,0.0,-1,-1,0,
USDCAD,45019,45023,CALL,1,5.395634805164706,11.731620160738384,1,0,1,45028,45029,1,1.0,1,0,1,45028,45029,1,1.0,1,0.0,1.0,45028,45029,1,1.0,1,0.0,0.0,-1,-1,0,,1,1.0,0.0,-1,-1,0,
USDCAD,45942,45960,PUT,0,3.046555384448624,13.675880156899453,1,0,0,45965,45966,1,0.0,1,0,0,45965,45966,1,0.0,1,1.0,0.0,45965,45966,1,0.0,1,1.0,0.0,45965,45966,1,0.0,1,1.0,0.0,45965,45966,1,0.0
USDCAD,46729,46730,PUT,0,3.17223877303266,18.914800516441453,1,0,0,46734,46735,1,0.0,1,0,0,46734,46735,1,0.0,1,1.0,0.0,46734,46735,1,0.0,1,1.0,0.0,46734,46735,1,0.0,1,1.0,0.0,46734,46735,1,0.0
USDCAD,46935,46958,PUT,1,3.630983522525781,12.254593214271168,1,0,1,46963,46964,1,1.0,1,0,1,46963,46964,1,1.0,1,1.0,1.0,46963,46964,1,1.0,1,1.0,1.0,46963,46964,1,1.0,1,1.0,1.0,46963,46964,1,1.0
USDCAD,46939,46958,PUT,1,3.630983522525781,12.254593214271168,1,0,1,46963,46964,1,1.0,1,0,1,46963,46964,1,1.0,1,1.0,1.0,46963,46964,1,1.0,1,1.0,1.0,46963,46964,1,1.0,1,1.0,1.0,46963,46964,1,1.0
USDCAD,46989,46992,CALL,0,2.1255019982793524,6.113505516847008,1,0,0,46993,46994,1,0.0,1,1,0,-1,-1,0,,1,1.0,0.0,-1,-1,0,,1,7.0,0.0,-1,-1,0,,1,8.0,0.0,-1,-1,0,
USDCAD,48734,48745,PUT,0,4.045884755231725,10.283461962748959,1,0,0,48746,48747,1,0.0,1,0,0,48746,48747,1,0.0,1,0.0,0.0,48746,48747,1,0.0,1,1.0,0.0,-1,-1,0,,1,1.0,0.0,-1,-1,0,
USDCAD,48780,48798,PUT,1,2.8905406700133653,16.95245005824443,1,0,1,48802,48803,1,1.0,1,1,1,48802,48803,1,1.0,1,1.0,0.0,-1,-1,0,,1,1.0,0.0,-1,-1,0,,1,1.0,0.0,-1,-1,0,
USDCAD,48785,48798,PUT,1,2.8905406700133653,16.95245005824443,1,0,1,48802,48803,1,1.0,1,1,1,48802,48803,1,1.0,1,1.0,0.0,-1,-1,0,,1,1.0,0.0,-1,-1,0,,1,1.0,0.0,-1,-1,0,
USDCHF,133,165,CALL,0,2.537061768315194,15.99236643264112,1,0,0,170,171,1,0.0,1,1,0,170,171,1,0.0,1,1.0,0.0,170,171,1,0.0,1,2.0,0.0,170,171,1,0.0,1,2.0,0.0,170,171,1,0.0
USDCHF,135,165,CALL,0,2.537061768315194,15.99236643264112,1,0,0,170,171,1,0.0,1,1,0,170,171,1,0.0,1,1.0,0.0,170,171,1,0.0,1,2.0,0.0,170,171,1,0.0,1,2.0,0.0,170,171,1,0.0
USDCHF,154,165,CALL,0,2.537061768315194,15.99236643264112,1,0,0,170,171,1,0.0,1,1,0,170,171,1,0.0,1,1.0,0.0,170,171,1,0.0,1,2.0,0.0,170,171,1,0.0,1,2.0,0.0,170,171,1,0.0
USDCHF,522,533,PUT,1,2.134370125677833,14.541211561575093,1,0,1,534,535,1,1.0,1,1,0,-1,-1,0,,1,1.0,0.0,-1,-1,0,,1,1.0,0.0,-1,-1,0,,1,4.0,0.0,-1,-1,0,
USDCHF,531,533,PUT,1,2.134370125677833,14.541211561575093,1,0,1,534,535,1,1.0,1,1,0,-1,-1,0,,1,1.0,0.0,-1,-1,0,,1,1.0,0.0,-1,-1,0,,1,4.0,0.0,-1,-1,0,
USDCHF,1998,2022,CALL,0,2.5596542909103235,9.275851093866013,1,0,0,2023,2024,1,0.0,1,1,0,-1,-1,0,,1,1.0,0.0,-1,-1,0,,1,1.0,0.0,-1,-1,0,,1,1.0,0.0,-1,-1,0,
USDCHF,2865,2878,PUT,0,4.62909383739202,16.286406575755713,1,0,0,2880,2881,1,0.0,1,0,0,2880,2881,1,0.0,1,0.0,0.0,2880,2881,1,0.0,1,1.0,0.0,2880,2881,1,0.0,1,1.0,0.0,2880,2881,1,0.0
USDCHF,3511,3519,PUT,1,2.2412437691335185,16.632975511756257,1,0,1,3523,3524,1,1.0,1,1,1,3523,3524,1,1.0,1,1.0,1.0,3523,3524,1,1.0,1,1.0,1.0,3523,3524,1,1.0,1,1.0,1.0,3523,3524,1,1.0
USDCHF,3770,3801,CALL,0,2.5325199940589567,12.107596175304678,1,0,0,3802,3803,1,0.0,1,1,0,-1,-1,0,,1,1.0,0.0,-1,-1,0,,1,2.0,0.0,-1,-1,0,,1,2.0,0.0,-1,-1,0,
USDCHF,3774,3801,CALL,0,2.5325199940589567,12.107596175304678,1,0,0,3802,3803,1,0.0,1,1,0,-1,-1,0,,1,1.0,0.0,-1,-1,0,,1,2.0,0.0,-1,-1,0,,1,2.0,0.0,-1,-1,0,
USDCHF,3787,3801,CALL,0,2.5325199940589567,12.107596175304678,1,0,0,3802,3803,1,0.0,1,1,0,-1,-1,0,,1,1.0,0.0,-1,-1,0,,1,2.0,0.0,-1,-1,0,,1,2.0,0.0,-1,-1,0,
USDCHF,3797,3801,CALL,0,2.5325199940589567,12.107596175304678,1,0,0,3802,3803,1,0.0,1,1,0,-1,-1,0,,1,1.0,0.0,-1,-1,0,,1,2.0,0.0,-1,-1,0,,1,2.0,0.0,-1,-1,0,
USDCHF,3863,3867,PUT,0,4.954815234839401,13.237071570405789,1,0,0,3868,3869,1,0.0,1,0,0,3868,3869,1,0.0,1,0.0,0.0,3868,3869,1,0.0,1,1.0,0.0,-1,-1,0,,1,1.0,0.0,-1,-1,0,
USDCHF,3866,3867,PUT,0,4.954815234839401,13.237071570405789,1,0,0,3868,3869,1,0.0,1,0,0,3868,3869,1,0.0,1,0.0,0.0,3868,3869,1,0.0,1,1.0,0.0,-1,-1,0,,1,1.0,0.0,-1,-1,0,
USDCHF,4156,4173,CALL,0,2.3582328043187832,16.315049226441005,1,0,0,4174,4175,1,0.0,1,1,0,-1,-1,0,,1,1.0,0.0,-1,-1,0,,1,10.0,0.0,-1,-1,0,,1,11.0,0.0,-1,-1,0,
USDCHF,4160,4173,CALL,0,2.3582328043187832,16.315049226441005,1,0,0,4174,4175,1,0.0,1,1,0,-1,-1,0,,1,1.0,0.0,-1,-1,0,,1,10.0,0.0,-1,-1,0,,1,11.0,0.0,-1,-1,0,
USDCHF,4940,4972,CALL,0,2.335734708283116,12.026307358549083,1,0,0,4974,4975,1,0.0,1,1,0,4974,4975,1,0.0,1,1.0,0.0,4974,4975,1,0.0,1,2.0,0.0,-1,-1,0,,1,2.0,0.0,-1,-1,0,
USDCHF,5074,5077,PUT,0,4.784280457961671,9.680423323224211,1,0,0,5078,5079,1,0.0,1,0,0,5078,5079,1,0.0,1,0.0,0.0,5078,5079,1,0.0,1,1.0,0.0,-1,-1,0,,1,1.0,0.0,-1,-1,0,
USDCHF,5241,5254,CALL,0,3.029439437594492,10.852777175801776,1,0,0,5256,5257,1,0.0,1,0,0,5256,5257,1,0.0,1,1.0,0.0,5256,5257,1,0.0,1,1.0,0.0,5256,5257,1,0.0,1,2.0,0.0,-1,-1,0,
USDCHF,5285,5320,PUT,0,4.066911695411349,19.66004833299082,1,0,0,5325,5326,1,0.0,1,0,0,5325,5326,1,0.0,1,0.0,0.0,5325,5326,1,0.0,1,1.0,0.0,-1,-1,0,,1,1.0,0.0,-1,-1,0,
USDCHF,5287,5320,PUT,0,4.066911695411349,19.66004833299082,1,0,0,5325,5326,1,0.0,1,0,0,5325,5326,1,0.0,1,0.0,0.0,5325,5326,1,0.0,1,1.0,0.0,-1,-1,0,,1,1.0,0.0,-1,-1,0,
USDCHF,5311,5320,PUT,0,4.066911695411349,19.66004833299082,1,0,0,5325,5326,1,0.0,1,0,0,5325,5326,1,0.0,1,0.0,0.0,5325,5326,1,0.0,1,1.0,0.0,-1,-1,0,,1,1.0,0.0,-1,-1,0,
USDCHF,5318,5320,PUT,0,4.066911695411349,19.66004833299082,1,0,0,5325,5326,1,0.0,1,0,0,5325,5326,1,0.0,1,0.0,0.0,5325,5326,1,0.0,1,1.0,0.0,-1,-1,0,,1,1.0,0.0,-1,-1,0,
USDCHF,6103,6141,PUT,0,3.6886419351788495,11.12154582391674,1,0,0,6143,6144,1,0.0,1,0,0,6143,6144,1,0.0,1,1.0,0.0,6143,6144,1,0.0,1,2.0,0.0,-1,-1,0,,1,7.0,0.0,6152,6153,1,0.0
USDCHF,6123,6141,PUT,0,3.6886419351788495,11.12154582391674,1,0,0,6143,6144,1,0.0,1,0,0,6143,6144,1,0.0,1,1.0,0.0,6143,6144,1,0.0,1,2.0,0.0,-1,-1,0,,1,7.0,0.0,6152,6153,1,0.0
USDCHF,6731,6746,CALL,1,3.1533686460936394,12.701958338724978,1,0,1,6748,6749,1,1.0,1,0,1,6748,6749,1,1.0,1,1.0,1.0,6748,6749,1,1.0,1,1.0,1.0,6748,6749,1,1.0,1,1.0,1.0,6748,6749,1,1.0
USDCHF,6735,6746,CALL,1,3.1533686460936394,12.701958338724978,1,0,1,6748,6749,1,1.0,1,0,1,6748,6749,1,1.0,1,1.0,1.0,6748,6749,1,1.0,1,1.0,1.0,6748,6749,1,1.0,1,1.0,1.0,6748,6749,1,1.0
USDCHF,6739,6769,PUT,0,2.9251397202301064,12.051451832572695,1,0,0,6771,6772,1,0.0,1,1,0,6771,6772,1,0.0,1,1.0,0.0,6771,6772,1,0.0,1,1.0,0.0,6771,6772,1,0.0,1,1.0,0.0,6771,6772,1,0.0
USDCHF,6744,6746,CALL,1,3.1533686460936394,12.701958338724978,1,0,1,6748,6749,1,1.0,1,0,1,6748,6749,1,1.0,1,1.0,1.0,6748,6749,1,1.0,1,1.0,1.0,6748,6749,1,1.0,1,1.0,1.0,6748,6749,1,1.0
USDCHF,6926,6943,CALL,0,2.185508281216972,19.925935519295535,1,0,0,6945,6946,1,0.0,1,1,0,6945,6946,1,0.0,1,1.0,0.0,6945,6946,1,0.0,1,1.0,0.0,6945,6946,1,0.0,1,2.0,0.0,-1,-1,0,
USDCHF,6933,6943,CALL,0,2.185508281216972,19.925935519295535,1,0,0,6945,6946,1,0.0,1,1,0,6945,6946,1,0.0,1,1.0,0.0,6945,6946,1,0.0,1,1.0,0.0,6945,6946,1,0.0,1,2.0,0.0,-1,-1,0,
USDCHF,6941,6943,CALL,0,2.185508281216972,19.925935519295535,1,0,0,6945,6946,1,0.0,1,1,0,6945,6946,1,0.0,1,1.0,0.0,6945,6946,1,0.0,1,1.0,0.0,6945,6946,1,0.0,1,2.0,0.0,-1,-1,0,
USDCHF,8452,8485,PUT,0,2.7299776362343664,8.531090955143569,1,0,0,8486,8487,1,0.0,1,10,1,8497,8498,1,1.0,1,11.0,1.0,8497,8498,1,1.0,1,11.0,1.0,8497,8498,1,1.0,1,11.0,1.0,8497,8498,1,1.0
USDCHF,8586,8589,CALL,0,4.21510560670008,15.051118650775358,1,0,0,8591,8592,1,0.0,1,0,0,8591,8592,1,0.0,1,0.0,0.0,8591,8592,1,0.0,1,1.0,0.0,-1,-1,0,,1,17.0,0.0,-1,-1,0,
USDCHF,8853,8892,PUT,0,2.4675392307556763,22.005645131504714,1,0,0,8895,8896,1,0.0,1,1,0,8895,8896,1,0.0,1,2.0,0.0,8895,8896,1,0.0,1,2.0,0.0,8895,8896,1,0.0,1,2.0,0.0,8895,8896,1,0.0
USDCHF,8869,8892,PUT,0,2.4675392307556763,22.005645131504714,1,0,0,8895,8896,1,0.0,1,1,0,8895,8896,1,0.0,1,2.0,0.0,8895,8896,1,0.0,1,2.0,0.0,8895,8896,1,0.0,1,2.0,0.0,8895,8896,1,0.0
USDCHF,8876,8892,PUT,0,2.4675392307556763,22.005645131504714,1,0,0,8895,8896,1,0.0,1,1,0,8895,8896,1,0.0,1,2.0,0.0,8895,8896,1,0.0,1,2.0,0.0,8895,8896,1,0.0,1,2.0,0.0,8895,8896,1,0.0
USDCHF,8880,8892,PUT,0,2.4675392307556763,22.005645131504714,1,0,0,8895,8896,1,0.0,1,1,0,8895,8896,1,0.0,1,2.0,0.0,8895,8896,1,0.0,1,2.0,0.0,8895,8896,1,0.0,1,2.0,0.0,8895,8896,1,0.0
USDCHF,9444,9446,PUT,0,3.355603407169255,8.833254075652462,1,0,0,9447,9448,1,0.0,1,0,0,9447,9448,1,0.0,1,1.0,0.0,-1,-1,0,,1,1.0,0.0,-1,-1,0,,1,1.0,0.0,-1,-1,0,
USDCHF,10130,10162,PUT,1,2.0885886241897254,10.320821743700215,1,0,1,10165,10166,1,1.0,1,1,1,10165,10166,1,1.0,1,1.0,0.0,-1,-1,0,,1,1.0,0.0,-1,-1,0,,1,1.0,0.0,-1,-1,0,
USDCHF,10160,10162,PUT,1,2.0885886241897254,10.320821743700215,1,0,1,10165,10166,1,1.0,1,1,1,10165,10166,1,1.0,1,1.0,0.0,-1,-1,0,,1,1.0,0.0,-1,-1,0,,1,1.0,0.0,-1,-1,0,
USDCHF,11261,11273,CALL,1,4.962285769496361,22.99248597806544,1,0,1,11278,11279,1,1.0,1,0,1,11278,11279,1,1.0,1,0.0,1.0,11278,11279,1,1.0,1,1.0,1.0,11278,11279,1,1.0,1,1.0,0.0,-1,-1,0,
USDCHF,11271,11273,CALL,1,4.962285769496361,22.99248597806544,1,0,1,11278,11279,1,1.0,1,0,1,11278,11279,1,1.0,1,0.0,1.0,11278,11279,1,1.0,1,1.0,1.0,11278,11279,1,1.0,1,1.0,0.0,-1,-1,0,
USDCHF,11883,11884,CALL,0,3.8914702374522303,18.360482461053515,1,0,0,11889,11890,1,0.0,1,0,0,11889,11890,1,0.0,1,1.0,0.0,11889,11890,1,0.0,1,1.0,0.0,11889,11890,1,0.0,1,1.0,0.0,11889,11890,1,0.0
USDCHF,12315,12333,CALL,0,5.96046118737293,18.089004031376398,1,0,0,12336,12337,1,0.0,1,0,0,12336,12337,1,0.0,1,0.0,0.0,12336,12337,1,0.0,1,0.0,0.0,12336,12337,1,0.0,1,1.0,0.0,12336,12337,1,0.0
USDCHF,12317,12333,CALL,0,5.96046118737293,18.089004031376398,1,0,0,12336,12337,1,0.0,1,0,0,12336,12337,1,0.0,1,0.0,0.0,12336,12337,1,0.0,1,0.0,0.0,12336,12337,1,0.0,1,1.0,0.0,12336,12337,1,0.0
USDCHF,12322,12333,CALL,0,5.96046118737293,18.089004031376398,1,0,0,12336,12337,1,0.0,1,0,0,12336,12337,1,0.0,1,0.0,0.0,12336,12337,1,0.0,1,0.0,0.0,12336,12337,1,0.0,1,1.0,0.0,12336,12337,1,0.0
USDCHF,12436,12465,CALL,1,2.516970523950844,12.62504631045207,1,0,1,12467,12468,1,1.0,1,1,0,-1,-1,0,,1,4.0,1.0,12477,12478,1,1.0,1,7.0,0.0,-1,-1,0,,1,8.0,0.0,-1,-1,0,
USDCHF,13139,13142,PUT,0,3.371873902544792,12.0512668265971,1,0,0,13144,13145,1,0.0,1,0,0,13144,13145,1,0.0,1,1.0,0.0,13144,13145,1,0.0,1,1.0,0.0,13144,13145,1,0.0,1,10.0,0.0,-1,-1,0,
USDCHF,14301,14327,PUT,0,2.627850056849198,12.389091072064815,1,0,0,14331,14332,1,0.0,1,1,0,14331,14332,1,0.0,1,1.0,0.0,-1,-1,0,,1,1.0,0.0,-1,-1,0,,1,1.0,0.0,-1,-1,0,
USDCHF,15289,15328,PUT,0,2.577563074967429,10.226601960691031,1,0,0,15329,15330,1,0.0,1,1,0,-1,-1,0,,1,1.0,0.0,-1,-1,0,,1,8.0,0.0,-1,-1,0,,1,8.0,0.0,-1,-1,0,
USDCHF,15292,15328,PUT,0,2.577563074967429,10.226601960691031,1,0,0,15329,15330,1,0.0,1,1,0,-1,-1,0,,1,1.0,0.0,-1,-1,0,,1,8.0,0.0,-1,-1,0,,1,8.0,0.0,-1,-1,0,
USDCHF,16237,16263,CALL,1,4.496445210678383,18.284396063439388,1,0,1,16265,16266,1,1.0,1,0,1,16265,16266,1,1.0,1,0.0,1.0,16265,16266,1,1.0,1,1.0,1.0,16265,16266,1,1.0,1,1.0,1.0,16265,16266,1,1.0
USDCHF,16260,16263,CALL,1,4.496445210678383,18.284396063439388,1,0,1,16265,16266,1,1.0,1,0,1,16265,16266,1,1.0,1,0.0,1.0,16265,16266,1,1.0,1,1.0,1.0,16265,16266,1,1.0,1,1.0,1.0,16265,16266,1,1.0
USDCHF,16836,16844,PUT,1,3.6901581520363607,14.638530296499425,1,0,1,16847,16848,1,1.0,1,0,1,16847,16848,1,1.0,1,1.0,0.0,16849,16850,1,0.0,1,1.0,0.0,-1,-1,0,,1,1.0,0.0,-1,-1,0,
USDCHF,17053,17075,PUT,1,3.9263836714538334,12.03381392367632,1,0,1,17077,17078,1,1.0,1,0,1,17077,17078,1,1.0,1,1.0,1.0,17077,17078,1,1.0,1,1.0,1.0,17077,17078,1,1.0,1,1.0,1.0,17077,17078,1,1.0
USDCHF,17056,17075,PUT,1,3.9263836714538334,12.03381392367632,1,0,1,17077,17078,1,1.0,1,0,1,17077,17078,1,1.0,1,1.0,1.0,17077,17078,1,1.0,1,1.0,1.0,17077,17078,1,1.0,1,1.0,1.0,17077,17078,1,1.0
USDCHF,17231,17241,CALL,1,3.838924967599104,12.90833565760374,1,0,1,17243,17244,1,1.0,1,0,1,17243,17244,1,1.0,1,1.0,0.0,-1,-1,0,,1,1.0,0.0,-1,-1,0,,1,7.0,0.0,-1,-1,0,
USDCHF,18159,18168,CALL,0,2.0693645788529995,15.248349395520734,1,0,0,18170,18171,1,0.0,1,1,0,18170,18171,1,0.0,1,1.0,0.0,18170,18171,1,0.0,1,1.0,0.0,18170,18171,1,0.0,1,1.0,0.0,18170,18171,1,0.0
USDCHF,18941,18973,CALL,0,2.494563577815484,13.018170035214137,1,0,0,18974,18975,1,0.0,1,1,0,18980,18981,1,0.0,1,1.0,0.0,-1,-1,0,,1,1.0,0.0,-1,-1,0,,1,1.0,0.0,-1,-1,0,
USDCHF,19260,19267,PUT,1,2.479200160623435,10.544328757929861,1,0,1,19268,19269,1,1.0,1,1,0,-1,-1,0,,1,1.0,0.0,-1,-1,0,,1,1.0,0.0,-1,-1,0,,1,2.0,0.0,-1,-1,0,
USDCHF,20042,20057,CALL,0,3.232118081260161,14.736323625211902,1,0,0,20060,20061,1,0.0,1,0,0,20060,20061,1,0.0,1,1.0,0.0,20060,20061,1,0.0,1,1.0,0.0,20060,20061,1,0.0,1,1.0,0.0,20060,20061,1,0.0
USDCHF,20051,20057,CALL,0,3.232118081260161,14.736323625211902,1,0,0,20060,20061,1,0.0,1,0,0,20060,20061,1,0.0,1,1.0,0.0,20060,20061,1,0.0,1,1.0,0.0,20060,20061,1,0.0,1,1.0,0.0,20060,20061,1,0.0
USDCHF,20473,20476,CALL,0,4.765178849138385,7.12374219380728,1,0,0,20477,20478,1,0.0,1,0,0,20477,20478,1,0.0,1,0.0,0.0,20477,20478,1,0.0,1,1.0,0.0,-1,-1,0,,1,1.0,0.0,-1,-1,0,
USDCHF,20844,20871,PUT,1,2.882834410487064,8.473468131021868,1,0,1,20874,20875,1,1.0,1,1,1,20874,20875,1,1.0,1,2.0,1.0,20881,20882,1,1.0,1,5.0,0.0,-1,-1,0,,1,6.0,0.0,-1,-1,0,
USDCHF,22139,22142,CALL,1,4.804584003676688,15.412156761728397,1,0,1,22147,22148,1,1.0,1,0,1,22147,22148,1,1.0,1,0.0,1.0,22147,22148,1,1.0,1,1.0,1.0,22147,22148,1,1.0,1,1.0,1.0,22147,22148,1,1.0
USDCHF,22833,22865,PUT,0,2.8937203149526454,12.531739731900842,1,0,0,22868,22869,1,0.0,1,1,0,22868,22869,1,0.0,1,1.0,0.0,22868,22869,1,0.0,1,1.0,0.0,22868,22869,1,0.0,1,1.0,0.0,22868,22869,1,0.0
USDCHF,22855,22865,PUT,0,2.8937203149526454,12.531739731900842,1,0,0,22868,22869,1,0.0,1,1,0,22868,22869,1,0.0,1,1.0,0.0,22868,22869,1,0.0,1,1.0,0.0,22868,22869,1,0.0,1,1.0,0.0,22868,22869,1,0.0
USDCHF,24196,24232,CALL,0,2.2918500264034005,21.858154666707485,1,0,0,24234,24235,1,0.0,1,1,0,24234,24235,1,0.0,1,1.0,0.0,24234,24235,1,0.0,1,1.0,0.0,24234,24235,1,0.0,1,2.0,0.0,-1,-1,0,
USDCHF,24468,24473,CALL,0,4.93922699912093,16.527459681775518,1,0,0,24475,24476,1,0.0,1,0,0,24475,24476,1,0.0,1,0.0,0.0,24475,24476,1,0.0,1,1.0,0.0,24475,24476,1,0.0,1,1.0,0.0,24475,24476,1,0.0
USDCHF,24625,24657,CALL,0,2.1727448614236184,10.03613673043484,1,0,0,24662,24663,1,0.0,1,1,0,-1,-1,0,,1,1.0,0.0,-1,-1,0,,1,1.0,0.0,-1,-1,0,,1,2.0,0.0,-1,-1,0,
USDCHF,24643,24657,CALL,0,2.1727448614236184,10.03613673043484,1,0,0,24662,24663,1,0.0,1,1,0,-1,-1,0,,1,1.0,0.0,-1,-1,0,,1,1.0,0.0,-1,-1,0,,1,2.0,0.0,-1,-1,0,
USDCHF,24649,24657,CALL,0,2.1727448614236184,10.03613673043484,1,0,0,24662,24663,1,0.0,1,1,0,-1,-1,0,,1,1.0,0.0,-1,-1,0,,1,1.0,0.0,-1,-1,0,,1,2.0,0.0,-1,-1,0,
USDCHF,25979,26009,PUT,0,3.201726547144432,10.000433878948456,1,0,0,26010,26011,1,0.0,1,0,0,26010,26011,1,0.0,1,9.0,0.0,-1,-1,0,,1,9.0,0.0,-1,-1,0,,1,10.0,0.0,-1,-1,0,
USDCHF,25981,26009,PUT,0,3.201726547144432,10.000433878948456,1,0,0,26010,26011,1,0.0,1,0,0,26010,26011,1,0.0,1,9.0,0.0,-1,-1,0,,1,9.0,0.0,-1,-1,0,,1,10.0,0.0,-1,-1,0,
USDCHF,26727,26749,CALL,1,2.804101902539145,15.786796142955986,1,0,1,26750,26751,1,1.0,1,1,1,26753,26754,1,1.0,1,1.0,1.0,26753,26754,1,1.0,1,1.0,1.0,26753,26754,1,1.0,1,2.0,1.0,26753,26754,1,1.0
USDCHF,26745,26749,CALL,1,2.804101902539145,15.786796142955986,1,0,1,26750,26751,1,1.0,1,1,1,26753,26754,1,1.0,1,1.0,1.0,26753,26754,1,1.0,1,1.0,1.0,26753,26754,1,1.0,1,2.0,1.0,26753,26754,1,1.0
USDCHF,28357,28382,PUT,0,2.299949953225422,11.760279427394003,1,0,0,28386,28387,1,0.0,1,1,0,-1,-1,0,,1,1.0,0.0,-1,-1,0,,1,1.0,0.0,-1,-1,0,,1,1.0,0.0,-1,-1,0,
USDCHF,28363,28382,PUT,0,2.299949953225422,11.760279427394003,1,0,0,28386,28387,1,0.0,1,1,0,-1,-1,0,,1,1.0,0.0,-1,-1,0,,1,1.0,0.0,-1,-1,0,,1,1.0,0.0,-1,-1,0,
USDCHF,28999,29008,PUT,1,2.5676320500269725,15.988323828089818,1,0,1,29012,29013,1,1.0,1,1,1,29012,29013,1,1.0,1,1.0,1.0,29012,29013,1,1.0,1,1.0,1.0,29012,29013,1,1.0,1,1.0,1.0,29012,29013,1,1.0
USDCHF,29005,29008,PUT,1,2.5676320500269725,15.988323828089818,1,0,1,29012,29013,1,1.0,1,1,1,29012,29013,1,1.0,1,1.0,1.0,29012,29013,1,1.0,1,1.0,1.0,29012,29013,1,1.0,1,1.0,1.0,29012,29013,1,1.0
USDCHF,29586,29591,CALL,0,2.307086234775646,20.340920189173985,1,0,0,29595,29596,1,0.0,1,1,0,29595,29596,1,0.0,1,1.0,0.0,29595,29596,1,0.0,1,1.0,0.0,29595,29596,1,0.0,1,2.0,0.0,29595,29596,1,0.0
USDCHF,29648,29674,CALL,0,2.659140094177161,9.530127059378586,1,0,0,29678,29679,1,0.0,1,1,0,29678,29679,1,0.0,1,1.0,0.0,29678,29679,1,0.0,1,1.0,0.0,29678,29679,1,0.0,1,1.0,0.0,-1,-1,0,
USDCHF,30199,30223,CALL,1,2.33290172957863,9.755458188218256,1,0,1,30224,30225,1,1.0,1,1,0,-1,-1,0,,1,1.0,0.0,-1,-1,0,,1,1.0,0.0,-1,-1,0,,1,2.0,0.0,-1,-1,0,
USDCHF,30219,30223,CALL,1,2.33290172957863,9.755458188218256,1,0,1,30224,30225,1,1.0,1,1,0,-1,-1,0,,1,1.0,0.0,-1,-1,0,,1,1.0,0.0,-1,-1,0,,1,2.0,0.0,-1,-1,0,
USDCHF,30422,30461,CALL,1,2.2648323896838765,10.213562766330991,1,0,1,30465,30466,1,1.0,1,1,1,30465,30466,1,1.0,1,1.0,1.0,30465,30466,1,1.0,1,1.0,1.0,30465,30466,1,1.0,1,1.0,1.0,30465,30466,1,1.0
USDCHF,30454,30461,CALL,1,2.2648323896838765,10.213562766330991,1,0,1,30465,30466,1,1.0,1,1,1,30465,30466,1,1.0,1,1.0,1.0,30465,30466,1,1.0,1,1.0,1.0,30465,30466,1,1.0,1,1.0,1.0,30465,30466,1,1.0
USDCHF,30457,30461,CALL,1,2.2648323896838765,10.213562766330991,1,0,1,30465,30466,1,1.0,1,1,1,30465,30466,1,1.0,1,1.0,1.0,30465,30466,1,1.0,1,1.0,1.0,30465,30466,1,1.0,1,1.0,1.0,30465,30466,1,1.0
USDCHF,31625,31628,PUT,0,3.5322325478494605,15.525027763079535,1,0,0,31632,31633,1,0.0,1,0,0,31632,31633,1,0.0,1,1.0,0.0,31632,31633,1,0.0,1,1.0,0.0,31632,31633,1,0.0,1,1.0,0.0,31632,31633,1,0.0
USDCHF,31754,31779,CALL,0,3.607453094388044,8.370521475392005,1,0,0,31780,31781,1,0.0,1,0,0,31780,31781,1,0.0,1,3.0,0.0,-1,-1,0,,1,6.0,0.0,-1,-1,0,,1,6.0,0.0,-1,-1,0,
USDCHF,32022,32031,CALL,0,3.4945831952936857,16.772173951278845,1,0,0,32036,32037,1,0.0,1,0,0,32036,32037,1,0.0,1,1.0,0.0,32036,32037,1,0.0,1,1.0,0.0,32036,32037,1,0.0,1,1.0,0.0,-1,-1,0,
USDCHF,32028,32031,CALL,0,3.4945831952936857,16.772173951278845,1,0,0,32036,32037,1,0.0,1,0,0,32036,32037,1,0.0,1,1.0,0.0,32036,32037,1,0.0,1,1.0,0.0,32036,32037,1,0.0,1,1.0,0.0,-1,-1,0,
USDCHF,32098,32123,PUT,1,2.0799687325816194,20.283244888870158,1,0,1,32127,32128,1,1.0,1,1,0,-1,-1,0,,1,1.0,0.0,-1,-1,0,,1,1.0,0.0,-1,-1,0,,1,2.0,0.0,-1,-1,0,
USDCHF,32118,32123,PUT,1,2.0799687325816194,20.283244888870158,1,0,1,32127,32128,1,1.0,1,1,0,-1,-1,0,,1,1.0,0.0,-1,-1,0,,1,1.0,0.0,-1,-1,0,,1,2.0,0.0,-1,-1,0,
USDCHF,32392,32399,PUT,0,2.6230557617113845,19.50493517745227,1,0,0,32400,32401,1,0.0,1,1,0,-1,-1,0,,1,1.0,0.0,-1,-1,0,,1,8.0,0.0,-1,-1,0,,1,12.0,0.0,-1,-1,0,
USDCHF,33703,33712,PUT,0,2.212988065091793,15.202345313943788,1,0,0,33713,33714,1,0.0,1,1,0,-1,-1,0,,1,1.0,0.0,-1,-1,0,,1,1.0,0.0,-1,-1,0,,1,1.0,0.0,-1,-1,0,
USDCHF,33706,33712,PUT,0,2.212988065091793,15.202345313943788,1,0,0,33713,33714,1,0.0,1,1,0,-1,-1,0,,1,1.0,0.0,-1,-1,0,,1,1.0,0.0,-1,-1,0,,1,1.0,0.0,-1,-1,0,
USDCHF,33727,33728,PUT,0,3.943517281475295,8.941264496818846,1,0,0,33729,33730,1,0.0,1,0,0,33729,33730,1,0.0,1,1.0,0.0,-1,-1,0,,1,1.0,0.0,-1,-1,0,,1,1.0,0.0,-1,-1,0,
USDCHF,34466,34490,PUT,0,2.3392885083331407,10.761664420201484,1,0,0,34494,34495,1,0.0,1,3,0,34494,34495,1,0.0,1,3.0,0.0,34494,34495,1,0.0,1,4.0,0.0,-1,-1,0,,1,4.0,0.0,-1,-1,0,
USDCHF,34483,34490,PUT,0,2.3392885083331407,10.761664420201484,1,0,0,34494,34495,1,0.0,1,3,0,34494,34495,1,0.0,1,3.0,0.0,34494,34495,1,0.0,1,4.0,0.0,-1,-1,0,,1,4.0,0.0,-1,-1,0,
USDCHF,34487,34490,PUT,0,2.3392885083331407,10.761664420201484,1,0,0,34494,34495,1,0.0,1,3,0,34494,34495,1,0.0,1,3.0,0.0,34494,34495,1,0.0,1,4.0,0.0,-1,-1,0,,1,4.0,0.0,-1,-1,0,
USDCHF,35336,35368,CALL,0,2.050635028345836,10.012401993531967,1,0,0,35369,35370,1,0.0,1,1,0,-1,-1,0,,1,1.0,0.0,-1,-1,0,,1,1.0,0.0,-1,-1,0,,1,2.0,0.0,-1,-1,0,
USDCHF,35339,35368,CALL,0,2.050635028345836,10.012401993531967,1,0,0,35369,35370,1,0.0,1,1,0,-1,-1,0,,1,1.0,0.0,-1,-1,0,,1,1.0,0.0,-1,-1,0,,1,2.0,0.0,-1,-1,0,
USDCHF,35356,35368,CALL,0,2.050635028345836,10.012401993531967,1,0,0,35369,35370,1,0.0,1,1,0,-1,-1,0,,1,1.0,0.0,-1,-1,0,,1,1.0,0.0,-1,-1,0,,1,2.0,0.0,-1,-1,0,
USDCHF,35361,35368,CALL,0,2.050635028345836,10.012401993531967,1,0,0,35369,35370,1,0.0,1,1,0,-1,-1,0,,1,1.0,0.0,-1,-1,0,,1,1.0,0.0,-1,-1,0,,1,2.0,0.0,-1,-1,0,
USDCHF,35364,35368,CALL,0,2.050635028345836,10.012401993531967,1,0,0,35369,35370,1,0.0,1,1,0,-1,-1,0,,1,1.0,0.0,-1,-1,0,,1,1.0,0.0,-1,-1,0,,1,2.0,0.0,-1,-1,0,
USDCHF,36804,36830,PUT,1,2.5793251773638133,15.989330205015662,1,0,1,36832,36833,1,1.0,1,1,1,36832,36833,1,1.0,1,1.0,1.0,36832,36833,1,1.0,1,1.0,1.0,36832,36833,1,1.0,1,1.0,1.0,36832,36833,1,1.0
USDCHF,38873,38898,CALL,0,2.083466442429001,21.064571110314454,1,0,0,38900,38901,1,0.0,1,1,0,-1,-1,0,,1,1.0,0.0,-1,-1,0,,1,8.0,0.0,-1,-1,0,,1,8.0,0.0,-1,-1,0,
USDCHF,38879,38898,CALL,0,2.083466442429001,21.064571110314454,1,0,0,38900,38901,1,0.0,1,1,0,-1,-1,0,,1,1.0,0.0,-1,-1,0,,1,8.0,0.0,-1,-1,0,,1,8.0,0.0,-1,-1,0,
USDCHF,38884,38898,CALL,0,2.083466442429001,21.064571110314454,1,0,0,38900,38901,1,0.0,1,1,0,-1,-1,0,,1,1.0,0.0,-1,-1,0,,1,8.0,0.0,-1,-1,0,,1,8.0,0.0,-1,-1,0,
USDCHF,38948,38980,PUT,0,2.0557653046975446,10.503640156046856,1,0,0,38981,38982,1,0.0,1,1,0,-1,-1,0,,1,1.0,0.0,-1,-1,0,,1,1.0,0.0,-1,-1,0,,1,1.0,0.0,-1,-1,0,
USDCHF,38951,38980,PUT,0,2.0557653046975446,10.503640156046856,1,0,0,38981,38982,1,0.0,1,1,0,-1,-1,0,,1,1.0,0.0,-1,-1,0,,1,1.0,0.0,-1,-1,0,,1,1.0,0.0,-1,-1,0,
USDCHF,39597,39637,CALL,1,4.543468440891951,12.636752097370813,1,0,1,39639,39640,1,1.0,1,0,1,39639,39640,1,1.0,1,0.0,1.0,39639,39640,1,1.0,1,1.0,1.0,39639,39640,1,1.0,1,1.0,1.0,39639,39640,1,1.0
USDCHF,39624,39637,CALL,1,4.543468440891951,12.636752097370813,1,0,1,39639,39640,1,1.0,1,0,1,39639,39640,1,1.0,1,0.0,1.0,39639,39640,1,1.0,1,1.0,1.0,39639,39640,1,1.0,1,1.0,1.0,39639,39640,1,1.0
USDCHF,39839,39874,PUT,0,4.894027893223779,6.889685384309061,1,0,0,39876,39877,1,0.0,1,0,0,39876,39877,1,0.0,1,0.0,0.0,39876,39877,1,0.0,1,1.0,0.0,39876,39877,1,0.0,1,1.0,0.0,39876,39877,1,0.0
USDCHF,39871,39874,PUT,0,4.894027893223779,6.889685384309061,1,0,0,39876,39877,1,0.0,1,0,0,39876,39877,1,0.0,1,0.0,0.0,39876,39877,1,0.0,1,1.0,0.0,39876,39877,1,0.0,1,1.0,0.0,39876,39877,1,0.0
USDCHF,40023,40045,CALL,0,3.3166281994584885,10.30896107171085,1,0,0,40048,40049,1,0.0,1,0,0,40048,40049,1,0.0,1,1.0,0.0,40048,40049,1,0.0,1,1.0,0.0,40048,40049,1,0.0,1,2.0,0.0,40048,40049,1,0.0
USDCHF,40622,40625,PUT,0,2.269310742953195,13.218648892980152,1,0,0,40628,40629,1,0.0,1,1,0,40628,40629,1,0.0,1,1.0,0.0,40628,40629,1,0.0,1,1.0,0.0,40628,40629,1,0.0,1,1.0,0.0,-1,-1,0,
USDCHF,41446,41471,CALL,1,3.9138811557936943,15.772057492487427,1,0,1,41472,41473,1,1.0,1,0,1,41472,41473,1,1.0,1,1.0,0.0,-1,-1,0,,1,1.0,0.0,-1,-1,0,,1,1.0,0.0,-1,-1,0,
USDCHF,41462,41471,CALL,1,3.9138811557936943,15.772057492487427,1,0,1,41472,41473,1,1.0,1,0,1,41472,41473,1,1.0,1,1.0,0.0,-1,-1,0,,1,1.0,0.0,-1,-1,0,,1,1.0,0.0,-1,-1,0,
USDCHF,44120,44133,PUT,0,3.898376256246152,14.742302979967292,1,0,0,44138,44139,1,0.0,1,0,0,44138,44139,1,0.0,1,1.0,0.0,44138,44139,1,0.0,1,1.0,0.0,44138,44139,1,0.0,1,1.0,0.0,44138,44139,1,0.0
USDCHF,44127,44133,PUT,0,3.898376256246152,14.742302979967292,1,0,0,44138,44139,1,0.0,1,0,0,44138,44139,1,0.0,1,1.0,0.0,44138,44139,1,0.0,1,1.0,0.0,44138,44139,1,0.0,1,1.0,0.0,44138,44139,1,0.0
USDCHF,44143,44148,CALL,0,2.0584015233347834,13.010253170421656,1,0,0,44149,44150,1,0.0,1,1,0,44152,44153,1,0.0,1,1.0,0.0,44152,44153,1,0.0,1,1.0,0.0,44152,44153,1,0.0,1,1.0,0.0,44152,44153,1,0.0
USDCHF,45458,45462,PUT,0,4.684771164246655,12.664612922202956,1,0,0,45467,45468,1,0.0,1,0,0,45467,45468,1,0.0,1,0.0,0.0,45467,45468,1,0.0,1,1.0,0.0,45467,45468,1,0.0,1,1.0,0.0,-1,-1,0,
USDCHF,45740,45771,PUT,1,2.6528460963089344,10.83968471109349,1,0,1,45776,45777,1,1.0,1,1,1,45776,45777,1,1.0,1,1.0,1.0,45776,45777,1,1.0,1,1.0,1.0,45776,45777,1,1.0,1,2.0,1.0,45776,45777,1,1.0
USDCHF,45764,45771,PUT,1,2.6528460963089344,10.83968471109349,1,0,1,45776,45777,1,1.0,1,1,1,45776,45777,1,1.0,1,1.0,1.0,45776,45777,1,1.0,1,1.0,1.0,45776,45777,1,1.0,1,2.0,1.0,45776,45777,1,1.0
USDCHF,46512,46516,PUT,0,5.332239105873157,11.697860576785043,1,0,0,46518,46519,1,0.0,1,0,0,46518,46519,1,0.0,1,0.0,0.0,46518,46519,1,0.0,1,0.0,0.0,46518,46519,1,0.0,1,1.0,0.0,46518,46519,1,0.0
USDCHF,47605,47610,PUT,1,2.3902496745952817,18.580400814750348,1,0,1,47612,47613,1,1.0,1,1,1,47612,47613,1,1.0,1,4.0,1.0,47621,47622,1,1.0,1,4.0,0.0,-1,-1,0,,1,5.0,1.0,47621,47622,1,1.0
USDCHF,47623,47651,PUT,1,2.002020634891693,20.29064863772866,1,0,1,47654,47655,1,1.0,1,1,1,47654,47655,1,1.0,1,1.0,1.0,47654,47655,1,1.0,1,1.0,1.0,47654,47655,1,1.0,1,1.0,1.0,47654,47655,1,1.0
USDCHF,47630,47651,PUT,1,2.002020634891693,20.29064863772866,1,0,1,47654,47655,1,1.0,1,1,1,47654,47655,1,1.0,1,1.0,1.0,47654,47655,1,1.0,1,1.0,1.0,47654,47655,1,1.0,1,1.0,1.0,47654,47655,1,1.0
USDCHF,47647,47651,PUT,1,2.002020634891693,20.29064863772866,1,0,1,47654,47655,1,1.0,1,1,1,47654,47655,1,1.0,1,1.0,1.0,47654,47655,1,1.0,1,1.0,1.0,47654,47655,1,1.0,1,1.0,1.0,47654,47655,1,1.0
USDCHF,48444,48479,PUT,0,3.577019031440827,6.231191152374379,1,0,0,48480,48481,1,0.0,1,0,0,48480,48481,1,0.0,1,1.0,0.0,-1,-1,0,,1,1.0,0.0,-1,-1,0,,1,5.0,0.0,-1,-1,0,
USDCHF,48446,48479,PUT,0,3.577019031440827,6.231191152374379,1,0,0,48480,48481,1,0.0,1,0,0,48480,48481,1,0.0,1,1.0,0.0,-1,-1,0,,1,1.0,0.0,-1,-1,0,,1,5.0,0.0,-1,-1,0,
USDCHF,48449,48479,PUT,0,3.577019031440827,6.231191152374379,1,0,0,48480,48481,1,0.0,1,0,0,48480,48481,1,0.0,1,1.0,0.0,-1,-1,0,,1,1.0,0.0,-1,-1,0,,1,5.0,0.0,-1,-1,0,
USDCHF,48475,48479,PUT,0,3.577019031440827,6.231191152374379,1,0,0,48480,48481,1,0.0,1,0,0,48480,48481,1,0.0,1,1.0,0.0,-1,-1,0,,1,1.0,0.0,-1,-1,0,,1,5.0,0.0,-1,-1,0,
USDCHF,49898,49901,PUT,0,3.449160743466024,13.11023889670852,1,0,0,49904,49905,1,0.0,1,0,0,49907,49908,1,0.0,1,1.0,0.0,49907,49908,1,0.0,1,1.0,0.0,-1,-1,0,,1,18.0,1.0,49921,49922,1,1.0
USDJPY,1731,1760,CALL,0,2.391762201602999,11.658177321867981,1,0,0,1761,1762,1,0.0,1,1,0,-1,-1,0,,1,1.0,0.0,-1,-1,0,,1,1.0,0.0,-1,-1,0,,1,1.0,0.0,-1,-1,0,
USDJPY,1757,1760,CALL,0,2.391762201602999,11.658177321867981,1,0,0,1761,1762,1,0.0,1,1,0,-1,-1,0,,1,1.0,0.0,-1,-1,0,,1,1.0,0.0,-1,-1,0,,1,1.0,0.0,-1,-1,0,
USDJPY,3999,4028,PUT,0,2.117313291964493,11.894029459030769,1,0,0,4029,4030,1,0.0,1,1,0,4030,4031,1,0.0,1,1.0,0.0,4030,4031,1,0.0,1,1.0,0.0,4030,4031,1,0.0,1,1.0,0.0,4030,4031,1,0.0
USDJPY,4283,4290,CALL,1,4.8836260995691045,14.796353446387663,1,0,1,4293,4294,1,1.0,1,0,1,4293,4294,1,1.0,1,0.0,1.0,4293,4294,1,1.0,1,1.0,1.0,4293,4294,1,1.0,1,1.0,1.0,4293,4294,1,1.0
USDJPY,5017,5041,CALL,1,2.4579401555425946,10.690518084391663,1,0,1,5042,5043,1,1.0,1,1,0,-1,-1,0,,1,1.0,0.0,-1,-1,0,,1,1.0,0.0,-1,-1,0,,1,1.0,0.0,-1,-1,0,
USDJPY,5037,5041,CALL,1,2.4579401555425946,10.690518084391663,1,0,1,5042,5043,1,1.0,1,1,0,-1,-1,0,,1,1.0,0.0,-1,-1,0,,1,1.0,0.0,-1,-1,0,,1,1.0,0.0,-1,-1,0,
USDJPY,5111,5115,PUT,1,2.0444461230478765,18.509190385651326,1,0,1,5117,5118,1,1.0,1,1,1,5117,5118,1,1.0,1,5.0,0.0,-1,-1,0,,1,5.0,0.0,-1,-1,0,,1,6.0,0.0,-1,-1,0,
USDJPY,5684,5689,PUT,1,3.186263044935913,18.60179249100331,1,0,1,5690,5691,1,1.0,1,0,1,5690,5691,1,1.0,1,1.0,0.0,-1,-1,0,,1,1.0,0.0,-1,-1,0,,1,1.0,0.0,-1,-1,0,
USDJPY,6163,6167,PUT,1,2.244997721180482,14.726511048173705,1,0,1,6172,6173,1,1.0,1,1,1,6172,6173,1,1.0,1,5.0,0.0,-1,-1,0,,1,5.0,0.0,-1,-1,0,,1,7.0,0.0,-1,-1,0,
USDJPY,8721,8757,CALL,1,4.418622390286092,12.299689195149274,1,0,1,8758,8759,1,1.0,1,0,1,8758,8759,1,1.0,1,0.0,1.0,8758,8759,1,1.0,1,1.0,0.0,-1,-1,0,,1,1.0,0.0,-1,-1,0,
USDJPY,9792,9795,PUT,1,5.140462806947269,13.157080833774398,1,0,1,9800,9801,1,1.0,1,0,0,-1,-1,0,,1,0.0,0.0,-1,-1,0,,1,0.0,0.0,-1,-1,0,,1,7.0,0.0,-1,-1,0,
USDJPY,10512,10537,PUT,0,2.1707813794407684,7.1174058834901,1,0,0,10541,10542,1,0.0,1,1,0,10541,10542,1,0.0,1,1.0,0.0,-1,-1,0,,1,2.0,0.0,-1,-1,0,,1,7.0,0.0,-1,-1,0,
USDJPY,10531,10537,PUT,0,2.1707813794407684,7.1174058834901,1,0,0,10541,10542,1,0.0,1,1,0,10541,10542,1,0.0,1,1.0,0.0,-1,-1,0,,1,2.0,0.0,-1,-1,0,,1,7.0,0.0,-1,-1,0,
USDJPY,13567,13605,PUT,0,2.0906342563328906,11.72468333328596,1,0,0,13607,13608,1,0.0,1,1,0,13607,13608,1,0.0,1,1.0,0.0,13607,13608,1,0.0,1,1.0,0.0,13607,13608,1,0.0,1,1.0,0.0,13607,13608,1,0.0
USDJPY,15022,15062,PUT,1,3.426147535226676,14.184885483777798,1,0,1,15063,15064,1,1.0,1,0,1,15063,15064,1,1.0,1,1.0,0.0,15068,15069,1,0.0,1,1.0,0.0,15068,15069,1,0.0,1,1.0,0.0,-1,-1,0,
USDJPY,15313,15317,PUT,1,4.312970974697606,12.91086448228376,1,0,1,15319,15320,1,1.0,1,0,1,15319,15320,1,1.0,1,0.0,1.0,15319,15320,1,1.0,1,1.0,1.0,15319,15320,1,1.0,1,1.0,1.0,15319,15320,1,1.0
USDJPY,16606,16610,CALL,0,2.660925184659872,18.56016558286067,1,0,0,16615,16616,1,0.0,1,1,0,16615,16616,1,0.0,1,1.0,0.0,16615,16616,1,0.0,1,1.0,0.0,16615,16616,1,0.0,1,1.0,0.0,16615,16616,1,0.0
USDJPY,17318,17322,PUT,1,4.015514427831008,13.044115422243625,1,0,1,17324,17325,1,1.0,1,0,1,17324,17325,1,1.0,1,0.0,1.0,17324,17325,1,1.0,1,1.0,1.0,17324,17325,1,1.0,1,1.0,0.0,-1,-1,0,
USDJPY,18507,18510,PUT,1,2.101095337788664,12.112657121731779,1,0,1,18511,18512,1,1.0,1,1,0,-1,-1,0,,1,8.0,0.0,-1,-1,0,,1,8.0,0.0,-1,-1,0,,1,8.0,0.0,-1,-1,0,
USDJPY,19624,19627,CALL,1,3.256768938724404,16.94412538378549,1,0,1,19630,19631,1,1.0,1,0,1,19630,19631,1,1.0,1,1.0,0.0,-1,-1,0,,1,1.0,0.0,-1,-1,0,,1,1.0,0.0,-1,-1,0,
USDJPY,19857,19870,PUT,1,4.1516194777377535,15.510175795809246,1,0,1,19875,19876,1,1.0,1,0,1,19875,19876,1,1.0,1,0.0,1.0,19875,19876,1,1.0,1,1.0,1.0,19875,19876,1,1.0,1,1.0,1.0,19875,19876,1,1.0
USDJPY,20591,20609,CALL,1,2.170708776427894,15.080629666944574,1,0,1,20610,20611,1,1.0,1,1,1,20611,20612,1,1.0,1,1.0,0.0,-1,-1,0,,1,8.0,0.0,-1,-1,0,,1,8.0,0.0,-1,-1,0,
USDJPY,20981,21009,PUT,0,3.4215131972732,8.155785650590417,1,0,0,21010,21011,1,0.0,1,0,0,21010,21011,1,0.0,1,1.0,0.0,-1,-1,0,,1,1.0,0.0,-1,-1,0,,1,1.0,0.0,-1,-1,0,
USDJPY,21005,21009,PUT,0,3.4215131972732,8.155785650590417,1,0,0,21010,21011,1,0.0,1,0,0,21010,21011,1,0.0,1,1.0,0.0,-1,-1,0,,1,1.0,0.0,-1,-1,0,,1,1.0,0.0,-1,-1,0,
USDJPY,22778,22792,PUT,1,2.698703924698819,13.620602576922067,1,0,1,22796,22797,1,1.0,1,1,1,22796,22797,1,1.0,1,1.0,1.0,22796,22797,1,1.0,1,1.0,1.0,22796,22797,1,1.0,1,1.0,1.0,22796,22797,1,1.0
USDJPY,25497,25500,PUT,1,4.270944358017957,16.12197556284692,1,0,1,25501,25502,1,1.0,1,0,1,25501,25502,1,1.0,1,0.0,1.0,25501,25502,1,1.0,1,1.0,1.0,25502,25503,1,1.0,1,1.0,1.0,25502,25503,1,1.0
USDJPY,26931,26959,PUT,1,2.2881752646125904,15.023267411526312,1,0,1,26962,26963,1,1.0,1,2,1,26962,26963,1,1.0,1,4.0,0.0,-1,-1,0,,1,4.0,0.0,-1,-1,0,,1,4.0,0.0,-1,-1,0,
USDJPY,27253,27290,PUT,0,4.527871977361158,12.493918024813652,1,0,0,27293,27294,1,0.0,1,0,0,27293,27294,1,0.0,1,0.0,0.0,27293,27294,1,0.0,1,1.0,0.0,27293,27294,1,0.0,1,1.0,0.0,27293,27294,1,0.0
USDJPY,27285,27290,PUT,0,4.527871977361158,12.493918024813652,1,0,0,27293,27294,1,0.0,1,0,0,27293,27294,1,0.0,1,0.0,0.0,27293,27294,1,0.0,1,1.0,0.0,27293,27294,1,0.0,1,1.0,0.0,27293,27294,1,0.0
USDJPY,27658,27696,PUT,1,2.9407709469931262,11.49859805344471,1,0,1,27701,27702,1,1.0,1,1,1,27701,27702,1,1.0,1,1.0,0.0,-1,-1,0,,1,1.0,0.0,-1,-1,0,,1,1.0,0.0,-1,-1,0,
USDJPY,28208,28214,PUT,0,5.184388673734674,14.877507813287167,1,0,0,28216,28217,1,0.0,1,0,0,28216,28217,1,0.0,1,0.0,0.0,28216,28217,1,0.0,1,0.0,0.0,28216,28217,1,0.0,1,1.0,0.0,28216,28217,1,0.0
USDJPY,28522,28541,PUT,0,5.052855534008344,14.059172811165617,1,0,0,28544,28545,1,0.0,1,0,0,28544,28545,1,0.0,1,0.0,0.0,28544,28545,1,0.0,1,0.0,0.0,28544,28545,1,0.0,1,1.0,0.0,-1,-1,0,
USDJPY,28537,28541,PUT,0,5.052855534008344,14.059172811165617,1,0,0,28544,28545,1,0.0,1,0,0,28544,28545,1,0.0,1,0.0,0.0,28544,28545,1,0.0,1,0.0,0.0,28544,28545,1,0.0,1,1.0,0.0,-1,-1,0,
USDJPY,29718,29736,CALL,1,2.049906354244825,14.171702744426156,1,0,1,29737,29738,1,1.0,1,1,0,29739,29740,1,0.0,1,1.0,0.0,29739,29740,1,0.0,1,1.0,0.0,29739,29740,1,0.0,1,1.0,0.0,29739,29740,1,0.0
USDJPY,29915,29953,PUT,1,2.450486600810393,15.024361440565741,1,0,1,29956,29957,1,1.0,1,1,1,29956,29957,1,1.0,1,1.0,0.0,-1,-1,0,,1,10.0,0.0,-1,-1,0,,1,10.0,0.0,-1,-1,0,
USDJPY,31113,31132,PUT,0,2.1844284502874984,15.695069170716408,1,0,0,31134,31135,1,0.0,1,1,0,31134,31135,1,0.0,1,1.0,0.0,31134,31135,1,0.0,1,1.0,0.0,31134,31135,1,0.0,1,1.0,0.0,31134,31135,1,0.0
USDJPY,31993,31996,PUT,0,3.688835437520652,17.383878047768697,1,0,0,31998,31999,1,0.0,1,0,0,31998,31999,1,0.0,1,1.0,0.0,31998,31999,1,0.0,1,1.0,0.0,31998,31999,1,0.0,1,1.0,0.0,31998,31999,1,0.0
USDJPY,32102,32130,PUT,0,2.0763963364193074,14.320346798450274,1,0,0,32135,32136,1,0.0,1,1,0,32135,32136,1,0.0,1,1.0,0.0,32135,32136,1,0.0,1,1.0,0.0,32135,32136,1,0.0,1,1.0,0.0,32135,32136,1,0.0
USDJPY,32113,32130,PUT,0,2.0763963364193074,14.320346798450274,1,0,0,32135,32136,1,0.0,1,1,0,32135,32136,1,0.0,1,1.0,0.0,32135,32136,1,0.0,1,1.0,0.0,32135,32136,1,0.0,1,1.0,0.0,32135,32136,1,0.0
USDJPY,32144,32156,PUT,1,4.649898985382151,17.19118859750423,1,0,1,32157,32158,1,1.0,1,0,1,32157,32158,1,1.0,1,0.0,1.0,32157,32158,1,1.0,1,1.0,1.0,32158,32159,1,1.0,1,1.0,1.0,32158,32159,1,1.0
USDJPY,32293,32321,CALL,1,4.268039806717576,19.128492953970813,1,0,1,32326,32327,1,1.0,1,0,1,32326,32327,1,1.0,1,0.0,0.0,-1,-1,0,,1,1.0,0.0,-1,-1,0,,1,1.0,0.0,-1,-1,0,
USDJPY,35145,35176,PUT,0,2.1253568243357392,15.240210220975584,1,0,0,35177,35178,1,0.0,1,1,0,-1,-1,0,,1,1.0,0.0,-1,-1,0,,1,1.0,0.0,-1,-1,0,,1,1.0,0.0,-1,-1,0,
USDJPY,35170,35176,PUT,0,2.1253568243357392,15.240210220975584,1,0,0,35177,35178,1,0.0,1,1,0,-1,-1,0,,1,1.0,0.0,-1,-1,0,,1,1.0,0.0,-1,-1,0,,1,1.0,0.0,-1,-1,0,
USDJPY,35173,35176,PUT,0,2.1253568243357392,15.240210220975584,1,0,0,35177,35178,1,0.0,1,1,0,-1,-1,0,,1,1.0,0.0,-1,-1,0,,1,1.0,0.0,-1,-1,0,,1,1.0,0.0,-1,-1,0,
USDJPY,36035,36058,PUT,0,2.100907157105297,10.453444496316976,1,0,0,36061,36062,1,0.0,1,1,0,-1,-1,0,,1,2.0,0.0,-1,-1,0,,1,9.0,0.0,-1,-1,0,,1,10.0,0.0,-1,-1,0,
USDJPY,36277,36305,PUT,1,5.33612073190001,13.07921370429829,1,0,1,36306,36307,1,1.0,1,0,1,36306,36307,1,1.0,1,0.0,1.0,36306,36307,1,1.0,1,0.0,1.0,36306,36307,1,1.0,1,1.0,0.0,-1,-1,0,
USDJPY,39290,39321,PUT,1,2.1217769433145577,11.401879800809656,1,0,1,39323,39324,1,1.0,1,1,1,39323,39324,1,1.0,1,2.0,0.0,-1,-1,0,,1,3.0,0.0,-1,-1,0,,1,6.0,0.0,-1,-1,0,
USDJPY,39756,39795,PUT,1,2.166305542892488,16.781538130046606,1,0,1,39799,39800,1,1.0,1,2,1,39799,39800,1,1.0,1,2.0,1.0,39799,39800,1,1.0,1,3.0,1.0,39799,39800,1,1.0,1,3.0,1.0,39799,39800,1,1.0
USDJPY,40921,40935,PUT,1,4.875735314759879,18.28108658747643,1,0,1,40938,40939,1,1.0,1,0,1,40938,40939,1,1.0,1,0.0,1.0,40938,40939,1,1.0,1,1.0,1.0,40938,40939,1,1.0,1,1.0,1.0,40938,40939,1,1.0
USDJPY,41809,41848,PUT,1,2.080360434378889,13.429085218969213,1,0,1,41850,41851,1,1.0,1,1,1,41850,41851,1,1.0,1,1.0,1.0,41850,41851,1,1.0,1,1.0,1.0,41850,41851,1,1.0,1,2.0,1.0,41852,41853,1,1.0
USDJPY,41845,41848,PUT,1,2.080360434378889,13.429085218969213,1,0,1,41850,41851,1,1.0,1,1,1,41850,41851,1,1.0,1,1.0,1.0,41850,41851,1,1.0,1,1.0,1.0,41850,41851,1,1.0,1,2.0,1.0,41852,41853,1,1.0
USDJPY,42999,43006,CALL,0,2.407381385298832,16.563601052941614,1,0,0,43008,43009,1,0.0,1,1,0,43008,43009,1,0.0,1,1.0,0.0,43008,43009,1,0.0,1,1.0,0.0,43008,43009,1,0.0,1,1.0,0.0,43008,43009,1,0.0
USDJPY,43839,43870,CALL,1,3.003689654350037,11.870633174798975,1,0,1,43872,43873,1,1.0,1,0,0,-1,-1,0,,1,1.0,0.0,-1,-1,0,,1,1.0,0.0,-1,-1,0,,1,6.0,0.0,-1,-1,0,
USDJPY,44118,44133,PUT,0,3.3173147650974077,9.127389538920625,1,0,0,44138,44139,1,0.0,1,0,0,-1,-1,0,,1,1.0,0.0,-1,-1,0,,1,1.0,0.0,-1,-1,0,,1,1.0,0.0,-1,-1,0,
USDJPY,44796,44802,PUT,0,3.23698850757566,8.304369863508427,1,0,0,44805,44806,1,0.0,1,0,0,-1,-1,0,,1,1.0,0.0,-1,-1,0,,1,1.0,0.0,-1,-1,0,,1,20.0,0.0,-1,-1,0,
USDJPY,44957,44965,PUT,0,2.790557543730202,7.959788937510993,1,0,0,44966,44967,1,0.0,1,1,0,44972,44973,1,0.0,1,1.0,0.0,44972,44973,1,0.0,1,1.0,0.0,44972,44973,1,0.0,1,1.0,0.0,-1,-1,0,
USDJPY,45567,45571,PUT,0,2.105742615364406,9.009688198286838,1,0,0,45572,45573,1,0.0,1,1,0,-1,-1,0,,1,1.0,0.0,-1,-1,0,,1,1.0,0.0,-1,-1,0,,1,2.0,0.0,-1,-1,0,
USDJPY,46503,46515,PUT,0,2.649552107444066,9.996122927832928,1,0,0,46519,46520,1,0.0,1,1,0,46519,46520,1,0.0,1,1.0,0.0,46519,46520,1,0.0,1,1.0,0.0,46519,46520,1,0.0,1,2.0,0.0,46519,46520,1,0.0
USDJPY,46962,46969,CALL,0,2.9463803972479585,12.135455944222908,1,0,0,46973,46974,1,0.0,1,1,0,-1,-1,0,,1,1.0,0.0,-1,-1,0,,1,1.0,0.0,-1,-1,0,,1,1.0,0.0,-1,-1,0,
USDJPY,47872,47888,PUT,0,2.6715662653693784,17.743075323790713,1,0,0,47891,47892,1,0.0,1,1,0,47891,47892,1,0.0,1,1.0,0.0,47891,47892,1,0.0,1,1.0,0.0,47891,47892,1,0.0,1,1.0,0.0,47891,47892,1,0.0
USDJPY,48539,48547,PUT,0,3.2715064878824904,16.935910215136545,1,0,0,48552,48553,1,0.0,1,0,0,48552,48553,1,0.0,1,1.0,0.0,48552,48553,1,0.0,1,1.0,0.0,48552,48553,1,0.0,1,1.0,0.0,48552,48553,1,0.0
USDJPY,48687,48717,PUT,0,3.699315811577634,9.240823318878057,1,0,0,48718,48719,1,0.0,1,0,0,48718,48719,1,0.0,1,1.0,0.0,-1,-1,0,,1,1.0,0.0,-1,-1,0,,1,1.0,0.0,-1,-1,0,
USDJPY,49292,49328,PUT,0,6.038548659779494,16.857126852680942,1,0,0,49331,49332,1,0.0,1,0,0,49331,49332,1,0.0,1,0.0,0.0,49331,49332,1,0.0,1,0.0,0.0,49331,49332,1,0.0,1,0.0,0.0,49331,49332,1,0.0
USDJPY,49314,49328,PUT,0,6.038548659779494,16.857126852680942,1,0,0,49331,49332,1,0.0,1,0,0,49331,49332,1,0.0,1,0.0,0.0,49331,49332,1,0.0,1,0.0,0.0,49331,49332,1,0.0,1,0.0,0.0,49331,49332,1,0.0
USDJPY,49622,49657,PUT,1,2.812381321888324,5.908149364967109,1,0,1,49658,49659,1,1.0,1,1,1,49659,49660,1,1.0,1,1.0,1.0,49659,49660,1,1.0,1,1.0,1.0,49659,49660,1,1.0,0,,,-1,-1,0,
