duration,t_first_brake,t_first_cross,t_back_extreme,n_cross,n_brake,max_kd_sep,mean_kd_sep,mean_slope
33,20.0,1.0,2,11,4,,,1.932
15,9.0,1.0,2,5,1,15.63,4.95,-4.772
19,,2.0,2,3,0,15.97,4.23,3.946
45,2.0,2.0,2,9,5,16.44,5.59,-1.672
33,4.0,2.0,2,5,4,16.82,6.47,2.397
12,6.0,1.0,12,1,2,14.06,5.8,-6.078
28,5.0,2.0,2,9,3,18.11,4.5,2.574
71,17.0,7.0,2,15,9,16.82,4.99,-0.957
56,11.0,2.0,2,13,9,19.71,5.52,1.303
31,14.0,1.0,31,7,4,11.32,4.41,-2.214
31,5.0,3.0,2,7,4,14.41,4.6,2.31
37,3.0,1.0,9,5,6,16.93,4.84,-1.681
11,,5.0,2,1,0,20.79,7.22,6.354
34,23.0,2.0,2,5,3,8.37,2.76,-2.209
66,12.0,1.0,10,13,7,16.69,5.09,0.941
72,1.0,6.0,2,15,12,20.16,4.8,-0.945
21,5.0,3.0,2,5,4,18.62,6.01,3.276
60,17.0,3.0,2,13,6,12.09,4.51,-1.162
26,15.0,2.0,2,3,3,11.07,5.55,2.618
34,,5.0,2,5,0,13.65,3.31,-1.866
36,1.0,1.0,36,7,4,21.11,5.4,1.99
51,15.0,1.0,2,11,6,16.89,5.24,-1.482
18,6.0,1.0,18,3,3,15.56,5.81,3.938
22,3.0,1.0,2,5,3,18.09,4.51,-3.416
51,4.0,1.0,8,7,7,14.49,3.79,1.246
16,5.0,2.0,2,3,3,11.61,5.57,-4.361
9,3.0,1.0,9,1,2,15.27,7.27,7.513
14,,4.0,2,1,0,20.08,5.46,-5.04
18,2.0,2.0,2,5,3,12.11,4.61,-3.652
47,15.0,3.0,2,9,4,14.71,5.04,1.396
44,27.0,4.0,2,9,6,17.88,3.65,-1.449
66,4.0,2.0,5,13,9,13.51,4.61,0.991
69,6.0,3.0,2,17,16,16.8,5.85,-0.997
12,1.0,1.0,2,3,3,17.64,6.78,6.253
13,,2.0,2,1,0,10.84,5.65,-5.796
11,10.0,2.0,2,1,1,11.02,6.36,6.448
7,,1.0,7,1,0,14.32,9.4,-9.857
65,1.0,4.0,2,11,10,23.67,5.24,1.089
38,1.0,2.0,2,5,3,16.12,5.01,-1.993
44,2.0,4.0,2,9,6,14.32,3.52,-1.436
68,15.0,2.0,7,15,9,18.66,4.5,1.027
33,6.0,3.0,2,7,4,10.47,4.88,-2.437
57,21.0,2.0,2,13,3,13.28,3.71,1.368
48,3.0,2.0,2,9,4,9.77,3.6,-1.529
37,6.0,1.0,7,9,3,23.08,4.26,1.852
22,1.0,1.0,15,5,6,17.96,7.49,-3.289
116,16.0,5.0,2,25,9,18.19,3.74,0.663
23,1.0,7.0,2,3,4,11.98,3.72,-2.909
66,15.0,1.0,3,13,8,17.56,5.1,1.038
44,5.0,1.0,7,13,4,17.72,5.74,-1.629
10,8.0,2.0,2,1,1,20.33,7.97,8.086
32,14.0,1.0,2,7,1,11.82,3.44,-2.433
17,1.0,5.0,2,3,2,13.79,4.68,4.159
51,4.0,2.0,2,11,7,14.46,4.55,-1.431
15,1.0,2.0,2,1,1,12.67,4.89,5.007
41,22.0,4.0,2,9,3,16.16,5.0,-1.768
4,,1.0,4,1,0,22.29,15.1,16.393
29,9.0,3.0,2,5,2,15.45,4.22,-2.409
12,12.0,1.0,2,3,1,11.05,6.03,5.731
12,3.0,2.0,6,3,3,18.5,6.08,-5.549
23,7.0,2.0,2,5,3,13.6,3.71,2.891
11,11.0,1.0,11,3,1,12.74,6.44,-6.182
28,8.0,2.0,2,7,3,21.09,6.42,2.611
95,29.0,2.0,2,23,9,15.63,4.53,-0.73
8,8.0,2.0,8,1,1,10.47,8.17,8.357
32,2.0,3.0,2,5,5,11.38,4.78,-2.178
43,1.0,5.0,2,7,5,22.04,6.82,1.675
20,7.0,2.0,2,3,4,12.8,5.74,-3.465
10,,3.0,2,1,0,14.62,8.15,6.99
24,18.0,1.0,4,5,2,19.66,6.35,-2.741
32,6.0,1.0,2,7,3,16.75,4.06,2.21
78,13.0,2.0,2,15,10,15.72,5.6,-0.965
8,1.0,3.0,2,1,2,18.6,9.22,8.184
38,1.0,5.0,2,11,5,10.33,4.14,-1.703
29,1.0,5.0,2,7,5,12.99,3.34,2.281
65,12.0,4.0,2,9,7,20.16,5.71,-1.049
50,3.0,6.0,2,7,6,15.76,5.06,1.477
23,6.0,1.0,10,5,3,18.72,5.24,-3.066
36,4.0,1.0,22,5,6,16.55,5.42,2.115
11,11.0,2.0,2,1,1,12.01,6.82,-7.11
80,12.0,5.0,2,15,11,16.1,5.5,0.847
108,3.0,1.0,3,25,16,17.47,4.74,-0.574
14,,3.0,2,3,0,15.97,5.62,4.954
27,3.0,4.0,2,5,4,9.76,3.61,-2.554
15,2.0,2.0,2,3,2,13.86,4.59,4.765
18,7.0,2.0,2,3,2,11.91,5.31,-4.055
18,3.0,2.0,2,5,4,12.0,4.46,3.732
90,2.0,3.0,2,17,10,19.17,5.14,-0.693
16,6.0,2.0,2,3,2,15.21,5.38,-4.193
57,10.0,2.0,2,11,7,19.29,5.21,1.256
30,17.0,8.0,2,3,3,18.32,4.53,-2.407
25,2.0,6.0,2,3,3,8.45,3.65,2.501
6,6.0,1.0,6,1,1,15.79,10.97,-11.524
23,17.0,3.0,2,5,2,19.41,4.66,3.101
10,10.0,3.0,2,1,1,11.24,7.1,6.192
33,2.0,1.0,2,9,4,18.19,6.08,-1.96
42,2.0,4.0,17,8,9,14.04,5.53,1.435
21,2.0,2.0,2,5,2,17.64,6.1,3.211
27,17.0,4.0,2,3,4,15.98,5.67,-2.568
105,2.0,2.0,2,25,8,14.84,3.94,0.638
24,3.0,5.0,2,1,2,8.46,3.08,-2.891
23,4.0,3.0,2,7,2,14.29,4.84,-2.859
15,14.0,2.0,2,3,1,19.9,5.02,4.975
41,20.0,1.0,4,7,3,23.18,4.36,-1.584
15,13.0,3.0,2,3,1,19.19,5.97,4.316
27,9.0,1.0,21,5,5,16.99,6.02,-2.401
51,7.0,1.0,27,11,5,14.41,4.1,1.269
12,11.0,2.0,2,3,1,18.75,6.56,-5.762
103,18.0,2.0,2,23,14,11.88,4.06,0.749
45,8.0,2.0,2,13,6,13.71,4.69,-1.563
78,2.0,6.0,2,15,7,16.86,5.79,0.857
20,4.0,1.0,6,5,3,20.78,4.67,-3.198
68,13.0,2.0,2,9,4,12.23,3.88,1.109
23,8.0,3.0,2,5,2,16.85,6.78,-3.095
25,2.0,6.0,2,5,4,11.64,3.64,2.607
16,5.0,2.0,2,3,2,14.28,5.33,4.171
13,,1.0,4,3,0,14.23,5.56,-4.807
38,8.0,2.0,2,7,8,14.78,6.77,1.915
13,8.0,2.0,2,1,1,14.48,4.99,-5.364
49,8.0,2.0,2,9,6,20.71,6.09,1.507
11,,1.0,11,1,0,9.74,5.95,-6.22
16,7.0,2.0,2,3,2,14.92,5.62,4.508
92,14.0,2.0,2,23,11,13.71,4.48,-0.743
91,14.0,2.0,2,21,11,15.06,4.34,0.822
33,7.0,3.0,2,7,7,16.19,7.35,-2.279
61,13.0,2.0,2,11,4,11.39,3.66,1.181
15,10.0,1.0,4,5,2,13.65,5.25,-4.903
15,14.0,1.0,5,3,1,16.15,5.59,4.515
48,5.0,2.0,2,9,5,18.81,5.08,-1.392
23,2.0,2.0,2,7,2,18.02,5.07,3.152
42,5.0,1.0,2,9,3,16.55,4.64,-1.677
38,3.0,1.0,16,9,6,12.98,5.12,1.942
80,8.0,1.0,2,17,8,18.39,5.78,-0.877
7,1.0,3.0,2,1,2,20.0,10.52,10.183
35,18.0,3.0,2,5,4,14.24,5.74,-2.115
12,2.0,1.0,3,3,2,19.49,7.69,5.325
46,11.0,3.0,2,9,5,14.54,4.55,-1.47
18,17.0,2.0,2,3,1,13.86,4.43,4.097
57,1.0,4.0,2,15,7,18.53,4.94,1.189
28,14.0,3.0,2,5,3,13.97,5.47,-2.435
64,5.0,2.0,2,9,6,16.91,5.23,1.118
12,3.0,1.0,12,1,3,8.16,5.42,-5.562
54,14.0,4.0,2,7,6,19.21,6.18,1.229
31,14.0,2.0,2,7,1,15.63,5.23,-2.535
12,3.0,1.0,2,1,2,11.3,6.02,6.32
17,9.0,1.0,2,3,2,15.4,5.74,-3.895
22,3.0,3.0,2,3,2,14.3,6.88,3.245
6,6.0,1.0,6,1,1,17.58,10.72,-11.122
31,1.0,1.0,2,7,4,15.55,4.47,2.214
38,18.0,4.0,2,9,6,17.79,4.9,-2.056
55,15.0,1.0,2,13,6,15.28,4.5,1.341
68,12.0,2.0,2,15,8,16.77,4.63,-0.992
92,12.0,1.0,2,19,10,17.46,4.68,0.702
14,7.0,4.0,2,1,1,12.42,5.47,4.713
53,9.0,3.0,2,9,9,23.85,5.92,-1.313
6,6.0,1.0,6,1,1,18.32,10.8,11.223
36,3.0,7.0,10,6,4,15.71,4.74,-1.736
35,15.0,3.0,2,5,4,8.65,3.58,2.089
61,10.0,4.0,2,11,8,18.57,5.71,-1.127
29,2.0,2.0,2,7,6,12.51,4.74,2.78
11,11.0,1.0,11,1,1,9.21,5.99,-6.397
121,10.0,3.0,2,27,18,17.18,5.2,0.3
22,8.0,2.0,2,5,4,12.93,5.97,2.952
44,6.0,1.0,16,9,6,14.74,4.51,-1.662
55,6.0,2.0,2,9,5,12.44,4.41,1.295
16,1.0,1.0,16,3,2,16.46,4.95,-4.199
83,5.0,1.0,11,19,10,15.06,4.66,0.888
7,7.0,1.0,7,1,1,17.76,10.62,-11.558
30,20.0,1.0,2,3,2,9.92,5.18,2.489
29,15.0,2.0,2,5,2,14.25,5.04,-2.502
35,7.0,4.0,2,7,4,9.19,3.27,1.88
26,11.0,1.0,3,7,3,17.22,5.02,-2.631
17,13.0,5.0,2,1,1,11.29,4.79,4.373
14,14.0,2.0,2,3,1,14.41,5.24,-5.202
57,18.0,4.0,2,11,5,18.53,5.17,1.279
4,3.0,1.0,4,1,1,22.03,14.51,-15.962
13,4.0,1.0,2,3,2,17.45,6.5,5.142
36,12.0,1.0,2,7,2,8.32,3.42,-1.828
28,13.0,5.0,7,6,4,18.8,6.63,2.386
13,12.0,2.0,2,3,1,20.47,7.56,-5.574
68,6.0,3.0,2,11,9,15.98,5.03,1.088
7,7.0,1.0,7,1,1,14.39,9.21,-9.592
12,4.0,2.0,2,3,3,14.23,6.84,5.389
23,5.0,2.0,2,5,3,15.89,7.66,-3.301
40,1.0,3.0,2,7,3,16.2,3.21,1.853
19,2.0,5.0,2,3,2,19.28,6.0,-3.623
10,,4.0,2,1,0,12.54,6.87,6.515
87,1.0,4.0,2,17,9,21.56,4.54,-0.879
18,,3.0,2,1,0,13.5,4.36,4.096
17,7.0,5.0,2,3,2,14.57,5.53,-4.011
35,2.0,3.0,2,5,2,12.38,4.32,2.065
14,2.0,4.0,2,1,1,11.74,5.41,-4.854
46,4.0,1.0,15,11,5,17.17,6.24,1.479
15,5.0,2.0,2,3,2,16.28,7.57,-4.535
32,5.0,4.0,2,5,4,16.91,5.6,2.126
13,7.0,2.0,2,1,2,9.25,5.69,-5.736
64,4.0,5.0,2,11,8,11.53,4.62,1.068
17,2.0,5.0,2,1,2,11.6,5.07,-3.976
46,1.0,2.0,46,13,7,14.89,5.14,1.405
38,16.0,4.0,2,5,5,15.52,5.48,-1.804
10,7.0,2.0,2,1,1,13.49,6.52,6.609
7,5.0,2.0,7,1,1,16.04,9.28,-9.351
13,9.0,3.0,2,1,1,14.04,6.18,5.666
21,2.0,1.0,2,3,2,17.36,4.29,-3.72
96,13.0,2.0,2,21,10,18.16,4.25,0.87
10,,1.0,2,1,0,15.82,6.89,-7.469
18,,4.0,2,3,0,11.9,4.98,3.92
23,6.0,2.0,2,7,2,11.15,4.87,-2.716
91,1.0,5.0,2,15,11,19.07,4.85,0.787
24,16.0,2.0,2,5,2,10.93,5.03,-2.994
65,1.0,2.0,2,11,4,19.0,4.02,1.067
30,2.0,2.0,24,5,6,22.76,8.23,-2.543
38,13.0,2.0,2,7,3,16.29,6.49,1.963
18,14.0,6.0,2,1,1,10.6,4.44,-3.981
39,6.0,7.0,2,7,6,14.24,4.26,1.637
10,,2.0,2,1,0,9.5,6.59,-6.493
56,1.0,4.0,2,11,8,14.42,5.13,1.237
45,1.0,5.0,2,9,6,15.04,4.29,-1.508
21,15.0,2.0,2,3,2,11.53,4.45,3.717
12,12.0,2.0,2,1,1,13.23,6.37,-6.536
41,11.0,2.0,2,9,5,18.91,3.66,1.703
49,1.0,3.0,2,11,8,18.63,6.43,1.436
26,7.0,1.0,9,7,4,13.72,6.11,-2.655
11,1.0,1.0,11,3,3,14.65,8.29,6.043
14,14.0,2.0,2,1,1,13.02,5.69,-5.654
65,23.0,2.0,2,17,8,14.01,4.76,1.178
64,6.0,3.0,2,17,10,17.53,6.13,-1.159
58,5.0,1.0,7,13,5,17.71,4.66,1.234
42,23.0,3.0,2,9,4,16.52,5.0,-1.731
9,1.0,2.0,2,1,2,13.04,8.11,7.904
36,3.0,1.0,3,7,5,11.24,4.46,-1.891
65,1.0,4.0,2,15,5,13.11,3.68,1.183
14,5.0,1.0,2,3,2,16.42,5.41,-5.159
8,3.0,2.0,2,1,2,17.14,9.14,9.599
22,12.0,1.0,22,5,1,8.83,3.87,-3.286
16,4.0,2.0,16,3,3,15.94,7.06,4.161
16,3.0,1.0,5,5,2,20.02,5.94,-4.389
83,3.0,1.0,13,19,12,14.73,4.8,0.848
29,9.0,4.0,2,5,3,10.7,4.45,-2.185
7,1.0,1.0,7,1,1,16.26,9.25,9.695
11,6.0,1.0,11,1,3,10.52,5.57,-5.799
110,18.0,3.0,2,23,11,14.9,4.72,0.698
52,24.0,2.0,2,11,3,17.72,6.45,-1.469
19,11.0,1.0,12,3,3,15.89,5.52,3.857
46,15.0,3.0,2,9,6,16.12,5.12,-1.644
23,4.0,1.0,23,7,5,16.13,4.61,2.915
74,13.0,1.0,32,17,9,14.64,5.36,-0.962
78,2.0,3.0,2,13,13,15.62,5.14,-0.89
33,3.0,2.0,2,5,4,17.02,6.03,2.259
16,2.0,1.0,16,3,4,18.9,6.95,-4.48
33,3.0,1.0,2,7,2,18.26,3.16,2.118
27,3.0,1.0,2,7,2,15.08,5.62,-2.53
10,2.0,3.0,2,1,1,16.46,7.98,7.299
40,8.0,3.0,2,9,5,13.82,3.72,-1.681
35,2.0,2.0,2,5,5,10.36,3.69,2.133
31,15.0,2.0,2,5,4,12.66,6.4,-2.268
25,17.0,1.0,19,7,3,15.21,4.84,2.745
68,7.0,2.0,2,15,5,14.49,3.62,-1.094
8,4.0,1.0,8,1,1,10.92,8.03,8.155
22,10.0,2.0,22,5,3,12.38,4.14,-2.925
26,14.0,2.0,2,5,3,12.16,5.83,2.847
46,18.0,3.0,2,9,5,13.12,5.74,-1.583
77,1.0,8.0,20,18,8,13.59,3.54,0.824
10,5.0,2.0,2,1,3,12.4,6.85,-7.1
7,5.0,,7,0,1,13.57,8.8,9.016
39,10.0,1.0,20,9,6,18.41,5.25,-1.785
18,1.0,4.0,2,3,2,16.22,5.26,4.022
92,17.0,3.0,2,17,10,18.01,4.42,-0.81
18,17.0,3.0,2,1,1,12.09,4.72,4.155
5,,1.0,5,1,0,18.53,12.55,-13.42
13,4.0,2.0,2,3,1,16.36,5.81,5.779
17,17.0,1.0,2,5,1,17.38,4.09,-4.374
9,8.0,1.0,9,1,1,13.79,7.56,8.08
43,15.0,2.0,2,9,5,17.15,6.76,-1.763
8,2.0,,8,0,3,11.55,8.27,8.435
23,20.0,2.0,2,5,1,10.7,3.65,-3.349
74,7.0,1.0,6,21,11,11.94,3.71,0.904
20,15.0,2.0,2,3,1,9.54,3.88,-3.342
63,16.0,2.0,2,13,7,17.13,5.61,1.093
4,2.0,1.0,4,1,1,21.23,16.68,-17.471
17,1.0,1.0,2,5,2,13.19,4.95,4.238
121,3.0,2.0,2,27,16,12.47,3.27,-0.231
9,6.0,3.0,2,1,2,12.6,8.15,-7.283
15,9.0,2.0,2,3,2,12.06,6.87,5.013
53,2.0,4.0,2,11,8,13.0,4.33,1.288
8,8.0,3.0,2,1,1,19.27,8.53,-8.251
11,6.0,1.0,11,1,2,11.78,5.98,6.307
26,1.0,3.0,2,5,3,19.28,7.47,-2.942
109,1.0,2.0,2,23,16,18.91,4.24,0.649
32,14.0,2.0,2,7,4,10.83,4.07,-2.138
43,6.0,4.0,2,11,6,21.43,5.16,1.583
29,1.0,1.0,2,7,5,15.06,4.02,-2.58
38,27.0,5.0,2,5,2,15.12,5.34,1.786
12,11.0,4.0,2,1,1,15.27,5.99,-5.829
13,4.0,1.0,2,3,1,14.7,6.75,5.916
14,5.0,3.0,2,1,2,20.19,5.23,-5.296
45,19.0,2.0,2,11,4,17.19,4.38,1.591
29,2.0,2.0,2,9,4,18.58,5.85,-2.356
121,1.0,4.0,2,29,18,16.27,4.4,-0.068
35,15.0,7.0,15,6,2,15.17,5.37,1.975
39,5.0,3.0,2,7,6,18.68,6.42,-1.809
49,2.0,2.0,2,5,11,11.62,5.25,1.487
23,8.0,4.0,2,5,2,17.34,5.6,-3.151
10,5.0,1.0,10,1,1,19.07,6.84,7.113
18,1.0,1.0,3,3,3,15.18,4.75,-3.959
28,,1.0,2,5,0,13.59,3.9,2.707
26,11.0,4.0,2,3,4,14.9,5.94,-2.676
42,3.0,1.0,14,9,7,18.28,4.53,1.549
29,4.0,2.0,2,3,2,15.83,4.08,-2.595
84,17.0,2.0,2,19,7,20.11,4.37,0.89
75,20.0,3.0,2,15,9,16.93,4.1,-1.014
8,7.0,1.0,8,1,1,12.2,8.51,8.822
21,1.0,4.0,2,3,4,11.34,4.19,3.118
24,5.0,3.0,2,3,4,10.63,3.5,-2.951
8,,2.0,2,1,0,19.86,9.33,9.408
16,2.0,2.0,2,3,1,13.29,5.1,-4.509
83,9.0,1.0,19,17,11,16.27,4.91,0.753
42,17.0,6.0,2,5,3,7.13,3.05,-1.581
96,21.0,6.0,2,19,12,18.83,4.7,0.75
47,20.0,1.0,25,9,4,16.13,4.99,-1.514
7,6.0,3.0,2,1,1,23.15,10.53,10.238
71,11.0,1.0,2,11,8,10.92,5.14,-1.052
5,5.0,1.0,5,1,1,18.01,12.6,13.434
55,8.0,2.0,10,9,7,19.36,6.0,-1.268
121,5.0,3.0,2,27,18,16.31,5.06,0.504
20,12.0,4.0,2,5,2,13.6,4.97,3.093
10,2.0,2.0,10,3,3,12.26,5.92,-6.429
37,9.0,2.0,2,7,2,14.5,2.88,1.857
27,14.0,2.0,2,9,3,21.72,4.87,-2.601
18,4.0,7.0,2,1,1,12.52,4.56,3.905
40,1.0,2.0,2,7,3,10.88,3.82,-1.696
70,5.0,2.0,2,11,10,14.43,4.83,0.931
39,16.0,3.0,2,9,5,13.8,5.38,-1.771
21,3.0,2.0,2,5,4,16.76,5.94,3.135
14,13.0,3.0,2,1,1,13.64,5.98,-5.433
34,16.0,1.0,2,7,3,14.22,5.47,2.235
31,18.0,1.0,20,5,3,18.11,4.86,-2.078
44,3.0,7.0,2,5,4,14.58,3.07,1.559
41,15.0,2.0,2,11,7,18.8,5.48,-1.711
63,2.0,9.0,2,13,8,12.37,4.05,1.019
19,8.0,3.0,2,3,2,16.07,4.58,-3.886
11,2.0,1.0,11,3,2,15.2,7.59,6.567
43,8.0,2.0,9,9,5,11.16,3.74,1.63
12,2.0,5.0,2,1,1,13.23,6.69,-5.828
30,2.0,5.0,2,3,2,20.7,6.55,2.451
50,11.0,2.0,2,9,6,11.7,5.24,-1.36
121,4.0,5.0,2,21,14,18.26,4.83,0.31
31,4.0,3.0,2,7,4,15.13,3.92,2.143
12,12.0,1.0,12,1,1,9.8,5.45,-5.69
62,20.0,5.0,2,9,11,11.31,3.75,1.16
32,15.0,2.0,2,5,2,17.69,5.58,-2.168
121,17.0,4.0,2,27,17,18.16,5.11,0.421
15,7.0,3.0,2,3,2,10.34,5.38,-4.615
13,5.0,1.0,13,3,3,16.21,6.54,5.034
76,3.0,2.0,2,17,10,16.1,5.28,-0.914
9,8.0,2.0,9,3,1,21.04,8.16,7.799
21,,4.0,2,3,0,9.98,5.43,-3.396
14,,3.0,2,3,0,11.41,6.29,-5.186
46,5.0,2.0,2,9,6,9.79,3.75,1.648
49,6.0,5.0,2,9,6,16.46,3.23,-1.444
17,5.0,2.0,2,3,2,10.77,4.93,4.147
73,5.0,1.0,8,15,10,20.33,6.6,-0.977
19,14.0,3.0,2,1,2,9.38,4.2,3.748
37,6.0,1.0,15,7,3,14.54,5.24,-1.789
18,18.0,3.0,2,3,1,10.89,4.12,3.457
47,3.0,1.0,29,7,8,22.02,4.67,-1.608
25,24.0,2.0,2,5,1,17.48,5.0,3.317
3,1.0,1.0,3,1,1,24.27,19.5,-21.302
16,15.0,1.0,16,3,1,13.89,4.24,4.234
24,5.0,2.0,2,5,2,11.15,3.92,-3.041
13,,2.0,2,1,0,11.19,5.89,5.968
6,,2.0,2,1,0,21.7,11.5,-12.37
12,2.0,2.0,2,3,2,13.15,6.8,6.61
11,10.0,2.0,2,1,1,19.08,6.42,-6.487
26,18.0,3.0,2,5,2,15.06,4.76,-2.387
12,9.0,3.0,2,1,1,12.42,5.54,5.173
15,2.0,5.0,2,1,2,11.59,5.14,-4.458
74,2.0,2.0,2,15,8,15.71,5.23,0.984
29,2.0,2.0,2,7,3,20.84,3.54,-2.645
17,2.0,1.0,17,3,2,9.48,4.62,4.155
8,5.0,1.0,8,1,1,11.33,7.7,-7.932
20,2.0,5.0,2,3,2,13.5,6.1,3.242
24,17.0,4.0,2,5,2,21.72,7.24,-2.944
26,9.0,2.0,2,5,4,17.3,7.91,-2.708
35,14.0,8.0,2,9,3,16.24,4.12,2.111
58,20.0,6.0,2,9,6,15.08,4.77,-1.285
23,4.0,1.0,11,3,3,14.79,8.09,2.693
31,1.0,1.0,8,5,4,10.9,4.13,-2.102
5,4.0,1.0,5,1,1,18.53,12.48,12.901
16,11.0,2.0,2,3,2,11.89,5.24,-4.566
11,11.0,2.0,2,1,1,16.65,6.25,6.37
14,11.0,2.0,3,3,1,11.11,5.21,-4.674
8,3.0,1.0,8,1,2,13.22,8.19,8.515
15,14.0,5.0,2,1,1,19.46,5.78,-4.929
12,6.0,1.0,12,1,1,10.83,5.64,5.706
34,4.0,3.0,2,7,7,14.58,4.26,-1.941
79,22.0,2.0,2,19,6,14.52,4.07,0.967
16,15.0,3.0,2,3,1,11.95,5.06,-4.367
7,2.0,1.0,7,1,1,17.33,8.63,8.926
17,2.0,2.0,2,3,3,13.25,4.66,-3.9
25,2.0,3.0,2,5,2,8.19,3.82,2.91
15,9.0,1.0,2,3,2,12.45,4.78,-4.777
31,4.0,1.0,31,5,5,14.93,6.91,2.127
67,2.0,1.0,4,13,5,16.51,4.37,-1.045
41,20.0,1.0,2,9,4,16.74,5.29,1.827
7,3.0,1.0,7,1,1,16.45,9.45,-10.199
15,12.0,1.0,9,3,1,15.16,6.51,4.971
21,2.0,1.0,21,3,4,7.8,4.07,-3.078
7,,2.0,2,1,0,15.2,9.36,9.024
60,4.0,3.0,2,13,10,21.77,5.93,-1.201
21,2.0,1.0,3,5,3,10.6,4.74,2.887
8,6.0,2.0,2,1,1,19.52,7.7,-8.047
19,6.0,1.0,19,5,2,9.69,5.19,3.365
42,8.0,1.0,8,7,7,13.31,6.16,-1.621
38,5.0,5.0,2,7,5,14.24,5.43,1.887
16,9.0,2.0,2,1,3,9.29,4.6,-4.4
34,5.0,3.0,2,9,5,14.34,3.72,-2.075
52,17.0,3.0,2,11,4,15.5,4.77,1.381
39,19.0,4.0,2,9,4,11.64,4.25,-1.737
20,7.0,3.0,2,5,3,9.49,3.8,3.318
9,6.0,1.0,9,1,1,10.61,7.14,-7.444
13,2.0,1.0,4,3,2,16.04,7.41,5.186
14,1.0,1.0,14,3,3,13.41,5.17,-4.783
41,12.0,2.0,2,9,5,9.02,3.96,1.747
8,8.0,1.0,2,1,1,17.72,8.09,-8.606
119,3.0,1.0,21,23,16,17.99,4.65,0.588
25,1.0,2.0,2,5,6,12.97,6.23,-2.935
14,,1.0,6,3,0,20.76,6.02,4.81
26,2.0,4.0,2,3,2,8.09,4.4,-2.783
32,8.0,3.0,2,7,4,13.42,5.84,-1.998
47,7.0,2.0,34,5,6,20.88,5.5,-1.452
10,9.0,1.0,2,1,1,16.02,7.26,7.576
11,11.0,1.0,11,1,1,8.97,5.7,-5.975
121,11.0,4.0,2,26,15,13.19,4.37,0.02
67,14.0,6.0,2,13,12,14.65,5.06,1.011
13,1.0,1.0,13,1,2,10.13,5.12,-5.319
55,1.0,2.0,2,11,6,13.76,3.62,1.333
34,11.0,1.0,34,7,3,15.61,5.25,-2.01
32,1.0,1.0,2,9,7,17.9,3.89,2.185
15,14.0,2.0,2,3,1,13.49,5.19,-5.242
14,8.0,2.0,2,1,2,11.72,5.54,5.511
10,1.0,1.0,2,3,1,19.77,6.68,-6.746
19,1.0,6.0,2,3,2,17.18,4.5,3.487
17,16.0,2.0,2,3,1,22.3,5.71,3.997
76,16.0,1.0,19,19,9,12.02,4.1,-0.947
36,5.0,2.0,2,5,6,14.62,5.99,1.966
19,6.0,3.0,2,3,3,12.17,4.19,-3.617
10,1.0,2.0,10,1,2,18.6,6.53,6.763
29,3.0,6.0,2,3,2,15.51,5.67,-2.545
60,3.0,8.0,2,13,5,17.93,3.5,1.091
50,8.0,2.0,2,9,8,16.4,5.58,-1.368
12,1.0,2.0,2,1,2,12.77,5.44,5.612
13,2.0,1.0,4,3,2,11.8,6.2,-5.357
23,10.0,2.0,2,3,3,18.55,7.13,3.334
18,2.0,2.0,2,7,2,16.74,4.29,-3.874
36,4.0,2.0,27,7,5,17.22,5.06,1.879
28,1.0,2.0,2,3,4,14.95,6.46,-2.516
29,1.0,3.0,2,7,5,11.2,3.56,2.461
37,17.0,2.0,2,5,5,17.12,4.93,-2.105
72,13.0,3.0,2,13,6,13.46,3.47,1.064
11,2.0,1.0,11,1,4,8.71,6.2,-6.489
9,5.0,1.0,2,1,1,17.96,6.74,7.337
68,20.0,2.0,2,15,7,22.74,5.16,-1.096
70,15.0,2.0,2,13,8,13.38,4.55,1.053
7,4.0,2.0,7,1,1,16.12,9.11,8.925
17,1.0,3.0,2,3,2,11.51,5.61,-3.834
13,11.0,1.0,13,5,1,14.56,5.11,4.988
7,3.0,1.0,7,1,1,14.49,8.78,-8.889
80,8.0,3.0,2,17,11,12.83,4.33,0.773
67,3.0,1.0,30,15,6,21.01,4.54,-1.075
19,13.0,1.0,2,5,2,11.8,4.04,3.838
121,4.0,5.0,2,21,11,17.35,4.56,-0.531
58,18.0,4.0,2,13,6,17.52,4.36,1.159
35,11.0,2.0,2,5,3,15.71,6.18,-2.172
23,8.0,2.0,2,5,4,8.66,3.24,3.055
6,4.0,1.0,6,1,1,15.57,10.78,-11.438
15,12.0,1.0,2,1,1,8.87,4.54,4.727
57,4.0,5.0,2,11,9,20.85,4.95,-1.293
42,14.0,1.0,2,9,2,15.81,2.95,1.774
25,6.0,2.0,2,5,3,17.17,4.17,-2.707
13,2.0,1.0,13,3,4,12.01,6.4,5.583
16,6.0,2.0,2,3,3,15.35,6.91,-4.658
10,4.0,1.0,10,1,2,17.04,6.31,6.54
17,14.0,4.0,2,1,2,10.58,5.4,3.826
24,5.0,1.0,24,5,3,18.18,5.27,-2.828
11,,2.0,2,1,0,15.46,6.93,7.038
44,15.0,2.0,2,7,6,13.9,5.03,-1.64
21,3.0,1.0,15,3,3,23.03,7.9,3.009
18,7.0,2.0,18,3,2,13.76,5.15,-3.859
35,7.0,1.0,35,7,4,14.89,6.73,2.07
13,13.0,1.0,2,1,1,13.81,5.19,-5.64
7,6.0,1.0,7,1,1,15.14,9.59,10.09
20,8.0,2.0,2,3,2,12.32,4.5,-3.363
53,1.0,4.0,2,13,6,13.54,3.61,1.33
43,15.0,1.0,7,9,4,15.11,4.96,-1.683
54,2.0,2.0,2,9,6,17.44,4.46,1.306
7,3.0,1.0,7,1,2,14.02,9.59,-10.018
101,10.0,1.0,2,17,15,20.12,5.12,0.721
41,9.0,8.0,2,5,4,17.36,3.97,1.586
22,1.0,1.0,2,5,3,16.64,6.24,-2.99
121,2.0,1.0,3,23,12,18.8,4.78,0.26
9,,2.0,9,1,0,11.1,7.43,7.222
12,,1.0,5,3,0,16.95,6.3,-5.183
51,10.0,2.0,2,11,8,16.28,5.21,1.399
35,16.0,3.0,2,7,4,13.43,4.41,-2.129
119,6.0,3.0,2,21,20,18.54,5.47,0.624
30,2.0,5.0,2,7,3,10.29,2.97,-2.34
43,2.0,7.0,2,9,4,17.93,3.92,1.763
64,3.0,1.0,2,17,5,12.08,3.87,-1.164
15,13.0,1.0,2,3,1,17.68,5.64,4.849
20,18.0,3.0,2,5,1,13.28,4.34,3.329
53,16.0,1.0,40,11,5,14.36,5.45,-1.341
40,4.0,2.0,2,9,4,19.44,6.88,1.848
12,11.0,2.0,2,1,1,11.34,5.7,-5.577
24,10.0,3.0,2,7,3,17.98,4.56,-2.801
7,,1.0,7,1,0,15.66,9.39,9.893
68,14.0,4.0,2,11,8,13.38,4.01,-0.9
72,2.0,1.0,11,17,8,18.98,5.22,1.004
59,13.0,5.0,2,9,7,15.49,5.29,-1.274
68,16.0,1.0,7,15,6,10.91,4.18,1.008
17,1.0,2.0,2,3,2,13.6,4.96,-4.155
6,4.0,1.0,6,1,2,17.48,11.12,11.771
14,3.0,2.0,2,3,2,12.42,5.24,-5.047
29,1.0,5.0,2,7,3,16.15,4.44,2.236
17,8.0,2.0,2,3,2,9.45,4.41,-3.995
61,14.0,4.0,2,11,7,18.16,5.77,1.072
11,3.0,3.0,2,1,2,20.63,7.18,-6.619
20,19.0,2.0,2,3,1,10.98,5.03,3.637
31,10.0,1.0,17,3,3,15.15,6.51,-2.203
43,12.0,1.0,2,9,6,19.08,5.44,1.477
31,6.0,1.0,31,7,5,13.25,4.49,-2.071
32,3.0,1.0,32,7,5,17.72,5.53,2.112
14,2.0,1.0,14,3,3,13.58,5.6,-4.884
25,5.0,2.0,2,3,3,15.27,6.56,2.69
47,25.0,2.0,2,7,4,16.15,5.11,-1.56
19,8.0,2.0,2,3,3,14.33,7.03,3.468
72,4.0,3.0,2,15,11,19.98,6.07,0.868
18,1.0,2.0,2,5,2,11.77,4.36,-3.87
21,8.0,2.0,21,5,3,16.4,9.12,3.264
62,6.0,2.0,2,11,9,16.22,4.72,-1.093
12,1.0,5.0,2,1,3,15.66,6.37,5.471
23,10.0,1.0,2,7,3,13.86,3.97,-2.78
8,,1.0,8,1,0,11.7,8.12,8.738
55,8.0,2.0,2,9,12,13.32,5.15,-1.299
106,13.0,6.0,2,19,12,17.64,4.91,0.64
46,11.0,4.0,2,7,6,19.14,6.09,-1.42
81,16.0,4.0,2,15,9,19.09,6.1,0.864
35,6.0,2.0,3,7,4,21.95,4.07,-1.887
24,3.0,2.0,9,5,3,18.18,5.7,3.082
57,12.0,3.0,2,9,8,18.27,5.43,-1.079
32,5.0,3.0,2,7,3,14.44,5.37,2.247
46,22.0,2.0,2,9,5,13.75,4.59,-1.657
19,13.0,1.0,19,5,3,11.9,5.36,3.29
79,5.0,1.0,2,13,5,16.06,4.12,-0.813
84,13.0,3.0,2,15,11,19.2,5.47,0.861
24,9.0,1.0,8,5,2,15.3,7.15,-2.891
54,5.0,3.0,2,9,7,15.57,5.64,1.456
44,15.0,3.0,2,5,8,13.08,5.7,-1.702
60,8.0,3.0,2,13,8,13.91,4.76,1.189
61,7.0,3.0,2,13,10,13.72,4.55,-1.191
40,15.0,2.0,2,7,6,10.1,4.34,1.797
22,5.0,2.0,2,5,2,11.78,4.08,-3.055
8,6.0,2.0,2,1,1,17.94,8.73,8.723
22,2.0,1.0,22,5,2,16.32,6.26,-3.206
45,13.0,3.0,2,5,2,19.72,5.45,1.591
16,15.0,1.0,16,3,1,9.6,4.22,-3.972
33,3.0,6.0,2,5,2,11.82,3.29,2.112
8,4.0,1.0,8,1,1,11.21,8.15,-8.648
35,1.0,5.0,2,5,5,12.59,4.31,1.975
22,22.0,2.0,2,3,1,13.26,3.94,-3.331
13,1.0,1.0,13,1,3,12.19,5.19,5.242
76,5.0,1.0,7,17,8,20.0,4.14,-0.873
5,4.0,1.0,5,1,1,21.15,14.16,15.24
50,16.0,1.0,2,9,5,17.46,4.53,-1.42
49,10.0,3.0,2,13,8,18.98,4.98,1.398
37,1.0,1.0,17,9,3,18.18,4.57,-1.701
93,4.0,2.0,2,13,14,14.9,4.73,0.705
30,9.0,2.0,2,5,4,20.42,6.33,-2.475
24,3.0,2.0,2,5,3,16.45,3.56,3.009
40,17.0,8.0,2,3,2,15.23,5.0,-1.734
19,4.0,2.0,2,5,3,13.94,5.36,3.818
69,7.0,2.0,2,15,5,18.11,4.13,-1.144
37,15.0,1.0,2,9,4,11.61,4.48,2.089
8,6.0,1.0,8,1,2,11.94,8.54,-8.848
20,1.0,5.0,2,3,3,19.72,5.74,3.557
21,8.0,2.0,2,3,2,14.34,4.33,-3.374
33,16.0,2.0,2,7,3,10.17,3.18,2.25
37,6.0,5.0,2,5,2,11.38,3.4,-1.92
45,11.0,4.0,2,9,5,15.57,4.76,1.586
50,3.0,1.0,15,9,7,10.66,4.21,-1.347
9,8.0,3.0,2,1,1,12.45,8.71,7.494
16,1.0,2.0,2,3,3,9.06,4.27,-4.43
19,3.0,1.0,2,5,2,11.55,4.48,3.525
15,13.0,3.0,2,3,1,12.68,6.83,-4.831
32,2.0,1.0,2,9,5,12.92,4.14,2.027
43,15.0,4.0,2,11,5,17.8,5.65,-1.5
74,2.0,1.0,37,17,12,16.08,5.96,0.847
43,16.0,3.0,2,9,3,15.06,4.41,1.567
14,4.0,2.0,2,3,2,9.81,5.57,-5.406
28,4.0,1.0,28,5,8,11.18,4.45,2.546
20,1.0,3.0,2,3,3,10.99,4.25,-3.609
22,1.0,1.0,7,5,4,17.65,7.25,3.203
59,17.0,2.0,2,11,7,17.62,5.56,-1.308
22,8.0,2.0,2,5,3,10.7,3.83,2.835
64,11.0,1.0,14,15,4,11.99,3.47,-1.025
23,7.0,8.0,23,2,5,8.22,4.92,2.895
10,9.0,2.0,2,1,1,11.52,7.47,-7.154
42,8.0,1.0,2,7,5,17.51,4.8,1.456
35,10.0,2.0,2,7,6,16.73,7.24,-1.94
12,11.0,3.0,2,1,1,14.59,6.91,6.069
25,14.0,1.0,4,5,3,15.21,5.33,-2.924
33,11.0,6.0,2,7,3,17.91,6.02,2.198
29,5.0,1.0,2,5,3,10.03,3.62,-2.567
37,2.0,3.0,2,7,2,12.22,2.56,1.959
54,5.0,2.0,7,13,8,16.46,5.09,-1.219
43,16.0,2.0,2,9,3,18.91,4.58,1.672
59,2.0,2.0,2,9,10,21.55,5.42,-1.396
13,13.0,2.0,2,3,1,19.33,6.03,5.795
117,20.0,5.0,2,19,16,16.29,4.58,-0.639
13,12.0,2.0,2,3,1,17.49,6.2,5.981
106,5.0,1.0,2,25,13,18.56,4.09,-0.624
20,2.0,4.0,2,3,3,15.74,6.33,3.342
17,1.0,5.0,2,3,2,11.07,5.22,-3.902
25,19.0,2.0,2,7,2,12.2,4.02,3.016
23,3.0,3.0,2,5,3,16.85,4.13,-3.387
23,10.0,2.0,2,3,2,11.64,5.79,3.196
15,2.0,6.0,2,1,2,10.96,5.03,-4.285
44,4.0,1.0,8,7,6,19.31,5.86,1.524
10,5.0,2.0,2,1,2,13.84,6.42,6.316
27,2.0,2.0,3,5,3,11.84,3.87,-2.401
56,9.0,2.0,2,13,8,17.74,5.99,1.278
13,2.0,2.0,2,3,1,17.77,5.49,-5.265
11,3.0,2.0,11,3,3,11.3,6.03,6.289
45,4.0,1.0,6,9,6,11.19,3.91,-1.49
4,1.0,1.0,4,1,1,22.22,16.51,17.188
25,15.0,4.0,7,4,2,14.25,5.5,-2.598
42,3.0,2.0,2,9,5,9.66,3.28,1.588
7,2.0,,7,0,2,13.71,8.5,-9.023
47,1.0,3.0,2,9,7,10.64,3.64,1.627
28,21.0,4.0,2,7,3,16.35,4.72,-2.732
19,15.0,1.0,8,3,2,14.86,5.94,3.677
26,1.0,2.0,2,5,3,17.23,3.89,-3.049
9,4.0,1.0,9,1,2,14.45,8.23,8.664
15,1.0,1.0,2,1,3,10.6,4.42,-4.546
9,,2.0,9,1,0,11.39,7.36,7.495
15,,3.0,2,3,0,20.28,6.31,-4.554
61,7.0,2.0,2,11,9,16.53,5.94,1.189
14,,4.0,2,1,0,11.06,5.89,-4.92
15,12.0,1.0,3,5,1,14.71,5.33,4.363
34,5.0,1.0,6,7,5,13.36,4.3,-2.02
19,,3.0,2,3,0,15.68,4.65,3.842
23,3.0,6.0,2,3,2,10.15,4.38,3.015
11,,1.0,11,1,0,13.98,5.77,-5.982
28,13.0,3.0,2,3,3,11.85,4.74,2.638
21,7.0,2.0,2,3,1,9.78,3.83,-3.389
4,2.0,1.0,4,1,1,22.29,14.83,-16.453
66,1.0,1.0,5,17,8,20.34,5.28,1.016
39,2.0,1.0,2,9,5,19.0,4.83,-1.851
23,18.0,6.0,2,5,2,21.34,5.05,3.339
13,8.0,2.0,2,1,1,12.75,5.7,-5.908
11,11.0,1.0,2,1,1,14.02,6.14,6.402
5,3.0,1.0,5,1,2,22.35,14.25,-15.015
31,1.0,1.0,16,7,5,17.37,6.22,2.242
16,15.0,3.0,2,3,1,20.25,5.99,-4.89
8,6.0,1.0,8,1,1,15.9,8.36,8.743
10,3.0,1.0,10,1,2,11.2,6.28,-6.642
12,8.0,3.0,2,1,2,10.67,6.6,6.328
22,8.0,2.0,2,5,4,13.53,4.72,-3.423
16,2.0,1.0,2,3,3,12.24,4.94,4.42
15,9.0,2.0,2,5,2,16.27,5.67,-4.806
6,5.0,2.0,2,1,1,22.35,11.41,11.464
5,4.0,1.0,5,1,1,18.26,12.08,-13.35
41,2.0,1.0,9,7,9,14.05,5.82,1.701
39,8.0,4.0,2,11,4,18.26,4.68,-1.963
37,4.0,3.0,2,7,4,19.46,4.41,2.038
48,21.0,1.0,8,7,3,20.19,6.06,-1.271
77,2.0,1.0,77,13,18,13.8,4.92,0.82
15,15.0,2.0,2,3,1,20.42,4.79,-4.613
13,3.0,1.0,13,3,3,12.59,5.64,5.684
97,3.0,1.0,40,21,16,18.55,5.03,-0.704
13,1.0,2.0,2,3,1,16.79,6.74,5.751
23,12.0,3.0,2,5,2,10.03,4.14,-2.971
16,2.0,1.0,10,3,2,19.63,7.33,3.816
26,6.0,1.0,10,3,3,16.15,3.97,-2.526
58,11.0,1.0,2,9,6,18.79,5.48,1.346
14,13.0,1.0,2,1,1,15.28,5.44,-5.849
24,2.0,2.0,2,7,5,14.18,5.25,2.957
44,9.0,2.0,28,5,3,11.03,5.01,-1.629
46,1.0,4.0,2,9,6,19.48,4.86,1.584
74,2.0,1.0,8,11,12,15.21,5.68,-0.966
94,2.0,1.0,47,19,14,16.87,4.35,0.675
13,2.0,5.0,2,1,4,14.73,5.55,-4.882
28,4.0,3.0,2,5,3,11.1,3.93,2.715
31,8.0,2.0,2,5,4,14.01,7.09,-2.363
10,9.0,3.0,2,1,1,22.18,7.32,7.106
45,1.0,2.0,2,13,3,17.39,3.94,-1.642
48,2.0,1.0,2,7,10,12.27,4.42,1.433
13,6.0,2.0,2,3,3,12.5,6.09,-5.481
23,7.0,3.0,2,5,6,18.18,7.18,3.154
12,1.0,1.0,12,3,1,15.81,5.94,-5.509
46,21.0,2.0,2,7,4,12.24,4.22,1.519
41,15.0,2.0,2,9,4,14.56,5.56,1.747
73,31.0,9.0,2,15,6,19.22,4.86,-0.986
10,3.0,1.0,10,1,1,10.39,6.32,6.629
31,25.0,3.0,2,7,2,13.63,4.02,-2.277
20,11.0,3.0,2,5,3,17.57,4.31,3.481
26,3.0,2.0,26,5,6,13.41,6.17,-2.633
66,11.0,3.0,2,13,7,19.89,6.17,1.071
47,12.0,2.0,2,7,6,16.29,6.1,-1.624
25,2.0,2.0,25,5,4,11.75,4.74,2.873
27,18.0,2.0,2,7,2,20.42,5.92,-2.751
40,5.0,3.0,2,11,5,19.71,4.22,1.725
73,2.0,5.0,2,13,13,18.44,4.95,-0.956
15,7.0,3.0,2,3,1,18.03,5.71,4.993
60,2.0,1.0,15,11,10,14.31,4.77,-1.243
18,4.0,2.0,2,3,2,11.77,5.2,4.18
7,6.0,1.0,7,1,1,19.63,10.07,-10.672
30,3.0,1.0,17,3,7,18.62,6.49,2.253
51,6.0,2.0,11,11,9,19.84,6.08,-1.328
9,3.0,2.0,9,1,2,14.87,7.68,7.854
12,,1.0,5,3,0,20.2,7.67,-5.919
41,15.0,2.0,2,9,6,15.16,5.05,1.773
10,,2.0,5,3,0,17.14,6.54,6.219
20,2.0,3.0,2,7,1,17.59,4.28,-3.462
8,8.0,1.0,8,1,1,15.69,7.8,8.29
8,,1.0,8,1,0,10.14,8.23,-8.693
29,1.0,6.0,2,3,2,13.0,3.79,2.47
51,7.0,1.0,14,11,7,18.18,5.88,-1.282
8,5.0,2.0,8,1,1,14.94,8.26,7.905
42,1.0,3.0,2,9,6,12.19,4.69,-1.568
51,4.0,3.0,2,11,8,16.42,4.8,1.365
69,5.0,2.0,2,19,7,14.47,3.32,-1.039
40,19.0,4.0,2,9,4,13.27,4.36,1.833
47,4.0,5.0,2,5,4,13.65,5.18,-1.523
26,11.0,2.0,2,5,5,15.16,4.86,2.673
64,3.0,2.0,2,13,8,17.79,5.5,-1.054
17,11.0,3.0,2,1,1,10.76,4.72,3.948
74,17.0,1.0,16,21,9,21.34,5.66,-0.981
38,5.0,2.0,2,7,4,15.55,5.17,1.973
27,14.0,9.0,2,5,3,17.29,5.11,-2.548
26,1.0,5.0,2,5,2,12.32,4.2,2.552
12,10.0,1.0,6,3,1,14.67,6.68,-5.495
23,1.0,1.0,3,7,6,11.02,4.73,2.67
44,10.0,2.0,2,7,7,17.59,5.71,-1.617
9,2.0,2.0,2,1,2,20.19,7.75,7.717
19,2.0,5.0,2,1,2,11.78,4.27,-3.597
42,6.0,1.0,7,7,4,13.19,4.16,1.66
35,1.0,4.0,2,7,4,19.63,6.24,2.108
41,5.0,1.0,16,9,6,12.18,5.7,-1.834
21,6.0,1.0,2,5,3,17.22,6.24,3.429
105,2.0,2.0,2,25,11,16.93,3.18,-0.737
96,2.0,2.0,2,23,11,11.25,4.04,0.748
27,2.0,1.0,9,7,3,23.56,5.7,-2.334
58,15.0,1.0,17,13,2,9.03,3.32,1.212
19,2.0,2.0,19,5,4,14.34,5.25,-3.696
58,9.0,1.0,2,13,7,17.35,5.07,1.263
30,2.0,2.0,2,9,3,19.01,6.53,-2.4
37,18.0,6.0,19,8,3,17.61,5.1,1.631
78,16.0,1.0,17,17,9,16.29,5.28,-0.876
42,2.0,1.0,8,9,7,21.98,5.2,1.572
63,4.0,1.0,6,11,8,16.57,4.84,-1.102
113,3.0,1.0,6,21,16,17.66,5.04,0.667
18,4.0,1.0,2,3,4,7.99,4.06,-3.978
121,4.0,4.0,2,25,14,14.64,4.71,-0.154
37,9.0,3.0,2,5,3,14.6,4.44,1.667
4,2.0,1.0,4,1,1,21.85,15.88,-17.029
23,2.0,2.0,2,7,4,15.22,3.84,3.271
14,2.0,2.0,2,3,4,11.88,5.16,-5.035
28,3.0,4.0,2,5,2,11.98,4.19,2.524
42,3.0,1.0,2,9,4,17.93,4.58,-1.642
6,6.0,2.0,6,1,1,18.83,11.0,11.457
13,12.0,3.0,2,1,1,10.5,5.94,4.749
12,9.0,2.0,2,3,1,18.93,6.87,-5.983
69,12.0,4.0,2,17,7,16.2,4.49,0.998
35,1.0,3.0,9,8,4,14.31,3.33,-1.78
22,9.0,2.0,2,5,3,7.04,4.01,3.305
14,3.0,2.0,2,3,3,15.04,5.39,-4.696
99,3.0,1.0,5,21,15,18.08,5.87,0.718
36,15.0,2.0,2,7,4,10.69,4.42,-2.092
33,1.0,5.0,2,3,4,18.17,5.7,1.939
28,15.0,2.0,2,7,2,19.42,6.01,-2.551
11,,3.0,2,1,0,16.71,6.8,6.2
16,11.0,3.0,2,1,2,9.7,5.0,4.074
27,4.0,1.0,27,9,5,17.02,4.76,-2.447
41,16.0,2.0,15,9,3,16.68,5.35,1.567
10,3.0,3.0,2,1,2,14.17,7.56,-6.91
15,4.0,1.0,6,3,2,21.0,6.93,4.151
43,8.0,3.0,2,7,3,16.14,4.07,-1.528
26,15.0,1.0,9,3,3,12.22,4.32,2.803
20,20.0,2.0,2,5,1,14.52,4.61,-3.962
20,,2.0,2,5,0,20.2,4.62,4.007
66,3.0,2.0,2,17,7,17.14,4.64,-1.137
59,15.0,1.0,5,11,5,13.87,4.81,1.109
106,1.0,5.0,2,23,15,16.33,5.48,-0.683
11,1.0,2.0,2,1,1,13.49,6.82,6.675
42,12.0,3.0,2,9,7,14.37,4.55,-1.709
69,5.0,1.0,8,9,6,17.49,4.44,0.948
35,1.0,5.0,2,3,6,12.45,4.55,-1.947
21,3.0,1.0,21,3,3,16.18,6.89,3.145
76,8.0,4.0,2,13,11,18.89,5.49,-0.839
22,4.0,1.0,22,7,5,15.6,6.75,2.816
53,16.0,2.0,2,9,5,20.03,6.06,-1.482
13,12.0,2.0,2,1,1,19.46,5.54,5.732
18,17.0,6.0,2,1,1,11.45,4.59,-4.05
39,2.0,1.0,4,9,4,16.43,4.72,1.689
49,9.0,4.0,2,5,8,15.42,5.44,-1.396
36,14.0,3.0,2,5,2,17.39,4.17,1.943
114,28.0,1.0,2,27,12,18.49,3.83,-0.56
14,2.0,8.0,2,1,2,13.94,5.3,4.68
29,14.0,5.0,2,5,4,11.53,4.74,-2.459
13,5.0,2.0,13,3,1,11.79,7.73,5.068
30,22.0,5.0,2,5,4,16.3,3.09,-2.377
28,15.0,1.0,11,5,3,15.79,4.65,2.231
121,4.0,2.0,2,24,12,17.65,4.36,-0.052
14,5.0,4.0,2,1,1,15.29,5.51,-4.452
53,2.0,2.0,2,15,7,20.12,4.22,1.271
14,5.0,2.0,2,3,3,13.34,6.48,-5.368
18,2.0,1.0,2,5,2,13.81,4.25,3.702
38,15.0,2.0,2,5,6,15.56,5.31,-1.933
19,3.0,1.0,19,5,5,9.47,5.11,3.45
88,18.0,2.0,2,19,6,16.79,4.88,-0.796
36,3.0,1.0,14,7,7,17.45,6.44,1.763
15,2.0,6.0,2,1,3,15.5,5.53,-4.448
36,11.0,2.0,2,3,3,16.89,5.65,2.085
60,5.0,2.0,2,9,6,17.08,4.03,-1.211
85,4.0,2.0,2,13,8,16.32,4.81,0.835
47,1.0,4.0,2,9,2,18.46,2.91,-1.542
20,14.0,5.0,2,5,2,22.06,6.44,3.792
57,1.0,1.0,2,11,5,20.99,4.84,-1.289
50,6.0,4.0,2,11,5,19.58,4.91,1.364
5,,1.0,5,1,0,19.02,13.37,-14.381
21,15.0,2.0,2,5,2,12.82,5.07,3.371
28,2.0,2.0,2,7,6,20.11,6.85,-2.585
5,4.0,1.0,5,1,1,19.65,13.97,14.386
18,3.0,7.0,2,1,2,16.34,4.49,-4.013
52,16.0,2.0,2,9,3,11.98,4.35,1.418
14,2.0,2.0,2,3,1,21.14,5.7,-5.252
19,1.0,10.0,2,1,2,14.24,4.6,3.576
58,11.0,6.0,2,13,5,16.46,4.22,-1.142
11,2.0,1.0,11,3,4,11.76,5.51,5.698
83,4.0,2.0,2,15,12,20.6,5.01,-0.881
16,1.0,1.0,9,3,2,18.9,6.35,4.464
29,12.0,1.0,2,5,2,16.8,4.74,-2.716
13,5.0,2.0,2,3,2,10.71,5.49,5.291
27,15.0,2.0,2,7,3,8.67,3.3,-2.488
55,2.0,8.0,10,10,6,16.01,4.59,1.213
22,8.0,2.0,2,5,1,12.65,4.28,-3.419
34,28.0,5.0,2,5,2,10.09,4.54,2.109
77,8.0,2.0,2,15,7,20.76,4.18,-0.917
24,1.0,3.0,2,3,5,16.39,7.07,2.765
12,3.0,2.0,2,1,1,10.36,5.82,-5.942
32,1.0,2.0,2,9,7,15.24,5.03,2.429
57,5.0,1.0,47,13,8,20.66,6.51,-1.182
27,10.0,6.0,2,5,4,12.41,4.7,2.537
36,3.0,2.0,17,7,4,12.01,3.87,-1.843
19,4.0,5.0,2,5,3,18.04,6.04,3.622
49,1.0,6.0,2,7,2,12.68,3.35,-1.342
51,1.0,1.0,4,11,9,16.66,4.77,1.292
54,6.0,1.0,20,15,5,14.47,3.33,-1.241
16,1.0,3.0,2,3,4,15.67,4.79,4.537
31,7.0,3.0,2,5,4,11.81,5.9,-2.22
17,2.0,5.0,2,3,1,11.39,5.06,3.801
18,6.0,3.0,2,3,3,14.81,4.72,-4.191
40,13.0,3.0,2,9,5,18.31,3.95,1.932
11,,1.0,2,1,0,13.67,5.96,-6.489
16,,3.0,2,3,0,15.08,5.3,4.532
10,8.0,2.0,10,3,1,16.09,6.47,-6.705
6,,1.0,6,1,0,17.51,9.82,10.111
8,1.0,3.0,2,1,1,19.65,9.45,-8.746
16,16.0,3.0,2,3,1,15.82,4.83,4.775
37,3.0,2.0,2,9,6,17.42,5.06,-1.825
12,12.0,2.0,2,3,1,22.44,8.21,5.761
41,18.0,5.0,2,9,2,10.87,3.25,-1.816
68,5.0,2.0,2,13,7,18.29,4.33,-0.96
14,3.0,7.0,2,1,2,15.81,5.48,4.973
23,13.0,3.0,2,5,4,13.67,4.89,3.014
28,21.0,4.0,2,5,2,16.42,4.65,-2.652
21,12.0,1.0,2,3,2,12.87,4.44,3.455
50,3.0,1.0,2,11,5,18.83,4.51,-1.41
54,5.0,1.0,12,11,8,13.49,5.75,1.174
7,2.0,1.0,7,1,2,15.94,9.41,-9.673
38,13.0,1.0,2,9,3,18.71,4.33,1.77
18,2.0,3.0,2,3,2,20.7,4.82,-3.943
31,30.0,4.0,2,7,1,21.57,5.15,2.097
11,4.0,1.0,2,3,2,20.44,7.44,-6.557
61,1.0,2.0,2,13,7,16.39,5.97,1.185
29,2.0,1.0,3,7,5,17.21,5.61,-2.185
45,6.0,1.0,3,11,3,16.09,3.07,1.482
76,2.0,4.0,2,15,11,18.37,6.22,-0.858
5,,1.0,5,1,0,18.89,12.58,13.115
15,12.0,4.0,2,1,1,14.81,5.56,-4.343
24,17.0,4.0,2,3,1,12.02,4.05,2.871
17,2.0,1.0,5,5,2,10.77,5.44,-4.3
31,7.0,2.0,2,7,3,15.46,5.59,2.286
13,3.0,2.0,2,1,2,16.55,5.3,-5.254
10,4.0,7.0,10,2,3,13.09,6.23,6.111
6,6.0,1.0,6,1,1,15.93,10.25,-10.755
48,3.0,3.0,2,9,6,18.58,3.67,1.521
9,,1.0,2,1,0,15.07,7.51,-7.709
24,17.0,1.0,10,7,1,20.81,5.43,-2.716
4,,1.0,4,1,0,20.77,15.48,16.133
32,3.0,1.0,15,5,5,10.16,4.43,-2.092
18,6.0,2.0,2,3,2,13.31,6.36,3.979
10,2.0,1.0,10,1,2,12.88,5.97,-6.202
72,6.0,3.0,2,17,9,17.41,6.22,0.918
30,1.0,3.0,2,5,6,15.16,4.75,-2.393
91,6.0,2.0,2,21,14,21.21,4.99,0.844
52,1.0,2.0,2,11,9,19.07,5.15,-1.451
22,6.0,2.0,2,3,2,13.66,5.61,3.477
28,2.0,2.0,2,7,5,13.71,4.41,-2.681
33,20.0,5.0,2,7,3,17.49,4.24,2.238
12,10.0,3.0,2,1,1,15.49,5.96,-5.227
18,3.0,8.0,2,3,1,14.38,4.66,3.498
40,1.0,5.0,2,7,8,22.19,5.43,-1.977
35,18.0,3.0,2,5,1,12.79,3.54,2.217
5,4.0,2.0,5,1,1,22.49,12.96,-13.38
10,9.0,2.0,2,1,1,10.87,6.98,6.896
27,11.0,5.0,2,3,5,15.54,5.65,-2.593
14,7.0,2.0,2,3,1,18.31,8.25,5.195
63,1.0,3.0,2,9,6,14.63,4.27,-1.194
73,18.0,8.0,2,11,8,19.96,4.4,0.983
48,14.0,2.0,2,11,6,14.98,5.47,-1.496
26,19.0,7.0,2,5,3,18.19,5.1,2.588
18,8.0,2.0,2,3,2,15.37,4.65,-3.77
21,1.0,2.0,7,5,3,15.67,5.44,3.068
15,2.0,5.0,2,1,2,11.33,5.67,-4.736
17,14.0,2.0,2,3,1,13.19,4.88,4.639
75,1.0,1.0,2,19,11,19.31,3.96,-0.979
77,1.0,2.0,2,17,8,16.56,5.02,0.963
24,7.0,3.0,2,5,1,12.1,4.54,-2.802
14,7.0,3.0,2,3,3,12.27,5.2,4.519
87,8.0,3.0,2,19,12,15.94,4.29,-0.791
45,4.0,2.0,2,9,5,20.9,4.19,-1.483
25,14.0,2.0,2,5,2,18.48,6.33,3.132
47,14.0,6.0,2,7,2,15.51,3.04,-1.525
9,3.0,2.0,2,1,1,14.01,8.62,-7.411
13,,2.0,2,1,0,9.49,5.78,5.677
85,3.0,1.0,12,17,14,19.6,6.64,0.727
20,4.0,1.0,5,5,3,10.26,4.53,-3.285
15,14.0,1.0,3,3,1,10.84,5.65,4.429
90,15.0,2.0,2,17,8,17.24,4.9,-0.8
7,5.0,3.0,2,1,2,18.86,9.33,8.799
11,9.0,5.0,2,1,1,21.25,7.22,-5.669
63,14.0,4.0,2,13,5,18.48,3.29,1.095
57,13.0,2.0,2,11,8,15.95,4.14,-1.255
92,14.0,3.0,2,19,9,16.93,4.97,-0.704
27,1.0,5.0,2,5,5,21.17,7.11,2.44
10,1.0,2.0,2,3,3,23.45,7.27,-7.373
48,1.0,2.0,2,11,5,15.75,5.66,1.618
25,14.0,4.0,2,5,2,21.07,3.87,-2.69
59,23.0,5.0,2,9,6,17.68,5.54,1.179
16,15.0,3.0,2,3,1,15.49,5.04,-4.611
23,2.0,2.0,2,5,3,13.43,4.23,3.019
6,2.0,2.0,2,1,2,22.16,11.49,-11.9
16,1.0,5.0,2,1,2,12.75,5.06,4.591
34,19.0,4.0,2,5,3,13.61,5.23,-2.098
17,9.0,2.0,2,3,2,21.72,6.22,4.655
7,4.0,1.0,7,1,2,15.46,10.06,-10.417
43,5.0,7.0,2,9,5,20.3,4.65,1.432
41,20.0,6.0,2,5,4,14.9,5.38,1.569
73,14.0,2.0,2,11,10,16.21,6.23,-0.916
11,7.0,2.0,2,1,2,14.72,5.87,5.859
35,5.0,1.0,6,7,4,13.79,4.97,-1.832
25,6.0,4.0,2,5,5,11.33,4.51,2.947
9,8.0,1.0,9,1,1,12.58,7.71,-8.16
50,26.0,12.0,2,7,4,15.7,3.71,-1.267
21,4.0,3.0,2,3,3,14.42,6.38,3.132
102,2.0,1.0,2,23,11,19.31,3.8,-0.671
4,4.0,1.0,4,1,1,20.35,15.74,16.411
62,4.0,1.0,5,15,8,17.92,4.74,-1.032
12,1.0,4.0,2,1,2,17.1,6.33,5.872
24,3.0,2.0,24,5,3,13.64,5.47,-3.035
23,8.0,2.0,2,5,1,15.29,4.31,3.364
15,,5.0,2,1,0,17.46,5.12,-4.849
11,5.0,1.0,2,1,2,17.7,7.04,7.354
46,7.0,3.0,2,11,7,19.23,6.36,-1.59
12,10.0,2.0,2,1,1,11.35,6.18,5.599
44,1.0,2.0,2,9,9,21.17,7.83,-1.652
21,3.0,1.0,4,3,2,9.99,3.9,3.019
23,6.0,4.0,2,5,1,14.09,3.85,-3.007
45,1.0,2.0,2,9,6,15.81,3.83,1.495
32,12.0,2.0,2,7,3,17.9,4.95,-2.02
21,7.0,2.0,21,5,2,16.37,5.0,2.954
24,8.0,3.0,2,5,2,17.13,7.45,-2.972
8,3.0,1.0,8,1,2,11.73,7.82,7.899
46,14.0,3.0,2,9,6,13.7,4.28,1.559
27,7.0,2.0,2,5,5,17.3,6.42,-2.783
19,19.0,2.0,2,5,1,11.96,5.44,3.971
13,7.0,4.0,2,1,1,13.83,5.85,-5.364
11,11.0,4.0,2,1,1,12.89,7.66,6.67
72,5.0,2.0,2,15,6,21.54,4.7,-1.065
7,7.0,1.0,2,1,1,18.73,8.87,10.04
16,14.0,2.0,2,5,1,24.43,5.98,-4.983
63,26.0,2.0,2,11,7,18.09,5.28,1.296
19,,2.0,2,3,0,11.02,4.86,-3.895
8,7.0,2.0,2,1,1,13.74,8.6,8.687
12,3.0,3.0,2,1,2,10.37,5.67,-5.471
22,12.0,4.0,2,5,2,12.76,5.06,2.94
25,7.0,4.0,2,5,5,14.58,6.32,-2.677
53,33.0,3.0,2,9,2,18.11,4.39,1.323
12,10.0,2.0,12,3,1,15.85,6.05,-5.25
41,11.0,2.0,2,9,6,15.92,6.5,1.78
26,8.0,2.0,2,7,2,13.01,3.86,-2.952
61,11.0,3.0,2,13,9,16.08,4.91,1.217
8,8.0,1.0,8,1,1,10.54,7.83,-7.907
11,11.0,4.0,2,1,1,16.68,7.32,6.796
16,2.0,1.0,2,3,3,14.59,8.89,-5.046
51,4.0,2.0,2,11,12,18.2,6.48,1.44
11,10.0,3.0,2,1,1,13.68,6.93,-6.448
11,2.0,2.0,2,1,1,12.79,6.37,6.671
25,11.0,3.0,2,5,5,15.34,5.97,-3.066
32,6.0,1.0,16,7,5,13.58,5.1,2.339
22,21.0,3.0,2,3,1,18.25,4.73,-3.477
69,14.0,3.0,2,11,10,15.79,6.17,1.135
49,1.0,4.0,2,7,5,20.49,4.51,-1.577
17,1.0,2.0,2,5,1,17.12,5.28,4.822
10,4.0,1.0,2,3,2,17.38,7.16,-7.225
32,5.0,2.0,2,5,4,13.67,3.33,2.127
26,3.0,2.0,5,5,4,10.18,4.09,-2.476
4,3.0,,4,0,1,21.36,16.8,17.47
44,2.0,1.0,12,11,5,10.03,4.19,-1.655
7,,2.0,2,1,0,19.19,9.42,9.57
31,2.0,2.0,5,7,6,16.53,6.3,2.115
50,4.0,3.0,2,13,6,15.18,3.7,-1.329
31,6.0,4.0,2,5,4,14.49,3.89,2.282
19,3.0,1.0,5,5,4,12.61,6.07,-4.044
30,3.0,1.0,21,5,7,22.0,7.82,2.363
65,6.0,2.0,2,15,5,18.87,5.3,1.069
15,,4.0,2,1,0,15.26,5.26,-4.511
18,3.0,2.0,2,3,2,11.83,4.81,4.294
11,10.0,2.0,2,1,1,12.88,7.39,-7.274
33,15.0,1.0,2,9,4,11.76,3.67,2.152
51,11.0,1.0,24,11,8,16.3,5.78,-1.306
49,6.0,2.0,2,13,5,11.12,3.02,1.506
22,3.0,2.0,2,5,1,12.43,4.73,-3.11
77,1.0,2.0,2,17,9,15.81,5.19,0.988
34,14.0,2.0,2,3,5,15.56,6.23,-2.285
22,16.0,3.0,2,5,2,13.3,5.0,3.217
31,14.0,1.0,5,7,1,16.03,3.64,-2.185
37,6.0,1.0,16,9,6,16.5,5.98,1.889
24,15.0,1.0,24,3,3,11.24,2.92,-2.672
7,2.0,2.0,7,1,1,12.69,9.25,9.642
53,8.0,2.0,11,11,6,18.11,6.86,-1.183
12,11.0,3.0,2,1,1,16.08,6.03,5.892
13,12.0,1.0,2,3,1,15.16,5.71,-5.904
12,1.0,1.0,2,3,1,12.24,6.09,6.189
31,18.0,5.0,2,5,4,14.26,5.92,-2.119
32,2.0,1.0,2,7,4,12.32,3.48,2.207
8,5.0,2.0,2,1,1,17.96,8.55,-8.58
23,2.0,1.0,4,5,2,13.12,5.51,2.946
27,9.0,1.0,8,7,2,15.49,5.06,-2.517
19,10.0,7.0,2,3,2,20.11,5.54,3.732
46,23.0,11.0,2,7,4,16.03,5.07,-1.464
13,1.0,2.0,2,1,3,11.51,5.38,5.379
5,4.0,2.0,5,1,1,20.2,12.66,-13.761
106,6.0,2.0,2,21,11,14.11,4.74,0.759
21,4.0,6.0,2,3,3,14.41,4.85,-3.647
13,9.0,1.0,13,1,1,15.49,5.71,6.136
8,8.0,1.0,2,1,1,19.06,8.8,-9.668
18,3.0,2.0,2,3,3,10.32,4.11,3.971
27,1.0,1.0,5,7,4,18.73,4.55,-2.282
43,2.0,1.0,2,11,8,13.2,4.19,1.557
38,8.0,2.0,2,7,2,21.53,4.51,-2.175
40,4.0,2.0,2,11,4,20.6,5.04,2.046
33,13.0,3.0,2,9,3,16.31,3.42,-2.281
37,19.0,2.0,2,7,5,19.38,7.26,2.005
34,11.0,2.0,2,7,3,13.53,4.29,-2.064
17,2.0,2.0,17,3,3,8.8,4.4,3.93
14,6.0,5.0,2,3,1,21.96,5.61,-4.515
115,17.0,6.0,2,27,12,18.99,4.72,0.639
13,6.0,2.0,2,3,2,16.48,5.93,-5.546
57,2.0,1.0,3,15,6,16.28,4.21,1.087
49,9.0,3.0,2,11,6,12.09,5.23,-1.297
30,7.0,2.0,30,7,4,16.69,6.38,2.187
15,6.0,1.0,15,3,2,12.47,8.17,-4.392
97,9.0,2.0,2,15,16,22.12,5.93,0.747
47,15.0,2.0,2,9,5,14.53,5.02,-1.658
11,9.0,1.0,11,1,1,11.94,6.28,6.64
44,25.0,2.0,2,9,3,21.28,6.34,-1.784
43,5.0,1.0,12,13,6,12.19,3.82,1.645
11,10.0,2.0,2,1,1,11.23,6.69,-6.822
21,9.0,1.0,2,5,2,15.23,4.87,3.479
27,19.0,2.0,2,5,2,14.35,5.3,-2.457
24,4.0,2.0,6,5,2,11.9,4.03,2.638
9,,1.0,9,1,0,13.16,7.21,-7.581
21,2.0,3.0,2,3,3,16.12,4.41,3.138
39,8.0,3.0,2,9,5,14.21,5.68,-1.73
48,1.0,4.0,2,11,7,11.03,4.43,-1.415
55,10.0,2.0,2,15,7,12.57,3.27,1.298
42,13.0,2.0,2,13,4,12.9,3.78,-1.644
61,11.0,3.0,2,11,11,10.24,4.02,1.141
15,2.0,3.0,2,3,1,19.88,6.46,4.49
32,5.0,1.0,6,7,4,15.29,5.56,-1.925
82,1.0,3.0,2,15,10,15.36,4.45,0.824
32,1.0,5.0,2,7,4,15.19,4.51,-2.104
40,5.0,2.0,26,7,3,18.87,5.61,1.579
34,4.0,1.0,5,7,4,20.07,6.56,-1.903
11,3.0,1.0,11,3,3,12.45,5.87,5.949
10,8.0,2.0,10,1,1,9.49,6.03,-6.146
17,2.0,4.0,2,3,2,15.29,5.99,-3.965
14,13.0,3.0,2,3,1,22.63,6.63,-5.199
26,3.0,2.0,2,5,5,17.03,4.08,2.96
25,9.0,1.0,10,5,4,17.87,5.94,-2.794
31,9.0,1.0,2,7,4,14.76,5.44,2.092
21,8.0,2.0,2,3,2,14.0,4.67,-3.458
10,1.0,4.0,2,1,3,19.96,8.1,6.867
45,22.0,5.0,2,7,4,11.95,4.53,-1.495
39,19.0,3.0,2,5,2,12.42,3.08,1.873
24,2.0,5.0,2,5,3,14.58,5.12,-2.545
26,7.0,3.0,2,7,2,14.48,4.33,2.592
28,1.0,1.0,28,9,4,12.34,4.91,-2.454
12,11.0,1.0,12,1,1,8.95,5.96,6.225
51,5.0,1.0,7,11,7,16.6,5.63,-1.411
17,16.0,2.0,2,3,1,17.48,6.39,4.523
14,3.0,1.0,7,3,3,19.08,6.69,-4.759
60,8.0,1.0,23,11,7,13.98,5.32,1.12
13,11.0,1.0,13,3,1,11.19,5.74,4.778
17,3.0,2.0,2,3,2,15.89,5.93,4.151
8,7.0,1.0,8,1,1,15.09,8.61,-9.333
5,4.0,1.0,5,1,1,18.77,13.31,14.24
23,21.0,5.0,2,3,1,15.34,4.65,-3.059
121,2.0,2.0,2,28,16,15.72,4.58,0.262
10,,3.0,2,1,0,15.76,9.01,-7.614
23,2.0,1.0,2,5,4,15.88,6.45,3.163
107,1.0,5.0,2,23,14,19.27,5.43,-0.594
48,17.0,3.0,2,9,3,11.17,4.5,1.363
14,9.0,3.0,2,3,2,17.5,5.94,-4.483
5,3.0,1.0,5,1,1,22.12,13.44,14.153
87,2.0,7.0,2,15,9,12.73,3.76,0.731
61,3.0,2.0,2,11,12,17.26,5.25,-1.157
27,8.0,1.0,2,5,3,20.59,6.77,2.303
37,3.0,2.0,10,9,7,18.43,6.74,-1.984
41,5.0,9.0,41,6,7,18.5,5.71,1.577
19,13.0,1.0,2,7,2,18.1,5.1,-3.768
22,14.0,3.0,2,7,3,12.04,3.93,3.291
52,4.0,1.0,12,11,7,15.22,3.58,-1.343
26,16.0,1.0,16,3,3,19.78,6.79,2.73
52,1.0,1.0,3,11,10,17.43,4.94,-1.295
14,,3.0,2,1,0,14.18,5.74,5.226
41,14.0,3.0,2,7,4,18.12,5.36,1.743
12,11.0,2.0,12,1,1,12.42,5.77,-6.051
4,2.0,1.0,4,1,1,26.29,17.54,19.484
35,15.0,2.0,2,7,4,12.98,4.93,-2.256
19,2.0,1.0,2,5,2,14.52,5.12,3.636
14,,2.0,2,1,0,15.93,5.58,-5.359
9,,1.0,9,1,0,10.58,7.19,7.46
15,3.0,1.0,3,3,2,16.2,6.06,-4.377
10,2.0,1.0,10,1,2,12.09,6.46,6.789
78,12.0,3.0,2,15,11,18.15,4.87,-0.912
10,1.0,4.0,2,1,1,15.73,7.98,7.032
48,20.0,5.0,2,9,8,22.16,4.24,-1.776
61,1.0,1.0,2,11,7,12.62,3.56,1.302
42,2.0,2.0,2,9,5,17.94,6.31,-1.855
37,16.0,2.0,2,5,2,13.45,4.91,2.01
100,23.0,3.0,2,23,11,16.32,4.47,-0.684
42,6.0,2.0,2,11,7,20.44,6.88,1.732
32,3.0,1.0,5,5,6,19.57,7.65,-2.276
33,1.0,1.0,22,3,6,16.02,5.6,2.04
29,3.0,1.0,6,7,5,14.27,4.13,-2.264
83,16.0,3.0,2,13,9,17.06,4.78,0.841
42,2.0,5.0,2,9,3,11.82,3.56,-1.619
46,1.0,2.0,2,9,8,17.12,5.25,1.507
62,13.0,1.0,11,17,8,18.07,5.6,-1.199
29,7.0,1.0,2,9,3,7.9,3.33,2.678
95,16.0,2.0,2,21,12,21.86,4.55,-0.829
61,25.0,2.0,2,15,4,14.61,3.72,1.195
30,2.0,3.0,2,7,5,16.97,5.58,-2.155
31,7.0,1.0,8,5,4,11.65,4.49,2.293
8,7.0,2.0,8,1,1,12.26,8.15,-8.57
78,2.0,2.0,2,19,11,17.52,4.92,0.913
10,2.0,1.0,10,1,3,11.05,6.27,-6.612
7,,2.0,2,1,0,20.47,8.78,9.628
28,18.0,3.0,2,5,2,15.95,4.96,-2.681
6,,1.0,6,1,0,13.51,10.12,10.79
14,2.0,1.0,4,3,2,19.39,5.87,-4.458
13,2.0,1.0,13,3,2,8.79,4.95,5.139
9,8.0,3.0,2,1,1,18.09,9.92,7.315
15,,2.0,2,3,0,16.65,7.16,-4.627
51,2.0,1.0,2,11,6,16.6,4.67,1.297
6,4.0,1.0,6,1,1,16.08,10.26,-10.413
53,13.0,3.0,2,13,8,12.52,4.42,-1.243
32,4.0,2.0,9,7,6,14.37,4.15,2.213
24,4.0,1.0,2,3,3,14.9,4.1,-3.313
24,23.0,2.0,2,3,1,15.94,4.52,3.47
52,13.0,1.0,2,9,7,18.71,5.73,-1.433
24,1.0,3.0,2,5,4,21.63,4.86,2.974
9,2.0,4.0,2,1,2,20.08,8.7,8.122
79,17.0,2.0,2,17,5,16.3,3.39,-0.995
41,9.0,4.0,2,5,9,15.57,5.13,1.931
70,6.0,2.0,2,13,5,16.79,3.63,-1.126
23,11.0,1.0,23,5,3,14.77,6.55,3.155
41,2.0,1.0,2,7,5,12.84,3.77,-1.762
106,5.0,2.0,2,19,13,15.85,5.25,0.622
53,5.0,2.0,2,9,7,12.56,4.85,-1.352
36,3.0,1.0,2,9,6,13.09,4.9,2.143
39,2.0,3.0,2,9,6,19.19,5.13,-1.916
4,3.0,1.0,4,1,1,21.25,15.77,16.62
14,6.0,1.0,14,3,3,9.62,5.85,-5.154
31,8.0,1.0,16,5,4,13.72,5.71,2.387
15,2.0,2.0,2,1,2,12.75,4.59,-4.734
28,16.0,2.0,2,7,2,13.63,3.82,2.427
121,8.0,1.0,23,23,21,14.38,5.25,-0.246
18,2.0,5.0,2,1,3,11.52,4.88,4.205
23,,2.0,2,3,0,11.28,3.84,-3.079
34,2.0,2.0,27,7,3,13.61,6.85,1.987
68,4.0,2.0,10,15,7,15.46,3.92,-1.048
12,2.0,2.0,12,1,3,11.9,5.96,6.169
10,4.0,3.0,2,1,1,11.7,7.95,-7.099
69,1.0,2.0,2,15,9,18.01,5.91,1.022
7,,2.0,2,1,0,18.57,10.03,-10.587
26,1.0,3.0,2,5,5,11.23,3.57,2.685
33,13.0,2.0,2,7,3,20.69,7.09,-2.22
26,3.0,1.0,13,5,3,13.31,4.72,2.615
16,8.0,2.0,9,3,2,16.88,8.91,4.172
59,2.0,6.0,2,11,5,14.94,4.23,-1.232
6,3.0,1.0,6,1,2,18.32,11.53,12.311
16,,3.0,2,3,0,17.87,5.67,-4.85
12,2.0,2.0,2,1,3,19.3,6.23,6.526
48,10.0,1.0,27,11,6,13.99,5.25,-1.408
17,12.0,2.0,2,3,1,19.06,5.45,4.395
15,15.0,3.0,2,3,1,18.44,5.75,-4.72
69,3.0,1.0,10,15,8,14.91,5.26,0.971
21,2.0,3.0,21,4,3,19.13,5.75,-3.155
51,2.0,4.0,2,11,8,22.11,6.53,1.477
71,10.0,3.0,2,15,9,13.9,3.39,-1.016
14,,2.0,2,3,0,15.35,6.15,5.254
39,1.0,1.0,4,9,3,16.27,5.62,-1.749
12,6.0,4.0,2,1,1,20.26,6.89,6.151
76,11.0,2.0,2,13,9,20.98,6.63,-1.048
20,1.0,1.0,20,5,3,23.48,4.86,3.547
32,9.0,2.0,32,7,4,15.82,5.88,-2.182
17,14.0,2.0,2,3,1,12.36,5.39,4.469
37,2.0,5.0,2,9,6,11.51,3.72,-1.911
21,1.0,3.0,2,3,3,15.38,4.29,3.628
72,3.0,3.0,2,13,7,17.68,5.36,-0.98
59,2.0,2.0,2,11,12,17.76,6.07,1.235
7,2.0,1.0,7,1,1,12.68,9.41,-10.29
14,2.0,6.0,2,1,3,14.18,6.08,5.5
28,2.0,1.0,23,5,4,20.18,7.65,-2.504
60,21.0,3.0,2,15,5,17.92,4.5,1.143
54,4.0,5.0,2,11,6,16.15,5.42,-1.338
14,3.0,5.0,2,1,1,20.19,6.4,4.973
30,1.0,6.0,2,3,5,18.41,5.75,-2.385
10,7.0,2.0,2,1,1,11.47,6.89,7.067
6,,1.0,6,1,0,13.56,10.48,-10.885
16,7.0,2.0,2,3,3,19.27,6.93,4.654
17,4.0,1.0,17,5,3,14.52,7.53,-4.337
22,15.0,1.0,2,5,3,11.7,4.55,3.706
43,17.0,6.0,2,9,4,21.65,5.09,-1.651
14,9.0,4.0,2,1,2,14.39,5.89,5.018
6,5.0,,6,0,1,16.16,10.74,-11.012
34,5.0,2.0,2,7,3,15.8,6.07,2.175
37,15.0,2.0,2,9,5,23.05,5.69,-1.954
29,4.0,1.0,21,5,6,17.42,7.53,2.522
13,,1.0,13,1,0,9.13,4.83,-4.952
26,25.0,3.0,2,3,1,11.32,3.6,2.567
12,3.0,1.0,12,1,2,9.16,5.04,-5.168
14,14.0,3.0,2,3,1,14.98,5.98,5.281
20,17.0,2.0,2,5,1,14.15,3.98,-3.595
18,3.0,6.0,2,1,1,11.46,4.79,-3.671
91,14.0,2.0,2,19,12,15.56,5.78,0.811
29,10.0,3.0,2,3,3,15.24,6.58,-2.32
9,,4.0,2,1,0,19.66,9.12,8.22
28,5.0,1.0,16,5,5,15.35,6.54,-2.529
12,6.0,2.0,2,3,2,17.24,6.45,5.97
78,41.0,2.0,2,17,6,20.5,4.86,-0.928
25,17.0,2.0,2,3,3,10.75,4.5,2.706
20,2.0,1.0,8,5,3,20.73,6.43,-3.459
45,7.0,2.0,2,9,7,20.08,6.51,1.61
16,9.0,1.0,16,5,2,15.09,4.93,-4.165
5,3.0,1.0,5,1,1,20.48,13.28,14.093
39,18.0,1.0,2,9,2,11.53,4.4,-1.981
19,2.0,1.0,7,5,3,18.54,5.74,3.497
55,12.0,3.0,2,13,7,23.67,4.77,-1.367
7,3.0,1.0,7,1,1,12.77,9.06,9.651
13,3.0,2.0,2,3,1,16.56,6.03,-5.547
75,7.0,2.0,2,15,7,18.98,4.95,0.927
32,1.0,5.0,2,7,4,12.7,4.05,-2.219
15,4.0,1.0,2,1,3,15.63,4.53,4.654
15,4.0,2.0,15,3,2,14.71,4.41,4.184
9,1.0,1.0,9,3,1,12.9,6.8,-7.226
5,2.0,1.0,5,1,1,17.93,12.86,13.463
83,5.0,1.0,14,15,8,17.3,5.27,-0.833
53,1.0,2.0,2,9,7,17.26,5.4,1.405
12,12.0,2.0,2,3,1,21.33,7.73,-6.088
27,2.0,1.0,9,7,4,9.9,4.28,2.602
101,8.0,3.0,2,19,9,18.16,4.78,-0.745
34,10.0,2.0,2,9,5,11.25,4.03,2.097
121,19.0,4.0,2,26,13,20.45,4.85,-0.337
22,15.0,2.0,2,3,2,10.82,5.03,3.356
38,3.0,2.0,2,7,2,16.48,3.5,-1.932
14,4.0,2.0,2,3,1,18.89,5.31,5.388
102,4.0,3.0,2,23,14,19.83,4.68,-0.728
72,8.0,1.0,25,13,8,18.96,6.14,1.014
12,,4.0,2,1,0,13.42,6.69,-6.558
12,12.0,2.0,2,3,1,17.69,6.46,6.372
8,3.0,1.0,8,3,2,19.38,9.25,-8.378
10,8.0,2.0,2,1,1,11.27,6.81,7.123
6,,2.0,2,1,0,21.3,12.6,-12.049
65,1.0,2.0,2,13,12,19.42,6.13,1.133
16,3.0,1.0,2,3,3,17.22,6.79,-4.765
56,1.0,2.0,2,12,8,16.75,3.32,1.155
33,10.0,3.0,2,7,4,15.32,5.24,-2.257
43,1.0,9.0,2,11,3,18.12,3.47,1.654
22,12.0,2.0,2,4,1,11.26,4.47,-2.932
22,2.0,1.0,22,7,5,15.72,5.16,3.122
46,3.0,1.0,2,5,8,16.02,4.92,-1.474
20,8.0,1.0,20,5,1,17.31,5.96,3.332
10,2.0,2.0,2,1,2,16.93,7.5,-7.795
41,9.0,3.0,2,9,3,11.87,3.84,1.84
16,3.0,5.0,2,1,1,11.47,4.79,-3.918
25,1.0,1.0,10,5,3,21.0,5.29,2.934
9,,2.0,2,1,0,15.22,8.07,-8.207
13,,4.0,2,1,0,18.77,6.43,5.95
8,,1.0,2,1,0,17.25,9.36,-9.646
19,3.0,1.0,19,5,2,10.04,4.52,3.371
18,3.0,8.0,2,3,2,12.6,4.41,-3.47
30,15.0,1.0,7,7,2,20.3,5.77,2.197
11,11.0,3.0,2,1,1,16.5,6.81,-6.707
71,9.0,2.0,2,13,13,18.08,5.42,1.063
58,1.0,3.0,2,13,9,18.4,5.7,-1.27
6,4.0,1.0,6,1,1,17.06,11.85,12.416
68,14.0,1.0,5,17,5,16.43,4.5,-0.998
9,,3.0,2,1,0,17.42,8.12,7.798
77,2.0,5.0,2,17,9,20.35,4.8,-0.88
29,9.0,2.0,11,5,3,18.33,6.77,2.406
11,11.0,2.0,2,1,1,12.99,6.78,-6.775
30,15.0,2.0,2,7,1,20.12,5.21,2.362
31,23.0,6.0,2,7,1,14.78,4.77,-2.142
31,12.0,3.0,2,3,7,12.68,5.88,2.297
20,5.0,1.0,3,7,1,10.99,3.76,-3.26
84,2.0,3.0,2,19,10,14.35,4.18,0.899
8,8.0,1.0,8,1,1,11.07,7.52,-7.836
17,7.0,3.0,2,3,2,16.79,5.65,4.248
85,5.0,2.0,45,23,9,14.32,4.78,-0.805
6,5.0,2.0,6,1,1,17.49,11.3,-10.948
50,5.0,2.0,2,13,8,13.61,4.23,1.453
36,17.0,3.0,2,5,2,16.46,3.36,-2.137
20,7.0,1.0,20,5,3,12.84,6.37,3.6
11,6.0,1.0,11,1,2,10.45,5.96,-6.34
11,10.0,1.0,11,1,1,9.25,5.73,5.772
69,15.0,3.0,2,13,7,13.97,4.75,-1.038
25,4.0,1.0,25,5,5,14.03,6.69,2.705
7,5.0,2.0,7,1,1,16.96,9.62,-9.816
27,1.0,2.0,2,9,6,15.56,3.53,2.612
25,15.0,1.0,5,5,2,12.17,5.01,-2.848
41,5.0,9.0,2,7,3,14.58,4.26,1.763
92,22.0,2.0,2,23,8,17.14,3.78,-0.828
47,4.0,2.0,2,7,4,14.74,5.55,1.566
32,6.0,2.0,2,7,6,10.8,4.03,-2.381
26,24.0,4.0,2,3,1,11.33,4.58,2.931
29,,3.0,2,3,0,15.4,6.4,-2.56
12,1.0,4.0,2,1,2,15.22,7.4,5.474
45,1.0,5.0,2,7,7,11.74,3.28,-1.482
86,2.0,4.0,2,19,11,16.28,5.34,0.766
29,3.0,4.0,2,7,2,15.86,4.53,-2.328
32,7.0,1.0,4,9,4,13.0,3.51,2.079
59,20.0,4.0,2,11,5,15.8,5.08,-1.245
29,24.0,3.0,2,5,2,11.18,4.06,2.609
31,2.0,2.0,8,5,4,10.72,4.63,-2.194
37,10.0,3.0,2,11,4,14.98,4.17,1.91
8,2.0,1.0,2,1,1,11.86,8.74,-9.347
26,2.0,6.0,2,5,5,12.4,4.0,2.635
100,18.0,4.0,2,19,10,16.62,4.08,-0.711
25,24.0,3.0,2,7,1,12.2,3.98,2.808
7,2.0,1.0,7,1,1,16.47,9.11,-9.538
30,1.0,3.0,2,7,6,12.48,4.37,2.359
10,6.0,1.0,10,3,1,18.39,10.35,-6.393
36,1.0,7.0,2,7,5,13.89,4.01,1.911
59,1.0,4.0,2,13,8,14.34,5.04,-1.158
23,1.0,3.0,2,7,3,11.38,4.63,3.071
53,2.0,2.0,2,9,6,18.99,3.79,-1.292
11,5.0,6.0,11,2,2,17.67,7.84,6.349
110,6.0,1.0,20,23,16,15.51,5.14,-0.681
20,2.0,5.0,2,3,4,15.34,4.37,3.614
44,15.0,4.0,2,9,2,15.88,4.61,-1.659
13,2.0,2.0,2,3,3,17.68,5.75,5.993
9,2.0,1.0,9,1,2,11.89,8.25,-8.63
53,1.0,2.0,2,13,9,10.93,4.83,1.305
17,16.0,4.0,2,1,1,12.0,5.06,-4.195
49,14.0,4.0,2,11,6,18.64,5.35,1.324
22,2.0,2.0,2,5,2,18.96,4.37,-3.181
22,6.0,2.0,7,5,2,18.62,6.17,3.042
11,3.0,4.0,2,1,3,13.21,6.85,-6.319
13,1.0,4.0,2,3,3,26.41,6.62,-4.946
33,12.0,1.0,2,7,3,11.91,4.66,2.191
37,2.0,2.0,2,9,5,17.47,5.6,-1.891
21,13.0,1.0,8,5,2,15.81,5.03,3.01
18,18.0,6.0,2,1,1,11.85,4.38,-3.475
8,,2.0,2,1,0,13.0,8.07,7.913
17,3.0,2.0,2,3,2,17.01,6.64,-4.438
12,12.0,3.0,2,3,1,19.83,7.53,5.946
41,19.0,1.0,20,7,2,13.94,4.5,-1.628
8,6.0,1.0,8,1,1,14.63,7.52,7.6
17,10.0,5.0,2,3,2,19.45,6.74,-3.697
25,14.0,1.0,6,5,2,14.56,3.9,2.873
60,4.0,1.0,16,9,7,16.95,6.12,-1.084
4,4.0,1.0,4,1,1,23.72,16.11,17.833
16,8.0,2.0,2,3,2,13.05,5.41,-4.956
8,,2.0,2,1,0,13.88,9.02,9.084
12,2.0,4.0,2,1,2,17.5,6.93,-6.168
31,8.0,1.0,2,5,4,16.19,4.22,2.37
24,1.0,3.0,2,5,2,10.31,3.85,-3.348
19,2.0,5.0,2,3,1,12.05,4.2,3.677
49,5.0,1.0,6,9,3,12.2,4.74,-1.298
35,8.0,3.0,2,9,2,18.07,4.68,2.238
16,5.0,2.0,2,1,3,11.74,4.8,-4.907
27,3.0,1.0,9,5,4,9.82,4.39,2.67
86,9.0,3.0,2,17,11,15.26,4.3,-0.751
27,2.0,2.0,2,5,3,16.72,3.87,2.554
60,13.0,4.0,2,11,8,15.33,4.8,-1.056
10,10.0,2.0,10,1,1,10.92,6.79,6.842
12,7.0,3.0,2,1,2,11.32,6.24,-5.573
12,7.0,1.0,12,3,3,10.89,5.52,5.801
7,3.0,1.0,7,1,2,14.27,9.33,-9.617
23,10.0,3.0,2,3,3,10.39,4.15,2.748
84,1.0,3.0,2,13,11,14.03,4.48,-0.852
10,2.0,1.0,10,3,1,18.97,7.26,6.353
40,12.0,3.0,2,7,6,20.65,7.78,-1.9
10,,2.0,2,1,0,17.01,7.14,7.183
11,2.0,1.0,5,3,2,16.82,6.11,-6.052
63,22.0,1.0,16,15,8,15.29,3.97,1.037
32,5.0,2.0,8,7,3,9.02,4.14,-2.002
50,9.0,1.0,38,11,8,12.63,4.88,-1.266
10,,4.0,2,1,0,16.66,7.64,6.868
5,5.0,1.0,5,1,1,19.39,11.64,-13.006
33,18.0,5.0,2,3,2,14.38,4.71,2.335
17,2.0,5.0,2,1,1,12.47,5.2,-4.407
27,3.0,2.0,2,9,5,15.75,5.55,2.783
121,5.0,1.0,13,17,17,19.96,5.76,-0.513
37,1.0,4.0,2,5,4,14.87,5.06,1.705
10,,2.0,10,1,0,12.57,5.8,6.048
13,2.0,2.0,13,3,3,14.6,5.23,-5.256
11,7.0,1.0,11,3,1,12.47,6.09,5.869
11,,1.0,11,1,0,12.61,5.71,-6.008
16,7.0,1.0,2,3,1,15.32,4.53,4.327
5,1.0,1.0,5,1,1,19.49,12.11,-12.881
16,16.0,4.0,2,1,1,11.95,5.46,4.284
58,3.0,3.0,2,15,5,18.68,4.12,-1.199
35,16.0,3.0,2,3,3,14.81,6.01,2.076
11,4.0,1.0,11,3,2,13.55,5.86,-6.284
28,4.0,2.0,28,7,4,18.33,6.97,2.634
47,1.0,7.0,2,7,3,15.64,3.18,-1.571
86,2.0,2.0,2,19,8,13.3,4.54,0.822
53,1.0,1.0,53,11,6,17.73,6.25,-1.397
15,1.0,2.0,2,3,1,15.53,5.3,4.994
58,7.0,1.0,19,11,7,17.58,3.59,-1.155
13,8.0,3.0,2,1,1,10.81,6.46,6.042
9,2.0,2.0,2,1,2,17.35,8.36,-8.06
12,12.0,1.0,12,3,1,15.01,5.36,5.236
32,3.0,5.0,2,7,2,17.66,3.76,-2.034
37,27.0,2.0,2,7,2,19.49,8.15,1.993
38,12.0,4.0,2,5,5,8.56,4.4,-1.905
11,10.0,1.0,11,1,1,10.38,5.68,6.066
4,,1.0,4,1,0,20.42,15.19,-16.315
35,6.0,2.0,2,9,5,11.1,3.44,1.92
14,4.0,1.0,14,3,3,12.3,5.38,-5.318
67,22.0,2.0,2,15,3,16.42,3.93,1.122
67,5.0,4.0,2,15,9,17.56,4.99,-0.951
10,,1.0,10,3,0,11.85,6.76,7.136
42,1.0,1.0,2,9,4,21.25,5.48,-1.68
33,10.0,2.0,2,7,2,8.87,2.93,2.197
13,,3.0,2,3,0,19.6,7.28,-5.155
6,1.0,2.0,6,1,1,19.79,11.07,11.468
9,,2.0,2,1,0,16.28,7.39,-7.726
26,9.0,2.0,2,5,1,16.19,4.47,2.803
48,2.0,1.0,2,11,3,11.06,3.71,-1.488
22,2.0,2.0,2,3,2,19.38,6.3,-3.34
23,1.0,3.0,2,5,2,11.04,3.57,3.316
70,1.0,5.0,2,11,2,19.87,3.36,-1.044
57,21.0,3.0,2,11,3,15.43,4.23,1.249
12,4.0,5.0,2,1,1,19.94,6.69,-6.197
42,1.0,3.0,2,9,6,10.12,3.57,1.884
12,2.0,1.0,12,3,3,12.06,5.75,-5.493
22,,6.0,2,3,0,17.82,4.66,2.995
12,3.0,1.0,12,3,3,12.4,6.42,-5.624
4,1.0,1.0,4,1,1,22.53,16.8,17.311
121,19.0,3.0,2,22,11,16.71,5.56,-0.344
19,1.0,4.0,2,3,3,11.69,4.51,-3.345
56,3.0,7.0,2,5,4,13.28,4.49,1.203
30,1.0,2.0,30,7,6,14.76,7.3,-2.469
15,,2.0,2,3,0,15.37,4.83,4.814
25,2.0,1.0,14,3,5,16.8,5.77,-2.712
13,11.0,5.0,2,1,1,11.55,5.94,5.455
16,10.0,1.0,2,3,1,18.41,4.33,-4.427
24,3.0,12.0,2,3,2,10.92,3.82,3.021
19,8.0,1.0,19,1,2,6.36,3.53,-3.617
64,2.0,4.0,2,11,4,15.4,5.26,1.076
24,2.0,2.0,2,5,3,11.96,3.86,-3.021
110,14.0,2.0,2,21,13,16.46,4.91,0.687
12,10.0,2.0,2,1,1,13.23,5.47,-5.359
16,10.0,2.0,2,3,2,17.22,7.33,4.034
34,7.0,4.0,2,5,3,9.32,3.66,-1.945
8,2.0,3.0,2,1,1,18.4,9.53,8.587
39,1.0,4.0,2,5,5,16.81,5.84,-1.78
18,3.0,1.0,18,3,3,14.53,7.67,3.785
116,4.0,1.0,2,23,14,20.59,3.96,-0.575
58,5.0,2.0,2,9,5,14.38,3.53,1.234
23,2.0,4.0,2,3,2,16.6,6.58,-3.326
9,,1.0,9,1,0,10.57,7.37,7.727
26,13.0,3.0,2,5,2,20.78,6.17,-2.664
13,4.0,1.0,6,3,2,18.36,9.02,5.762
26,5.0,2.0,2,5,4,14.35,5.14,-3.247
17,8.0,1.0,17,3,3,13.44,7.36,4.41
53,16.0,2.0,2,9,6,13.27,4.37,-1.354
25,24.0,3.0,2,5,1,13.53,5.42,2.762
22,1.0,3.0,2,3,3,19.96,6.98,-3.613
20,1.0,2.0,2,3,1,15.46,4.74,3.898
19,4.0,1.0,2,3,3,16.93,4.16,-3.656
28,1.0,2.0,2,7,5,15.38,5.16,2.4
16,12.0,4.0,2,3,1,15.31,5.07,-4.409
51,18.0,3.0,2,11,4,12.5,3.47,1.579
14,3.0,5.0,2,1,1,12.32,5.3,-5.117
9,2.0,2.0,2,1,1,16.48,8.46,8.586
7,,1.0,7,1,0,14.12,9.5,-9.804
11,10.0,2.0,2,1,1,15.86,5.66,5.703
13,13.0,3.0,2,1,1,14.48,6.28,5.524
14,,2.0,2,3,0,11.21,5.38,-5.077
58,2.0,3.0,2,15,5,15.26,2.8,1.203
13,6.0,2.0,7,3,2,22.35,8.13,5.173
61,1.0,1.0,4,17,12,14.39,3.97,-1.171
33,8.0,2.0,2,7,2,16.73,4.72,2.184
8,8.0,2.0,2,1,1,18.87,8.99,-9.017
18,15.0,2.0,2,3,2,12.07,5.38,3.966
14,9.0,3.0,2,1,1,12.33,5.2,-4.473
41,7.0,3.0,2,7,8,18.23,5.64,1.619
13,,5.0,2,1,0,16.5,6.26,-5.444
13,11.0,2.0,2,3,1,16.13,6.98,6.144
61,13.0,1.0,2,9,8,17.91,5.61,-1.16
9,4.0,1.0,9,3,2,15.37,8.66,7.704
27,1.0,2.0,2,9,5,11.69,3.2,-2.684
74,10.0,2.0,2,13,6,14.5,4.43,0.951
46,1.0,1.0,9,9,7,16.28,6.19,-1.474
24,13.0,2.0,24,5,3,10.06,3.33,3.198
37,5.0,2.0,2,9,5,13.53,4.26,-1.814
28,5.0,1.0,12,7,4,14.12,5.81,2.172
56,5.0,5.0,2,13,6,16.74,5.19,-1.157
36,1.0,3.0,2,5,6,14.54,5.85,1.949
25,14.0,1.0,14,5,3,12.73,3.77,-2.531
14,2.0,9.0,14,2,2,14.46,5.55,4.83
15,,1.0,15,1,0,10.69,4.78,-4.95
57,2.0,2.0,2,13,7,10.63,4.21,1.334
67,8.0,1.0,19,15,10,16.64,4.77,-1.134
15,14.0,3.0,2,1,1,9.68,5.18,4.951
30,17.0,3.0,2,7,3,10.1,4.37,-2.442
18,1.0,3.0,2,3,3,13.09,7.5,-3.865
29,3.0,2.0,2,5,2,10.48,4.19,2.4
9,9.0,3.0,2,1,1,14.44,9.44,-8.365
9,9.0,2.0,2,1,1,13.99,8.04,8.344
39,1.0,3.0,2,7,4,13.06,4.22,-1.954
25,9.0,1.0,16,3,3,18.5,7.7,2.446
29,1.0,5.0,2,3,3,11.08,4.72,-2.267
40,1.0,3.0,2,9,8,17.75,5.32,1.863
23,12.0,2.0,2,5,2,12.72,4.25,-3.467
64,19.0,4.0,2,11,7,14.18,3.0,1.13
34,1.0,4.0,2,7,3,12.39,3.04,-2.184
9,4.0,2.0,2,1,2,17.65,9.31,9.083
54,15.0,1.0,30,13,8,14.71,6.49,-1.37
30,1.0,2.0,2,4,3,14.9,5.43,2.236
121,21.0,3.0,2,27,10,16.61,4.71,-0.476
14,3.0,2.0,2,3,2,9.91,5.91,-4.477
31,3.0,1.0,2,7,6,12.26,4.36,2.265
13,13.0,2.0,2,3,1,13.03,5.91,-5.671
35,12.0,3.0,2,7,4,17.86,4.22,1.874
37,1.0,2.0,2,9,6,18.64,6.54,1.82
23,4.0,1.0,4,7,3,12.56,4.07,-2.852
65,1.0,6.0,2,9,5,18.15,5.87,1.077
29,1.0,2.0,2,5,4,15.94,7.2,-2.62
19,7.0,2.0,2,3,2,12.25,4.05,3.732
9,,2.0,2,1,0,12.4,7.52,-7.493
48,13.0,2.0,18,7,6,18.7,5.99,1.427
46,24.0,7.0,2,9,2,15.11,3.28,-1.485
35,3.0,1.0,5,9,6,13.14,4.8,1.771
34,5.0,2.0,22,3,6,13.39,5.13,2.01
47,1.0,2.0,12,7,6,20.42,5.48,-1.321
22,7.0,1.0,7,3,2,10.67,4.51,3.014
6,,2.0,2,1,0,20.1,11.65,-11.778
34,7.0,4.0,2,9,2,17.47,7.11,1.836
46,8.0,5.0,2,7,4,12.68,3.28,-1.388
16,5.0,9.0,2,1,2,12.86,5.77,4.313
36,2.0,2.0,2,9,4,11.62,4.5,-2.025
8,5.0,1.0,8,1,1,11.68,8.07,8.393
56,6.0,2.0,2,11,6,16.57,4.19,-1.25
40,1.0,4.0,2,11,6,14.43,4.18,1.777
17,14.0,3.0,2,3,1,14.21,5.4,-4.268
39,15.0,1.0,2,7,6,17.71,5.13,1.797
8,3.0,1.0,8,3,2,19.06,9.01,-8.349
19,13.0,5.0,2,3,2,11.49,4.08,3.869
29,3.0,1.0,2,9,4,15.72,4.36,-2.325
10,5.0,2.0,2,1,1,11.76,7.71,7.873
31,1.0,1.0,3,7,5,17.96,4.88,-2.238
79,9.0,3.0,2,15,7,17.27,6.19,0.853
29,6.0,2.0,2,7,4,11.62,4.91,-2.541
28,16.0,1.0,28,7,2,12.7,4.7,2.691
31,2.0,1.0,2,7,3,15.63,5.84,-2.529
51,6.0,5.0,2,11,6,13.19,4.45,1.432
5,4.0,1.0,5,1,1,17.41,12.92,-13.86
15,,5.0,2,1,0,16.55,4.8,4.659
64,5.0,2.0,2,15,6,20.81,5.16,-1.097
61,28.0,3.0,2,11,4,14.89,4.49,1.148
58,3.0,2.0,2,15,9,10.77,3.47,-1.282
6,,2.0,2,1,0,19.7,10.16,11.047
121,8.0,1.0,10,21,10,13.08,4.47,-0.13
5,,1.0,5,1,0,17.59,11.71,12.736
12,1.0,4.0,2,1,2,11.83,6.74,-5.904
68,9.0,1.0,18,13,9,20.34,5.13,1.115
26,9.0,1.0,26,5,3,17.86,7.51,-2.494
70,1.0,6.0,2,17,5,12.82,3.67,0.92
48,2.0,1.0,2,11,4,14.25,3.68,-1.402
50,23.0,2.0,2,9,4,11.24,4.62,1.476
27,15.0,2.0,2,7,2,14.61,3.47,-2.885
28,14.0,3.0,2,7,4,15.07,4.29,2.47
20,4.0,1.0,5,7,1,15.65,4.64,-3.109
31,4.0,1.0,15,7,3,16.95,5.75,2.119
57,7.0,2.0,2,13,3,16.34,2.7,-1.324
51,4.0,1.0,14,9,4,16.45,3.93,1.349
20,12.0,6.0,2,3,1,10.42,4.16,-3.54
21,2.0,1.0,2,5,5,12.29,4.27,3.353
6,,1.0,6,1,0,17.49,10.18,-10.61
34,7.0,1.0,8,7,5,20.08,5.66,1.986
11,1.0,2.0,2,1,3,18.79,6.96,-6.605
11,10.0,2.0,2,1,1,17.18,6.21,6.26
41,8.0,2.0,2,5,3,17.81,5.1,-1.938
50,2.0,2.0,2,13,7,15.28,4.27,1.485
46,33.0,1.0,3,11,2,20.33,6.17,-1.382
105,10.0,2.0,2,21,9,19.27,5.1,0.666
26,10.0,4.0,2,3,4,18.03,7.97,2.773
63,20.0,2.0,2,17,3,16.87,4.05,-1.152
31,16.0,2.0,2,7,3,14.83,3.58,2.344
19,13.0,2.0,2,3,1,14.97,4.75,-3.698
20,4.0,1.0,7,3,1,15.87,5.06,3.262
64,11.0,2.0,2,13,6,19.21,4.84,-0.993
17,15.0,5.0,2,1,1,11.46,4.61,3.941
9,1.0,2.0,2,1,3,13.2,7.1,-7.302
23,18.0,2.0,2,3,2,12.32,4.84,2.955
60,1.0,5.0,2,11,4,14.29,4.6,1.097
11,,4.0,2,1,0,15.08,6.79,-6.697
42,5.0,3.0,2,5,5,18.96,5.12,1.837
121,15.0,2.0,2,25,14,13.98,4.33,-0.482
11,11.0,5.0,2,1,1,15.63,7.13,-6.391
20,19.0,6.0,2,3,1,16.91,5.16,3.891
14,10.0,2.0,14,3,1,18.15,6.02,-5.071
9,,1.0,2,3,0,18.52,7.01,7.088
16,1.0,4.0,2,1,2,11.21,5.28,-4.829
14,12.0,2.0,2,1,1,11.65,5.17,5.272
15,2.0,3.0,2,1,1,14.35,5.11,-4.836
29,20.0,1.0,13,5,2,16.76,7.27,2.307
40,7.0,2.0,2,7,5,12.38,5.32,-1.715
16,1.0,1.0,16,5,1,14.43,4.42,3.953
13,12.0,2.0,2,1,1,11.18,5.93,-5.595
91,12.0,1.0,2,17,13,19.22,4.81,0.773
121,22.0,4.0,2,22,14,17.54,4.22,0.022
27,2.0,1.0,2,7,1,17.41,4.33,-2.736
14,4.0,3.0,2,3,2,20.44,6.5,5.032
17,16.0,5.0,2,1,1,9.07,4.31,-4.111
11,,1.0,11,3,0,14.95,7.29,6.344
16,5.0,2.0,2,3,2,21.89,7.06,-4.524
41,17.0,3.0,2,7,3,12.78,4.03,1.681
49,22.0,4.0,2,7,2,13.71,4.46,-1.517
66,3.0,6.0,2,11,11,16.9,5.32,1.04
26,18.0,5.0,2,3,2,13.07,3.47,-2.384
10,9.0,1.0,10,3,1,13.7,6.9,6.829
56,5.0,2.0,2,9,6,22.05,4.81,-1.246
22,,2.0,2,3,0,13.45,5.4,3.381
48,9.0,1.0,2,9,4,13.35,5.52,-1.38
10,1.0,2.0,2,1,2,16.67,7.05,6.69
38,1.0,3.0,2,9,4,15.21,5.87,-1.827
35,3.0,5.0,2,5,4,20.35,6.18,2.192
21,6.0,3.0,2,5,2,13.47,4.07,-3.601
44,2.0,1.0,10,9,6,16.54,6.05,1.621
52,3.0,1.0,2,11,5,16.75,4.55,-1.351
24,3.0,2.0,2,5,5,18.57,5.31,3.083
38,18.0,3.0,2,3,3,12.67,4.39,-1.935
19,17.0,3.0,2,3,1,11.86,4.7,4.135
16,8.0,2.0,2,5,1,15.35,5.07,-4.941
20,2.0,2.0,2,3,5,12.05,3.94,3.696
62,9.0,3.0,2,13,2,17.78,4.43,-1.117
4,2.0,1.0,4,1,2,21.12,15.82,16.534
42,4.0,1.0,6,9,10,13.31,4.23,-1.523
22,7.0,1.0,22,3,5,15.32,5.06,2.828
48,4.0,7.0,2,9,4,14.61,4.71,-1.444
8,3.0,2.0,2,1,2,13.82,9.88,9.623
31,14.0,2.0,2,5,4,14.41,6.54,-2.422
28,7.0,2.0,2,7,2,14.72,3.47,2.454
11,6.0,3.0,2,1,2,14.02,7.86,-7.078
8,,1.0,8,1,0,12.71,8.12,8.431
13,3.0,2.0,2,1,2,11.21,5.05,-5.247
47,7.0,1.0,15,7,6,15.57,5.76,1.491
89,3.0,2.0,2,17,7,13.02,5.07,-0.751
39,6.0,4.0,2,9,6,11.22,4.4,-1.623
9,,1.0,9,3,0,17.57,7.5,7.579
31,1.0,4.0,2,7,3,13.14,3.87,-2.218
55,12.0,2.0,2,9,4,15.29,4.15,1.178
11,1.0,2.0,11,1,1,13.65,5.74,-6.004
10,2.0,1.0,10,1,1,9.23,6.5,6.835
70,1.0,2.0,12,11,7,21.17,5.07,-0.912
15,,5.0,2,1,0,11.69,5.02,4.4
66,5.0,4.0,2,9,6,18.32,5.9,-1.172
7,2.0,1.0,7,1,1,15.11,10.02,10.299
8,1.0,3.0,2,1,2,15.34,8.65,-8.742
28,12.0,1.0,2,9,3,10.04,3.43,2.51
4,3.0,1.0,4,1,1,22.69,16.08,-17.43
25,5.0,2.0,2,5,4,19.84,7.71,3.1
21,2.0,1.0,2,7,2,16.19,5.67,-3.48
14,13.0,1.0,5,3,1,13.5,5.77,5.244
87,22.0,6.0,2,19,7,17.3,5.47,-0.842
13,3.0,2.0,2,3,3,12.94,6.3,5.42
29,2.0,2.0,2,5,3,13.47,4.2,-2.39
83,5.0,2.0,2,19,6,16.42,5.75,0.814
8,8.0,3.0,2,1,1,19.49,10.15,-8.624
40,20.0,3.0,2,7,4,14.95,4.78,1.905
27,15.0,2.0,2,5,3,13.76,5.97,-2.884
15,14.0,2.0,2,3,1,13.93,5.42,5.244
55,13.0,3.0,2,7,6,19.9,6.72,-1.466
15,2.0,2.0,2,3,2,11.58,5.14,4.914
8,3.0,1.0,8,1,1,14.75,8.3,-8.948
20,2.0,5.0,2,5,3,12.88,4.99,3.74
50,7.0,2.0,2,7,3,16.85,5.31,-1.59
95,5.0,2.0,2,19,12,15.47,4.77,0.797
5,,1.0,5,1,0,22.43,13.82,-14.651
18,14.0,1.0,2,3,1,8.08,3.74,3.501
17,2.0,4.0,2,3,2,11.91,4.58,-4.037
44,2.0,2.0,2,9,4,13.55,4.55,1.656
12,6.0,1.0,12,3,2,20.98,8.63,-6.18
11,3.0,1.0,11,3,2,20.56,8.65,6.162
33,6.0,2.0,19,7,4,18.37,6.34,-2.003
20,,3.0,2,3,0,15.68,4.77,3.879
27,13.0,2.0,2,7,4,17.8,4.86,-2.696
12,2.0,2.0,2,3,2,15.63,5.85,5.573
39,2.0,8.0,2,5,6,12.94,4.96,-1.63
21,6.0,3.0,2,3,3,18.97,8.57,3.042
12,1.0,4.0,2,1,2,15.19,6.89,-5.645
13,11.0,1.0,4,3,2,21.16,7.29,4.94
13,,5.0,2,1,0,14.28,6.33,-4.931
43,2.0,2.0,2,11,3,22.9,4.04,1.569
34,3.0,1.0,5,7,2,17.12,5.3,-1.916
13,2.0,1.0,13,3,3,14.76,5.8,5.812
32,7.0,2.0,2,5,5,20.15,5.13,-2.467
17,1.0,2.0,2,3,2,15.4,5.89,4.34
89,2.0,2.0,2,21,8,16.76,4.86,-0.803
15,2.0,1.0,2,3,2,19.57,5.78,4.734
43,13.0,1.0,25,7,3,17.0,4.89,-1.541
76,2.0,3.0,2,19,9,16.57,4.8,0.912
84,8.0,1.0,7,17,12,20.23,4.8,-0.774
17,2.0,2.0,2,3,3,14.98,4.96,4.303
8,7.0,2.0,2,1,1,14.84,8.63,-8.826
18,7.0,2.0,2,3,2,17.44,5.15,4.183
50,1.0,5.0,2,7,7,17.17,6.02,-1.463
26,14.0,2.0,2,5,4,10.03,4.39,2.785
30,1.0,4.0,2,7,4,15.81,3.37,2.051
54,1.0,1.0,2,13,6,12.76,4.37,-1.297
15,9.0,1.0,4,3,2,12.95,5.89,4.134
43,6.0,2.0,2,7,8,14.99,5.74,-1.595
16,,1.0,16,3,0,18.08,8.59,4.209
44,1.0,3.0,2,11,9,13.04,5.86,-1.843
27,9.0,1.0,2,3,2,8.61,4.68,2.689
79,10.0,3.0,2,19,5,17.39,5.15,-0.857
13,1.0,3.0,2,1,4,10.94,6.12,-5.259
17,5.0,1.0,7,3,1,15.19,7.7,3.991
17,1.0,2.0,2,3,2,12.02,6.46,-4.152
97,3.0,4.0,2,19,11,19.47,6.63,-0.658
4,,1.0,4,1,0,19.97,15.1,15.963
17,5.0,1.0,3,3,2,17.95,5.45,-3.88
19,4.0,1.0,5,5,1,13.41,4.63,3.709
58,4.0,1.0,2,11,5,18.39,3.78,-1.208
17,1.0,2.0,2,4,2,14.18,6.24,3.91
37,5.0,2.0,2,7,4,10.9,4.08,-2.07
47,13.0,6.0,2,9,3,15.98,4.86,1.579
33,4.0,2.0,2,5,3,21.98,5.92,-2.215
12,,1.0,12,1,0,8.72,5.44,5.85
13,4.0,1.0,13,3,2,13.1,6.16,-4.838
14,7.0,3.0,2,1,2,9.62,5.63,4.76
95,6.0,1.0,2,17,14,20.83,5.76,-0.695
14,3.0,1.0,14,3,4,10.66,4.59,4.808
5,2.0,1.0,5,1,1,23.83,13.34,-13.94
18,9.0,4.0,2,3,3,11.99,4.4,3.591
22,7.0,4.0,2,5,3,14.59,4.85,-3.113
20,1.0,2.0,2,5,4,19.9,6.01,3.737
49,47.0,1.0,2,11,1,14.1,3.49,-1.601
39,6.0,1.0,2,11,6,18.23,6.18,1.867
49,4.0,1.0,2,11,4,16.91,3.35,-1.486
45,3.0,1.0,5,13,7,17.73,5.82,1.509
21,11.0,10.0,2,3,1,13.51,4.49,-3.15
10,3.0,2.0,2,1,1,15.25,7.26,7.41
8,1.0,1.0,8,1,3,15.76,9.15,-9.661
21,21.0,3.0,2,3,1,14.31,4.91,3.479
19,1.0,1.0,19,5,5,17.07,6.16,-3.363
41,7.0,1.0,8,9,7,12.33,4.6,1.759
58,1.0,2.0,2,17,6,16.58,4.5,-1.269
5,2.0,1.0,5,1,1,20.0,13.29,14.144
49,18.0,3.0,2,11,4,13.65,4.16,-1.536
74,5.0,2.0,2,15,9,16.71,5.03,1.009
16,5.0,1.0,16,3,2,10.49,6.96,-4.009
14,3.0,4.0,2,1,1,9.79,5.39,4.762
47,8.0,3.0,2,9,4,21.26,6.27,-1.468
11,9.0,3.0,2,1,1,14.2,8.03,5.794
47,4.0,1.0,10,9,7,16.45,4.7,-1.306
71,9.0,3.0,2,9,6,13.84,5.35,0.959
47,12.0,12.0,2,5,7,13.55,3.87,-1.58
31,17.0,1.0,22,3,3,12.32,5.79,2.296
13,3.0,1.0,2,3,2,12.06,5.18,-5.231
11,2.0,1.0,11,1,2,8.84,6.15,6.359
11,4.0,1.0,11,3,2,15.58,6.54,-6.393
14,12.0,2.0,2,1,1,12.66,4.99,4.892
39,2.0,3.0,2,9,7,15.57,4.99,-1.813
35,4.0,3.0,2,5,8,24.02,5.65,2.022
71,5.0,1.0,27,17,15,22.46,6.36,-0.974
25,13.0,1.0,25,5,2,15.79,6.14,2.859
26,1.0,6.0,2,5,4,13.02,4.54,-2.722
23,7.0,1.0,9,5,2,19.43,8.51,2.742
5,,1.0,5,1,0,18.3,13.24,-14.35
17,16.0,2.0,2,3,1,18.92,4.91,4.201
8,4.0,2.0,2,1,1,16.86,8.86,-8.814
19,1.0,2.0,2,3,2,13.27,5.14,3.71
59,2.0,2.0,2,11,9,18.21,3.92,-1.197
14,13.0,3.0,2,3,1,13.91,4.67,-4.431
10,10.0,1.0,10,1,1,11.54,6.51,6.758
26,,3.0,2,5,0,11.75,4.92,-2.807
11,10.0,3.0,2,1,1,10.15,6.91,6.28
31,4.0,1.0,6,9,6,16.77,5.7,-2.184
9,6.0,2.0,2,1,2,15.16,8.16,8.089
65,1.0,5.0,2,11,10,14.81,4.08,-1.069
39,1.0,1.0,4,7,6,15.85,5.28,1.647
25,20.0,2.0,2,5,3,14.03,6.66,-2.872
13,9.0,4.0,2,1,2,12.9,6.25,5.695
13,8.0,1.0,2,5,2,14.1,6.02,-5.326
58,8.0,4.0,2,15,9,12.62,3.62,1.186
10,2.0,2.0,2,1,3,13.18,7.7,-7.581
31,1.0,2.0,2,5,4,15.19,5.39,2.47
41,2.0,2.0,2,13,8,14.46,4.31,-1.732
46,9.0,2.0,2,7,7,11.92,3.64,1.484
42,15.0,1.0,7,9,4,16.05,5.11,-1.621
19,15.0,1.0,6,3,1,9.16,4.93,3.307
11,4.0,4.0,2,1,2,16.81,7.32,-6.524
27,3.0,1.0,15,5,2,14.2,4.7,2.835
105,7.0,8.0,2,15,8,18.87,3.98,-0.684
7,5.0,2.0,2,1,1,20.5,10.34,10.567
14,3.0,1.0,3,3,2,15.73,6.11,-4.995
42,1.0,1.0,16,9,7,21.18,5.47,1.713
23,18.0,2.0,2,7,1,26.12,6.95,-3.629
12,8.0,1.0,12,1,1,13.84,6.38,6.842
96,9.0,1.0,2,19,13,16.73,5.48,-0.72
8,,2.0,8,1,0,14.26,7.61,7.916
82,1.0,4.0,2,15,10,18.12,5.11,-0.824
13,5.0,3.0,2,3,2,18.45,7.84,6.021
13,3.0,1.0,2,3,2,18.73,5.97,-5.571
8,1.0,4.0,2,1,1,22.29,9.43,8.763
31,2.0,2.0,2,5,5,13.0,6.04,2.363
34,10.0,3.0,2,9,3,14.2,3.3,-2.291
14,14.0,3.0,2,3,1,15.38,5.67,5.241
64,22.0,3.0,2,13,5,21.05,5.22,-1.08
5,5.0,2.0,5,1,1,21.46,13.86,-13.958
10,10.0,2.0,2,3,1,18.3,7.69,7.52
14,,2.0,2,3,0,11.23,5.34,-5.113
45,3.0,3.0,2,7,7,17.85,5.59,-1.404
15,14.0,4.0,2,1,1,14.66,5.42,4.932
25,21.0,2.0,2,5,3,11.62,4.43,-2.931
39,20.0,2.0,2,11,3,19.75,5.56,1.791
29,15.0,5.0,2,3,1,18.83,6.66,-2.404
12,2.0,1.0,12,3,2,15.69,6.65,5.77
63,8.0,14.0,2,11,6,8.96,2.7,-0.983
13,11.0,3.0,2,1,1,13.06,5.25,5.096
9,2.0,1.0,9,1,1,18.01,7.73,-8.334
33,1.0,2.0,2,5,2,9.24,2.69,2.252
97,1.0,3.0,2,19,16,18.05,5.17,-0.653
38,2.0,1.0,2,7,5,12.69,5.78,1.772
21,7.0,2.0,2,3,1,11.42,4.91,-3.497
12,12.0,3.0,2,1,1,12.88,6.4,6.094
27,10.0,2.0,2,3,4,18.93,6.52,-2.856
13,11.0,1.0,2,3,1,19.36,6.85,6.594
13,,1.0,2,3,0,20.04,6.07,-6.427
13,12.0,1.0,2,3,1,17.82,5.98,5.954
32,3.0,1.0,9,5,2,13.04,4.58,-2.012
32,15.0,2.0,2,7,1,14.57,4.64,2.403
36,12.0,3.0,2,5,4,16.04,5.76,-2.113
43,15.0,3.0,2,7,3,11.89,4.27,1.492
41,3.0,2.0,2,9,5,18.46,6.45,-1.912
11,8.0,1.0,11,1,2,14.51,6.39,6.549
17,7.0,1.0,17,5,4,15.69,6.1,-4.245
114,4.0,1.0,2,25,15,17.85,5.1,0.609
38,1.0,2.0,2,5,4,13.94,5.45,-1.951
61,13.0,2.0,2,9,9,16.9,5.56,1.221
68,16.0,4.0,2,11,11,18.14,4.4,-1.143
26,7.0,1.0,26,5,6,15.7,7.58,2.926
26,2.0,1.0,19,7,4,21.26,6.52,-2.53
13,,2.0,2,1,0,13.2,6.18,6.094
52,8.0,3.0,2,11,7,15.39,4.71,-1.518
34,2.0,1.0,4,9,5,13.21,5.24,2.063
20,6.0,1.0,6,3,2,14.43,6.58,-3.943
29,4.0,3.0,2,7,3,16.34,6.7,2.323
7,1.0,1.0,7,1,2,13.83,8.63,-9.404
46,2.0,2.0,2,7,5,12.7,4.31,1.48
28,3.0,2.0,2,5,3,11.44,3.52,-2.361
8,,2.0,8,1,0,15.16,7.86,8.129
61,1.0,5.0,2,9,3,15.36,5.33,-1.156
18,1.0,3.0,2,3,2,9.21,4.75,4.053
13,2.0,1.0,13,1,2,8.75,5.06,-5.2
32,18.0,3.0,2,5,2,9.31,4.19,2.371
13,1.0,2.0,2,3,1,15.31,6.27,-5.708
13,13.0,2.0,2,1,1,9.03,5.47,5.651
30,1.0,2.0,2,7,3,13.26,5.34,-2.438
36,19.0,3.0,2,9,2,17.28,5.28,2.201
24,8.0,3.0,2,7,2,17.86,4.59,-3.02
22,5.0,2.0,2,3,2,17.84,4.81,3.447
31,18.0,1.0,2,7,3,15.93,6.27,-2.503
19,18.0,5.0,2,1,1,12.49,4.79,4.064
9,9.0,1.0,9,1,1,10.08,7.41,-7.636
9,1.0,3.0,2,1,1,16.97,8.37,7.655
13,1.0,1.0,2,3,1,11.87,6.23,-4.78
15,13.0,4.0,2,3,1,14.22,5.26,4.31
19,12.0,2.0,2,5,2,19.85,5.32,-3.648
79,30.0,2.0,2,16,5,14.0,4.71,0.768
10,8.0,3.0,2,1,1,15.32,8.6,-7.117
32,13.0,1.0,32,7,5,9.98,3.16,1.968
39,2.0,2.0,2,7,5,16.97,5.51,-1.691
95,2.0,6.0,2,21,7,15.93,4.27,-0.714
31,4.0,1.0,5,7,4,15.93,6.11,2.319
32,3.0,8.0,2,3,3,9.52,3.05,1.997
46,11.0,1.0,11,11,4,13.53,5.51,-1.443
52,11.0,3.0,2,11,5,16.74,4.84,1.259
15,2.0,1.0,9,3,3,20.81,6.76,-4.919
34,18.0,2.0,2,7,3,13.35,3.62,2.141
9,,4.0,2,1,0,17.78,9.82,7.621
111,10.0,3.0,2,21,15,20.42,5.52,-0.648
33,6.0,2.0,2,7,2,20.68,7.41,2.103
14,7.0,1.0,14,3,1,10.73,4.59,-4.611
67,2.0,2.0,16,11,7,20.35,5.35,0.907
13,1.0,3.0,2,1,1,12.96,5.32,-5.215
17,1.0,3.0,2,5,1,18.63,5.3,3.863
42,4.0,7.0,2,9,6,12.15,3.66,-1.644
27,1.0,1.0,2,7,4,17.65,5.18,2.41
21,10.0,3.0,2,3,2,9.19,4.23,3.11
8,8.0,3.0,2,1,1,17.73,8.88,-8.76
29,4.0,3.0,2,7,4,15.17,4.52,2.486
32,15.0,2.0,2,9,3,18.48,4.24,-2.272
15,3.0,4.0,2,1,3,20.15,5.57,5.15
20,4.0,1.0,7,5,1,15.35,6.97,-3.582
8,7.0,3.0,2,1,1,20.14,8.91,8.963
26,2.0,2.0,2,5,2,15.38,3.84,-2.756
43,18.0,1.0,2,9,4,13.8,5.7,1.493
21,5.0,2.0,2,5,3,14.7,5.47,-3.259
12,11.0,2.0,2,1,1,13.75,5.82,5.822
29,,2.0,2,7,0,23.0,5.37,-2.482
77,7.0,1.0,2,17,7,25.85,5.07,0.937
27,15.0,2.0,2,5,1,20.47,4.09,-2.806
13,,1.0,2,3,0,20.45,7.05,5.33
18,1.0,5.0,2,1,2,12.51,4.83,-3.963
15,4.0,2.0,2,5,2,10.98,4.91,4.823
21,1.0,3.0,2,5,3,13.11,4.83,-3.292
39,16.0,2.0,2,9,3,17.77,4.09,1.922
75,17.0,1.0,19,13,5,13.97,4.59,-0.928
72,5.0,1.0,12,13,7,20.06,5.51,0.944
23,8.0,2.0,2,7,4,13.99,4.19,-2.995
20,13.0,2.0,2,3,1,17.88,8.13,3.5
87,3.0,4.0,2,15,15,17.38,4.55,-0.844
42,18.0,2.0,2,11,6,13.11,4.9,1.744
31,2.0,4.0,2,7,3,10.69,4.07,2.18
30,5.0,3.0,2,5,3,15.49,6.57,-2.348
12,,2.0,12,3,0,12.96,5.33,5.258
14,1.0,3.0,2,3,2,14.74,5.2,-4.807
50,12.0,1.0,13,11,4,18.06,4.57,1.266
21,4.0,3.0,2,3,3,17.05,6.46,-3.234
65,3.0,2.0,2,15,9,17.19,4.75,1.055
21,4.0,2.0,2,3,2,9.71,4.92,-3.572
6,,1.0,6,1,0,19.68,10.96,11.122
18,10.0,2.0,2,5,2,17.16,5.36,4.09
21,3.0,2.0,2,3,4,10.47,4.5,-3.437
36,15.0,1.0,5,9,5,13.38,4.05,1.811
5,3.0,1.0,5,1,1,21.66,12.89,-13.543
40,8.0,1.0,4,7,5,16.33,6.04,1.656
22,3.0,1.0,5,5,3,11.38,4.69,-3.367
31,4.0,3.0,2,7,3,11.8,4.05,2.387
46,9.0,4.0,2,9,5,18.22,5.73,-1.632
37,14.0,1.0,2,5,2,16.47,5.5,1.886
15,1.0,4.0,2,3,2,10.29,5.39,-4.253
15,3.0,1.0,7,3,2,10.47,7.21,4.411
11,2.0,1.0,11,3,1,9.97,6.01,-5.958
22,4.0,1.0,22,5,5,8.98,4.29,2.842
6,5.0,1.0,6,1,1,13.77,10.41,-10.731
9,1.0,1.0,2,1,2,16.03,7.32,7.933
42,9.0,2.0,2,7,4,13.07,3.42,-1.71
47,1.0,1.0,17,11,6,14.83,5.45,1.345
57,16.0,3.0,2,11,6,13.02,5.02,-1.362
63,7.0,4.0,2,9,6,12.7,4.78,1.27
48,14.0,3.0,2,13,6,10.63,3.59,-1.662
97,6.0,1.0,2,19,14,17.66,5.84,0.744
4,3.0,1.0,4,1,1,21.26,15.45,-16.747
7,7.0,2.0,7,1,1,15.57,9.71,9.516
80,4.0,1.0,16,15,13,19.41,4.88,-0.875
10,7.0,2.0,2,1,1,17.3,7.82,7.609
24,10.0,1.0,11,3,2,15.15,6.22,-3.0
10,10.0,1.0,2,1,1,10.4,7.27,7.644
10,10.0,2.0,2,1,1,13.6,7.45,-7.239
15,14.0,3.0,2,1,1,15.15,5.63,4.915
40,15.0,2.0,2,9,3,17.04,5.22,-1.969
27,6.0,2.0,2,5,2,12.39,4.27,2.568
21,17.0,3.0,2,5,1,11.75,4.53,-3.502
21,1.0,1.0,2,5,2,12.14,4.16,3.144
49,17.0,1.0,18,9,3,10.24,4.54,-1.391
59,16.0,1.0,15,13,5,16.61,5.29,1.203
84,5.0,1.0,2,19,12,20.01,6.16,-0.865
38,2.0,1.0,4,11,5,20.46,5.68,1.716
15,,8.0,2,1,0,17.16,5.92,-4.385
28,2.0,3.0,2,7,1,19.0,3.71,2.575
11,9.0,1.0,11,1,1,13.64,6.18,-6.442
38,18.0,3.0,2,5,3,18.47,5.45,2.062
11,11.0,1.0,2,1,1,17.09,6.35,-6.531
68,14.0,4.0,2,13,7,13.17,4.29,1.013
18,,4.0,2,3,0,14.44,5.42,-3.506
5,5.0,1.0,5,1,1,15.45,11.94,12.528
8,,3.0,2,1,0,17.14,9.94,-7.626
35,4.0,4.0,2,7,4,16.33,7.31,1.971
12,3.0,2.0,2,3,1,14.76,6.53,-6.567
28,13.0,2.0,2,3,4,14.38,7.06,2.729
17,12.0,1.0,6,3,1,16.25,4.88,-3.745
19,18.0,1.0,4,3,1,10.83,4.34,3.552
94,4.0,1.0,4,23,13,17.98,5.04,-0.805
79,12.0,3.0,2,17,12,19.08,5.17,1.037
18,4.0,2.0,2,3,2,12.4,4.78,-4.488
15,6.0,3.0,2,5,2,26.17,6.2,5.087
12,,2.0,2,1,0,17.53,6.44,-6.749
22,5.0,2.0,2,5,2,16.13,4.23,3.491
20,18.0,6.0,2,3,2,16.84,4.84,-3.189
6,,2.0,6,1,0,18.97,11.94,-11.293
49,22.0,4.0,2,13,4,14.36,4.35,1.528
8,7.0,2.0,2,1,1,17.21,10.47,-9.772
42,2.0,1.0,2,11,4,15.86,4.81,1.73
36,16.0,2.0,2,7,2,13.44,5.66,-2.135
38,12.0,2.0,2,9,2,11.6,4.52,1.879
28,5.0,3.0,2,5,6,9.27,4.43,2.417
47,2.0,5.0,2,9,5,13.04,5.24,-1.668
25,7.0,2.0,2,5,3,20.09,8.1,2.84
9,7.0,1.0,9,1,2,9.58,6.73,-7.142
16,,4.0,2,1,0,14.53,5.36,4.638
8,,3.0,2,1,0,20.4,10.64,-9.734
28,1.0,5.0,2,7,4,12.43,4.22,2.545
21,11.0,4.0,2,3,2,16.54,3.98,-3.232
34,3.0,2.0,2,7,6,18.8,6.37,2.258
16,,2.0,2,3,0,14.3,5.13,-4.764
14,2.0,7.0,2,1,2,14.46,6.29,-4.538
32,2.0,2.0,9,5,5,17.16,7.58,1.918
16,3.0,3.0,2,3,2,11.31,5.07,-4.02
11,5.0,2.0,2,3,2,14.99,5.97,6.198
13,2.0,3.0,2,3,1,13.2,5.93,-5.342
35,1.0,4.0,2,9,3,12.73,4.24,2.038
26,4.0,3.0,2,5,4,8.42,4.07,-2.657
15,,5.0,2,1,0,14.32,5.52,4.621
36,3.0,5.0,2,9,4,19.89,6.12,-1.859
65,2.0,1.0,30,11,8,20.11,5.44,0.972
46,4.0,5.0,2,9,8,11.63,4.61,-1.559
72,3.0,1.0,13,15,9,15.24,4.25,0.954
58,3.0,6.0,2,11,5,19.47,5.16,-1.247
45,11.0,3.0,2,11,4,16.2,4.58,-1.406
39,1.0,4.0,2,7,6,14.26,5.27,1.76
28,1.0,1.0,28,9,7,10.98,3.74,-2.28
56,7.0,2.0,2,13,9,14.01,5.96,1.296
5,3.0,1.0,5,1,1,18.12,13.36,-13.821
20,1.0,2.0,2,5,3,11.25,4.07,3.424
15,6.0,2.0,15,3,2,11.06,4.26,-4.391
66,5.0,1.0,28,11,5,12.17,5.36,1.109
62,1.0,2.0,2,15,10,16.52,5.79,-1.221
38,21.0,3.0,2,7,5,10.06,4.53,1.997
14,12.0,2.0,2,3,1,14.65,5.35,-5.033
20,2.0,1.0,20,5,7,18.86,6.38,3.135
17,3.0,2.0,2,3,3,9.08,4.14,-3.944
56,10.0,1.0,25,7,9,15.59,5.14,1.131
13,4.0,6.0,2,1,2,19.12,6.35,-5.35
19,14.0,1.0,5,3,3,9.7,5.06,3.875
40,17.0,1.0,2,7,5,13.79,4.28,-1.742
7,,3.0,2,1,0,20.21,11.13,10.099
17,2.0,1.0,17,5,1,12.4,5.21,-3.898
54,6.0,3.0,2,13,6,17.87,4.65,1.319
16,14.0,4.0,2,1,1,19.76,5.4,-4.663
10,,3.0,2,1,0,18.69,6.97,7.072
15,15.0,3.0,2,1,1,14.02,5.77,-5.083
60,7.0,2.0,8,11,6,15.83,4.25,1.192
121,3.0,1.0,5,25,20,16.17,4.86,0.032
13,5.0,8.0,2,2,2,16.75,6.31,-5.302
5,5.0,1.0,5,1,1,17.74,12.53,13.714
114,14.0,2.0,2,21,13,21.53,5.07,-0.601
15,7.0,3.0,2,1,1,9.6,5.28,-4.371
41,2.0,2.0,2,7,2,15.0,3.26,1.682
28,2.0,2.0,2,7,2,16.61,5.93,-2.645
42,12.0,1.0,2,15,3,8.62,2.93,1.669
40,1.0,2.0,2,7,8,18.24,6.33,-1.723
14,6.0,3.0,2,3,1,14.39,5.82,4.522
26,6.0,1.0,26,3,5,16.56,6.27,-2.511
17,1.0,1.0,17,5,4,12.51,4.15,3.851
33,1.0,1.0,20,7,3,16.57,6.1,-2.012
11,1.0,6.0,2,1,1,20.5,7.09,6.039
76,18.0,2.0,2,17,7,11.95,4.46,-1.051
9,8.0,2.0,2,1,1,23.41,9.5,9.477
17,1.0,3.0,2,3,2,16.05,4.98,-4.859
56,17.0,2.0,2,11,6,14.47,4.73,1.451
32,16.0,2.0,2,5,2,15.05,5.81,-2.329
52,20.0,3.0,2,9,4,15.25,4.78,1.338
38,18.0,4.0,2,9,2,14.87,3.37,-1.747
71,5.0,3.0,2,15,10,16.02,5.96,0.894
29,21.0,2.0,2,3,2,16.54,6.56,-2.602
48,2.0,1.0,6,11,7,12.76,5.53,1.468
49,15.0,1.0,4,11,8,10.04,4.48,-1.375
18,18.0,3.0,2,3,1,20.17,4.91,4.249
20,4.0,1.0,6,3,2,13.27,5.42,-3.357
25,1.0,6.0,2,5,3,18.89,4.54,2.666
21,12.0,1.0,6,3,2,22.13,4.96,-3.377
12,,2.0,2,1,0,10.84,6.09,6.212
111,5.0,6.0,2,17,12,16.89,4.7,-0.619
28,7.0,2.0,2,5,2,11.13,4.19,2.541
28,1.0,4.0,2,5,1,14.74,3.95,-2.559
48,2.0,1.0,48,11,6,15.87,5.53,1.302
20,2.0,5.0,2,1,2,10.73,4.26,-3.62
23,14.0,2.0,2,5,2,9.54,3.49,2.98
31,1.0,4.0,2,5,2,13.57,5.71,2.047
64,4.0,1.0,20,11,10,15.83,6.88,-1.088
13,6.0,2.0,2,3,1,19.21,5.74,5.939
46,6.0,1.0,7,9,3,15.61,6.01,-1.582
11,11.0,4.0,2,1,1,14.5,6.74,6.158
13,,4.0,2,3,0,19.78,5.62,-5.19
82,11.0,2.0,2,19,11,13.46,5.02,0.893
24,4.0,2.0,2,5,1,15.26,4.12,-3.058
29,1.0,3.0,2,7,3,12.69,4.22,2.497
26,16.0,2.0,2,5,2,17.34,5.35,2.722
101,3.0,1.0,84,15,18,20.31,5.74,-0.743
30,7.0,1.0,7,7,3,10.13,5.16,2.435
55,14.0,2.0,2,13,7,18.94,4.8,-1.306
30,10.0,3.0,2,5,3,15.94,6.59,2.186
11,4.0,2.0,2,1,2,10.48,6.5,6.413
5,,,5,0,0,19.25,12.74,-12.696
36,13.0,2.0,2,7,3,15.72,3.74,2.154
7,7.0,2.0,2,1,1,19.25,10.18,-10.67
15,3.0,2.0,2,3,2,13.77,4.76,4.513
7,2.0,1.0,7,1,2,16.03,9.3,-9.7
6,2.0,,6,0,1,15.0,10.69,10.876
9,8.0,4.0,2,1,1,18.36,8.06,-7.807
41,5.0,2.0,2,7,5,17.13,4.16,1.706
18,8.0,1.0,18,5,2,9.43,5.25,-3.954
9,3.0,1.0,9,1,2,16.24,7.88,8.262
77,8.0,2.0,2,11,9,17.19,5.83,-0.964
24,13.0,1.0,14,3,1,10.09,4.69,2.754
17,3.0,6.0,2,1,2,12.63,5.32,-4.529
7,6.0,1.0,7,1,1,15.63,10.47,10.971
61,3.0,1.0,5,13,9,18.62,5.15,-1.105
48,10.0,2.0,2,11,8,14.03,4.21,-1.374
75,14.0,3.0,2,19,9,14.75,3.48,0.953
40,1.0,5.0,10,8,6,15.78,4.54,-1.574
27,9.0,2.0,19,5,3,16.9,6.4,2.718
13,,4.0,2,1,0,13.54,6.28,-5.811
68,1.0,1.0,2,11,6,12.19,4.42,1.067
59,3.0,1.0,8,11,6,20.13,7.54,-1.137
57,4.0,2.0,23,13,7,13.04,5.76,1.259
79,4.0,2.0,2,17,10,15.61,4.63,-0.973
27,5.0,1.0,16,3,3,14.77,7.04,2.47
21,12.0,1.0,21,3,3,11.25,5.0,-2.989
14,9.0,1.0,14,3,2,11.34,5.33,4.884
15,13.0,3.0,2,1,1,10.66,5.14,-4.894
13,12.0,3.0,2,1,1,10.06,6.06,5.477
26,3.0,13.0,2,1,3,11.83,3.57,-2.67
28,12.0,1.0,2,7,2,16.53,5.32,2.479
42,10.0,2.0,2,9,4,12.39,3.93,-1.738
18,8.0,2.0,2,3,2,13.2,7.38,3.748
13,,4.0,2,1,0,16.15,6.45,-4.805
10,1.0,2.0,2,1,2,12.24,6.46,6.568
24,,3.0,2,5,0,9.85,4.6,-3.118
19,3.0,2.0,2,5,2,17.62,4.64,3.813
15,13.0,2.0,2,1,1,11.33,5.05,-4.818
12,11.0,1.0,12,1,1,15.3,5.44,5.859
16,13.0,2.0,2,3,1,11.53,4.76,-4.482
38,15.0,3.0,2,7,4,13.52,4.92,1.715
29,28.0,1.0,14,9,1,20.99,5.9,-2.252
59,23.0,2.0,2,11,7,14.78,4.69,1.3
6,1.0,,6,0,2,13.19,10.23,-10.433
13,,3.0,2,1,0,13.38,5.33,5.164
23,3.0,2.0,2,5,3,15.18,4.68,-2.993
43,2.0,2.0,2,7,5,15.34,5.2,1.61
116,12.0,1.0,20,29,15,18.02,4.83,-0.572
9,,3.0,2,1,0,13.33,8.89,8.576
10,1.0,2.0,2,3,2,15.5,7.13,-7.334
31,7.0,2.0,2,3,3,14.71,4.5,2.109
5,3.0,2.0,5,1,1,22.22,12.78,-13.8
28,3.0,2.0,2,3,3,11.41,4.3,2.629
26,4.0,4.0,2,3,1,10.3,3.46,-2.363
10,9.0,1.0,10,1,1,11.4,6.26,6.523
20,18.0,3.0,2,1,1,10.57,4.13,-3.789
40,2.0,3.0,4,8,4,13.86,4.19,1.575
15,3.0,2.0,2,3,2,11.82,5.69,-4.784
22,22.0,2.0,2,3,1,14.41,4.73,3.516
94,19.0,2.0,2,19,12,17.54,4.86,-0.809
52,18.0,3.0,2,11,7,13.42,4.18,1.345
13,9.0,3.0,2,3,2,17.73,5.86,-5.095
17,,2.0,2,5,0,12.71,4.72,4.184
20,20.0,3.0,2,3,1,11.46,4.3,3.415
25,4.0,2.0,2,7,3,11.08,4.94,-2.784
73,19.0,6.0,2,11,8,20.04,4.85,0.897
40,13.0,4.0,2,9,6,14.99,5.26,-1.579
14,,3.0,2,3,0,15.62,4.72,4.62
61,20.0,3.0,2,11,10,13.89,4.11,-1.2
10,4.0,2.0,5,3,1,21.16,7.56,6.978
43,34.0,3.0,2,11,2,7.48,2.88,-1.692
19,4.0,3.0,2,3,3,10.88,3.97,3.391
70,13.0,3.0,2,11,5,11.94,4.45,-0.968
13,,4.0,2,1,0,14.32,5.87,5.175
89,8.0,3.0,2,17,12,12.52,4.54,-0.711
8,2.0,2.0,8,1,3,11.09,8.07,8.541
44,1.0,1.0,44,9,8,13.8,4.66,-1.547
36,2.0,5.0,2,5,5,12.13,4.55,2.09
38,1.0,3.0,2,9,5,12.54,3.02,-1.912
26,6.0,3.0,2,3,6,14.64,6.47,2.688
11,,2.0,2,3,0,17.74,7.04,-6.647
15,13.0,3.0,2,1,1,17.62,5.62,5.068
11,,2.0,2,3,0,17.54,7.09,-6.327
29,19.0,3.0,2,5,3,19.09,6.41,2.49
34,14.0,2.0,2,7,3,13.48,3.83,-2.121
31,3.0,3.0,2,9,4,17.58,3.99,-2.17
6,6.0,1.0,6,1,1,18.3,10.97,11.761
50,15.0,6.0,2,5,4,14.32,5.76,-1.479
49,16.0,2.0,2,11,6,16.27,5.46,1.585
13,,2.0,2,1,0,11.87,5.95,-5.94
15,11.0,1.0,2,3,2,13.27,5.12,4.881
9,8.0,1.0,9,1,1,14.54,7.48,-7.947
30,16.0,1.0,2,7,3,13.79,3.71,2.368
13,2.0,1.0,13,3,3,13.9,8.52,-5.259
42,5.0,3.0,2,9,7,14.15,4.84,1.571
6,6.0,1.0,6,1,1,14.59,10.6,-11.096
21,2.0,3.0,2,3,3,9.41,3.54,3.33
29,1.0,6.0,2,7,4,18.44,6.14,2.147
27,6.0,2.0,2,5,1,13.48,3.44,-2.378
100,12.0,1.0,82,23,15,15.54,4.48,0.667
63,10.0,3.0,2,11,5,11.39,3.74,-1.206
22,10.0,7.0,2,3,2,21.15,5.96,3.345
15,15.0,4.0,2,3,1,11.57,5.36,-4.764
17,16.0,2.0,2,1,1,12.6,4.75,4.5
26,18.0,4.0,2,3,3,14.57,4.08,-2.851
79,3.0,1.0,4,13,9,21.77,5.37,0.886
40,14.0,1.0,14,9,3,18.41,4.75,-1.722
43,7.0,2.0,2,11,6,12.44,3.78,1.751
42,15.0,2.0,2,7,4,13.33,4.59,-1.735
17,,8.0,2,3,0,15.16,5.2,4.228
24,4.0,1.0,16,5,5,17.3,8.36,-2.833
40,2.0,4.0,2,5,7,11.47,4.97,1.732
15,14.0,2.0,2,3,1,14.45,5.73,-5.218
11,10.0,2.0,2,3,1,16.32,7.4,6.757
15,6.0,2.0,2,3,2,13.56,5.52,-5.016
9,9.0,2.0,2,1,1,13.66,8.65,8.816
23,14.0,2.0,2,5,3,14.94,7.03,-3.45
85,4.0,1.0,2,19,11,17.03,5.42,0.859
35,15.0,3.0,2,9,4,18.67,4.73,-2.079
28,2.0,2.0,2,7,3,19.21,5.0,2.674
10,1.0,2.0,2,1,1,10.99,6.81,-6.879
14,14.0,1.0,14,3,1,9.06,5.09,4.666
17,10.0,3.0,2,3,2,10.32,4.47,-4.009
47,6.0,2.0,18,7,4,19.62,6.02,1.566
71,20.0,3.0,2,17,10,16.86,5.35,-1.04
18,1.0,3.0,2,3,2,15.06,4.72,3.761
35,1.0,9.0,2,3,5,16.45,5.83,-1.96
5,4.0,1.0,5,1,1,14.76,12.95,13.544
14,4.0,3.0,2,3,2,13.82,6.76,-5.471
12,12.0,3.0,2,1,1,14.83,6.56,6.393
28,14.0,3.0,2,7,3,12.81,5.76,-2.806
37,13.0,2.0,2,9,4,14.04,6.89,1.908
48,6.0,2.0,2,13,6,19.12,3.4,-1.622
37,12.0,2.0,2,5,2,18.15,6.42,1.901
10,8.0,1.0,10,1,1,13.09,5.93,-6.424
58,16.0,3.0,2,9,7,17.6,5.28,1.254
50,2.0,1.0,2,11,8,12.46,4.05,-1.281
10,7.0,3.0,2,1,1,16.71,7.49,6.938
61,19.0,1.0,2,15,6,19.95,3.99,-1.051
20,19.0,9.0,2,3,1,18.89,5.01,3.635
39,13.0,2.0,2,9,3,15.55,6.08,-2.018
16,1.0,4.0,2,3,1,19.03,5.71,4.452
12,12.0,2.0,2,1,1,12.07,6.27,-6.08
32,9.0,1.0,2,7,3,20.19,4.83,2.258
15,13.0,4.0,2,3,1,14.11,5.62,-5.198
12,4.0,1.0,7,3,2,19.28,8.23,6.555
14,6.0,3.0,2,3,2,14.1,5.8,-5.687
7,7.0,1.0,7,1,1,14.53,9.73,10.471
16,3.0,3.0,2,1,2,15.77,5.01,-4.556
60,15.0,4.0,2,9,6,15.63,5.02,1.063
30,24.0,2.0,2,7,2,20.8,7.12,-2.501
18,14.0,1.0,5,3,2,11.25,5.46,3.764
13,,3.0,2,1,0,13.91,5.76,4.954
58,21.0,4.0,2,13,3,15.14,4.24,-1.072
9,5.0,2.0,9,1,2,11.55,6.88,-7.113
33,6.0,2.0,2,7,3,12.19,4.11,1.963
115,5.0,3.0,2,25,13,23.07,4.26,-0.615
7,,3.0,2,1,0,21.12,10.14,10.165
13,2.0,2.0,2,1,2,13.08,5.29,-5.4
33,7.0,4.0,2,7,6,18.0,6.13,2.005
34,6.0,4.0,2,5,5,15.38,5.75,-2.253
12,11.0,2.0,2,1,1,13.88,5.97,5.801
37,12.0,3.0,2,5,3,16.69,5.36,-1.808
22,4.0,1.0,9,3,2,12.21,6.1,2.981
13,1.0,4.0,2,3,2,18.26,6.73,5.395
32,13.0,2.0,2,5,6,13.73,4.89,-2.336
34,3.0,1.0,6,7,4,18.7,6.43,2.034
113,6.0,1.0,9,31,13,21.28,4.17,-0.642
28,16.0,2.0,2,5,3,11.0,4.66,2.747
16,16.0,2.0,2,1,1,9.72,4.31,-4.353
28,11.0,1.0,20,5,4,15.28,6.24,2.414
39,13.0,3.0,2,9,4,15.28,3.8,-1.924
84,10.0,1.0,11,21,9,19.12,4.03,-0.789
11,,1.0,11,1,0,11.04,5.63,5.675
40,4.0,3.0,2,9,3,16.37,5.42,-1.753
27,2.0,1.0,13,5,3,15.44,4.68,2.401
25,9.0,2.0,2,3,4,17.54,7.56,-3.062
9,8.0,1.0,9,1,1,14.34,7.68,8.068
14,13.0,3.0,2,3,1,19.77,5.55,-5.079
73,14.0,2.0,2,13,7,10.86,3.45,0.988
11,11.0,2.0,2,1,1,16.85,6.77,-6.525
32,9.0,2.0,2,7,3,13.67,3.71,-2.294
31,1.0,6.0,2,5,3,12.85,4.23,2.343
14,11.0,2.0,2,3,1,12.2,5.28,-4.987
66,1.0,4.0,2,15,6,16.37,5.35,-1.022
31,2.0,3.0,2,7,3,11.22,3.41,2.457
50,11.0,2.0,2,11,7,16.86,5.75,-1.365
18,7.0,2.0,2,3,2,13.47,5.24,4.454
52,2.0,1.0,27,7,11,18.05,7.11,-1.35
24,17.0,3.0,2,3,2,17.11,4.64,-2.563
33,4.0,2.0,2,5,4,17.25,6.4,2.096
10,2.0,2.0,10,1,2,14.36,6.98,-7.322
11,8.0,2.0,2,3,1,21.05,6.87,7.088
20,6.0,1.0,20,3,3,10.07,5.18,-3.39
44,13.0,2.0,2,9,2,13.5,4.63,1.6
11,1.0,1.0,11,3,2,12.47,5.71,-5.633
94,2.0,1.0,5,19,11,18.22,5.63,0.736
23,13.0,1.0,8,5,3,19.39,5.58,-3.095
23,14.0,2.0,2,5,2,8.57,3.22,2.942
8,6.0,1.0,8,1,1,18.54,7.59,-7.841
58,3.0,2.0,4,11,7,15.4,4.76,-1.084
23,15.0,3.0,2,7,3,16.36,3.93,3.046
19,4.0,2.0,5,5,2,13.89,5.28,-3.66
13,12.0,1.0,2,1,1,11.65,5.44,5.773
21,14.0,2.0,2,5,2,17.96,5.18,-3.231
8,7.0,2.0,2,1,1,15.02,8.51,8.602
22,3.0,1.0,2,5,1,10.94,5.36,-3.533
16,16.0,3.0,2,3,1,19.51,5.12,4.62
18,2.0,1.0,18,5,4,17.76,4.93,-3.645
11,7.0,2.0,2,1,2,16.11,6.1,6.206
24,11.0,6.0,2,5,3,15.25,5.04,-2.921
11,1.0,1.0,11,1,3,9.48,5.8,6.148
109,1.0,2.0,2,25,15,17.52,4.95,-0.621
75,5.0,2.0,7,13,8,13.69,4.13,0.925
11,1.0,1.0,11,1,2,10.3,5.76,-5.84
26,18.0,4.0,2,7,2,15.38,3.64,2.642
14,1.0,2.0,2,3,3,14.13,7.66,-4.767
8,4.0,1.0,8,1,2,14.28,8.35,8.846
50,5.0,3.0,2,15,9,12.34,4.3,-1.446
30,7.0,2.0,2,5,2,8.72,4.07,2.539
47,4.0,1.0,21,11,9,16.4,5.0,-1.517
26,18.0,4.0,2,3,2,12.81,5.55,2.415
9,,1.0,9,1,0,12.68,6.69,-7.07
28,1.0,6.0,2,5,3,13.56,3.73,2.512
121,1.0,3.0,2,23,17,14.33,4.22,-0.454
15,15.0,2.0,4,3,1,12.27,5.55,-4.358
41,11.0,1.0,13,9,3,11.97,3.68,1.683
52,26.0,4.0,2,11,4,19.03,5.86,-1.367
35,4.0,1.0,14,5,6,17.93,5.73,1.839
53,6.0,2.0,2,11,6,15.12,4.53,-1.264
35,9.0,1.0,17,9,4,15.41,4.9,2.045
99,6.0,1.0,8,21,13,17.11,4.16,-0.697
27,8.0,5.0,2,5,2,15.75,4.69,2.351
12,,1.0,6,3,0,16.88,7.0,-5.614
22,1.0,4.0,2,5,4,19.14,4.43,3.05
19,4.0,3.0,2,5,3,16.15,4.9,-3.555
16,6.0,3.0,2,3,2,18.82,5.11,4.35
113,29.0,2.0,2,25,12,18.59,4.63,-0.608
20,2.0,4.0,2,3,2,19.05,5.73,3.548
36,3.0,1.0,8,7,7,15.78,6.44,-1.901
42,7.0,6.0,2,7,7,12.65,5.13,1.628
121,16.0,2.0,2,29,10,18.42,3.99,0.044
7,,,7,0,0,20.31,9.7,-10.22
12,,1.0,12,1,0,19.38,5.86,6.287
26,25.0,5.0,2,3,1,17.52,5.36,-2.912
47,17.0,2.0,2,9,6,16.78,3.59,1.511
35,8.0,3.0,2,7,5,14.44,4.87,-2.038
31,5.0,2.0,2,5,4,14.66,5.4,2.426
8,,2.0,2,1,0,15.03,8.81,-9.199
16,1.0,2.0,2,3,2,13.09,4.9,4.591
27,3.0,1.0,11,7,5,16.46,5.42,-2.701
21,14.0,1.0,2,7,3,17.15,3.84,3.457
16,3.0,1.0,5,3,2,17.64,6.38,-4.422
63,3.0,3.0,2,15,7,18.32,5.39,1.114
88,5.0,2.0,10,15,10,21.47,5.65,-0.815
41,14.0,2.0,2,13,5,14.29,3.11,1.886
4,3.0,,4,0,1,19.93,15.22,-15.804
6,1.0,1.0,6,1,1,14.1,10.54,10.616
19,1.0,1.0,2,3,3,9.89,4.25,-3.405
10,5.0,2.0,2,1,1,11.09,6.51,6.923
17,1.0,2.0,2,5,2,10.58,4.49,-3.927
13,,3.0,2,1,0,9.65,4.86,4.927
13,12.0,2.0,2,3,1,10.49,5.47,-4.992
79,3.0,4.0,2,13,10,15.67,5.71,-0.791
86,21.0,2.0,2,17,10,17.0,4.54,0.784
18,7.0,3.0,2,3,2,12.56,4.84,-3.947
8,8.0,2.0,2,1,1,15.53,8.62,8.917
13,3.0,2.0,2,3,1,12.6,6.49,-5.778
9,7.0,1.0,9,3,1,18.35,7.56,7.366
19,13.0,3.0,2,3,2,10.35,5.03,-3.615
14,14.0,2.0,2,3,1,13.5,5.89,5.303
11,10.0,1.0,5,3,1,20.86,8.51,-6.015
33,2.0,1.0,8,7,7,13.39,4.57,2.175
25,2.0,5.0,10,2,3,7.75,4.58,-2.419
20,12.0,3.0,2,3,2,10.42,3.59,3.359
14,10.0,3.0,2,3,2,14.59,5.8,-5.37
68,18.0,2.0,2,11,7,13.01,4.51,1.076
36,3.0,1.0,12,5,4,18.78,8.18,-1.798
16,1.0,1.0,16,3,2,15.37,6.18,4.516
35,18.0,2.0,2,7,4,14.7,4.64,-2.08
17,1.0,2.0,2,3,3,12.84,4.74,3.946
40,16.0,2.0,2,5,6,17.82,5.54,-1.906
29,15.0,2.0,2,5,3,13.68,5.22,2.396
24,3.0,8.0,2,3,3,13.96,4.73,-2.721
32,2.0,2.0,2,5,7,13.67,4.91,2.214
6,,1.0,6,1,0,16.87,11.39,-11.845
17,12.0,3.0,2,3,2,11.82,4.36,3.958
44,16.0,4.0,2,9,3,18.13,4.78,-1.478
11,1.0,1.0,2,1,2,15.33,5.5,6.013
63,6.0,2.0,2,13,8,21.05,5.51,-1.204
21,1.0,4.0,2,1,3,8.2,3.86,3.504
19,1.0,4.0,2,5,4,23.81,5.79,-3.325
52,23.0,4.0,2,9,4,13.51,4.54,1.269
18,1.0,5.0,2,1,3,13.89,4.58,-4.24
70,3.0,1.0,11,13,13,16.26,4.68,0.977
25,3.0,1.0,4,3,2,10.23,4.03,-2.659
5,2.0,1.0,5,1,2,19.66,12.53,13.057
10,,2.0,2,1,0,11.19,6.7,-6.595
43,11.0,5.0,2,11,3,14.97,3.51,1.636
43,8.0,3.0,2,9,7,16.22,5.28,-1.712
41,33.0,2.0,2,9,3,13.54,4.25,1.794
40,16.0,3.0,2,9,3,13.53,3.2,-1.702
15,2.0,2.0,15,3,4,10.65,5.96,-4.411
48,13.0,1.0,2,9,5,18.25,6.37,1.344
24,8.0,3.0,2,7,4,15.47,4.17,-2.746
12,10.0,4.0,2,1,1,18.44,7.15,6.194
50,1.0,2.0,2,7,6,12.82,3.3,-1.532
40,7.0,2.0,2,7,6,17.98,5.74,-1.672
26,3.0,2.0,2,3,1,17.05,4.96,2.777
51,3.0,1.0,15,7,11,17.08,6.55,-1.366
21,20.0,2.0,2,3,1,13.93,4.22,3.716
92,30.0,6.0,2,23,12,15.31,4.12,-0.833
41,2.0,1.0,26,5,6,21.69,5.74,1.751
16,,3.0,2,3,0,9.81,4.47,-4.188
41,9.0,2.0,2,9,6,15.29,6.73,1.637
58,13.0,3.0,2,11,3,12.1,4.4,-1.259
7,1.0,3.0,2,1,1,22.62,9.86,9.758
16,1.0,1.0,2,3,2,13.1,5.37,-4.385
18,8.0,1.0,18,3,3,16.19,7.09,4.52
12,12.0,1.0,2,1,1,14.3,6.11,-6.45
30,17.0,3.0,2,7,3,14.27,4.12,2.395
5,,1.0,5,1,0,15.65,12.46,-13.055
8,1.0,2.0,2,1,2,19.95,9.25,9.624
42,12.0,1.0,42,7,6,13.96,5.11,-1.665
12,12.0,2.0,2,1,1,9.84,5.82,5.674
14,,4.0,2,3,0,14.85,6.07,-4.762
20,2.0,1.0,10,3,5,14.4,6.02,3.306
6,,1.0,6,1,0,13.93,10.35,-11.22
17,2.0,1.0,10,3,4,20.09,7.57,3.945
28,3.0,1.0,28,7,4,15.26,7.0,-2.419
7,6.0,1.0,7,1,1,12.45,8.65,9.033
45,3.0,5.0,2,9,5,22.92,4.6,-1.64
29,2.0,1.0,29,5,5,9.65,3.86,2.482
12,12.0,1.0,12,1,1,14.93,4.81,-5.256
24,5.0,2.0,2,5,2,12.65,4.82,2.949
45,2.0,6.0,2,9,5,18.09,4.37,-1.511
36,18.0,1.0,4,9,5,13.61,5.37,1.935
40,3.0,2.0,2,5,3,17.16,5.37,-1.891
28,5.0,2.0,2,5,2,10.81,4.49,2.607
29,29.0,3.0,2,7,1,14.63,5.06,-2.418
26,2.0,4.0,2,3,2,20.16,5.11,-2.782
65,7.0,1.0,27,13,11,19.34,5.81,1.095
11,4.0,3.0,2,3,3,15.0,6.06,-5.757
12,,2.0,2,1,0,17.02,5.9,5.737
12,5.0,3.0,2,3,2,14.37,5.6,-5.219
48,18.0,2.0,2,13,4,17.71,3.98,1.439
12,6.0,1.0,2,3,2,14.27,5.5,-5.468
22,12.0,1.0,22,3,2,15.3,6.34,3.249
26,1.0,4.0,2,5,5,17.69,5.61,-2.917
7,6.0,1.0,7,1,1,19.08,9.78,10.406
10,10.0,1.0,10,1,1,10.15,7.33,-7.72
26,9.0,2.0,2,5,3,10.41,3.67,2.866
38,17.0,4.0,2,5,5,15.1,5.02,-1.819
15,10.0,5.0,2,1,2,11.14,5.12,4.237
15,5.0,1.0,15,5,3,18.04,6.72,-4.28
33,2.0,2.0,2,5,8,15.3,6.71,2.268
32,9.0,2.0,2,9,3,16.2,4.1,-2.292
56,10.0,2.0,2,11,8,13.24,4.49,1.397
27,24.0,2.0,2,7,1,16.3,4.21,-2.703
46,5.0,2.0,10,9,10,11.75,5.3,-1.369
21,6.0,1.0,3,7,3,13.51,5.21,3.191
10,,3.0,2,1,0,15.72,7.76,-7.198
12,2.0,6.0,2,1,1,15.85,6.8,-5.5
18,1.0,1.0,6,3,3,18.32,5.1,3.951
21,20.0,1.0,2,5,1,12.48,4.12,-3.468
44,3.0,1.0,11,9,5,15.75,6.04,1.503
31,5.0,2.0,2,5,5,14.91,5.45,-2.09
36,9.0,3.0,2,5,2,14.88,4.1,1.966
47,3.0,3.0,2,9,9,14.13,4.39,-1.368
15,5.0,2.0,2,3,2,21.22,6.92,4.569
9,8.0,1.0,9,1,1,12.28,6.88,-7.344
58,16.0,1.0,2,9,7,20.21,5.81,1.159
10,4.0,3.0,2,1,2,14.11,7.33,-6.763
7,7.0,1.0,7,1,1,14.5,8.65,8.844
32,8.0,1.0,6,9,1,16.19,3.19,-2.115
14,2.0,3.0,2,1,2,11.59,5.85,5.374
31,14.0,2.0,2,7,4,12.85,3.51,-2.416
22,20.0,5.0,2,3,1,18.67,4.52,3.431
12,2.0,1.0,12,3,4,19.38,7.64,-5.335
84,6.0,2.0,2,13,9,17.86,4.9,-0.79
12,,4.0,2,1,0,13.55,6.43,-5.276
7,4.0,1.0,7,1,1,16.83,9.46,9.853
36,2.0,8.0,2,5,5,14.99,4.9,-2.035
59,15.0,1.0,22,9,8,14.72,5.31,1.247
61,2.0,1.0,8,11,5,15.56,4.65,-1.19
29,8.0,2.0,2,9,3,16.79,4.98,2.752
24,12.0,1.0,24,5,3,11.58,3.72,-2.839
16,1.0,2.0,2,1,3,8.9,4.7,4.359
5,,1.0,5,1,0,22.14,12.97,-13.424
17,1.0,4.0,2,1,2,10.55,4.21,3.723
21,6.0,4.0,2,5,1,14.72,4.03,3.15
45,5.0,2.0,2,7,7,16.1,4.09,-1.498
110,2.0,1.0,27,21,15,15.78,3.73,0.637
20,2.0,1.0,14,3,4,18.1,8.33,-3.711
21,2.0,1.0,9,3,3,12.9,6.36,3.658
8,1.0,3.0,2,1,2,18.54,8.75,-9.009
19,15.0,5.0,2,3,1,10.51,4.59,3.947
45,2.0,1.0,28,7,7,14.46,4.94,-1.458
76,11.0,3.0,2,13,8,18.67,4.52,0.892
40,11.0,3.0,2,5,5,13.28,5.45,-1.862
56,5.0,2.0,2,7,9,17.36,7.19,1.319
32,5.0,3.0,2,3,5,19.08,6.26,-2.127
18,2.0,4.0,2,3,2,17.83,7.15,3.921
14,14.0,2.0,2,1,1,19.22,5.63,-5.826
12,8.0,2.0,2,1,2,14.24,6.75,6.548
16,12.0,2.0,2,3,2,10.14,4.59,-4.584
13,11.0,3.0,2,1,2,14.48,6.23,5.321
14,9.0,3.0,2,1,2,11.8,5.83,-5.123
13,6.0,2.0,2,1,2,14.17,5.9,5.747
88,7.0,2.0,28,21,20,17.8,5.2,-0.802
49,10.0,2.0,2,11,5,15.81,4.17,1.436
17,15.0,3.0,2,3,1,16.04,4.79,-4.283
7,6.0,2.0,7,1,1,14.84,9.5,-9.608
10,3.0,2.0,2,1,2,16.06,6.67,6.901
82,15.0,2.0,2,19,8,17.09,4.72,-0.788
12,2.0,1.0,12,3,4,15.01,7.11,5.598
23,12.0,2.0,2,5,2,12.77,4.08,-3.248
39,3.0,2.0,2,7,6,25.64,5.9,2.053
21,16.0,2.0,2,3,2,14.0,4.35,-3.5
48,13.0,2.0,2,11,7,19.04,5.8,1.42
18,3.0,2.0,18,3,4,10.11,6.39,-3.589
22,,3.0,2,3,0,17.23,6.68,3.138
12,,3.0,2,1,0,22.49,6.78,-6.43
14,,1.0,2,3,0,15.94,4.8,4.84
20,,3.0,2,3,0,11.02,4.29,-3.959
44,18.0,3.0,2,9,3,14.34,4.49,1.746
46,7.0,2.0,2,13,7,22.84,4.86,-1.641
34,9.0,2.0,2,5,5,13.82,5.25,2.188
16,1.0,4.0,2,1,2,12.07,5.14,-4.255
14,2.0,1.0,14,3,2,9.79,5.42,5.049
56,8.0,4.0,2,11,9,16.13,5.73,-1.301
7,6.0,1.0,7,1,1,16.65,9.88,10.338
11,4.0,1.0,11,1,2,11.43,5.58,-5.71
16,15.0,3.0,2,1,1,12.42,5.07,4.349
35,18.0,5.0,2,5,2,17.08,4.85,-1.934
14,4.0,3.0,2,3,2,13.74,5.28,5.128
10,5.0,1.0,10,1,2,10.81,6.61,-7.035
23,21.0,1.0,8,5,1,18.88,5.96,3.35
116,4.0,2.0,2,23,15,12.14,4.12,-0.677
13,13.0,2.0,2,1,1,11.12,5.83,5.506
13,8.0,2.0,2,1,3,11.29,5.73,-5.591
15,13.0,2.0,2,1,1,10.01,5.31,4.837
53,4.0,2.0,7,13,5,17.36,5.67,1.226
5,1.0,1.0,5,1,1,17.2,11.73,-12.381
28,14.0,1.0,14,5,1,16.54,6.12,2.384
34,7.0,3.0,2,5,3,15.58,5.25,-2.115
63,1.0,3.0,3,12,8,13.85,4.36,0.981
58,6.0,1.0,8,11,8,16.92,6.64,-1.309
47,9.0,2.0,2,9,7,21.8,5.65,1.64
13,12.0,1.0,2,3,1,10.72,5.87,-4.796
43,7.0,2.0,2,7,4,16.89,4.94,1.729
19,1.0,1.0,2,5,3,12.59,4.67,-4.263
21,16.0,2.0,2,5,2,14.42,3.96,3.566
53,2.0,1.0,11,9,8,15.11,5.02,-1.282
20,4.0,5.0,2,3,2,16.71,4.24,3.845
12,12.0,2.0,2,1,1,8.91,6.29,-6.118
14,11.0,6.0,2,1,2,17.18,6.01,5.158
22,7.0,1.0,2,5,3,13.11,6.24,-3.351
59,8.0,4.0,2,9,5,20.61,5.24,1.219
12,,1.0,12,3,0,11.03,5.27,-5.426
23,7.0,2.0,2,5,4,14.56,6.37,3.282
30,24.0,2.0,2,7,2,11.7,3.9,-2.441
87,14.0,3.0,2,19,10,15.49,4.87,0.922
49,2.0,4.0,2,7,2,18.81,4.23,-1.581
21,1.0,6.0,2,3,4,15.41,4.89,3.275
42,1.0,5.0,2,7,5,13.65,6.24,-1.665
36,18.0,1.0,2,7,2,16.84,4.49,1.934
21,1.0,1.0,10,5,5,9.1,4.87,-3.109
12,2.0,3.0,2,1,2,13.9,6.99,6.473
17,15.0,2.0,2,3,1,15.11,4.59,-4.255
16,6.0,2.0,8,3,2,19.33,9.01,-3.895
18,2.0,2.0,2,5,2,20.87,7.22,3.878
38,15.0,2.0,2,9,4,12.66,4.09,-2.021
26,17.0,2.0,2,5,2,14.45,4.21,3.043
23,11.0,3.0,2,5,2,20.77,7.88,-3.551
22,3.0,1.0,2,5,2,16.46,4.15,3.203
26,18.0,3.0,2,7,2,17.47,5.79,2.782
11,10.0,1.0,11,1,1,11.74,6.14,-6.503
19,1.0,5.0,2,1,3,12.32,4.46,3.606
5,4.0,1.0,5,1,1,18.85,13.6,-14.326
27,4.0,2.0,2,5,3,14.28,4.87,2.907
42,15.0,6.0,2,7,3,17.16,5.4,-1.526
98,10.0,2.0,2,25,14,20.37,5.47,0.707
88,9.0,4.0,2,21,9,16.32,4.4,-0.788
42,15.0,4.0,2,11,6,14.51,4.5,1.747
4,2.0,1.0,4,1,1,23.15,16.76,-17.485
25,3.0,5.0,25,4,5,14.47,5.94,2.486
88,1.0,1.0,6,17,11,17.11,4.76,-0.731
8,4.0,1.0,8,1,1,14.02,8.32,8.551
76,10.0,2.0,2,11,8,16.39,4.96,0.866
56,4.0,9.0,2,7,10,14.03,5.45,-1.257
22,22.0,3.0,2,5,1,15.73,5.31,3.096
105,2.0,2.0,56,21,16,16.66,4.85,-0.649
17,9.0,3.0,2,3,2,12.44,4.15,3.848
7,6.0,2.0,7,1,1,15.09,9.59,-9.251
31,5.0,1.0,2,7,5,12.71,5.95,2.206
18,4.0,2.0,2,3,3,17.92,5.0,-3.901
22,1.0,1.0,4,3,4,12.93,4.13,3.254
12,4.0,2.0,2,3,1,13.7,5.88,-5.959
14,1.0,2.0,2,1,4,13.05,4.89,4.941
11,10.0,2.0,2,1,1,11.8,6.15,-6.478
11,2.0,1.0,11,3,3,20.12,7.31,5.827
20,1.0,2.0,2,3,1,13.13,4.48,-3.451
21,1.0,1.0,21,5,5,13.05,5.38,2.925
91,3.0,5.0,2,13,9,21.06,5.22,-0.781
48,21.0,1.0,2,11,5,17.9,4.48,1.601
22,16.0,1.0,2,5,2,15.09,4.64,-3.306
17,1.0,5.0,2,1,2,15.77,5.22,3.764
13,4.0,4.0,2,1,2,20.17,7.22,5.48
16,,1.0,2,3,0,11.73,5.92,-4.645
20,5.0,7.0,2,1,2,12.8,4.15,3.471
35,7.0,2.0,2,9,3,20.49,5.53,-2.077
48,6.0,1.0,37,9,5,14.03,5.52,1.311
34,2.0,1.0,34,7,5,11.61,4.24,-2.002
21,2.0,2.0,2,3,4,14.44,5.39,3.538
67,2.0,1.0,32,13,9,21.52,4.99,-1.184
10,3.0,1.0,2,1,2,10.96,6.7,6.956
44,17.0,3.0,2,11,4,16.97,3.05,-1.603
17,4.0,2.0,17,3,3,14.5,5.19,4.179
11,1.0,1.0,11,1,4,10.1,6.16,-6.515
17,11.0,1.0,17,3,2,13.77,6.45,3.993
32,1.0,4.0,2,9,1,16.27,4.03,-2.16
82,22.0,1.0,2,21,8,11.77,3.48,0.802
58,2.0,7.0,2,13,7,19.75,5.78,-1.224
39,18.0,2.0,2,7,3,11.7,3.61,1.689
49,8.0,2.0,2,15,5,15.29,4.88,-1.505
13,2.0,1.0,2,3,3,13.26,5.96,5.376
56,9.0,1.0,17,11,5,24.6,4.25,-1.166
12,,2.0,2,1,0,17.11,5.83,6.214
22,14.0,1.0,3,5,2,10.44,4.12,-2.937
14,11.0,2.0,2,1,1,7.9,4.78,-4.614
26,7.0,5.0,2,5,3,17.16,5.88,2.628
47,8.0,2.0,2,9,6,15.84,4.58,-1.594
12,5.0,1.0,6,3,2,16.17,5.81,5.559
20,1.0,1.0,8,3,4,14.23,7.78,-3.401
33,9.0,4.0,2,7,2,12.11,5.72,2.232
19,5.0,2.0,2,5,3,19.63,6.28,-3.856
55,1.0,3.0,2,5,9,14.95,5.32,1.338
54,8.0,1.0,9,9,8,21.2,6.41,-1.273
18,,1.0,2,3,0,11.86,4.8,3.771
46,2.0,5.0,2,7,7,13.73,6.02,-1.505
56,18.0,4.0,2,11,9,19.26,5.52,-1.148
16,12.0,5.0,2,1,2,15.52,5.32,4.261
15,13.0,2.0,2,1,1,13.34,5.14,-5.15
11,10.0,1.0,11,1,1,15.65,5.78,6.264
13,10.0,2.0,2,1,1,16.02,5.95,-6.043
24,2.0,1.0,2,7,2,17.96,4.84,2.8
54,2.0,6.0,2,13,5,13.27,3.86,-1.179
55,2.0,1.0,14,11,6,21.99,5.65,1.362
12,12.0,1.0,2,3,1,15.18,6.43,-6.379
14,,3.0,2,1,0,11.88,5.58,5.39
7,4.0,1.0,7,1,1,14.99,9.3,-9.635
29,1.0,1.0,2,9,4,12.57,3.61,2.188
16,3.0,2.0,5,3,1,10.11,5.55,-3.984
15,1.0,5.0,2,1,2,18.67,5.76,4.905
43,19.0,4.0,2,9,3,18.57,3.59,-1.662
15,15.0,2.0,2,3,1,16.06,5.11,4.702
16,4.0,1.0,16,3,3,10.9,5.26,-4.099
23,1.0,5.0,2,3,3,12.33,3.54,3.051
59,1.0,2.0,2,15,10,16.4,4.83,-1.126
15,6.0,2.0,15,3,2,13.09,6.66,4.687
27,13.0,1.0,27,3,4,10.59,4.63,-2.458
10,7.0,1.0,10,3,1,16.3,6.4,6.479
13,1.0,4.0,2,1,1,16.01,5.57,-4.842
13,,3.0,2,3,0,14.08,5.5,5.003
25,1.0,1.0,2,7,5,18.48,6.25,-2.653
72,1.0,4.0,2,15,10,19.74,5.05,1.022
19,5.0,9.0,2,3,1,15.5,4.19,-3.623
26,1.0,4.0,2,3,3,10.33,2.99,2.57
26,2.0,1.0,2,5,2,11.11,3.1,-2.464
17,10.0,1.0,17,3,2,14.67,5.93,3.601
38,16.0,3.0,2,7,3,11.64,3.83,-1.776
19,1.0,1.0,5,7,2,16.99,5.39,3.635
50,8.0,1.0,16,13,6,15.34,4.37,-1.307
39,9.0,3.0,2,7,5,15.52,6.25,1.934
80,9.0,3.0,2,15,9,13.36,4.24,-0.874
57,4.0,2.0,2,11,9,14.64,4.22,1.203
15,1.0,1.0,5,5,2,15.12,6.76,-4.538
11,1.0,1.0,11,1,3,12.81,6.57,6.847
38,1.0,1.0,5,9,6,21.83,5.55,-1.781
51,12.0,2.0,2,11,4,11.53,4.69,1.283
10,9.0,3.0,2,1,1,18.18,7.57,-6.429
86,10.0,3.0,2,17,13,16.73,4.58,0.783
29,5.0,1.0,8,5,4,12.76,5.9,-2.273
24,7.0,2.0,2,5,2,17.52,4.63,2.874
19,1.0,4.0,2,3,2,15.97,4.52,-3.67
12,1.0,3.0,2,1,1,11.37,6.01,5.703
6,5.0,1.0,6,1,1,14.9,10.52,-11.031
22,,1.0,6,3,0,13.65,4.64,3.016
13,1.0,4.0,2,1,1,16.18,6.42,4.988
47,13.0,4.0,2,11,6,19.85,6.14,-1.364
93,13.0,6.0,2,21,12,17.22,4.39,0.697
7,,1.0,7,1,0,15.49,9.25,-9.617
18,2.0,5.0,2,1,2,12.5,4.72,3.782
8,,2.0,2,1,0,15.33,8.65,-8.632
25,2.0,5.0,2,3,4,16.45,7.03,2.697
108,15.0,3.0,2,21,17,13.13,4.47,-0.679
7,,2.0,2,1,0,16.42,10.1,9.948
21,2.0,1.0,2,5,5,15.15,4.71,-3.135
55,22.0,4.0,2,9,6,19.1,5.72,1.267
31,3.0,2.0,2,5,4,15.04,5.4,-2.308
16,15.0,5.0,2,1,1,15.16,4.52,4.149
35,5.0,2.0,2,7,5,12.21,3.8,-1.949
66,7.0,1.0,13,15,5,10.35,4.29,1.032
49,6.0,1.0,2,9,8,11.63,5.1,-1.377
55,1.0,5.0,2,7,8,13.03,4.61,1.238
46,14.0,2.0,2,11,5,18.65,5.52,-1.557
30,14.0,2.0,2,3,4,17.4,5.97,2.524
12,9.0,4.0,2,1,1,12.45,6.6,-6.044
32,16.0,2.0,2,5,3,14.65,5.0,2.156
12,1.0,3.0,2,1,2,15.21,6.54,-5.985
54,15.0,2.0,2,7,5,14.27,5.4,1.296
42,7.0,1.0,42,9,9,13.33,4.95,-1.709
10,1.0,1.0,10,1,2,9.55,6.36,6.513
121,6.0,5.0,26,24,14,16.82,4.01,0.099
24,7.0,5.0,16,4,3,16.04,6.04,-2.788
34,1.0,1.0,6,7,7,10.42,3.64,1.881
32,32.0,4.0,2,3,1,10.72,3.31,-2.308
28,2.0,2.0,2,5,3,12.56,4.46,2.593
18,2.0,1.0,2,5,3,12.11,5.98,-4.017
7,4.0,1.0,7,1,1,13.49,9.13,9.79
37,3.0,2.0,2,7,8,14.13,5.54,-1.875
32,13.0,1.0,16,5,4,15.57,6.35,2.159
46,16.0,6.0,2,11,5,21.83,5.57,-1.41
34,12.0,4.0,2,5,2,11.39,3.34,-1.959
48,3.0,2.0,2,7,6,12.47,4.32,1.426
9,2.0,2.0,2,1,1,18.13,7.25,-8.011
24,2.0,2.0,2,3,4,16.68,7.1,2.986
15,14.0,3.0,2,3,1,19.05,5.1,-4.75
47,1.0,1.0,21,11,9,17.2,6.58,1.446
16,3.0,2.0,2,3,2,11.96,5.11,-4.687
11,1.0,1.0,11,3,2,13.03,5.9,6.108
18,1.0,9.0,2,1,2,15.77,4.95,-4.006
30,12.0,3.0,2,7,3,9.58,4.21,2.427
18,7.0,1.0,7,5,2,17.91,5.23,-3.708
17,17.0,1.0,6,3,1,20.07,6.51,3.85
11,10.0,2.0,2,1,1,10.49,7.19,-7.063
18,,1.0,6,3,0,10.05,4.57,4.227
15,4.0,1.0,2,3,2,15.31,5.62,-4.963
20,,2.0,2,3,0,19.89,4.85,3.911
12,,2.0,2,1,0,12.88,6.31,-6.541
20,12.0,6.0,2,3,3,14.79,5.28,3.75
25,13.0,3.0,2,5,2,15.06,6.4,-2.903
52,8.0,1.0,4,9,5,14.6,5.63,1.287
27,4.0,1.0,27,7,5,11.2,3.25,-2.35
14,6.0,4.0,2,1,2,10.79,5.51,4.812
10,8.0,1.0,5,3,1,23.55,7.63,-6.63
13,12.0,1.0,2,3,1,15.98,6.07,5.583
50,3.0,1.0,18,9,7,17.69,6.1,-1.359
13,1.0,2.0,2,3,2,18.13,5.49,5.196
8,2.0,1.0,8,1,2,17.1,8.71,-9.039
30,1.0,2.0,2,5,1,16.73,3.08,2.746
13,9.0,3.0,2,1,2,11.01,6.55,-6.498
31,21.0,2.0,2,5,2,12.79,5.13,2.484
9,1.0,2.0,2,1,2,17.02,7.79,-7.762
8,7.0,2.0,2,1,1,14.65,8.15,8.458
26,13.0,1.0,26,5,3,13.8,6.51,-2.588
11,4.0,2.0,2,3,1,12.21,6.57,6.633
37,13.0,4.0,2,9,4,16.71,3.85,-1.806
39,17.0,3.0,2,7,4,14.94,5.46,1.835
14,3.0,1.0,6,3,3,10.17,6.62,-5.029
11,1.0,4.0,2,1,3,13.59,6.99,6.651
14,14.0,2.0,2,5,1,21.58,5.58,-5.072
12,12.0,4.0,2,1,1,14.2,6.69,5.666
47,8.0,2.0,2,11,6,20.19,4.96,-1.604
22,1.0,3.0,2,3,2,9.7,4.72,3.288
11,5.0,2.0,11,1,2,15.52,6.35,-6.169
13,12.0,4.0,2,1,1,11.67,6.09,5.718
95,4.0,1.0,5,21,13,18.08,5.28,-0.662
29,2.0,3.0,2,5,4,19.58,5.08,2.277
49,2.0,2.0,2,13,5,19.51,3.93,-1.435
39,3.0,2.0,2,7,8,8.08,3.16,1.651
20,19.0,2.0,2,5,1,15.87,4.2,-3.253
17,3.0,1.0,17,3,3,10.23,4.35,3.895
9,1.0,2.0,2,1,2,14.81,8.04,-7.747
47,9.0,1.0,2,9,6,11.49,4.15,1.47
50,6.0,1.0,4,11,7,17.48,4.49,-1.3
22,2.0,2.0,2,5,5,14.38,4.43,3.207
20,3.0,3.0,2,3,3,15.53,5.55,3.236
33,18.0,2.0,2,7,2,11.22,3.49,-2.135
41,7.0,4.0,2,5,1,14.48,4.51,1.598
121,3.0,2.0,4,28,15,18.32,4.34,-0.391
44,20.0,3.0,2,7,3,15.63,5.06,-1.422
31,3.0,2.0,2,5,4,12.36,4.59,2.001
35,16.0,2.0,2,7,5,16.56,6.04,-1.953
29,4.0,3.0,2,7,3,19.62,3.69,2.59
33,19.0,2.0,2,5,3,14.55,5.24,-2.325
61,3.0,2.0,2,13,5,13.5,4.39,1.212
58,15.0,2.0,2,19,5,16.71,4.34,-1.274
41,4.0,1.0,5,11,5,14.85,4.58,1.757
48,26.0,5.0,2,9,3,17.6,4.93,-1.415
9,1.0,2.0,2,1,2,14.44,7.68,7.726
10,7.0,1.0,10,1,1,12.71,6.93,-7.222
16,1.0,2.0,2,1,2,11.16,4.54,4.557
71,1.0,1.0,52,15,7,14.66,4.29,-0.964
24,2.0,1.0,2,7,5,11.15,4.17,2.871
40,7.0,4.0,2,9,4,15.73,4.13,-1.838
17,1.0,2.0,2,5,2,18.24,5.51,4.391
48,6.0,1.0,2,13,4,12.64,3.86,-1.495
75,20.0,2.0,2,17,7,20.76,5.21,0.959
84,8.0,1.0,11,13,10,17.86,6.27,-0.773
17,10.0,2.0,2,3,2,12.15,6.38,4.34
32,3.0,2.0,2,5,3,13.5,4.94,-2.535
12,,2.0,2,1,0,14.09,6.93,6.754
35,1.0,2.0,2,7,4,16.93,5.39,-2.076
23,7.0,1.0,23,5,2,12.51,6.08,2.815
23,1.0,3.0,2,5,6,13.5,5.76,-3.267
79,15.0,2.0,2,15,8,18.64,4.87,0.908
18,2.0,5.0,2,1,2,15.95,4.41,-3.595
40,6.0,2.0,2,9,4,12.59,3.63,1.687
12,1.0,2.0,2,1,4,12.0,5.5,-5.507
118,1.0,6.0,2,25,16,17.62,4.36,0.586
62,8.0,1.0,2,9,9,20.67,5.3,-1.268
11,1.0,1.0,11,1,2,11.31,6.38,6.553
67,5.0,2.0,2,17,11,16.72,5.05,-1.071
11,5.0,,11,0,2,11.29,5.97,6.172
63,7.0,1.0,3,11,9,18.82,4.26,-1.087
19,19.0,3.0,2,1,1,12.06,3.7,3.619
34,25.0,2.0,2,9,2,18.1,3.71,-2.362
10,2.0,2.0,2,1,1,14.24,7.72,7.939
6,5.0,1.0,6,1,1,16.93,11.19,-11.719
9,1.0,1.0,9,1,1,18.0,7.27,7.364
7,1.0,1.0,7,1,3,14.64,8.63,-9.151
50,15.0,2.0,5,9,5,14.59,4.83,1.497
22,5.0,1.0,2,5,4,18.55,5.16,-3.204
21,1.0,1.0,21,5,4,13.43,4.28,3.033
5,3.0,1.0,5,1,1,18.88,12.68,-13.352
35,1.0,1.0,3,11,5,16.22,4.47,1.973
11,10.0,1.0,2,3,1,16.87,6.86,-6.966
13,13.0,2.0,2,1,1,16.99,5.71,5.868
30,8.0,2.0,2,3,3,15.34,6.61,-2.503
14,2.0,6.0,2,1,2,17.84,6.01,4.689
12,,2.0,2,3,0,16.02,6.65,-5.881
15,3.0,7.0,2,1,2,14.41,5.76,4.641
13,2.0,2.0,2,1,2,12.87,5.45,-5.618
13,12.0,1.0,4,3,1,13.4,6.84,5.677
7,7.0,1.0,2,1,1,17.94,9.78,-10.476
13,12.0,5.0,2,1,1,19.61,6.45,5.953
46,14.0,2.0,2,13,7,18.11,5.09,-1.647
108,6.0,1.0,17,23,15,15.36,5.0,0.608
12,2.0,5.0,2,1,1,17.93,7.0,-5.822
22,1.0,3.0,2,3,4,14.52,4.47,3.318
34,12.0,3.0,2,7,3,24.01,4.87,-2.118
14,14.0,2.0,2,3,1,14.55,5.91,5.502
12,,2.0,2,3,0,24.04,7.5,-6.137
40,3.0,2.0,2,9,4,10.72,3.49,1.873
12,1.0,3.0,2,1,2,12.21,6.41,-6.329
44,19.0,2.0,2,9,3,24.94,4.33,1.909
12,,1.0,12,3,0,16.0,5.83,-6.084
18,3.0,7.0,2,1,2,11.34,4.34,3.896
25,10.0,2.0,2,3,5,14.28,5.25,-2.778
7,3.0,2.0,7,1,1,15.65,10.14,10.478
29,1.0,5.0,2,3,2,15.58,3.3,-2.496
13,1.0,4.0,2,1,1,15.7,6.25,5.107
25,1.0,5.0,2,5,1,11.69,4.56,-2.56
68,17.0,3.0,2,13,6,12.97,4.64,0.983
87,1.0,2.0,2,15,14,17.06,5.16,0.822
22,8.0,1.0,2,5,2,11.91,4.33,-3.207
49,8.0,2.0,19,9,4,14.39,5.68,1.32
14,,2.0,2,1,0,9.75,5.06,-4.947
9,,4.0,2,1,0,18.71,9.13,7.686
73,2.0,5.0,2,15,13,24.34,5.19,0.877
15,,2.0,2,3,0,15.1,5.42,-5.305
12,11.0,1.0,2,3,1,21.8,7.03,6.029
14,2.0,2.0,2,3,2,15.19,5.5,-5.473
3,,1.0,3,1,0,22.38,18.87,20.964
35,5.0,2.0,4,9,5,19.05,5.37,-1.969
57,5.0,2.0,2,11,7,14.42,3.58,1.278
5,,1.0,5,1,0,19.26,12.78,-13.299
11,10.0,1.0,11,1,1,10.58,5.89,6.004
12,11.0,2.0,2,3,1,12.12,5.87,-5.773
57,7.0,1.0,10,9,7,17.97,6.61,1.287
57,4.0,2.0,2,11,8,13.87,6.69,-1.32
18,16.0,6.0,2,1,1,10.09,4.68,4.026
30,7.0,1.0,2,9,6,14.19,4.43,-2.244
15,1.0,2.0,2,1,3,10.97,4.52,4.528
9,1.0,1.0,9,1,1,12.31,6.81,-7.045
18,1.0,3.0,2,3,1,12.12,4.47,4.005
12,12.0,1.0,2,3,1,18.45,6.8,-5.238
29,4.0,1.0,29,7,3,13.31,5.36,2.269
72,6.0,1.0,12,15,8,19.68,5.67,-0.879
24,2.0,3.0,2,5,3,23.44,6.15,-2.79
7,6.0,1.0,7,1,1,19.05,9.73,10.186
29,1.0,2.0,2,5,6,16.78,5.98,-2.39
15,9.0,2.0,2,1,2,9.57,4.64,4.887
45,7.0,2.0,2,11,2,23.03,5.64,-1.726
11,5.0,3.0,2,1,2,15.93,6.85,6.816
46,1.0,4.0,2,9,6,16.51,3.13,-1.516
36,2.0,3.0,2,3,6,12.58,5.21,1.844
16,5.0,1.0,7,3,4,18.47,9.97,-3.908
14,,2.0,5,3,0,14.9,6.08,4.382
13,13.0,3.0,2,1,1,9.82,6.28,-5.292
40,13.0,2.0,2,9,4,15.13,3.2,1.68
91,3.0,1.0,38,23,11,15.23,4.15,-0.79
49,4.0,1.0,5,11,7,18.91,5.93,1.476
64,1.0,2.0,5,13,9,19.94,4.43,-0.976
37,3.0,1.0,30,5,8,13.89,4.57,1.704
11,1.0,1.0,11,1,3,11.44,5.64,-6.08
5,3.0,1.0,5,1,1,16.95,11.83,12.929
18,3.0,3.0,2,3,3,8.72,4.61,-4.133
29,4.0,1.0,29,7,4,12.41,4.88,2.474
6,5.0,1.0,6,1,1,12.69,10.41,-10.938
24,5.0,2.0,2,3,3,14.54,4.39,2.977
56,4.0,3.0,2,11,4,8.75,2.83,-1.258
78,18.0,5.0,2,19,9,17.95,4.79,0.947
49,3.0,3.0,2,13,7,15.79,4.5,-1.432
17,1.0,4.0,2,1,2,14.65,4.46,3.762
41,2.0,2.0,17,7,3,22.05,6.13,-1.652
43,2.0,1.0,2,7,7,15.12,6.6,1.812
10,5.0,1.0,10,1,1,14.88,7.01,-7.22
39,30.0,3.0,2,7,1,15.82,4.58,1.669
13,10.0,3.0,2,1,1,11.27,5.17,-4.934
14,9.0,3.0,2,3,2,18.48,7.13,4.89
12,8.0,2.0,12,1,2,9.83,4.98,-5.267
19,11.0,2.0,2,3,2,11.68,5.94,3.548
10,2.0,1.0,10,3,2,13.56,6.64,-6.517
39,18.0,4.0,2,7,3,12.53,4.4,1.79
41,1.0,5.0,2,7,6,14.52,5.53,-1.739
23,16.0,2.0,2,5,3,13.69,5.44,3.114
72,17.0,3.0,2,13,10,17.46,5.68,-1.053
111,14.0,2.0,2,17,13,17.54,5.43,0.662
7,5.0,1.0,7,1,2,11.26,8.74,-9.244
37,2.0,2.0,17,5,6,20.41,5.15,1.898
83,1.0,5.0,2,15,11,20.99,5.15,-0.837
6,5.0,,6,0,1,19.85,9.51,10.266
121,13.0,2.0,2,17,14,17.51,4.77,-0.557
12,12.0,4.0,2,1,1,12.6,5.82,5.77
35,7.0,2.0,2,5,5,13.41,5.71,-2.005
10,2.0,5.0,2,1,2,18.97,7.87,6.362
30,10.0,5.0,2,3,4,22.68,7.06,2.288
42,3.0,1.0,4,11,5,19.38,5.66,-1.67
21,5.0,5.0,2,3,1,12.93,4.21,3.541
12,11.0,1.0,2,3,1,16.54,6.02,-6.434
16,12.0,2.0,2,1,2,8.69,4.52,4.525
13,6.0,2.0,2,1,2,11.72,5.18,-5.314
13,13.0,4.0,2,1,1,17.31,6.21,5.67
39,2.0,1.0,2,11,6,18.1,5.38,-1.886
13,8.0,3.0,2,1,2,10.37,5.7,5.36
35,15.0,1.0,35,9,3,10.66,4.04,-2.018
11,11.0,2.0,2,1,1,13.01,6.7,6.647
43,4.0,1.0,31,9,9,16.27,5.35,-1.541
14,1.0,4.0,2,1,3,12.7,5.64,4.529
16,6.0,1.0,16,3,4,15.34,6.77,-3.98
38,27.0,3.0,2,7,2,19.17,6.31,-1.617
28,5.0,3.0,2,3,2,12.58,4.35,2.404
18,3.0,2.0,2,3,2,12.01,4.89,-4.182
22,4.0,1.0,22,5,2,12.39,5.0,3.16
4,2.0,1.0,4,1,1,20.76,15.73,-16.577
15,6.0,3.0,2,1,3,9.94,4.64,-4.117
14,6.0,4.0,2,3,2,21.12,6.86,4.899
32,3.0,3.0,2,5,3,10.31,3.59,-2.449
89,23.0,1.0,2,19,8,17.98,4.68,0.852
43,4.0,2.0,2,9,4,14.16,5.27,-1.63
43,1.0,1.0,2,9,6,11.79,3.37,1.529
11,4.0,1.0,11,3,1,13.69,6.22,-5.931
33,1.0,1.0,2,9,5,16.41,4.64,1.992
73,7.0,3.0,2,17,8,22.58,4.94,-1.019
12,4.0,1.0,5,3,2,20.44,6.91,5.377
14,5.0,2.0,2,5,2,22.47,5.54,-5.112
41,12.0,1.0,5,9,3,18.48,5.31,1.612
22,1.0,4.0,2,5,4,10.88,4.01,-2.995
49,4.0,2.0,2,9,5,18.22,5.66,1.322
14,13.0,2.0,2,1,1,11.38,4.77,-4.874
17,14.0,2.0,2,5,1,17.44,5.89,4.722
17,15.0,1.0,2,3,1,9.77,4.33,-4.471
20,5.0,3.0,2,3,3,15.72,4.1,3.824
24,9.0,2.0,2,5,2,16.48,5.12,-3.222
26,19.0,4.0,2,5,2,15.05,5.7,2.697
50,4.0,3.0,2,13,7,16.87,4.48,-1.382
32,1.0,1.0,16,3,4,11.71,5.67,2.24
18,,2.0,2,3,0,11.96,4.81,-4.218
9,7.0,3.0,2,1,2,15.13,8.62,8.229
23,15.0,3.0,2,5,2,20.89,7.21,-3.42
11,11.0,1.0,11,1,1,12.48,5.79,6.309
66,7.0,2.0,2,13,11,19.16,5.78,-1.039
16,,3.0,2,3,0,17.49,6.14,4.542
13,11.0,1.0,4,3,1,15.82,6.67,-5.252
16,1.0,3.0,2,3,1,15.95,6.7,-4.316
19,2.0,3.0,2,1,1,14.2,4.53,4.08
9,8.0,2.0,2,1,1,18.41,8.63,-8.862
26,9.0,1.0,2,7,3,12.89,5.56,3.082
34,3.0,5.0,22,6,6,24.4,6.39,-1.941
49,3.0,4.0,2,11,4,13.72,4.59,1.355
28,4.0,2.0,2,7,2,10.95,3.48,-2.364
14,3.0,4.0,2,1,1,10.87,5.71,4.747
6,3.0,2.0,6,1,2,16.66,11.01,-11.313
5,2.0,1.0,5,1,2,19.09,12.97,13.51
29,4.0,2.0,2,5,4,15.49,5.72,-2.364
22,3.0,1.0,17,5,7,16.03,6.44,2.821
23,6.0,2.0,2,3,4,23.35,7.6,-3.212
72,1.0,1.0,2,17,9,17.98,4.87,0.947
38,13.0,11.0,2,5,4,20.45,3.44,-1.822
29,9.0,4.0,2,5,2,14.05,4.93,2.203
24,3.0,2.0,2,5,3,19.45,6.13,-2.789
28,,2.0,2,5,0,13.58,3.92,2.629
17,2.0,4.0,2,3,2,13.48,5.84,3.894
55,15.0,2.0,2,9,7,16.72,5.6,-1.301
13,10.0,5.0,2,1,1,13.52,6.85,-5.199
13,9.0,4.0,2,1,2,12.44,6.87,5.04
51,2.0,2.0,2,15,8,17.42,5.13,-1.447
19,17.0,3.0,2,5,1,13.13,4.31,3.573
29,21.0,1.0,3,7,2,15.76,4.5,-2.382
90,3.0,4.0,2,15,7,12.91,4.85,0.73
23,9.0,3.0,2,5,3,19.86,6.52,-3.014
40,1.0,1.0,5,7,7,17.41,5.28,1.766
13,3.0,1.0,4,3,1,17.05,6.54,-4.983
37,1.0,4.0,2,9,3,7.93,2.84,1.839
13,13.0,1.0,2,3,1,14.5,5.18,-5.316
35,12.0,2.0,2,9,4,10.55,3.25,2.133
20,19.0,2.0,2,5,1,12.81,4.49,-3.808
8,8.0,1.0,8,1,1,15.47,8.28,8.932
17,3.0,1.0,17,5,2,12.7,4.48,-4.274
14,3.0,3.0,2,1,1,18.7,5.69,5.343
52,4.0,3.0,2,11,7,11.73,4.08,-1.426
20,6.0,4.0,2,3,1,14.21,4.81,3.426
8,,3.0,2,1,0,14.33,9.72,7.723
76,4.0,5.0,2,19,8,19.19,4.07,-0.848
6,5.0,1.0,6,1,1,17.57,11.05,11.593
11,1.0,2.0,2,3,1,16.86,6.81,-6.598
11,11.0,1.0,11,1,1,10.04,6.12,6.367
6,,1.0,6,1,0,17.02,9.35,-10.24
47,15.0,2.0,2,9,6,14.55,5.12,1.53
15,3.0,4.0,2,3,2,11.48,5.83,-4.647
47,11.0,4.0,2,11,4,12.39,4.09,1.646
24,7.0,4.0,2,3,2,11.64,3.54,-3.217
34,8.0,3.0,2,5,2,14.83,2.78,2.195
9,,3.0,2,1,0,14.31,8.38,-8.256
6,1.0,1.0,6,1,2,13.31,10.7,10.957
8,3.0,2.0,2,1,3,13.3,8.28,-8.637
10,,2.0,2,1,0,12.36,7.31,7.167
18,8.0,3.0,2,3,2,18.93,6.54,-3.768
33,3.0,1.0,33,7,5,14.17,6.26,2.161
25,12.0,3.0,2,5,1,16.66,5.66,-2.762
29,10.0,3.0,2,3,4,16.49,5.83,2.482
13,,1.0,2,3,0,15.73,6.14,-5.037
22,13.0,2.0,22,3,2,7.63,4.46,-3.02
27,21.0,1.0,4,7,2,11.51,3.87,2.565
23,4.0,1.0,23,5,5,17.83,6.5,2.768
27,1.0,2.0,20,3,1,12.95,3.63,-2.379
24,19.0,5.0,2,5,2,14.93,3.49,2.858
50,1.0,4.0,2,7,6,15.6,5.77,1.288
39,5.0,1.0,7,9,8,17.52,7.06,-1.819
56,13.0,1.0,2,9,7,14.18,4.87,1.312
21,6.0,2.0,2,3,2,15.51,5.18,-3.502
25,11.0,2.0,2,7,5,12.05,4.13,3.143
11,,1.0,3,3,0,16.67,6.13,-6.034
34,11.0,3.0,2,3,4,17.99,4.6,2.026
10,9.0,4.0,2,1,1,18.37,7.91,-6.993
10,,3.0,2,1,0,20.65,8.24,7.037
20,15.0,5.0,2,3,2,13.91,4.45,-3.397
43,16.0,1.0,2,9,4,10.39,3.99,1.524
15,15.0,3.0,2,1,1,12.02,5.85,-4.748
27,7.0,2.0,2,5,3,21.35,5.28,2.486
119,4.0,4.0,2,23,17,16.22,4.27,-0.593
16,15.0,3.0,2,1,1,13.34,5.07,4.742
14,6.0,2.0,2,3,3,19.63,5.65,-5.503
48,14.0,6.0,2,9,4,17.06,4.07,1.465
16,,1.0,16,3,0,10.67,3.73,-3.946
12,6.0,2.0,12,3,2,14.53,5.62,5.705
15,6.0,9.0,2,1,2,19.06,5.56,-4.532
17,1.0,2.0,2,3,4,21.14,4.81,3.932
38,3.0,5.0,2,5,3,7.36,2.81,-1.848
81,9.0,5.0,2,21,12,16.38,4.3,0.822
31,26.0,3.0,2,3,3,22.7,6.48,-2.16
54,2.0,1.0,7,7,6,12.78,4.65,1.351
83,4.0,2.0,4,15,6,16.39,4.01,-0.786
15,1.0,2.0,3,3,2,16.05,5.08,-4.467
44,10.0,5.0,2,7,5,17.5,4.6,1.661
13,2.0,1.0,2,3,3,16.18,6.1,-5.443
11,3.0,1.0,11,3,3,12.69,6.78,6.456
43,7.0,2.0,2,7,4,13.68,4.79,-1.687
30,8.0,3.0,2,5,3,11.02,4.18,2.365
10,8.0,1.0,10,1,2,11.69,6.67,-6.909
13,2.0,1.0,13,1,2,10.97,5.04,5.258
26,9.0,3.0,2,3,3,12.71,3.28,-2.722
13,,8.0,2,1,0,23.23,6.31,5.162
121,13.0,2.0,2,27,14,18.39,4.7,-0.078
7,,2.0,2,2,0,18.5,8.57,-8.812
7,1.0,1.0,7,1,1,14.28,8.45,8.785
45,3.0,1.0,22,11,5,19.23,5.15,-1.478
90,1.0,1.0,40,21,14,15.91,4.58,0.748
59,9.0,2.0,2,9,4,13.6,5.04,-1.169
66,1.0,3.0,2,15,9,16.62,4.81,1.077
12,12.0,2.0,2,1,1,11.07,6.05,-5.902
10,7.0,2.0,2,1,1,12.92,6.57,6.642
9,,1.0,2,1,0,17.54,6.93,-6.99
30,1.0,3.0,2,5,4,10.82,3.72,-2.401
35,1.0,2.0,2,5,3,20.01,3.12,2.301
14,,1.0,2,5,0,21.84,5.45,-5.156
11,11.0,2.0,2,1,1,17.99,6.56,6.64
20,15.0,2.0,2,5,2,14.79,4.19,-3.664
81,7.0,2.0,16,21,9,19.08,4.08,-0.821
121,17.0,3.0,2,28,20,17.6,5.34,0.213
54,31.0,6.0,2,11,4,14.27,3.64,1.282
10,5.0,1.0,10,1,2,11.13,6.48,-6.467
41,9.0,1.0,21,7,5,12.72,5.39,1.719
12,11.0,2.0,2,1,1,14.92,6.08,-6.145
14,10.0,3.0,2,1,1,13.64,5.43,4.958
118,12.0,2.0,11,23,7,18.17,4.56,-0.567
31,17.0,7.0,2,5,3,13.21,4.5,-2.042
87,37.0,6.0,2,13,6,18.1,4.35,0.808
54,6.0,1.0,2,11,5,12.34,4.08,-1.304
78,6.0,4.0,2,13,9,17.03,4.47,0.897
12,1.0,4.0,2,1,1,11.99,7.05,-6.19
19,18.0,3.0,2,3,1,16.39,4.95,4.12
86,2.0,2.0,2,11,13,17.63,5.13,-0.924
15,2.0,3.0,2,5,3,16.7,5.0,4.597
21,2.0,2.0,4,5,3,9.99,4.8,-3.365
19,2.0,4.0,2,3,1,25.91,4.78,4.022
11,10.0,1.0,11,1,1,11.56,6.08,-6.32
13,12.0,2.0,2,1,1,9.59,5.35,5.417
10,,2.0,2,1,0,14.31,7.76,-7.828
55,1.0,2.0,2,9,8,12.4,4.98,1.304
8,2.0,1.0,8,1,3,14.3,7.5,-8.036
13,13.0,3.0,2,3,1,13.85,5.84,5.3
55,9.0,2.0,55,13,11,11.99,4.47,1.246
15,13.0,2.0,2,1,1,11.03,4.59,-4.603
17,4.0,3.0,2,3,3,12.65,4.97,3.819
53,19.0,1.0,6,11,3,15.84,4.55,-1.231
50,11.0,5.0,2,11,6,15.43,4.66,1.37
57,3.0,1.0,23,11,8,18.88,5.65,-1.178
51,3.0,1.0,3,13,6,13.68,4.34,1.349
85,3.0,2.0,2,15,13,19.09,4.58,-0.832
10,3.0,4.0,2,1,2,18.7,8.09,6.807
16,1.0,6.0,2,1,2,15.01,5.49,-4.074
14,14.0,2.0,2,3,1,23.27,5.44,5.0
40,3.0,2.0,2,7,4,15.74,5.28,-1.833
14,6.0,1.0,14,3,2,9.73,5.47,4.795
16,3.0,8.0,2,1,2,11.63,5.56,-4.694
70,22.0,2.0,2,19,8,11.94,3.7,1.067
46,5.0,2.0,2,7,2,9.45,4.38,-1.547
19,3.0,6.0,2,3,2,14.85,5.14,3.672
96,5.0,2.0,18,19,15,14.08,5.11,-0.763
121,2.0,1.0,4,24,15,13.87,4.39,0.213
12,6.0,2.0,2,1,2,10.41,5.54,5.54
111,1.0,2.0,2,17,15,19.94,5.97,-0.664
68,14.0,2.0,2,15,7,14.15,4.83,1.055
28,5.0,1.0,17,3,3,14.56,7.14,-2.456
39,19.0,2.0,2,9,5,14.12,6.4,1.897
61,10.0,2.0,2,9,8,18.62,5.64,-1.152
23,3.0,2.0,2,3,3,19.42,6.73,2.997
13,6.0,1.0,2,3,2,13.58,5.54,-5.121
19,2.0,2.0,2,5,2,12.95,4.76,3.734
28,16.0,3.0,2,5,2,6.23,2.98,-2.574
66,4.0,1.0,5,13,11,14.04,5.47,1.072
11,,2.0,2,1,0,14.2,7.03,-7.364
5,,2.0,2,1,0,23.65,13.87,14.983
22,12.0,7.0,2,3,2,10.4,4.18,-3.195
9,4.0,2.0,2,1,1,21.3,7.54,8.044
17,1.0,2.0,2,3,3,9.23,4.62,-4.313
22,1.0,3.0,2,3,1,16.97,6.71,3.083
18,8.0,3.0,2,7,3,16.62,4.41,-3.718
73,8.0,2.0,9,15,6,17.36,5.63,0.971
13,9.0,3.0,2,1,2,16.46,6.14,-5.269
23,22.0,3.0,2,5,1,10.93,4.04,3.065
89,5.0,5.0,2,19,12,13.79,4.39,-0.804
53,13.0,2.0,2,9,7,14.61,5.21,1.429
16,14.0,2.0,2,3,1,14.97,6.23,-4.45
25,5.0,2.0,2,5,2,11.18,3.97,-2.758
13,3.0,2.0,2,3,1,10.88,5.54,5.43
18,4.0,1.0,4,7,3,13.74,4.86,-3.805
13,13.0,4.0,2,1,1,12.73,6.16,5.734
7,7.0,1.0,7,1,1,14.39,9.77,-10.176
9,2.0,1.0,9,1,2,8.18,6.65,6.94
37,1.0,4.0,2,5,4,13.67,5.09,-1.938
31,11.0,2.0,2,5,3,19.53,3.44,2.34
12,9.0,1.0,12,3,2,11.83,6.15,-6.196
15,15.0,3.0,2,3,1,17.36,5.0,4.59
18,6.0,4.0,2,5,1,15.64,4.97,-4.095
30,2.0,2.0,2,5,3,17.19,4.94,2.612
89,12.0,2.0,2,17,8,13.21,4.5,-0.823
16,12.0,8.0,2,1,1,13.94,5.84,4.302
10,1.0,2.0,2,1,1,16.31,7.04,-7.35
10,,3.0,2,1,0,15.69,7.75,7.393
10,4.0,1.0,10,1,1,12.87,6.23,-6.693
79,4.0,2.0,2,15,7,15.22,4.56,0.884
12,8.0,1.0,12,3,2,16.1,5.26,-5.341
21,11.0,1.0,21,5,1,14.75,8.26,3.114
21,6.0,5.0,2,3,1,13.09,3.86,-3.304
46,,3.0,2,9,0,14.26,3.78,1.519
24,2.0,3.0,2,7,2,14.51,4.38,-2.98
45,27.0,6.0,2,7,3,10.79,3.1,1.73
51,18.0,2.0,2,11,6,18.04,5.43,-1.416
18,2.0,1.0,9,3,3,15.39,6.25,3.56
31,17.0,2.0,2,7,3,12.33,3.51,-2.386
25,10.0,1.0,17,3,2,15.01,6.1,2.638
50,4.0,3.0,2,9,7,21.31,5.81,-1.48
48,3.0,1.0,6,9,8,12.47,4.08,1.334
37,10.0,2.0,2,7,6,10.97,4.31,-1.905
24,4.0,1.0,24,5,6,12.31,5.04,-2.7
17,5.0,4.0,2,3,1,16.76,4.68,4.178
31,1.0,5.0,2,5,4,15.23,5.9,-2.25
38,5.0,2.0,2,9,4,21.72,5.55,1.833
24,1.0,6.0,2,3,2,11.9,3.88,-2.696
36,14.0,6.0,2,5,5,19.08,6.69,1.986
10,3.0,1.0,10,1,2,10.7,6.81,-7.138
11,6.0,2.0,2,1,1,10.55,6.32,6.579
18,1.0,1.0,18,5,3,10.9,3.91,-3.382
5,5.0,2.0,2,1,1,24.81,14.09,13.996
15,14.0,2.0,2,3,1,17.85,5.47,-5.058
13,8.0,2.0,2,3,2,13.68,5.32,5.452
13,6.0,1.0,13,3,3,17.4,5.64,-5.366
10,7.0,2.0,2,1,1,14.62,6.62,7.062
42,10.0,2.0,2,7,4,15.39,5.7,-1.79
64,12.0,3.0,2,15,4,19.85,4.16,1.198
108,18.0,4.0,2,21,12,19.88,4.9,-0.685
49,10.0,4.0,2,7,6,17.12,5.4,1.374
36,5.0,2.0,2,7,3,18.95,6.51,-2.206
91,24.0,3.0,2,21,11,14.56,4.45,0.843
54,2.0,7.0,2,9,6,16.57,4.59,-1.328
80,16.0,2.0,26,19,10,14.3,5.23,0.88
12,2.0,1.0,12,3,3,17.39,8.15,-5.459
33,15.0,2.0,2,5,1,14.72,4.9,2.166
40,2.0,1.0,40,11,5,16.38,6.32,-1.749
51,8.0,2.0,2,15,5,13.4,3.21,1.468
12,10.0,2.0,12,3,1,13.87,6.63,-5.994
49,15.0,2.0,17,11,5,16.41,4.55,1.322
57,5.0,2.0,21,9,8,13.36,4.75,-1.163
6,,2.0,6,1,0,16.97,11.59,12.335
9,1.0,1.0,2,1,2,12.8,8.02,-8.418
10,5.0,2.0,2,1,2,13.58,7.65,7.43
48,15.0,1.0,2,9,7,12.81,3.69,-1.344
6,5.0,1.0,6,1,1,14.74,10.4,11.226
49,15.0,3.0,2,13,4,13.97,4.37,-1.519
54,8.0,2.0,2,13,5,16.64,5.0,1.383
75,1.0,2.0,2,15,11,14.15,4.49,-0.992
23,22.0,1.0,2,5,1,18.82,4.14,3.017
70,2.0,1.0,28,13,8,16.53,4.46,-1.099
17,17.0,2.0,2,3,1,15.69,4.78,4.39
5,5.0,1.0,5,1,1,19.98,12.44,-12.399
98,4.0,2.0,10,17,12,20.58,5.41,0.627
17,15.0,4.0,2,1,1,10.81,4.73,-4.045
19,1.0,5.0,2,3,2,13.74,5.01,3.34
47,7.0,3.0,2,9,6,14.93,4.11,-1.606
120,9.0,1.0,16,25,17,15.36,4.55,0.639
34,3.0,3.0,2,9,3,13.87,3.08,-2.188
103,2.0,1.0,2,27,12,17.33,4.92,0.63
52,6.0,3.0,2,13,6,13.82,4.06,-1.354
64,15.0,3.0,2,13,6,20.41,4.83,-1.16
18,2.0,2.0,2,5,2,14.49,5.33,4.194
21,7.0,1.0,21,5,3,11.37,5.53,-3.491
11,,2.0,2,1,0,11.99,6.73,6.955
25,3.0,4.0,2,5,3,15.36,3.89,-2.846
44,12.0,3.0,2,9,5,13.63,3.99,1.776
8,6.0,1.0,8,1,1,11.64,9.55,-10.027
39,9.0,2.0,2,7,5,12.58,4.53,2.029
30,7.0,2.0,2,3,2,12.64,5.2,-2.519
55,7.0,1.0,6,11,4,11.69,3.3,1.199
17,8.0,2.0,2,5,4,15.66,4.82,-4.278
5,,1.0,5,1,0,17.81,12.52,13.359
33,5.0,2.0,2,5,2,15.62,5.74,-2.062
31,11.0,4.0,2,7,2,9.61,4.65,2.099
26,18.0,3.0,2,7,2,16.99,4.86,-2.606
22,21.0,2.0,2,5,1,21.49,4.84,3.024
29,12.0,3.0,2,3,1,10.61,4.36,-2.335
11,1.0,3.0,2,1,2,20.47,8.12,-5.671
72,5.0,1.0,35,17,5,19.12,5.4,0.913
24,8.0,3.0,2,7,3,13.55,3.51,-2.721
14,6.0,3.0,2,3,2,16.74,5.79,4.94
15,7.0,2.0,2,1,2,10.46,4.64,-4.552
15,15.0,3.0,2,3,1,18.8,6.87,4.678
13,,2.0,2,3,0,16.35,5.38,-5.27
27,3.0,1.0,18,3,4,20.56,6.44,2.563
21,4.0,1.0,2,5,2,17.8,4.4,-3.329
46,3.0,2.0,2,9,8,20.04,5.16,1.541
15,3.0,1.0,15,3,2,11.91,4.77,-4.506
26,,9.0,19,4,0,13.59,6.57,2.543
29,1.0,1.0,2,5,6,11.93,3.82,-2.403
46,2.0,1.0,2,11,5,13.41,3.62,1.619
40,7.0,1.0,40,11,5,17.39,4.18,-1.769
31,2.0,5.0,2,5,2,11.22,3.64,-2.007
60,1.0,4.0,2,13,6,10.35,3.26,1.108
50,5.0,1.0,10,9,10,16.42,4.71,-1.212
38,1.0,5.0,2,3,5,19.51,5.64,1.73
27,8.0,1.0,9,5,2,11.86,5.1,-2.432
69,4.0,3.0,2,17,8,17.32,5.21,0.994
13,5.0,1.0,13,3,1,19.17,7.51,-5.246
34,6.0,2.0,2,5,5,19.59,6.1,2.116
21,5.0,7.0,2,3,2,12.92,4.57,-3.35
29,27.0,2.0,2,5,1,19.76,6.61,2.56
17,17.0,5.0,2,3,1,13.82,4.82,-4.148
15,1.0,3.0,2,3,3,16.41,5.61,4.232
42,16.0,1.0,14,7,1,15.75,5.51,-1.673
33,2.0,1.0,2,5,5,18.71,5.63,2.253
48,1.0,3.0,2,9,5,16.41,4.93,-1.585
69,2.0,1.0,7,15,11,19.63,5.0,1.113
40,7.0,4.0,2,11,5,15.72,3.63,-1.842
16,16.0,2.0,2,3,1,18.93,5.47,4.554
13,2.0,1.0,13,3,2,16.62,5.53,-4.897
18,2.0,6.0,2,3,2,20.62,5.23,3.438
121,8.0,2.0,2,29,17,17.02,4.94,-0.512
11,3.0,2.0,11,3,3,19.7,6.77,5.62
91,6.0,1.0,27,19,14,16.11,4.82,-0.749
