time,open,high,low,close,ticks
1786193520,0.56129,0.56157,0.56121,0.56133,84
1786193580,0.56136,0.56155,0.56121,0.56125,79
1786193640,0.56124,0.56132,0.56114,0.56118,90
1786193700,0.5612,0.56131,0.56083,0.56087,87
1786193760,0.56091,0.56101,0.56066,0.56068,81
1786193820,0.56067,0.56098,0.56063,0.56082,82
1786193880,0.56083,0.56096,0.56076,0.56082,81
1786193940,0.56082,0.56095,0.56059,0.56062,79
1786194000,0.56062,0.56086,0.56055,0.56075,78
1786194060,0.56075,0.561,0.56074,0.56087,90
1786194120,0.56087,0.56087,0.56053,0.56075,77
1786194180,0.56075,0.56089,0.56049,0.56083,79
1786194240,0.56083,0.56092,0.56076,0.56088,86
1786194300,0.56087,0.56103,0.56083,0.56098,77
1786194360,0.56097,0.56137,0.56097,0.56124,84
1786194420,0.56127,0.56146,0.56111,0.56144,73
1786194480,0.56144,0.56157,0.56136,0.56141,76
1786194540,0.56141,0.56143,0.5609,0.56092,80
1786194600,0.56093,0.56101,0.56079,0.56097,80
1786194660,0.56097,0.56105,0.56077,0.56082,73
1786194720,0.56083,0.56091,0.5604,0.56052,82
1786194780,0.56053,0.56056,0.56028,0.56043,83
1786194840,0.56042,0.56043,0.56003,0.56024,83
1786194900,0.5602,0.56056,0.56001,0.56051,80
1786194960,0.56052,0.56074,0.56039,0.56074,84
1786195020,0.56074,0.56076,0.56039,0.56055,77
1786195080,0.56055,0.56057,0.56025,0.56035,82
1786195140,0.56035,0.56048,0.5603,0.56039,78
1786195200,0.56039,0.5607,0.56033,0.56068,77
1786195260,0.56068,0.56083,0.56056,0.56058,76
1786195320,0.56057,0.56069,0.56045,0.56046,78
1786195380,0.56046,0.56053,0.56024,0.56046,75
1786195440,0.56046,0.56065,0.55992,0.55997,81
1786195500,0.55995,0.56004,0.55984,0.55984,83
1786195560,0.55986,0.5603,0.55979,0.5603,78
1786195620,0.56032,0.56045,0.55975,0.55976,82
1786195680,0.55976,0.55976,0.55908,0.55908,85
1786195740,0.55894,0.55931,0.55892,0.559,81
1786195800,0.559,0.55911,0.55875,0.55884,89
1786195860,0.55883,0.55886,0.55866,0.55879,83
1786195920,0.5588,0.55913,0.55871,0.55912,87
1786195980,0.55912,0.55918,0.55893,0.55917,83
1786196040,0.55917,0.55946,0.55917,0.55935,76
1786196100,0.55935,0.5594,0.55887,0.55891,83
1786196160,0.55891,0.55906,0.55864,0.55871,78
1786196220,0.55871,0.55883,0.55824,0.55832,76
1786196280,0.55832,0.55844,0.55798,0.55798,84
1786196340,0.55798,0.55811,0.55782,0.55807,88
1786196400,0.55807,0.55852,0.55805,0.5585,79
1786196460,0.55847,0.55859,0.55827,0.55838,71
1786196520,0.55825,0.5583,0.55808,0.55821,77
1786196580,0.55821,0.5584,0.55812,0.55834,82
1786196640,0.55834,0.55869,0.55817,0.55868,83
1786196700,0.55868,0.55894,0.55868,0.55875,76
1786196760,0.55878,0.55892,0.55859,0.55889,77
1786196820,0.55889,0.55923,0.55889,0.55923,87
1786196880,0.55923,0.55941,0.55906,0.5594,73
1786196940,0.55941,0.55941,0.55908,0.55911,83
1786197000,0.55918,0.55925,0.55881,0.55886,84
1786197060,0.55886,0.55894,0.55856,0.55858,79
1786197120,0.55858,0.55879,0.55849,0.55876,87
1786197180,0.55876,0.55884,0.5586,0.55875,91
1786197240,0.55875,0.55896,0.55874,0.55887,79
1786197300,0.55887,0.55908,0.55857,0.55907,79
1786197360,0.55907,0.55922,0.559,0.55922,67
1786197420,0.55922,0.5595,0.55922,0.55931,90
1786197480,0.55931,0.5596,0.55929,0.5595,79
1786197540,0.5595,0.55968,0.55917,0.55922,78
1786197600,0.55922,0.55955,0.55922,0.55924,67
1786197660,0.55924,0.55959,0.55921,0.55951,77
1786197720,0.55951,0.55957,0.55926,0.55928,87
1786197780,0.55927,0.55968,0.55927,0.55944,87
1786197840,0.55942,0.55953,0.5591,0.55929,80
1786197900,0.55929,0.55946,0.55913,0.55914,67
1786197960,0.55913,0.55923,0.55889,0.55902,81
1786198020,0.55905,0.5593,0.55891,0.55892,87
1786198080,0.55892,0.5592,0.55889,0.55917,79
1786198140,0.55909,0.55954,0.55896,0.55952,84
1786198200,0.55952,0.55952,0.55924,0.55928,70
1786198260,0.5593,0.55935,0.55898,0.55898,87
1786198320,0.55898,0.55918,0.55894,0.55907,74
1786198380,0.55907,0.55909,0.55848,0.55867,86
1786198440,0.55867,0.55882,0.55862,0.55882,76
1786198500,0.55882,0.55892,0.55869,0.55871,77
1786198560,0.55871,0.55881,0.55851,0.55879,83
1786198620,0.55877,0.55885,0.55864,0.55867,79
1786198680,0.55863,0.55877,0.55854,0.55854,82
1786198740,0.55854,0.55854,0.55826,0.55828,75
1786198800,0.55836,0.55872,0.55836,0.55857,82
1786198860,0.55857,0.55882,0.55857,0.55863,67
1786198920,0.55863,0.55919,0.55859,0.55919,76
1786198980,0.55919,0.55937,0.55912,0.55927,74
1786199040,0.55924,0.55956,0.55916,0.5592,77
1786199100,0.55923,0.55933,0.55912,0.55929,83
1786199160,0.5593,0.5593,0.55887,0.5589,80
1786199220,0.5589,0.55907,0.55875,0.55883,85
1786199280,0.55883,0.55893,0.55862,0.55869,81
1786199340,0.55866,0.55872,0.55826,0.55828,80
1786199400,0.55825,0.55887,0.55822,0.55887,86
1786199460,0.55887,0.55889,0.55854,0.55857,78
1786199520,0.55857,0.55858,0.55819,0.55831,87
1786199580,0.55831,0.55831,0.55781,0.55794,83
1786199640,0.55794,0.55797,0.55754,0.55754,75
1786199700,0.55755,0.55755,0.55732,0.55749,80
1786199760,0.55747,0.55747,0.55706,0.55726,85
1786199820,0.55728,0.5576,0.55711,0.55755,66
1786199880,0.55753,0.55754,0.55727,0.5573,77
1786199940,0.5573,0.55735,0.55709,0.5572,85
1786200000,0.55725,0.55781,0.55725,0.55775,81
1786200060,0.55773,0.55786,0.55744,0.55756,77
1786200120,0.55756,0.55769,0.5574,0.55758,78
1786200180,0.55756,0.55757,0.55699,0.5571,84
1786200240,0.5571,0.5571,0.55677,0.55704,76
1786200300,0.55704,0.55708,0.55682,0.55683,76
1786200360,0.55683,0.557,0.55661,0.55668,86
1786200420,0.55668,0.55695,0.55651,0.55652,88
1786200480,0.55652,0.55668,0.55639,0.55645,80
1786200540,0.55645,0.55675,0.55642,0.55655,87
1786200600,0.55655,0.55659,0.55615,0.55632,76
1786200660,0.55632,0.55656,0.55632,0.55638,81
1786200720,0.55627,0.55636,0.5559,0.55601,76
1786200780,0.55602,0.55643,0.55598,0.55643,90
1786200840,0.55643,0.55685,0.55643,0.55677,82
1786200900,0.55678,0.55694,0.55666,0.55676,87
1786200960,0.55672,0.55737,0.55672,0.55728,73
1786201020,0.55728,0.55749,0.55716,0.55742,79
1786201080,0.55742,0.55763,0.55711,0.55763,81
1786201140,0.55763,0.55775,0.55741,0.55744,85
1786201200,0.55742,0.55767,0.55735,0.55739,77
1786201260,0.55739,0.55762,0.55731,0.55762,76
1786201320,0.55762,0.55773,0.55725,0.55747,82
1786201380,0.55751,0.55763,0.55742,0.5576,74
1786201440,0.5576,0.5577,0.55747,0.55769,81
1786201500,0.55769,0.55778,0.5572,0.55723,83
1786201560,0.55723,0.55746,0.55713,0.55746,73
1786201620,0.55746,0.55761,0.55729,0.55747,74
1786201680,0.55747,0.55751,0.5572,0.55728,87
1786201740,0.55727,0.55751,0.55727,0.55741,76
1786201800,0.55742,0.55756,0.55724,0.55748,84
1786201860,0.5575,0.55785,0.5574,0.55748,77
1786201920,0.55742,0.55804,0.55742,0.55804,75
1786201980,0.55804,0.55818,0.55797,0.55801,84
1786202040,0.558,0.55808,0.55783,0.55805,83
1786202100,0.55804,0.55806,0.55775,0.55787,91
1786202160,0.55789,0.55828,0.55787,0.55814,78
1786202220,0.55816,0.55856,0.55812,0.5584,86
1786202280,0.5584,0.55846,0.55808,0.5582,79
1786202340,0.5582,0.55833,0.55797,0.55803,83
1786202400,0.55803,0.55812,0.55786,0.55789,73
1786202460,0.55789,0.55793,0.55746,0.55749,79
1786202520,0.55749,0.55781,0.55737,0.55781,83
1786202580,0.55781,0.55784,0.55751,0.55751,82
1786202640,0.5575,0.55771,0.55745,0.55763,91
1786202700,0.55763,0.55791,0.55759,0.55764,86
1786202760,0.55766,0.55813,0.55759,0.55809,79
1786202820,0.55808,0.5585,0.55805,0.55846,78
1786202880,0.55846,0.55855,0.55834,0.55837,68
1786202940,0.55834,0.55835,0.55811,0.55826,86
1786203000,0.55826,0.55865,0.55826,0.5586,81
1786203060,0.5586,0.55867,0.55834,0.55845,79
1786203120,0.55846,0.55851,0.55836,0.55844,83
1786203180,0.55844,0.55855,0.55807,0.55808,81
1786203240,0.55808,0.5585,0.55806,0.55841,85
1786203300,0.55841,0.55869,0.55837,0.55855,81
1786203360,0.55855,0.55865,0.55835,0.55849,77
1786203420,0.55849,0.55867,0.55826,0.55834,78
1786203480,0.55834,0.55876,0.55828,0.55876,73
1786203540,0.55876,0.55881,0.55839,0.55839,78
1786203600,0.55839,0.55906,0.55835,0.55904,83
1786203660,0.55906,0.55906,0.55879,0.55888,80
1786203720,0.55886,0.55886,0.55851,0.55867,87
1786203780,0.55866,0.5587,0.55836,0.55849,85
1786203840,0.55845,0.55866,0.55836,0.55866,72
1786203900,0.55866,0.55886,0.55858,0.55865,88
1786203960,0.55863,0.55909,0.55859,0.55907,84
1786204020,0.559,0.55902,0.55876,0.55894,78
1786204080,0.55894,0.55909,0.55872,0.55875,81
1786204140,0.55876,0.55913,0.55874,0.55909,80
1786204200,0.55909,0.55949,0.55906,0.55917,78
1786204260,0.55917,0.55959,0.55915,0.55918,72
1786204320,0.55918,0.55918,0.55867,0.55868,83
1786204380,0.55868,0.55888,0.55865,0.55886,83
1786204440,0.55886,0.55914,0.55886,0.55903,81
1786204500,0.55903,0.55915,0.55887,0.55895,82
1786204560,0.55895,0.55899,0.55868,0.55889,83
1786204620,0.55889,0.55913,0.55881,0.55908,89
1786204680,0.55908,0.55929,0.55898,0.55924,79
1786204740,0.55924,0.55928,0.55887,0.5591,85
1786204800,0.5591,0.55933,0.55892,0.55897,85
1786204860,0.55897,0.55899,0.55871,0.55894,81
1786204920,0.55894,0.55904,0.55873,0.55891,82
1786204980,0.55893,0.55909,0.55871,0.55877,82
1786205040,0.55875,0.55881,0.55837,0.5585,80
1786205100,0.5585,0.5588,0.55833,0.5588,76
1786205160,0.5588,0.55897,0.55856,0.55867,91
1786205220,0.55866,0.55884,0.55847,0.55884,89
1786205280,0.55884,0.55901,0.55876,0.55889,79
1786205340,0.55889,0.55904,0.55875,0.55878,75
1786205400,0.55878,0.5588,0.55848,0.55848,85
1786205460,0.55848,0.55875,0.55841,0.55874,80
1786205520,0.55874,0.55874,0.55826,0.55833,81
1786205580,0.55833,0.55855,0.55824,0.55854,83
1786205640,0.55854,0.55854,0.55817,0.55821,79
1786205700,0.55826,0.55856,0.55824,0.55824,82
1786205760,0.55828,0.5584,0.55803,0.55807,75
1786205820,0.55807,0.5582,0.55789,0.5582,72
1786205880,0.5582,0.55864,0.5582,0.55862,78
1786205940,0.55863,0.55869,0.55836,0.55837,88
1786206000,0.55841,0.55872,0.55835,0.55859,78
1786206060,0.5586,0.55897,0.55854,0.55869,83
1786206120,0.55872,0.559,0.5587,0.5587,86
1786206180,0.55874,0.55897,0.55874,0.55897,84
1786206240,0.55895,0.55905,0.55847,0.55851,91
1786206300,0.5585,0.55887,0.55843,0.55883,85
1786206360,0.55883,0.5589,0.55856,0.5586,78
1786206420,0.5586,0.55881,0.55859,0.55881,88
1786206480,0.55881,0.55894,0.55875,0.55892,83
1786206540,0.55892,0.55894,0.55874,0.55885,79
1786206600,0.55885,0.55928,0.55885,0.55927,82
1786206660,0.55927,0.55935,0.55882,0.55889,87
1786206720,0.55889,0.55893,0.5585,0.5585,87
1786206780,0.5585,0.5585,0.55818,0.55832,76
1786206840,0.55829,0.55843,0.55819,0.55822,80
1786206900,0.55824,0.55889,0.55819,0.55887,82
1786206960,0.55888,0.55892,0.55863,0.55874,81
1786207020,0.55877,0.55922,0.55872,0.5591,78
1786207080,0.55909,0.55924,0.5589,0.55893,79
1786207140,0.55894,0.55918,0.55881,0.55908,72
1786207200,0.55908,0.5591,0.55891,0.559,77
1786207260,0.559,0.55906,0.55875,0.5588,82
1786207320,0.55877,0.55886,0.55831,0.55849,79
1786207380,0.55849,0.55882,0.55845,0.55878,74
1786207440,0.55876,0.55898,0.55863,0.55897,85
1786207500,0.55897,0.55897,0.55855,0.55856,78
1786207560,0.55856,0.55856,0.55833,0.55843,75
1786207620,0.55843,0.55844,0.55771,0.55775,79
1786207680,0.55775,0.55786,0.55747,0.55786,83
1786207740,0.55787,0.55811,0.55758,0.55793,76
1786207800,0.55793,0.55822,0.55783,0.55822,79
1786207860,0.55822,0.55852,0.55822,0.55836,80
1786207920,0.55838,0.5584,0.55795,0.55802,76
1786207980,0.55802,0.55805,0.55784,0.55784,85
1786208040,0.55784,0.55826,0.55781,0.55807,75
1786208100,0.55807,0.55835,0.558,0.55814,78
1786208160,0.55814,0.55821,0.55795,0.55813,85
1786208220,0.55814,0.55815,0.55794,0.55811,79
1786208280,0.55811,0.55822,0.55792,0.55796,74
1786208340,0.55795,0.55816,0.55783,0.55816,88
1786208400,0.55815,0.55833,0.55798,0.55826,78
1786208460,0.55826,0.55835,0.55786,0.55802,84
1786208520,0.55802,0.55814,0.55786,0.55814,78
1786208580,0.55814,0.55822,0.55793,0.55815,79
1786208640,0.55815,0.55815,0.55777,0.55789,83
1786208700,0.55789,0.55789,0.55738,0.55756,84
1786208760,0.55754,0.55785,0.55754,0.55776,82
1786208820,0.55775,0.55794,0.55761,0.55789,82
1786208880,0.55788,0.55788,0.55747,0.55765,84
1786208940,0.55765,0.55777,0.55764,0.55773,81
1786209000,0.55773,0.55793,0.55741,0.55741,89
1786209060,0.55743,0.55745,0.55717,0.55728,93
1786209120,0.55728,0.55763,0.55684,0.55763,82
1786209180,0.55763,0.55771,0.55734,0.55746,90
1786209240,0.55746,0.55759,0.55735,0.55739,81
1786209300,0.55737,0.55788,0.55736,0.55773,77
1786209360,0.55771,0.55777,0.55735,0.55735,67
1786209420,0.55736,0.55753,0.55724,0.55736,87
1786209480,0.55738,0.55748,0.5572,0.55734,81
1786209540,0.55734,0.55755,0.55727,0.55755,79
1786209600,0.55755,0.55755,0.55709,0.55727,83
1786209660,0.55727,0.55775,0.55727,0.55751,82
1786209720,0.55751,0.55765,0.55734,0.5576,82
1786209780,0.5576,0.55767,0.55744,0.55744,80
1786209840,0.5574,0.55743,0.55726,0.55741,76
1786209900,0.55742,0.55756,0.5573,0.55749,80
1786209960,0.55749,0.55803,0.55745,0.55793,80
1786210020,0.55793,0.55803,0.55778,0.55784,86
1786210080,0.55785,0.558,0.55771,0.55771,87
1786210140,0.55769,0.55779,0.55759,0.55759,83
1786210200,0.55759,0.55792,0.55749,0.55777,77
1786210260,0.55776,0.55788,0.55767,0.5577,83
1786210320,0.55772,0.55775,0.55726,0.55732,82
1786210380,0.55727,0.55776,0.55727,0.55762,75
1786210440,0.55763,0.55776,0.55748,0.55752,64
1786210500,0.5575,0.55764,0.5574,0.55746,88
1786210560,0.55746,0.55771,0.5574,0.55744,81
1786210620,0.55744,0.55771,0.55732,0.55741,84
1786210680,0.55741,0.55744,0.55704,0.55717,75
1786210740,0.55717,0.55722,0.55705,0.55719,81
1786210800,0.55719,0.55761,0.55717,0.55757,83
1786210860,0.55757,0.55769,0.55733,0.55767,74
1786210920,0.55767,0.5578,0.55747,0.55758,81
1786210980,0.55758,0.55768,0.55745,0.55745,74
1786211040,0.55745,0.5575,0.55725,0.55727,85
1786211100,0.55727,0.55736,0.55693,0.55705,87
1786211160,0.55703,0.55732,0.55702,0.55718,78
1786211220,0.55717,0.55717,0.55666,0.55666,78
1786211280,0.55666,0.55676,0.55655,0.55673,84
1786211340,0.55673,0.55678,0.55643,0.55647,82
1786211400,0.55641,0.55673,0.55638,0.55665,76
1786211460,0.55665,0.5567,0.55629,0.55633,83
1786211520,0.55632,0.55676,0.5563,0.55668,81
1786211580,0.55668,0.55684,0.5565,0.55677,73
1786211640,0.55677,0.55688,0.55661,0.55667,86
1786211700,0.55667,0.557,0.55665,0.55699,80
1786211760,0.55698,0.55734,0.55689,0.55733,84
1786211820,0.55733,0.55735,0.55706,0.5571,83
1786211880,0.5571,0.55731,0.5569,0.55727,75
1786211940,0.55727,0.55736,0.55692,0.55711,78
1786212000,0.55711,0.55744,0.55708,0.55735,84
1786212060,0.55735,0.55745,0.55705,0.5571,76
1786212120,0.5571,0.55719,0.55685,0.55705,80
1786212180,0.55705,0.55715,0.55693,0.55694,85
1786212240,0.55694,0.55706,0.55682,0.55682,82
1786212300,0.55683,0.55698,0.55656,0.55657,68
1786212360,0.55659,0.55694,0.55655,0.55684,78
1786212420,0.55681,0.55695,0.55675,0.55687,74
1786212480,0.55684,0.55718,0.55674,0.55717,76
1786212540,0.55716,0.55733,0.55705,0.55707,89
1786212600,0.55705,0.55742,0.55696,0.55739,78
1786212660,0.55739,0.55743,0.55714,0.55741,77
1786212720,0.55741,0.55746,0.55718,0.55745,76
1786212780,0.55745,0.55745,0.55686,0.557,84
1786212840,0.557,0.55738,0.55695,0.5573,84
1786212900,0.5573,0.55758,0.55725,0.55749,84
1786212960,0.55749,0.55764,0.55743,0.55751,76
1786213020,0.55748,0.5576,0.55733,0.55742,86
1786213080,0.55744,0.5575,0.55699,0.55715,85
1786213140,0.55715,0.55721,0.5566,0.5566,85
1786213200,0.55658,0.55677,0.55654,0.55658,80
1786213260,0.55658,0.55664,0.5563,0.55635,82
1786213320,0.55635,0.55644,0.55621,0.55632,84
1786213380,0.55632,0.55652,0.55597,0.55649,78
1786213440,0.55651,0.55668,0.55641,0.55643,83
1786213500,0.55643,0.55645,0.55591,0.55593,82
1786213560,0.55593,0.55626,0.55593,0.55618,78
1786213620,0.55621,0.5566,0.55616,0.55618,75
1786213680,0.55621,0.55656,0.5562,0.55653,79
1786213740,0.5565,0.55653,0.55612,0.55624,76
1786213800,0.55624,0.55651,0.55614,0.55643,88
1786213860,0.55643,0.55672,0.55629,0.55672,81
1786213920,0.55672,0.55723,0.55672,0.55706,81
1786213980,0.55706,0.55719,0.55702,0.55707,77
1786214040,0.55707,0.55707,0.55653,0.55658,71
1786214100,0.55658,0.55691,0.55658,0.5568,82
1786214160,0.5568,0.55733,0.55675,0.55733,88
1786214220,0.55733,0.55766,0.55729,0.55737,71
1786214280,0.55737,0.55779,0.55735,0.55762,88
1786214340,0.55762,0.55791,0.55751,0.55756,83
1786214400,0.55756,0.55797,0.55749,0.55791,85
1786214460,0.55791,0.55832,0.55788,0.55817,78
1786214520,0.55817,0.55827,0.55785,0.55796,83
1786214580,0.55795,0.55803,0.55759,0.55765,77
1786214640,0.55766,0.5579,0.55758,0.55784,75
1786214700,0.55786,0.55815,0.55774,0.55815,74
1786214760,0.55821,0.55824,0.55792,0.55806,79
1786214820,0.55806,0.55823,0.55797,0.55801,88
1786214880,0.55801,0.55833,0.55794,0.55833,79
1786214940,0.55833,0.55862,0.55833,0.5586,79
1786215000,0.5586,0.55884,0.55854,0.55867,80
1786215060,0.55869,0.5592,0.55863,0.55909,87
1786215120,0.55906,0.5592,0.55873,0.55875,76
1786215180,0.55873,0.5588,0.55847,0.55864,79
1786215240,0.55862,0.55889,0.55847,0.5585,75
1786215300,0.5585,0.5585,0.55834,0.55834,78
1786215360,0.55835,0.55846,0.55815,0.55826,79
1786215420,0.55815,0.55825,0.55783,0.55786,79
1786215480,0.55786,0.55786,0.55755,0.55755,75
1786215540,0.55755,0.5577,0.55743,0.55769,78
1786215600,0.55774,0.55786,0.55762,0.5577,85
1786215660,0.5577,0.55817,0.5577,0.55817,78
1786215720,0.55817,0.5584,0.55799,0.558,75
1786215780,0.558,0.55847,0.558,0.5584,80
1786215840,0.5584,0.55847,0.55809,0.55809,78
1786215900,0.55809,0.55816,0.55767,0.55767,81
1786215960,0.55767,0.55769,0.5572,0.55736,79
1786216020,0.55739,0.55794,0.55736,0.55794,73
1786216080,0.55793,0.55793,0.5576,0.55785,83
1786216140,0.55785,0.55796,0.55762,0.55769,78
1786216200,0.55769,0.55803,0.55757,0.558,80
1786216260,0.558,0.55815,0.55779,0.55786,67
1786216320,0.55788,0.55809,0.55773,0.55809,78
1786216380,0.55811,0.55853,0.55782,0.55847,85
1786216440,0.55849,0.55855,0.55827,0.55829,77
1786216500,0.55829,0.55868,0.55829,0.55859,84
1786216560,0.55858,0.55897,0.55849,0.55849,80
1786216620,0.55847,0.5587,0.55841,0.55842,80
1786216680,0.55842,0.55851,0.55797,0.55801,71
1786216740,0.55801,0.55827,0.55793,0.55802,71
1786216800,0.55805,0.55812,0.55783,0.55786,88
1786216860,0.55786,0.55792,0.55763,0.55763,77
1786216920,0.55763,0.55806,0.55763,0.55803,76
1786216980,0.55803,0.55824,0.55795,0.55824,82
1786217040,0.55824,0.55838,0.5581,0.55812,75
1786217100,0.55812,0.55825,0.55797,0.55823,78
1786217160,0.55823,0.55859,0.55821,0.55858,85
1786217220,0.55858,0.55894,0.55858,0.55892,77
1786217280,0.55894,0.55921,0.55885,0.55921,71
1786217340,0.55921,0.55956,0.55913,0.55935,70
1786217400,0.55939,0.55972,0.55939,0.55959,84
1786217460,0.55959,0.55962,0.55917,0.55926,86
1786217520,0.55928,0.55945,0.55906,0.55906,84
1786217580,0.55909,0.55926,0.55893,0.55909,77
1786217640,0.55909,0.55917,0.55884,0.55911,73
1786217700,0.55911,0.55931,0.55892,0.55892,72
1786217760,0.55892,0.55893,0.55846,0.55856,76
1786217820,0.55856,0.55868,0.55838,0.55849,84
1786217880,0.55849,0.55914,0.55849,0.55907,76
1786217940,0.55907,0.55915,0.55871,0.55888,78
1786218000,0.55888,0.55897,0.55878,0.55889,76
1786218060,0.55889,0.55909,0.55879,0.55883,84
1786218120,0.55883,0.55924,0.55874,0.55924,71
1786218180,0.55924,0.55938,0.55917,0.55922,77
1786218240,0.55921,0.55938,0.55905,0.55924,77
1786218300,0.55924,0.5595,0.55914,0.55937,77
1786218360,0.55935,0.55964,0.55929,0.55963,77
1786218420,0.55963,0.55969,0.55921,0.55921,77
1786218480,0.55921,0.55928,0.5591,0.5591,74
1786218540,0.55921,0.55939,0.55902,0.55918,69
1786218600,0.55918,0.55926,0.559,0.55903,82
1786218660,0.55904,0.55909,0.55864,0.55871,86
1786218720,0.55871,0.55876,0.55851,0.55854,79
1786218780,0.55854,0.55857,0.55821,0.55833,71
1786218840,0.55833,0.5585,0.55826,0.55842,81
1786218900,0.55842,0.55853,0.55827,0.55833,68
1786218960,0.55834,0.55843,0.558,0.55807,80
1786219020,0.55802,0.55802,0.55756,0.55757,80
1786219080,0.55757,0.55779,0.55741,0.55745,82
1786219140,0.55745,0.55746,0.55703,0.55711,87
1786219200,0.55711,0.55712,0.55675,0.55682,87
1786219260,0.55682,0.55693,0.55671,0.55671,76
1786219320,0.55671,0.55677,0.55648,0.55655,84
1786219380,0.55653,0.55662,0.55621,0.55638,83
1786219440,0.55638,0.55652,0.55622,0.55645,76
1786219500,0.55645,0.55672,0.5564,0.55642,75
1786219560,0.55642,0.55685,0.55634,0.55678,88
1786219620,0.55676,0.55697,0.5567,0.55689,78
1786219680,0.55701,0.55702,0.55655,0.55673,85
1786219740,0.55671,0.557,0.55659,0.5567,82
1786219800,0.5567,0.55699,0.5567,0.5569,71
1786219860,0.5569,0.55715,0.5569,0.55696,81
1786219920,0.55696,0.55696,0.55671,0.55679,73
1786219980,0.55679,0.55693,0.55636,0.55639,80
1786220040,0.55639,0.55688,0.55634,0.55686,78
1786220100,0.55686,0.55718,0.55681,0.55689,87
1786220160,0.55689,0.5569,0.55673,0.55683,75
1786220220,0.55683,0.55708,0.5567,0.55688,84
1786220280,0.55688,0.55693,0.55644,0.55644,81
1786220340,0.55647,0.5569,0.55647,0.55674,83
1786220400,0.55679,0.55703,0.5567,0.5567,82
1786220460,0.5567,0.55689,0.55665,0.55687,76
1786220520,0.55687,0.55703,0.55667,0.55699,82
1786220580,0.55699,0.55716,0.55684,0.55684,73
1786220640,0.55687,0.55687,0.55654,0.55672,79
1786220700,0.55671,0.55681,0.5565,0.55656,79
1786220760,0.55656,0.55658,0.55625,0.55627,80
1786220820,0.55628,0.55657,0.55628,0.55657,87
1786220880,0.55657,0.55711,0.55652,0.55701,80
1786220940,0.55701,0.55708,0.55657,0.55685,75
1786221000,0.55685,0.55692,0.55658,0.55691,79
1786221060,0.55691,0.55707,0.55679,0.55682,76
1786221120,0.55682,0.55682,0.55643,0.55643,73
1786221180,0.55643,0.55658,0.55633,0.55645,79
1786221240,0.55645,0.55649,0.55616,0.5564,82
1786221300,0.5564,0.5564,0.55603,0.55619,76
1786221360,0.55619,0.55628,0.55606,0.55621,73
1786221420,0.55618,0.55635,0.5559,0.55593,79
1786221480,0.55591,0.556,0.55555,0.55571,89
1786221540,0.55571,0.55608,0.55564,0.55589,75
1786221600,0.55589,0.55631,0.55589,0.55627,90
1786221660,0.55627,0.55638,0.55611,0.55631,82
1786221720,0.55629,0.55664,0.55617,0.55664,84
1786221780,0.55664,0.55697,0.55664,0.55691,85
1786221840,0.55691,0.55707,0.55665,0.55704,77
1786221900,0.55704,0.55729,0.55686,0.55693,79
1786221960,0.55692,0.55696,0.5564,0.55655,76
1786222020,0.55655,0.5566,0.55622,0.55627,87
1786222080,0.55627,0.55627,0.5559,0.55593,71
1786222140,0.55593,0.55596,0.55568,0.55575,83
1786222200,0.55575,0.55602,0.55574,0.55579,79
1786222260,0.55579,0.55581,0.55545,0.55545,81
1786222320,0.55546,0.5558,0.55546,0.55568,82
1786222380,0.55567,0.55568,0.55512,0.55514,79
1786222440,0.55507,0.55521,0.55485,0.55488,74
1786222500,0.55488,0.55494,0.55474,0.55476,78
1786222560,0.55476,0.55518,0.55474,0.55514,78
1786222620,0.55514,0.55528,0.55485,0.55503,89
1786222680,0.55502,0.55549,0.55495,0.55549,73
1786222740,0.55549,0.5559,0.55545,0.55568,76
1786222800,0.55572,0.55606,0.55567,0.55586,86
1786222860,0.55586,0.55629,0.55582,0.55602,76
1786222920,0.55602,0.55602,0.5558,0.556,74
1786222980,0.556,0.55611,0.55578,0.55594,80
1786223040,0.55593,0.55607,0.55556,0.55556,86
1786223100,0.55557,0.55557,0.55524,0.55538,74
1786223160,0.55538,0.55562,0.5553,0.5554,77
1786223220,0.5554,0.55546,0.55521,0.5553,84
1786223280,0.5553,0.55559,0.55527,0.55556,78
1786223340,0.55556,0.55556,0.55527,0.55547,82
1786223400,0.55549,0.55552,0.55525,0.55533,72
1786223460,0.55533,0.55538,0.55506,0.55527,76
1786223520,0.55527,0.55557,0.55527,0.55545,76
1786223580,0.55545,0.55548,0.5553,0.55536,83
1786223640,0.55536,0.55541,0.55517,0.55519,71
1786223700,0.55521,0.5554,0.55512,0.55513,76
1786223760,0.55513,0.55553,0.55507,0.55548,74
1786223820,0.55551,0.55557,0.55532,0.55547,71
1786223880,0.55546,0.55569,0.5553,0.55563,88
1786223940,0.55563,0.55563,0.55485,0.55485,90
1786224000,0.55485,0.55496,0.55475,0.55491,79
1786224060,0.55489,0.55498,0.55464,0.55467,78
1786224120,0.55467,0.55499,0.55442,0.55491,80
1786224180,0.55498,0.55499,0.55452,0.55459,82
1786224240,0.55459,0.55459,0.55439,0.55439,80
1786224300,0.55439,0.55471,0.55435,0.55454,79
1786224360,0.55466,0.55485,0.55446,0.55467,85
1786224420,0.55468,0.55475,0.55398,0.55399,85
1786224480,0.55401,0.55411,0.55382,0.55382,79
1786224540,0.55382,0.55383,0.55361,0.55364,89
1786224600,0.55364,0.55417,0.55361,0.55417,82
1786224660,0.55417,0.55488,0.55415,0.55488,84
1786224720,0.55488,0.55499,0.55469,0.55476,83
1786224780,0.55476,0.55491,0.55454,0.55473,88
1786224840,0.55473,0.55495,0.55468,0.55495,72
1786224900,0.55494,0.555,0.55456,0.55462,79
1786224960,0.55461,0.55482,0.55452,0.55459,82
1786225020,0.55456,0.55483,0.55456,0.55477,90
1786225080,0.55476,0.55485,0.55448,0.5545,79
1786225140,0.55451,0.55468,0.55445,0.55449,76
1786225200,0.55446,0.55464,0.55426,0.55448,83
1786225260,0.55446,0.55454,0.55428,0.5544,77
1786225320,0.5544,0.55474,0.55437,0.5545,85
1786225380,0.5545,0.55458,0.554,0.55402,82
1786225440,0.55394,0.55401,0.55376,0.55377,78
1786225500,0.55377,0.55405,0.55376,0.55396,73
1786225560,0.55396,0.55429,0.55387,0.55427,75
1786225620,0.55427,0.55459,0.55427,0.5545,77
1786225680,0.5545,0.5545,0.55416,0.55416,80
1786225740,0.55416,0.55427,0.55398,0.55427,80
1786225800,0.55434,0.55473,0.55425,0.55456,79
1786225860,0.55455,0.55458,0.55407,0.55408,76
1786225920,0.55408,0.55434,0.554,0.55429,81
1786225980,0.55429,0.55429,0.55369,0.55374,87
1786226040,0.55376,0.55401,0.55372,0.55379,71
1786226100,0.55377,0.55429,0.5537,0.55414,77
1786226160,0.55412,0.55425,0.55385,0.55408,77
1786226220,0.55408,0.55424,0.55388,0.55403,83
1786226280,0.55398,0.55418,0.55394,0.55413,80
1786226340,0.55415,0.55443,0.55403,0.55438,83
1786226400,0.55439,0.55446,0.55415,0.55446,80
1786226460,0.55446,0.55466,0.55442,0.55462,86
1786226520,0.55462,0.55462,0.55394,0.5541,83
1786226580,0.5541,0.55419,0.5538,0.55382,85
1786226640,0.55382,0.55388,0.55315,0.55318,79
1786226700,0.55318,0.55339,0.55303,0.55339,80
1786226760,0.55339,0.55349,0.55327,0.55344,81
1786226820,0.55344,0.5538,0.55339,0.5538,70
1786226880,0.5538,0.55422,0.55378,0.55411,68
1786226940,0.55411,0.55439,0.55399,0.55432,82
1786227000,0.5543,0.55438,0.55418,0.55423,82
1786227060,0.55424,0.55434,0.55395,0.55425,84
1786227120,0.55424,0.55447,0.55418,0.55445,91
1786227180,0.55445,0.55468,0.55441,0.55468,78
1786227240,0.55468,0.55471,0.55452,0.55471,78
1786227300,0.55473,0.55499,0.5544,0.5544,81
1786227360,0.55443,0.55443,0.55427,0.5543,71
1786227420,0.55432,0.5544,0.5542,0.55434,86
1786227480,0.55435,0.55455,0.55404,0.55405,77
1786227540,0.55403,0.55418,0.55385,0.55414,83
1786227600,0.55414,0.55426,0.55406,0.55422,72
1786227660,0.55422,0.55422,0.554,0.55406,85
1786227720,0.55406,0.55431,0.55394,0.554,77
1786227780,0.554,0.55405,0.55364,0.55403,84
1786227840,0.55405,0.55405,0.55364,0.55373,86
1786227900,0.55373,0.55395,0.55363,0.55381,83
1786227960,0.55381,0.5539,0.55358,0.5539,77
1786228020,0.55386,0.55396,0.55381,0.55393,79
1786228080,0.55393,0.55405,0.55381,0.55398,76
1786228140,0.55398,0.55409,0.55384,0.55398,75
1786228200,0.55399,0.55401,0.55386,0.55395,79
1786228260,0.55396,0.55416,0.55371,0.55409,77
1786228320,0.55409,0.55416,0.5539,0.55412,83
1786228380,0.55419,0.55419,0.55388,0.55395,85
1786228440,0.55395,0.55415,0.55387,0.5541,93
1786228500,0.5541,0.55412,0.55376,0.55394,81
1786228560,0.55406,0.55406,0.55359,0.5537,75
1786228620,0.5537,0.55396,0.55366,0.55389,73
1786228680,0.55389,0.55416,0.55378,0.55416,79
1786228740,0.55416,0.5542,0.55384,0.55403,76
1786228800,0.55403,0.55425,0.55395,0.55413,82
1786228860,0.55413,0.55433,0.55409,0.55433,68
1786228920,0.55433,0.5545,0.55423,0.55449,74
1786228980,0.5545,0.55451,0.55416,0.55417,82
1786229040,0.55417,0.55421,0.5538,0.55383,100
1786229100,0.55378,0.55378,0.55353,0.55359,76
1786229160,0.55359,0.55361,0.55309,0.55328,76
1786229220,0.55329,0.55329,0.55297,0.55322,87
1786229280,0.55322,0.55338,0.55314,0.55335,75
1786229340,0.55338,0.5536,0.55332,0.55334,69
1786229400,0.55333,0.55362,0.55317,0.55317,85
1786229460,0.55317,0.55317,0.55284,0.55298,87
1786229520,0.55298,0.55304,0.55274,0.55298,78
1786229580,0.55297,0.55298,0.55244,0.55245,72
1786229640,0.55245,0.55285,0.55236,0.55273,87
1786229700,0.55273,0.55307,0.55264,0.55307,75
1786229760,0.55307,0.55329,0.55303,0.55313,78
1786229820,0.55313,0.5535,0.55311,0.55337,82
1786229880,0.55337,0.55342,0.55309,0.55334,84
1786229940,0.55334,0.55358,0.55328,0.55356,79
1786230000,0.55361,0.55361,0.55339,0.55351,74
1786230060,0.55353,0.55411,0.55351,0.55405,76
1786230120,0.55403,0.5543,0.55388,0.5543,79
1786230180,0.5543,0.5543,0.55403,0.55419,79
1786230240,0.55419,0.55454,0.55417,0.55453,71
1786230300,0.55457,0.55457,0.55434,0.5544,79
1786230360,0.55442,0.55471,0.55434,0.5547,77
1786230420,0.55472,0.55479,0.55417,0.55432,85
1786230480,0.55434,0.55448,0.55429,0.55438,79
1786230540,0.55438,0.55464,0.55438,0.55453,80
1786230600,0.5545,0.55467,0.55441,0.55455,72
1786230660,0.55458,0.55458,0.55383,0.55389,83
1786230720,0.5539,0.55402,0.55378,0.55381,73
1786230780,0.55381,0.55389,0.55347,0.55349,85
1786230840,0.55349,0.55385,0.55349,0.55377,83
1786230900,0.55377,0.55405,0.55377,0.55404,75
1786230960,0.55404,0.55405,0.55376,0.55392,72
1786231020,0.5539,0.55423,0.5539,0.55423,87
1786231080,0.55425,0.5544,0.5541,0.55427,90
1786231140,0.55427,0.55449,0.55421,0.55429,85
1786231200,0.55429,0.55429,0.55403,0.55424,70
1786231260,0.55424,0.55447,0.55416,0.55428,80
1786231320,0.55429,0.55429,0.55401,0.55401,72
1786231380,0.55401,0.55419,0.55388,0.55419,84
1786231440,0.55421,0.5544,0.55399,0.55405,78
1786231500,0.55405,0.55405,0.55365,0.55369,87
1786231560,0.55369,0.55391,0.55367,0.55391,77
1786231620,0.55392,0.55409,0.55385,0.55389,77
1786231680,0.55386,0.55391,0.55342,0.55343,88
1786231740,0.55343,0.55389,0.55342,0.55379,77
1786231800,0.55377,0.55378,0.55358,0.5537,80
1786231860,0.5537,0.5537,0.55348,0.55351,72
1786231920,0.55351,0.55385,0.55335,0.55335,82
1786231980,0.55333,0.55341,0.55316,0.5532,76
1786232040,0.5532,0.55324,0.55275,0.55275,87
1786232100,0.55275,0.55334,0.5527,0.55304,85
1786232160,0.55304,0.55312,0.5528,0.5531,84
1786232220,0.5531,0.55325,0.55306,0.55318,83
1786232280,0.55318,0.55333,0.55312,0.55319,73
1786232340,0.55316,0.55319,0.55301,0.55308,80
1786232400,0.55308,0.5537,0.55307,0.5537,77
1786232460,0.55371,0.55371,0.55347,0.55355,84
1786232520,0.55355,0.55359,0.55335,0.55351,79
1786232580,0.55351,0.55355,0.55326,0.55348,77
1786232640,0.55348,0.55351,0.55322,0.55338,76
1786232700,0.5534,0.55342,0.55323,0.55326,71
1786232760,0.55324,0.55368,0.55319,0.55353,77
1786232820,0.55353,0.55359,0.55326,0.55326,84
1786232880,0.55328,0.55334,0.55303,0.55312,68
1786232940,0.55314,0.55354,0.55305,0.55333,76
1786233000,0.55333,0.55363,0.55319,0.55324,73
1786233060,0.55324,0.55355,0.5532,0.55332,83
1786233120,0.55332,0.55343,0.55321,0.5533,84
1786233180,0.5533,0.55353,0.55329,0.55342,79
1786233240,0.55342,0.55369,0.5534,0.55361,86
1786233300,0.55361,0.55365,0.55342,0.55354,85
1786233360,0.55354,0.55382,0.55354,0.5538,83
1786233420,0.5538,0.55394,0.55376,0.55385,76
1786233480,0.55385,0.55392,0.55363,0.55373,76
1786233540,0.55372,0.55374,0.55329,0.55337,79
1786233600,0.55337,0.5538,0.55333,0.55378,85
1786233660,0.5538,0.55382,0.5535,0.5535,78
1786233720,0.55351,0.55352,0.55293,0.55293,76
1786233780,0.55293,0.55304,0.5526,0.55304,82
1786233840,0.55306,0.55322,0.55292,0.55295,81
1786233900,0.55294,0.55317,0.55291,0.55306,81
1786233960,0.55309,0.55311,0.55249,0.55253,79
1786234020,0.5525,0.55265,0.5523,0.5524,86
1786234080,0.5524,0.5528,0.55239,0.5527,81
1786234140,0.5527,0.55297,0.55267,0.5527,81
1786234200,0.5527,0.55297,0.55262,0.55282,70
1786234260,0.55282,0.55294,0.55271,0.55271,79
1786234320,0.55271,0.55289,0.55251,0.55275,80
1786234380,0.55275,0.55299,0.55269,0.55293,71
1786234440,0.55296,0.55314,0.5529,0.55314,80
1786234500,0.55314,0.55328,0.55291,0.55325,85
1786234560,0.55325,0.55382,0.55306,0.55382,83
1786234620,0.55381,0.55434,0.55374,0.55419,77
1786234680,0.55412,0.55416,0.5538,0.55387,75
1786234740,0.55384,0.55413,0.55381,0.55397,84
1786234800,0.55397,0.55419,0.5539,0.55401,82
1786234860,0.55399,0.55399,0.5537,0.55382,82
1786234920,0.55384,0.55386,0.55347,0.55359,75
1786234980,0.55357,0.55402,0.55352,0.55399,79
1786235040,0.554,0.55447,0.55396,0.5544,83
1786235100,0.5544,0.55455,0.55418,0.55428,77
1786235160,0.55428,0.55444,0.55421,0.55427,78
1786235220,0.55427,0.55429,0.55398,0.55399,76
1786235280,0.55399,0.55411,0.55363,0.55374,82
1786235340,0.55374,0.55376,0.55345,0.55365,78
1786235400,0.55365,0.55387,0.55353,0.55365,83
1786235460,0.55365,0.55391,0.55364,0.55374,69
1786235520,0.55374,0.55377,0.55313,0.55313,79
1786235580,0.55313,0.55332,0.55307,0.55308,79
1786235640,0.55308,0.55341,0.55305,0.55341,68
1786235700,0.55345,0.55358,0.55301,0.55301,82
1786235760,0.55301,0.55302,0.55252,0.55256,77
1786235820,0.55259,0.5526,0.55231,0.55247,80
1786235880,0.55246,0.55277,0.55246,0.55277,82
1786235940,0.55277,0.55284,0.55225,0.55225,83
1786236000,0.55225,0.55227,0.55182,0.55184,69
1786236060,0.55186,0.55189,0.55138,0.55152,86
1786236120,0.55156,0.55181,0.55148,0.55175,76
1786236180,0.55175,0.55175,0.55154,0.55169,74
1786236240,0.55169,0.55181,0.55159,0.55172,80
1786236300,0.55172,0.55199,0.55165,0.55197,78
1786236360,0.55197,0.5522,0.55189,0.5522,69
1786236420,0.5522,0.55271,0.5522,0.55269,86
1786236480,0.55267,0.55274,0.55241,0.55264,76
1786236540,0.55266,0.55271,0.55248,0.55253,89
1786236600,0.55255,0.55281,0.55254,0.55281,74
1786236660,0.55279,0.55301,0.55269,0.55273,71
1786236720,0.55273,0.55277,0.55235,0.55248,77
1786236780,0.5524,0.55241,0.55214,0.55226,84
1786236840,0.55226,0.55236,0.55212,0.55236,72
1786236900,0.55232,0.55274,0.55232,0.55265,78
1786236960,0.55262,0.55263,0.55219,0.55225,79
1786237020,0.55221,0.55252,0.55211,0.55218,79
1786237080,0.55218,0.55247,0.55216,0.55237,77
1786237140,0.55234,0.5525,0.5523,0.55241,86
1786237200,0.55241,0.55258,0.55229,0.5525,82
1786237260,0.5525,0.55253,0.55221,0.55227,77
1786237320,0.55227,0.55227,0.55156,0.55184,86
1786237380,0.55184,0.55242,0.55184,0.55236,81
1786237440,0.55236,0.55261,0.55227,0.55251,87
1786237500,0.55251,0.55251,0.55228,0.55236,80
1786237560,0.55236,0.55239,0.55213,0.55215,80
1786237620,0.55217,0.55266,0.55213,0.55247,86
1786237680,0.55246,0.55273,0.55241,0.55258,76
1786237740,0.55258,0.55282,0.55252,0.55274,78
1786237800,0.55274,0.55281,0.55252,0.5527,87
1786237860,0.55265,0.55265,0.55236,0.55251,75
1786237920,0.55249,0.55299,0.55249,0.5529,82
1786237980,0.55293,0.55294,0.55236,0.55245,83
1786238040,0.55248,0.55259,0.55237,0.55259,78
1786238100,0.55259,0.55265,0.5524,0.55241,78
1786238160,0.55239,0.55247,0.55221,0.55221,80
1786238220,0.55221,0.55248,0.55219,0.55238,85
1786238280,0.55238,0.55253,0.55233,0.55251,77
1786238340,0.55251,0.55265,0.55234,0.55265,82
1786238400,0.55265,0.5528,0.55256,0.5528,69
1786238460,0.5528,0.55311,0.5528,0.55303,84
1786238520,0.55301,0.55325,0.55292,0.55309,74
1786238580,0.55309,0.55326,0.55301,0.55318,77
1786238640,0.55318,0.55329,0.55292,0.55294,77
1786238700,0.55294,0.5532,0.55287,0.55311,77
1786238760,0.55311,0.55316,0.55275,0.55275,82
1786238820,0.55275,0.55319,0.55264,0.55314,86
1786238880,0.55314,0.55333,0.55288,0.55295,79
1786238940,0.55295,0.55302,0.55274,0.55295,73
1786239000,0.55295,0.55308,0.5528,0.55288,77
1786239060,0.55288,0.55297,0.5526,0.55269,86
1786239120,0.55269,0.55269,0.55223,0.55228,78
1786239180,0.55228,0.55255,0.55222,0.55248,83
1786239240,0.55251,0.55263,0.55237,0.55253,76
1786239300,0.55253,0.55253,0.55205,0.55205,90
1786239360,0.55205,0.55219,0.55185,0.5521,78
1786239420,0.5521,0.55223,0.55194,0.55221,82
1786239480,0.55221,0.55231,0.5519,0.55192,80
1786239540,0.55192,0.55205,0.55177,0.55192,71
1786239600,0.55194,0.55212,0.55188,0.55212,81
1786239660,0.55217,0.55217,0.55193,0.55193,82
1786239720,0.55193,0.55193,0.55164,0.55183,82
1786239780,0.55183,0.55186,0.55095,0.55102,88
1786239840,0.55102,0.55107,0.55082,0.55092,79
1786239900,0.55087,0.55112,0.55065,0.5511,93
1786239960,0.55107,0.55107,0.55068,0.55071,83
1786240020,0.55069,0.55072,0.55052,0.55071,75
1786240080,0.5507,0.55081,0.55059,0.55066,71
1786240140,0.55066,0.55087,0.55066,0.55069,83
1786240200,0.5507,0.55099,0.55064,0.55096,76
1786240260,0.55096,0.55121,0.55072,0.55118,92
1786240320,0.55119,0.5514,0.55108,0.5514,83
1786240380,0.5514,0.55173,0.55137,0.55165,84
1786240440,0.55165,0.55185,0.55159,0.55169,81
1786240500,0.55169,0.55233,0.55169,0.55233,83
1786240560,0.55233,0.5528,0.55226,0.5528,75
1786240620,0.55282,0.55282,0.55243,0.55245,75
1786240680,0.55245,0.55271,0.55233,0.55236,83
1786240740,0.55236,0.55237,0.55205,0.5522,84
1786240800,0.5522,0.55227,0.55206,0.55224,84
1786240860,0.55224,0.55253,0.55224,0.55247,82
1786240920,0.55247,0.55276,0.55238,0.55276,78
1786240980,0.55276,0.55276,0.55241,0.55248,76
1786241040,0.5525,0.55276,0.55247,0.55266,75
1786241100,0.55266,0.55299,0.55262,0.55292,86
1786241160,0.55292,0.55334,0.55286,0.55325,73
1786241220,0.55325,0.55327,0.55294,0.5531,80
1786241280,0.55311,0.55332,0.55281,0.55281,91
1786241340,0.55279,0.55285,0.55259,0.55267,77
1786241400,0.55265,0.55306,0.55262,0.55297,74
1786241460,0.55296,0.55303,0.55269,0.55269,77
1786241520,0.55267,0.55272,0.55236,0.55253,81
1786241580,0.55253,0.55281,0.5525,0.55259,74
1786241640,0.55259,0.55289,0.55259,0.55282,81
1786241700,0.55282,0.55299,0.55272,0.55299,76
1786241760,0.55299,0.55304,0.55282,0.55292,83
1786241820,0.55292,0.55348,0.55292,0.55329,84
1786241880,0.55329,0.55329,0.55297,0.553,84
1786241940,0.553,0.55326,0.55291,0.55311,67
1786242000,0.55311,0.55323,0.55294,0.55312,82
1786242060,0.55314,0.55329,0.55297,0.55297,79
1786242120,0.55294,0.55295,0.55271,0.55288,79
1786242180,0.55288,0.55308,0.55275,0.55303,84
1786242240,0.55303,0.5534,0.55291,0.55328,84
1786242300,0.55328,0.55346,0.55322,0.55344,72
1786242360,0.55344,0.55364,0.55333,0.55352,82
1786242420,0.55349,0.55349,0.55324,0.55328,85
1786242480,0.55327,0.55358,0.55316,0.5535,81
1786242540,0.5535,0.55354,0.55331,0.55342,79
1786242600,0.55342,0.5536,0.55335,0.55337,75
1786242660,0.55337,0.55378,0.55328,0.5537,79
1786242720,0.5537,0.5537,0.5533,0.55356,72
1786242780,0.55356,0.55361,0.55335,0.55343,77
1786242840,0.55343,0.55358,0.55337,0.55343,78
1786242900,0.55343,0.55355,0.55315,0.55323,81
1786242960,0.55323,0.55359,0.55323,0.55354,76
1786243020,0.5535,0.55398,0.5535,0.55389,87
1786243080,0.55388,0.55442,0.55388,0.55436,85
1786243140,0.55436,0.55453,0.55428,0.55446,81
1786243200,0.55446,0.55453,0.55422,0.55436,70
1786243260,0.55436,0.55436,0.55408,0.55422,82
1786243320,0.55426,0.55433,0.55391,0.55416,72
1786243380,0.55416,0.55437,0.55391,0.55437,89
1786243440,0.55437,0.55453,0.55423,0.55434,78
1786243500,0.55434,0.55434,0.55376,0.55381,83
1786243560,0.55381,0.55401,0.55378,0.55378,81
1786243620,0.55376,0.554,0.55376,0.55385,77
1786243680,0.55385,0.55392,0.5537,0.55384,77
1786243740,0.55381,0.55396,0.55376,0.55383,82
1786243800,0.55383,0.55391,0.55373,0.55374,75
1786243860,0.55374,0.55397,0.55365,0.55394,74
1786243920,0.55394,0.55402,0.55323,0.55328,92
1786243980,0.55328,0.55328,0.55288,0.5531,82
1786244040,0.5531,0.5533,0.55295,0.5533,81
1786244100,0.55335,0.55364,0.55335,0.55358,89
1786244160,0.55357,0.55368,0.55335,0.55348,78
1786244220,0.55348,0.55352,0.55318,0.55318,90
1786244280,0.55318,0.55362,0.55316,0.55348,83
1786244340,0.55348,0.55374,0.55329,0.55342,84
1786244400,0.55344,0.55362,0.55334,0.55362,76
1786244460,0.55363,0.55396,0.55361,0.55375,84
1786244520,0.55375,0.55375,0.55308,0.55327,76
1786244580,0.55325,0.5534,0.55316,0.5533,77
1786244640,0.55328,0.55328,0.5529,0.55298,71
1786244700,0.55297,0.55319,0.55297,0.55314,83
1786244760,0.55314,0.55319,0.5527,0.5527,83
1786244820,0.5527,0.55303,0.55264,0.55303,87
1786244880,0.55303,0.55316,0.5529,0.5529,85
1786244940,0.5529,0.5529,0.55249,0.55276,88
1786245000,0.55276,0.55292,0.55271,0.5529,83
1786245060,0.5529,0.5529,0.55254,0.55261,76
1786245120,0.55261,0.55275,0.55215,0.55223,87
1786245180,0.55223,0.55259,0.55221,0.55256,80
1786245240,0.55255,0.55279,0.55242,0.55273,78
1786245300,0.55273,0.5529,0.55261,0.55261,74
1786245360,0.5526,0.55289,0.55254,0.55275,72
1786245420,0.55274,0.55287,0.5525,0.5525,72
1786245480,0.55252,0.5526,0.55222,0.55255,79
1786245540,0.55255,0.5528,0.55247,0.55269,78
1786245600,0.55273,0.5532,0.55266,0.55309,81
1786245660,0.55304,0.55357,0.55304,0.55357,69
1786245720,0.55357,0.55362,0.55347,0.55347,87
1786245780,0.55347,0.5537,0.55328,0.5537,78
1786245840,0.5537,0.55376,0.55309,0.55309,81
1786245900,0.55309,0.55332,0.55278,0.55324,87
1786245960,0.55324,0.55331,0.55298,0.55299,74
1786246020,0.55299,0.55363,0.55297,0.55362,78
1786246080,0.55362,0.55413,0.5536,0.55413,77
1786246140,0.55413,0.55423,0.55389,0.55402,73
1786246200,0.55402,0.55433,0.55391,0.55393,86
1786246260,0.55393,0.55398,0.55359,0.55372,85
1786246320,0.55372,0.55413,0.55366,0.55404,87
1786246380,0.55404,0.55421,0.5539,0.55404,89
1786246440,0.55404,0.55424,0.55387,0.55389,76
1786246500,0.55389,0.55407,0.55358,0.55358,78
1786246560,0.5536,0.55364,0.55336,0.55351,82
1786246620,0.55352,0.55352,0.55312,0.55315,85
1786246680,0.55314,0.55334,0.55293,0.55299,91
1786246740,0.55297,0.55303,0.55273,0.55283,87
1786246800,0.55282,0.55294,0.55241,0.55254,80
1786246860,0.55254,0.55263,0.55242,0.55254,88
1786246920,0.55254,0.55261,0.5524,0.55243,79
1786246980,0.55243,0.5525,0.55215,0.55228,83
1786247040,0.55233,0.55246,0.55215,0.55246,83
1786247100,0.55246,0.55259,0.55236,0.55256,86
1786247160,0.55254,0.55282,0.55245,0.55271,87
1786247220,0.55271,0.55284,0.55231,0.55231,90
1786247280,0.55231,0.55285,0.55231,0.55269,82
1786247340,0.55269,0.55279,0.55235,0.55239,89
1786247400,0.55239,0.55241,0.55215,0.55215,82
1786247460,0.55213,0.55254,0.55202,0.5523,80
1786247520,0.5523,0.55249,0.55214,0.55248,75
1786247580,0.55248,0.55253,0.55216,0.55248,82
1786247640,0.55248,0.55258,0.55232,0.55247,87
1786247700,0.55247,0.55274,0.55244,0.55254,81
1786247760,0.5525,0.5525,0.55203,0.55204,89
1786247820,0.55206,0.55223,0.55191,0.55197,89
1786247880,0.55189,0.552,0.55164,0.55175,76
1786247940,0.55175,0.55212,0.55175,0.55201,79
1786248000,0.55201,0.55221,0.55189,0.55217,74
1786248060,0.55217,0.55247,0.55208,0.55235,80
1786248120,0.55235,0.55249,0.55193,0.55195,74
1786248180,0.55195,0.55229,0.55193,0.55221,84
1786248240,0.55221,0.55234,0.55211,0.55214,79
1786248300,0.55214,0.5522,0.55194,0.55194,82
1786248360,0.55194,0.55215,0.55187,0.55198,88
1786248420,0.55198,0.55216,0.55172,0.55173,84
1786248480,0.55175,0.55179,0.55153,0.55158,86
1786248540,0.55161,0.55174,0.55149,0.55169,79
1786248600,0.55169,0.55173,0.55155,0.55159,76
1786248660,0.55157,0.55157,0.55126,0.55141,75
1786248720,0.55143,0.55189,0.55134,0.55189,80
1786248780,0.55189,0.55223,0.55185,0.55206,85
1786248840,0.55204,0.55224,0.55196,0.55207,84
1786248900,0.55207,0.55214,0.55174,0.55206,84
1786248960,0.55207,0.55253,0.55203,0.5524,82
1786249020,0.55241,0.55247,0.5523,0.55243,83
1786249080,0.55243,0.55247,0.5523,0.55241,79
1786249140,0.55241,0.55277,0.55235,0.55263,87
1786249200,0.55263,0.55274,0.55251,0.55268,81
1786249260,0.55268,0.55291,0.55262,0.5529,71
1786249320,0.5529,0.5529,0.55257,0.55261,71
1786249380,0.55262,0.5528,0.55247,0.55251,76
1786249440,0.55251,0.55268,0.55241,0.55255,72
1786249500,0.55252,0.55269,0.55238,0.55264,78
1786249560,0.55271,0.55283,0.55253,0.55269,80
1786249620,0.55273,0.55285,0.55257,0.5527,79
1786249680,0.55271,0.55284,0.55256,0.55276,82
1786249740,0.55276,0.55285,0.5525,0.55268,87
1786249800,0.5527,0.55299,0.55262,0.55262,86
1786249860,0.55262,0.55281,0.5525,0.55272,89
1786249920,0.55272,0.55293,0.55266,0.55283,81
1786249980,0.55283,0.55284,0.5525,0.55275,79
1786250040,0.55272,0.55324,0.5527,0.55309,80
1786250100,0.55309,0.55314,0.55285,0.55313,76
1786250160,0.55313,0.55313,0.55278,0.55278,76
1786250220,0.55278,0.55317,0.55278,0.55316,75
1786250280,0.55316,0.55328,0.55304,0.55328,85
1786250340,0.55328,0.55342,0.55299,0.55331,90
1786250400,0.55333,0.55345,0.55309,0.55327,83
1786250460,0.55327,0.55359,0.55318,0.55359,75
1786250520,0.55359,0.55364,0.55314,0.55324,75
1786250580,0.55325,0.55354,0.55325,0.55334,75
1786250640,0.55334,0.55334,0.55265,0.55289,81
1786250700,0.55289,0.55319,0.55277,0.5531,78
1786250760,0.55309,0.55317,0.55291,0.55305,79
1786250820,0.55308,0.55309,0.55286,0.55298,83
1786250880,0.55298,0.55328,0.55295,0.55319,85
1786250940,0.55319,0.55342,0.55313,0.55318,77
1786251000,0.55313,0.55329,0.55297,0.55319,82
1786251060,0.55315,0.55344,0.5531,0.55328,79
1786251120,0.55329,0.55348,0.55303,0.55306,72
1786251180,0.55306,0.55307,0.5527,0.55276,86
1786251240,0.55276,0.55288,0.55241,0.55244,84
1786251300,0.55244,0.55248,0.55226,0.55226,79
1786251360,0.55226,0.55226,0.55188,0.55196,84
1786251420,0.55195,0.55203,0.5516,0.55165,80
1786251480,0.55166,0.55197,0.55148,0.5519,82
1786251540,0.55191,0.55199,0.55166,0.55193,83
1786251600,0.55193,0.5521,0.5516,0.55162,63
1786251660,0.55162,0.55173,0.55143,0.55149,82
1786251720,0.55149,0.55149,0.55068,0.55095,78
1786251780,0.55095,0.55106,0.5508,0.55106,89
1786251840,0.55104,0.55141,0.55094,0.55141,88
1786251900,0.5514,0.55163,0.55133,0.55146,78
1786251960,0.55146,0.55165,0.5514,0.55148,78
1786252020,0.55148,0.55175,0.55142,0.55165,73
1786252080,0.55165,0.55191,0.55156,0.55188,68
1786252140,0.55188,0.55202,0.55158,0.552,90
1786252200,0.552,0.55215,0.55167,0.552,83
1786252260,0.552,0.55219,0.55189,0.55203,80
1786252320,0.55203,0.55203,0.55165,0.55177,71
1786252380,0.55179,0.55193,0.55157,0.55181,82
1786252440,0.55182,0.55187,0.55161,0.55187,85
1786252500,0.55187,0.55194,0.55159,0.55159,76
1786252560,0.55161,0.55187,0.55157,0.55166,79
1786252620,0.5517,0.55191,0.5517,0.55176,83
1786252680,0.55176,0.55236,0.55176,0.55231,88
1786252740,0.55229,0.55294,0.55222,0.5529,91
1786252800,0.5529,0.55296,0.55261,0.55265,88
1786252860,0.55262,0.55272,0.55245,0.55253,80
1786252920,0.55254,0.55254,0.55229,0.55239,83
1786252980,0.55234,0.55248,0.55206,0.55219,85
1786253040,0.55229,0.55277,0.5522,0.55245,82
1786253100,0.55243,0.55246,0.55203,0.55212,78
1786253160,0.55212,0.55243,0.55212,0.55234,91
1786253220,0.55234,0.55236,0.55181,0.55193,79
1786253280,0.55193,0.55212,0.55189,0.55207,82
1786253340,0.55207,0.55216,0.55182,0.55216,83
1786253400,0.55214,0.55221,0.55178,0.55189,72
1786253460,0.5519,0.552,0.55166,0.55192,87
1786253520,0.5519,0.55204,0.55159,0.55169,79
1786253580,0.55169,0.55169,0.55125,0.55139,80
1786253640,0.55139,0.5515,0.55097,0.55104,77
1786253700,0.55104,0.55134,0.55094,0.55132,85
1786253760,0.5513,0.5516,0.55123,0.55148,80
1786253820,0.5515,0.5515,0.55108,0.55128,87
1786253880,0.55128,0.55144,0.55093,0.55093,83
1786253940,0.55093,0.55135,0.55093,0.55132,84
1786254000,0.55134,0.55141,0.55119,0.55129,76
1786254060,0.55129,0.55163,0.55126,0.55127,79
1786254120,0.55125,0.55125,0.55096,0.55117,73
1786254180,0.55119,0.5515,0.55116,0.55137,81
1786254240,0.55137,0.55173,0.55137,0.55152,74
1786254300,0.55152,0.55153,0.55132,0.55151,72
1786254360,0.55151,0.5516,0.55142,0.55155,80
1786254420,0.55155,0.55178,0.55137,0.5517,87
1786254480,0.5517,0.55186,0.55141,0.55141,81
1786254540,0.55141,0.55147,0.551,0.55102,85
1786254600,0.55102,0.55132,0.551,0.55132,73
1786254660,0.55132,0.55132,0.55108,0.55114,91
1786254720,0.55114,0.55118,0.55044,0.55047,86
1786254780,0.55046,0.55063,0.5504,0.55049,81
1786254840,0.55049,0.55061,0.55021,0.5505,78
1786254900,0.5505,0.55055,0.55017,0.55039,91
1786254960,0.55039,0.55039,0.54959,0.54981,81
1786255020,0.54985,0.54989,0.54956,0.54962,78
1786255080,0.54961,0.54972,0.54933,0.54938,84
1786255140,0.54938,0.54945,0.54931,0.54939,71
1786255200,0.54939,0.5496,0.54925,0.54953,80
1786255260,0.54953,0.5496,0.54937,0.54947,82
1786255320,0.54947,0.5498,0.54945,0.54979,87
1786255380,0.54979,0.55013,0.54979,0.55013,79
1786255440,0.55013,0.55025,0.55008,0.55009,71
1786255500,0.55009,0.55021,0.54992,0.55021,77
1786255560,0.55021,0.55024,0.54994,0.55018,84
1786255620,0.55024,0.5505,0.55014,0.55044,78
1786255680,0.55044,0.55085,0.55033,0.55083,76
1786255740,0.55083,0.55094,0.55059,0.5507,79
1786255800,0.55071,0.55075,0.55052,0.55063,85
1786255860,0.55062,0.55101,0.55057,0.55101,87
1786255920,0.55108,0.55141,0.55107,0.55125,85
1786255980,0.55125,0.55161,0.55125,0.55143,84
1786256040,0.55141,0.55163,0.55133,0.55162,76
1786256100,0.55161,0.55174,0.5515,0.55154,78
1786256160,0.55149,0.55149,0.55106,0.55115,68
1786256220,0.55115,0.55123,0.55095,0.55106,77
1786256280,0.55106,0.5513,0.5509,0.55114,88
1786256340,0.55114,0.55133,0.55105,0.55111,82
1786256400,0.55111,0.55148,0.55109,0.55136,75
1786256460,0.55136,0.55166,0.55131,0.55165,74
1786256520,0.55167,0.552,0.55164,0.55191,75
1786256580,0.55189,0.55193,0.55136,0.55136,75
1786256640,0.55138,0.55156,0.55113,0.55142,76
1786256700,0.55142,0.55163,0.55137,0.55156,72
1786256760,0.55156,0.55166,0.55134,0.55147,82
1786256820,0.55145,0.5515,0.55104,0.55126,77
1786256880,0.55129,0.55139,0.55126,0.55132,68
1786256940,0.55132,0.55139,0.55115,0.55132,72
1786257000,0.5513,0.55149,0.55119,0.55126,84
1786257060,0.55126,0.55132,0.55108,0.55125,74
1786257120,0.55125,0.55128,0.55102,0.5512,87
1786257180,0.55123,0.55134,0.55086,0.55092,77
1786257240,0.5509,0.55119,0.55083,0.55106,85
1786257300,0.55106,0.55129,0.55104,0.55126,81
1786257360,0.55126,0.55152,0.551,0.55125,83
1786257420,0.55122,0.55127,0.55103,0.55119,84
1786257480,0.55117,0.55135,0.55108,0.55119,87
1786257540,0.5512,0.55147,0.55114,0.55142,81
1786257600,0.55142,0.55145,0.55103,0.55103,73
1786257660,0.55103,0.55121,0.55097,0.55107,80
1786257720,0.55107,0.5511,0.5508,0.55095,77
1786257780,0.55094,0.55105,0.55087,0.55097,79
1786257840,0.55097,0.55116,0.55089,0.5509,74
1786257900,0.5509,0.55107,0.55073,0.55085,80
1786257960,0.55085,0.55094,0.55069,0.55073,74
1786258020,0.55073,0.55073,0.55028,0.55038,77
1786258080,0.55038,0.55046,0.55007,0.55038,79
1786258140,0.55037,0.55073,0.55035,0.55073,77
1786258200,0.55074,0.55089,0.55063,0.55089,70
1786258260,0.55089,0.55115,0.55079,0.55115,86
1786258320,0.55115,0.55131,0.55107,0.55116,71
1786258380,0.55116,0.55131,0.5511,0.55115,82
1786258440,0.55115,0.55128,0.55108,0.55118,75
1786258500,0.55119,0.55122,0.55095,0.55113,75
1786258560,0.55113,0.55127,0.5509,0.55092,76
1786258620,0.55092,0.55092,0.55024,0.55035,88
1786258680,0.55035,0.55035,0.54978,0.54983,76
1786258740,0.54983,0.54998,0.54976,0.54988,76
1786258800,0.54988,0.55006,0.54977,0.54987,78
1786258860,0.54986,0.5501,0.54974,0.54985,80
1786258920,0.54985,0.54994,0.5497,0.54988,84
1786258980,0.54984,0.55002,0.54978,0.54982,82
1786259040,0.54982,0.55014,0.54964,0.55014,83
1786259100,0.55014,0.55027,0.54996,0.54996,84
1786259160,0.54999,0.55044,0.54999,0.55024,77
1786259220,0.55024,0.55027,0.5497,0.5497,83
1786259280,0.5497,0.54991,0.54948,0.5496,82
1786259340,0.5496,0.54977,0.54954,0.54959,82
1786259400,0.54959,0.54974,0.54936,0.54939,75
1786259460,0.54939,0.54966,0.54926,0.54933,82
1786259520,0.54933,0.54938,0.54893,0.54903,77
1786259580,0.54903,0.54915,0.54856,0.54857,75
1786259640,0.54857,0.54857,0.54807,0.54807,82
1786259700,0.54795,0.54821,0.54787,0.54812,85
1786259760,0.54812,0.54827,0.54794,0.54798,72
1786259820,0.54798,0.54827,0.54797,0.54805,72
1786259880,0.54805,0.54836,0.54805,0.54818,82
1786259940,0.5482,0.54827,0.54803,0.54804,73
1786260000,0.54804,0.54831,0.54799,0.54817,74
1786260060,0.54817,0.54819,0.54782,0.54799,76
1786260120,0.54803,0.54808,0.54775,0.54807,80
1786260180,0.54807,0.54809,0.54781,0.54791,79
1786260240,0.54791,0.54823,0.54788,0.54821,77
1786260300,0.54821,0.54824,0.5478,0.54787,79
1786260360,0.54787,0.54793,0.54762,0.54782,76
1786260420,0.54782,0.54798,0.54774,0.54782,83
1786260480,0.54782,0.54782,0.54741,0.54754,83
1786260540,0.54754,0.54781,0.54754,0.54767,81
1786260600,0.54769,0.54776,0.54745,0.54747,82
1786260660,0.54744,0.5479,0.54743,0.54789,74
1786260720,0.54787,0.54791,0.54769,0.54779,67
1786260780,0.54778,0.54791,0.54771,0.54779,80
1786260840,0.54781,0.54795,0.54769,0.54771,82
1786260900,0.54768,0.54793,0.54767,0.54788,79
1786260960,0.54786,0.54788,0.54745,0.54756,84
1786261020,0.54756,0.54761,0.54716,0.54727,82
1786261080,0.54729,0.54734,0.54715,0.54727,82
1786261140,0.54727,0.54752,0.54727,0.54743,82
1786261200,0.54743,0.54751,0.5473,0.5475,72
1786261260,0.54747,0.54747,0.54684,0.54687,73
1786261320,0.54687,0.54689,0.5463,0.5465,84
1786261380,0.5465,0.54687,0.5465,0.54687,83
1786261440,0.54687,0.54702,0.5468,0.5468,78
1786261500,0.54678,0.54678,0.54634,0.54645,78
1786261560,0.54647,0.54687,0.54647,0.54674,82
1786261620,0.54674,0.54678,0.54629,0.54666,82
1786261680,0.54666,0.5468,0.54653,0.5468,77
1786261740,0.5468,0.54699,0.54663,0.54692,85
1786261800,0.54696,0.54715,0.54687,0.54714,82
1786261860,0.54714,0.54744,0.54701,0.54739,80
1786261920,0.54739,0.54753,0.54731,0.54736,64
1786261980,0.54734,0.54779,0.54732,0.54734,82
1786262040,0.54734,0.54791,0.54732,0.54791,66
1786262100,0.54791,0.54807,0.54776,0.54796,81
1786262160,0.54796,0.54801,0.54759,0.54766,81
1786262220,0.54764,0.54785,0.54741,0.54764,78
1786262280,0.54769,0.54795,0.5475,0.54795,87
1786262340,0.54795,0.54795,0.54744,0.54768,90
1786262400,0.54768,0.54786,0.54755,0.54762,81
1786262460,0.5476,0.54824,0.5476,0.54821,73
1786262520,0.54821,0.5487,0.54821,0.54855,78
1786262580,0.54855,0.5488,0.5485,0.54862,88
1786262640,0.54862,0.54893,0.5486,0.54888,84
1786262700,0.54888,0.54888,0.54848,0.54851,73
1786262760,0.54851,0.54851,0.54807,0.54812,81
1786262820,0.54812,0.54822,0.5478,0.54786,77
1786262880,0.54783,0.54797,0.54767,0.54783,86
1786262940,0.54782,0.54796,0.54778,0.54782,77
1786263000,0.54782,0.54802,0.54771,0.54776,80
1786263060,0.54778,0.54814,0.54755,0.5481,83
1786263120,0.5481,0.54837,0.54807,0.54828,79
1786263180,0.54826,0.54845,0.54814,0.54838,77
1786263240,0.54838,0.54851,0.54817,0.54846,75
1786263300,0.54847,0.54893,0.54847,0.54887,87
1786263360,0.54886,0.54886,0.54868,0.54869,75
1786263420,0.54869,0.54872,0.54837,0.54845,72
1786263480,0.54845,0.54868,0.54831,0.54861,81
1786263540,0.54861,0.54889,0.54855,0.54856,87
1786263600,0.54856,0.54859,0.54835,0.54844,80
1786263660,0.54844,0.54848,0.5481,0.54826,86
1786263720,0.54826,0.54842,0.54816,0.54826,80
1786263780,0.54828,0.54865,0.54818,0.54864,87
1786263840,0.54864,0.5489,0.54864,0.54864,81
1786263900,0.54863,0.54877,0.54847,0.54867,83
1786263960,0.54869,0.54874,0.54849,0.54861,80
1786264020,0.54859,0.54875,0.54855,0.54862,76
1786264080,0.54859,0.54878,0.54856,0.5487,78
1786264140,0.5487,0.54904,0.54863,0.54884,88
1786264200,0.54885,0.54907,0.54876,0.54904,73
1786264260,0.54901,0.54923,0.5487,0.54917,80
1786264320,0.54917,0.54921,0.54877,0.549,78
1786264380,0.549,0.54913,0.54889,0.54911,76
1786264440,0.54911,0.54924,0.549,0.54923,76
1786264500,0.54923,0.54924,0.54903,0.54905,76
1786264560,0.54905,0.54939,0.54895,0.54927,83
1786264620,0.54927,0.54974,0.54921,0.54961,79
1786264680,0.54961,0.54969,0.54941,0.54968,80
1786264740,0.54972,0.54985,0.5496,0.54982,82
1786264800,0.5498,0.54991,0.54958,0.54958,73
1786264860,0.54961,0.54979,0.54951,0.54975,77
1786264920,0.54975,0.55002,0.54967,0.54987,72
1786264980,0.54987,0.5499,0.54958,0.54963,81
1786265040,0.54963,0.54984,0.54948,0.54953,86
1786265100,0.54952,0.54965,0.54916,0.54948,74
1786265160,0.54946,0.54979,0.54946,0.54978,83
1786265220,0.54978,0.54984,0.54954,0.54984,90
1786265280,0.54982,0.55002,0.54965,0.54979,81
1786265340,0.54977,0.55005,0.54973,0.55005,76
1786265400,0.55005,0.55043,0.55004,0.55043,79
1786265460,0.55043,0.55082,0.55043,0.55072,86
1786265520,0.55072,0.55107,0.55071,0.55094,74
1786265580,0.55094,0.55095,0.55048,0.55062,76
1786265640,0.55062,0.5508,0.5505,0.55077,73
1786265700,0.55077,0.55077,0.5506,0.55069,75
1786265760,0.55069,0.55099,0.55061,0.55064,71
1786265820,0.55064,0.55098,0.55064,0.55088,86
1786265880,0.55086,0.55115,0.55086,0.55108,77
1786265940,0.55108,0.55128,0.55073,0.55078,75
1786266000,0.5508,0.55081,0.55024,0.55039,80
1786266060,0.5504,0.55055,0.55019,0.55052,77
1786266120,0.55052,0.55052,0.5503,0.55037,75
1786266180,0.55046,0.55058,0.5504,0.55055,73
1786266240,0.55055,0.55065,0.55044,0.55047,82
1786266300,0.55047,0.5508,0.55024,0.55024,81
1786266360,0.55024,0.55024,0.54988,0.55015,75
1786266420,0.55015,0.55058,0.55014,0.55041,81
1786266480,0.55041,0.55046,0.55015,0.55016,75
1786266540,0.55016,0.55023,0.54984,0.54984,71
1786266600,0.54984,0.55022,0.54984,0.55008,76
1786266660,0.55008,0.55055,0.55002,0.5505,84
1786266720,0.55044,0.55054,0.55002,0.5501,82
1786266780,0.5501,0.55055,0.55005,0.55034,81
1786266840,0.55034,0.55056,0.55028,0.55045,73
1786266900,0.55045,0.55061,0.55043,0.55054,72
1786266960,0.55056,0.55076,0.55049,0.55068,72
1786267020,0.5507,0.55144,0.55067,0.5513,81
1786267080,0.5513,0.55151,0.55119,0.55148,82
1786267140,0.55146,0.5515,0.55103,0.55116,78
1786267200,0.55116,0.55141,0.55105,0.55134,82
1786267260,0.55129,0.55156,0.55125,0.55149,87
1786267320,0.55149,0.55153,0.55132,0.55153,77
1786267380,0.55151,0.55165,0.55135,0.55135,71
1786267440,0.55135,0.55176,0.5512,0.55172,71
1786267500,0.55172,0.552,0.55155,0.55198,72
1786267560,0.55198,0.55201,0.55135,0.55136,74
1786267620,0.55136,0.55153,0.55132,0.55148,73
1786267680,0.55146,0.5517,0.55144,0.55152,89
1786267740,0.55152,0.55172,0.55137,0.55139,79
1786267800,0.55132,0.5516,0.55118,0.5513,78
1786267860,0.55135,0.5514,0.55109,0.55109,82
1786267920,0.55112,0.55114,0.55068,0.55072,79
1786267980,0.55073,0.55073,0.55047,0.55055,82
1786268040,0.55055,0.5507,0.55028,0.55061,85
1786268100,0.55059,0.55064,0.55022,0.55024,77
1786268160,0.55025,0.55082,0.55025,0.55082,77
1786268220,0.55079,0.55106,0.55075,0.55086,78
1786268280,0.55087,0.55113,0.55087,0.55102,79
1786268340,0.551,0.55146,0.55098,0.55146,69
1786268400,0.55146,0.55181,0.5514,0.55167,76
1786268460,0.55167,0.55184,0.55156,0.55182,66
1786268520,0.55182,0.55234,0.55177,0.55229,84
1786268580,0.55229,0.55237,0.55207,0.5521,80
1786268640,0.5521,0.5521,0.55175,0.5518,75
1786268700,0.55182,0.55191,0.55175,0.55188,80
1786268760,0.55189,0.55189,0.5515,0.55179,77
1786268820,0.55179,0.55189,0.55151,0.55154,72
1786268880,0.55155,0.55157,0.55134,0.55146,78
1786268940,0.55146,0.55165,0.55133,0.55163,71
1786269000,0.5516,0.55171,0.55138,0.55139,82
1786269060,0.55141,0.55156,0.55132,0.5515,74
1786269120,0.55149,0.55178,0.55138,0.55177,79
1786269180,0.55177,0.55185,0.55156,0.55169,77
1786269240,0.55167,0.55193,0.55167,0.55185,80
1786269300,0.55185,0.55216,0.55181,0.55216,87
1786269360,0.55216,0.55218,0.55183,0.55184,84
1786269420,0.55184,0.55194,0.55164,0.5518,69
1786269480,0.5518,0.55185,0.55165,0.55168,91
1786269540,0.55168,0.55186,0.55161,0.55186,74
1786269600,0.55186,0.55208,0.55171,0.55203,80
1786269660,0.55203,0.55233,0.55193,0.55229,87
1786269720,0.55229,0.55269,0.55222,0.55266,79
1786269780,0.55266,0.55268,0.55253,0.55267,83
1786269840,0.55267,0.55269,0.55226,0.55249,86
1786269900,0.55249,0.55272,0.55243,0.55264,79
1786269960,0.55266,0.55292,0.55248,0.55292,85
1786270020,0.55294,0.55318,0.55288,0.55291,79
1786270080,0.55295,0.5531,0.55279,0.55283,82
1786270140,0.55283,0.55304,0.55269,0.55299,81
1786270200,0.553,0.55304,0.55263,0.55274,72
1786270260,0.55274,0.55285,0.55217,0.55223,77
1786270320,0.55223,0.55244,0.55222,0.55239,77
1786270380,0.55238,0.55252,0.55222,0.55222,83
1786270440,0.55222,0.55234,0.55205,0.55219,87
1786270500,0.55219,0.55238,0.55217,0.55238,86
1786270560,0.55238,0.5524,0.55206,0.55223,84
1786270620,0.55223,0.55248,0.55221,0.55248,66
1786270680,0.55247,0.5527,0.55243,0.55252,92
1786270740,0.55254,0.5529,0.55254,0.5529,77
1786270800,0.5529,0.55304,0.55275,0.55281,78
1786270860,0.55281,0.55326,0.55276,0.55326,79
1786270920,0.55329,0.55332,0.55279,0.55281,79
1786270980,0.55281,0.55304,0.55272,0.55288,83
1786271040,0.55288,0.5529,0.55261,0.55274,83
1786271100,0.5526,0.55276,0.55244,0.55264,76
1786271160,0.55264,0.55288,0.55258,0.55269,90
1786271220,0.5527,0.55297,0.55265,0.55282,84
1786271280,0.5528,0.55303,0.55278,0.55294,80
1786271340,0.55294,0.55297,0.55271,0.55281,77
1786271400,0.55274,0.55286,0.55257,0.55264,81
1786271460,0.55264,0.55336,0.55262,0.55325,79
1786271520,0.55325,0.55342,0.55305,0.55328,82
1786271580,0.55326,0.5533,0.55304,0.55304,85
1786271640,0.55304,0.55346,0.55303,0.55343,88
1786271700,0.55343,0.55345,0.55265,0.55266,82
1786271760,0.55266,0.55304,0.55259,0.55283,83
1786271820,0.55283,0.55302,0.55277,0.55287,78
1786271880,0.55287,0.55297,0.55264,0.55269,75
1786271940,0.55271,0.55277,0.55239,0.55244,79
1786272000,0.55244,0.55282,0.55243,0.55274,80
1786272060,0.5528,0.55331,0.55277,0.55296,79
1786272120,0.55296,0.5531,0.55293,0.55302,78
1786272180,0.553,0.553,0.55261,0.55278,86
1786272240,0.55275,0.55275,0.55249,0.55274,81
1786272300,0.55277,0.55302,0.55265,0.55274,87
1786272360,0.55275,0.55302,0.55273,0.5529,77
1786272420,0.55289,0.55301,0.55271,0.55288,79
1786272480,0.55288,0.55356,0.55285,0.55306,78
1786272540,0.55306,0.55306,0.55277,0.55288,75
1786272600,0.55288,0.55314,0.55276,0.55314,82
1786272660,0.55314,0.55363,0.55314,0.55359,80
1786272720,0.55359,0.55359,0.55332,0.55345,77
1786272780,0.55345,0.55356,0.55323,0.55356,75
1786272840,0.55356,0.55394,0.55354,0.55363,82
1786272900,0.55364,0.55422,0.55364,0.55409,75
1786272960,0.55411,0.5543,0.55392,0.55425,91
1786273020,0.55423,0.55444,0.55416,0.55444,83
1786273080,0.55444,0.55456,0.55431,0.55448,77
1786273140,0.55447,0.55455,0.55429,0.55432,83
1786273200,0.55437,0.55459,0.55427,0.55446,91
1786273260,0.55446,0.55461,0.55423,0.55432,84
1786273320,0.55432,0.55434,0.55411,0.55411,87
1786273380,0.55411,0.55417,0.55396,0.55414,77
1786273440,0.55414,0.55414,0.55389,0.5539,88
1786273500,0.5539,0.55395,0.55366,0.55392,75
1786273560,0.55392,0.55404,0.55351,0.55363,82
1786273620,0.55363,0.5537,0.55325,0.55363,92
1786273680,0.55363,0.5538,0.55336,0.55341,91
1786273740,0.55341,0.55366,0.55335,0.55362,80
1786273800,0.55362,0.55392,0.55361,0.55372,82
1786273860,0.55373,0.55377,0.55356,0.5536,82
1786273920,0.55353,0.55353,0.55323,0.55329,78
1786273980,0.5533,0.55396,0.55328,0.55396,86
1786274040,0.55393,0.55435,0.55393,0.55431,91
1786274100,0.55431,0.55443,0.5542,0.55442,72
1786274160,0.55442,0.55462,0.55435,0.55454,85
1786274220,0.55454,0.55468,0.55429,0.55431,74
1786274280,0.55434,0.55443,0.55414,0.55436,87
1786274340,0.55439,0.55448,0.55415,0.5542,80
1786274400,0.5542,0.55424,0.55394,0.55398,80
1786274460,0.55397,0.55429,0.55397,0.55416,71
1786274520,0.55416,0.55433,0.55407,0.55407,78
1786274580,0.55405,0.55434,0.55383,0.55383,83
1786274640,0.5538,0.55403,0.55377,0.55394,78
1786274700,0.55394,0.55403,0.55368,0.55393,78
1786274760,0.55393,0.55401,0.55376,0.55379,80
1786274820,0.55379,0.55418,0.55379,0.55415,70
1786274880,0.55415,0.55445,0.55397,0.55429,77
1786274940,0.5542,0.5544,0.55404,0.55438,80
1786275000,0.55436,0.55465,0.55421,0.55424,76
1786275060,0.55424,0.55424,0.55401,0.55407,72
1786275120,0.55407,0.5545,0.55402,0.55443,77
1786275180,0.55441,0.5545,0.5541,0.55422,81
1786275240,0.55424,0.55436,0.55409,0.55418,71
1786275300,0.55418,0.55418,0.55368,0.55376,85
1786275360,0.55375,0.55386,0.55348,0.55348,78
1786275420,0.55346,0.5538,0.55343,0.55351,83
1786275480,0.55351,0.55374,0.5534,0.55367,81
1786275540,0.55367,0.55375,0.55346,0.55362,77
1786275600,0.55362,0.55386,0.55355,0.55383,78
1786275660,0.55383,0.55387,0.55365,0.55387,73
1786275720,0.55387,0.55413,0.55384,0.55407,77
1786275780,0.55407,0.55407,0.55371,0.55371,76
1786275840,0.55371,0.55409,0.55365,0.55402,82
1786275900,0.55402,0.55409,0.55381,0.55386,76
1786275960,0.55386,0.5539,0.55347,0.55362,72
1786276020,0.55362,0.55393,0.55361,0.5539,85
1786276080,0.55392,0.55407,0.55379,0.55379,79
1786276140,0.5538,0.55418,0.55376,0.55417,75
1786276200,0.55415,0.5543,0.55389,0.55397,76
1786276260,0.55397,0.5542,0.55393,0.55414,82
1786276320,0.55413,0.55445,0.55413,0.55426,76
1786276380,0.55424,0.5545,0.55417,0.55446,78
1786276440,0.55444,0.55469,0.55439,0.55454,81
1786276500,0.55454,0.55464,0.55448,0.5545,84
1786276560,0.5545,0.55477,0.55438,0.55467,75
1786276620,0.55467,0.55506,0.55467,0.55494,82
1786276680,0.55494,0.5554,0.55494,0.5554,80
1786276740,0.5554,0.55542,0.55506,0.55508,85
1786276800,0.55508,0.55508,0.55474,0.55484,79
1786276860,0.55484,0.55496,0.55461,0.55495,75
1786276920,0.55495,0.55514,0.5548,0.55485,84
1786276980,0.55491,0.55501,0.55443,0.55447,70
1786277040,0.55446,0.5546,0.55436,0.5544,85
1786277100,0.5544,0.55482,0.55433,0.55478,80
1786277160,0.5548,0.55482,0.55445,0.5545,78
1786277220,0.5545,0.555,0.5544,0.55482,87
1786277280,0.55482,0.5552,0.55482,0.55515,79
1786277340,0.55514,0.55541,0.5551,0.55539,69
1786277400,0.55539,0.55545,0.55506,0.55532,75
1786277460,0.5553,0.55538,0.55516,0.55523,78
1786277520,0.55523,0.55531,0.55491,0.55501,73
1786277580,0.5551,0.55523,0.55504,0.55515,75
1786277640,0.55515,0.55515,0.55491,0.55496,78
1786277700,0.55496,0.55504,0.55482,0.5549,70
1786277760,0.55488,0.55507,0.55473,0.55487,81
1786277820,0.55487,0.55514,0.55485,0.55511,76
1786277880,0.5551,0.55526,0.55487,0.55496,80
1786277940,0.55496,0.55511,0.55491,0.55495,77
1786278000,0.55495,0.55506,0.55468,0.55473,80
1786278060,0.55473,0.55491,0.5546,0.55479,73
1786278120,0.55477,0.5548,0.55453,0.55453,73
1786278180,0.55451,0.55452,0.55412,0.55424,77
1786278240,0.55427,0.55437,0.55392,0.55398,84
1786278300,0.55395,0.55398,0.55327,0.55343,79
1786278360,0.55346,0.55379,0.5533,0.55373,78
1786278420,0.55371,0.55371,0.55329,0.55344,80
1786278480,0.55339,0.55342,0.55283,0.5531,76
1786278540,0.55312,0.5532,0.55285,0.55285,79
1786278600,0.55287,0.55299,0.55272,0.55277,79
1786278660,0.55275,0.55275,0.55247,0.55251,70
1786278720,0.55251,0.55254,0.55197,0.55199,78
1786278780,0.55198,0.55215,0.55176,0.55203,74
1786278840,0.55203,0.55211,0.5518,0.55211,76
1786278900,0.55211,0.55219,0.55184,0.55199,88
1786278960,0.55199,0.55234,0.55187,0.55187,83
1786279020,0.55187,0.55226,0.55182,0.55216,90
1786279080,0.55216,0.5525,0.55216,0.55216,87
1786279140,0.55216,0.55222,0.55186,0.55212,81
1786279200,0.55212,0.55274,0.55212,0.55274,82
1786279260,0.55274,0.55323,0.55274,0.55282,80
1786279320,0.55282,0.55291,0.55257,0.55257,78
1786279380,0.55257,0.55285,0.55244,0.55281,77
1786279440,0.55284,0.55291,0.55246,0.5525,82
1786279500,0.5525,0.55254,0.55231,0.5525,80
1786279560,0.5525,0.55251,0.55218,0.55218,83
1786279620,0.55217,0.55235,0.55205,0.55214,83
1786279680,0.55212,0.55216,0.55176,0.55184,78
1786279740,0.55184,0.55203,0.55157,0.55168,90
1786279800,0.55168,0.55206,0.55162,0.55186,82
1786279860,0.55185,0.55204,0.55175,0.55178,92
1786279920,0.55178,0.55185,0.55151,0.55165,86
1786279980,0.55165,0.55201,0.55156,0.55189,79
1786280040,0.55189,0.5521,0.55181,0.55202,83
1786280100,0.55202,0.55207,0.55132,0.55134,71
1786280160,0.55133,0.55154,0.55133,0.55139,77
1786280220,0.55139,0.5515,0.55122,0.55147,85
1786280280,0.55147,0.55147,0.5507,0.55076,75
1786280340,0.5508,0.55133,0.5508,0.55129,70
1786280400,0.55129,0.55164,0.55121,0.55121,79
1786280460,0.55123,0.55142,0.55106,0.55126,70
1786280520,0.55126,0.55171,0.55124,0.55156,83
1786280580,0.55157,0.55167,0.55143,0.55155,88
1786280640,0.55158,0.55191,0.55153,0.55158,81
1786280700,0.55158,0.55172,0.5514,0.55151,81
1786280760,0.55151,0.5519,0.55151,0.55182,74
1786280820,0.55179,0.55198,0.55165,0.55181,78
1786280880,0.55178,0.55201,0.55159,0.55194,87
1786280940,0.55191,0.5524,0.55175,0.5524,79
1786281000,0.5524,0.55289,0.55228,0.55289,83
1786281060,0.55289,0.55316,0.55274,0.55299,86
1786281120,0.55299,0.55322,0.55276,0.55281,81
1786281180,0.55286,0.55307,0.55281,0.5529,80
1786281240,0.55293,0.55293,0.55232,0.55234,68
1786281300,0.55231,0.55277,0.55231,0.55276,88
1786281360,0.55276,0.55307,0.55269,0.5527,81
1786281420,0.5527,0.5527,0.55233,0.55244,82
1786281480,0.55244,0.55268,0.55226,0.55265,80
1786281540,0.55266,0.55327,0.55265,0.5532,75
1786281600,0.55321,0.55346,0.5531,0.55344,87
1786281660,0.55344,0.55347,0.55323,0.55333,78
1786281720,0.55329,0.55329,0.553,0.55313,79
1786281780,0.55313,0.55324,0.55295,0.55302,79
1786281840,0.55302,0.55315,0.55294,0.55304,80
1786281900,0.55306,0.55306,0.55287,0.55293,78
1786281960,0.55293,0.55303,0.55269,0.55284,73
1786282020,0.55284,0.55315,0.55272,0.55309,81
1786282080,0.55309,0.55309,0.55261,0.55268,83
1786282140,0.5527,0.55301,0.55256,0.55287,85
1786282200,0.55287,0.55305,0.5528,0.5528,76
1786282260,0.55284,0.55297,0.55267,0.55283,76
1786282320,0.55283,0.55308,0.55271,0.55271,88
1786282380,0.55271,0.55284,0.5525,0.5525,79
1786282440,0.55255,0.55276,0.55245,0.55263,86
1786282500,0.55263,0.55263,0.55214,0.55214,93
1786282560,0.55216,0.55216,0.55159,0.55159,81
1786282620,0.55159,0.55169,0.55143,0.55143,82
1786282680,0.55143,0.55148,0.55121,0.55126,77
1786282740,0.55126,0.55139,0.55109,0.55121,79
1786282800,0.55119,0.55136,0.55105,0.55136,78
1786282860,0.55137,0.55143,0.55121,0.55143,88
1786282920,0.55144,0.55177,0.55139,0.55157,86
1786282980,0.55157,0.55199,0.55148,0.55193,74
1786283040,0.55193,0.5523,0.55193,0.55195,82
1786283100,0.55195,0.55196,0.5516,0.55184,85
1786283160,0.55183,0.55216,0.55172,0.55211,85
1786283220,0.55211,0.55242,0.55204,0.55241,79
1786283280,0.55241,0.55241,0.55197,0.55217,81
1786283340,0.55217,0.55237,0.55205,0.55224,80
1786283400,0.55224,0.55273,0.55221,0.55273,72
1786283460,0.55273,0.5531,0.55269,0.55269,76
1786283520,0.55268,0.55284,0.55247,0.55259,83
1786283580,0.55259,0.55282,0.55254,0.55257,80
1786283640,0.55258,0.5527,0.55253,0.55258,84
1786283700,0.55258,0.55302,0.55258,0.553,83
1786283760,0.55303,0.5532,0.55278,0.55278,78
1786283820,0.5528,0.5528,0.55226,0.55238,92
1786283880,0.55235,0.55245,0.55213,0.55235,69
1786283940,0.55235,0.5525,0.55211,0.55224,80
1786284000,0.55224,0.55233,0.5519,0.5519,87
1786284060,0.5519,0.55214,0.55187,0.5519,81
1786284120,0.5519,0.55216,0.5519,0.55201,83
1786284180,0.55201,0.55216,0.55177,0.55214,83
1786284240,0.55214,0.55243,0.55214,0.55232,79
1786284300,0.55232,0.55239,0.5522,0.55221,79
1786284360,0.55221,0.5523,0.55188,0.5522,82
1786284420,0.5522,0.55226,0.55177,0.55206,80
1786284480,0.55208,0.55208,0.55153,0.5516,81
1786284540,0.5516,0.55189,0.55152,0.55152,81
1786284600,0.55152,0.55157,0.55131,0.55133,73
1786284660,0.55136,0.55152,0.55108,0.55133,86
1786284720,0.55131,0.55134,0.55096,0.55103,76
1786284780,0.55099,0.551,0.55034,0.55044,80
1786284840,0.55046,0.55048,0.55012,0.55019,85
1786284900,0.55019,0.55023,0.54983,0.54986,86
1786284960,0.54987,0.54989,0.54949,0.54966,82
1786285020,0.54966,0.54982,0.54944,0.54968,80
1786285080,0.54967,0.54987,0.54947,0.54959,82
1786285140,0.54959,0.54974,0.54951,0.54974,73
1786285200,0.54975,0.54996,0.54975,0.54992,83
1786285260,0.54992,0.55057,0.54991,0.55056,77
1786285320,0.55056,0.55071,0.55038,0.55042,76
1786285380,0.55042,0.55082,0.55042,0.55067,85
1786285440,0.55067,0.55079,0.55048,0.55074,78
1786285500,0.55076,0.55091,0.55056,0.55056,81
1786285560,0.55049,0.55071,0.55042,0.55067,80
1786285620,0.55072,0.5509,0.55045,0.55045,74
1786285680,0.55045,0.55055,0.55034,0.5504,76
1786285740,0.55036,0.55044,0.55016,0.55041,82
1786285800,0.55042,0.55055,0.55037,0.55038,72
1786285860,0.55036,0.55081,0.55034,0.55078,84
1786285920,0.55079,0.55094,0.55056,0.55083,90
1786285980,0.55084,0.55099,0.55064,0.55073,84
1786286040,0.55073,0.55083,0.55057,0.5508,74
1786286100,0.55073,0.55077,0.55048,0.55048,88
1786286160,0.55048,0.55073,0.55034,0.55071,98
1786286220,0.55071,0.55086,0.55065,0.55074,74
1786286280,0.55074,0.55098,0.55053,0.5506,76
1786286340,0.5506,0.55078,0.5504,0.55043,72
1786286400,0.55043,0.55043,0.55017,0.5502,80
1786286460,0.55024,0.55029,0.54975,0.55024,83
1786286520,0.55024,0.55026,0.55001,0.55007,75
1786286580,0.55008,0.55011,0.54984,0.54996,88
1786286640,0.54996,0.55021,0.54994,0.55013,78
1786286700,0.55011,0.5502,0.54974,0.54983,92
1786286760,0.54983,0.54983,0.54944,0.54952,82
1786286820,0.54954,0.54982,0.54948,0.54962,75
1786286880,0.54962,0.54968,0.54934,0.54939,81
1786286940,0.54939,0.54948,0.54929,0.54936,86
1786287000,0.54937,0.54957,0.54926,0.54945,77
1786287060,0.54945,0.54972,0.54935,0.54938,75
1786287120,0.54938,0.54951,0.54926,0.54944,74
1786287180,0.54944,0.54944,0.54907,0.54907,78
1786287240,0.54907,0.54925,0.54883,0.5492,78
1786287300,0.5492,0.54923,0.54899,0.54907,86
1786287360,0.54907,0.5491,0.54881,0.54881,77
1786287420,0.54881,0.54933,0.54879,0.54896,79
1786287480,0.54896,0.54939,0.54896,0.54939,73
1786287540,0.54941,0.54984,0.54941,0.54983,78
1786287600,0.54985,0.55008,0.5498,0.54991,86
1786287660,0.54991,0.55003,0.54968,0.55001,84
1786287720,0.55002,0.55017,0.54951,0.54954,75
1786287780,0.54954,0.54955,0.54921,0.54927,70
1786287840,0.54927,0.54929,0.549,0.54908,73
1786287900,0.5491,0.54954,0.54908,0.54945,84
1786287960,0.54947,0.54948,0.54914,0.54948,81
1786288020,0.54956,0.54991,0.54955,0.54964,79
1786288080,0.54964,0.54975,0.54932,0.54943,81
1786288140,0.54943,0.54974,0.54943,0.54974,85
1786288200,0.54974,0.55013,0.54971,0.54993,83
1786288260,0.54993,0.5505,0.54989,0.55048,68
1786288320,0.55048,0.55061,0.5502,0.5502,80
1786288380,0.5502,0.55045,0.55014,0.55031,79
1786288440,0.55029,0.55047,0.5501,0.55039,79
1786288500,0.55039,0.55058,0.5502,0.55021,77
1786288560,0.55023,0.55028,0.55011,0.55023,80
1786288620,0.55021,0.55054,0.55002,0.55049,75
1786288680,0.55044,0.55056,0.55024,0.55056,82
1786288740,0.55053,0.55105,0.55045,0.55096,86
1786288800,0.55096,0.55107,0.55072,0.55089,79
1786288860,0.55089,0.55106,0.55061,0.55083,77
1786288920,0.55084,0.55111,0.55084,0.55095,76
1786288980,0.55093,0.55151,0.55092,0.5514,84
1786289040,0.5514,0.5516,0.55106,0.55113,76
1786289100,0.55109,0.55117,0.55094,0.55097,80
1786289160,0.55097,0.55119,0.55094,0.55101,87
1786289220,0.55101,0.55107,0.55057,0.55079,82
1786289280,0.55079,0.55105,0.55067,0.55067,74
1786289340,0.55067,0.55087,0.55067,0.55085,71
1786289400,0.55086,0.55086,0.55059,0.55075,81
1786289460,0.55075,0.55078,0.55064,0.5507,75
1786289520,0.5507,0.55105,0.55068,0.55103,84
1786289580,0.55103,0.55126,0.55103,0.55122,83
1786289640,0.55123,0.55158,0.55106,0.55106,70
1786289700,0.55105,0.55107,0.55074,0.5508,91
1786289760,0.5508,0.55092,0.55049,0.55092,78
1786289820,0.55089,0.55089,0.55058,0.55061,73
1786289880,0.55061,0.55062,0.55013,0.55013,83
1786289940,0.55016,0.55027,0.55009,0.55017,78
1786290000,0.55009,0.5502,0.54992,0.55006,86
1786290060,0.55004,0.55047,0.55004,0.55044,75
1786290120,0.55044,0.55073,0.55044,0.55066,72
1786290180,0.55066,0.55066,0.5502,0.55026,82
1786290240,0.55026,0.5503,0.54983,0.55006,82
1786290300,0.55006,0.55013,0.54996,0.55005,68
1786290360,0.55005,0.55016,0.54975,0.54977,81
1786290420,0.54977,0.55047,0.54977,0.55045,79
1786290480,0.55045,0.5506,0.55009,0.5501,77
1786290540,0.5501,0.5505,0.55004,0.5505,79
1786290600,0.5505,0.55054,0.55036,0.55044,79
1786290660,0.55042,0.55044,0.55014,0.55033,86
1786290720,0.55033,0.55033,0.55012,0.55018,79
1786290780,0.55018,0.55022,0.54992,0.55009,71
1786290840,0.55009,0.55024,0.55002,0.55007,80
1786290900,0.55009,0.55038,0.55,0.5503,84
1786290960,0.5503,0.55075,0.55023,0.55069,80
1786291020,0.55065,0.55069,0.55043,0.55046,76
1786291080,0.55044,0.55044,0.54996,0.55009,86
1786291140,0.55009,0.55012,0.54962,0.54973,78
1786291200,0.54973,0.54975,0.54931,0.54931,86
1786291260,0.54933,0.54947,0.54914,0.54916,88
1786291320,0.54918,0.54974,0.54913,0.54974,80
1786291380,0.54974,0.54984,0.54957,0.54969,75
1786291440,0.54969,0.54988,0.54965,0.54979,71
1786291500,0.54979,0.54979,0.54917,0.54923,82
1786291560,0.54925,0.54928,0.54909,0.54919,84
1786291620,0.54918,0.54943,0.54916,0.54934,90
1786291680,0.54933,0.54936,0.54917,0.54925,82
1786291740,0.54923,0.54929,0.54887,0.54897,79
1786291800,0.549,0.549,0.54845,0.5486,81
1786291860,0.54859,0.54865,0.54806,0.54808,74
1786291920,0.54811,0.54821,0.54787,0.5479,67
1786291980,0.54805,0.54806,0.54766,0.54766,80
1786292040,0.54768,0.54788,0.5476,0.54781,83
1786292100,0.54783,0.54786,0.5475,0.5476,79
1786292160,0.5476,0.5476,0.54736,0.54741,81
1786292220,0.54741,0.54751,0.54726,0.54746,80
1786292280,0.54746,0.54747,0.5472,0.54728,77
1786292340,0.54728,0.54728,0.54707,0.54726,75
1786292400,0.54726,0.54764,0.54725,0.54746,76
1786292460,0.54746,0.54748,0.5472,0.54726,91
1786292520,0.54726,0.54739,0.54704,0.54705,81
1786292580,0.54705,0.54731,0.54705,0.54715,79
1786292640,0.54713,0.54747,0.54713,0.54741,76
1786292700,0.54743,0.54783,0.54738,0.54783,84
1786292760,0.54783,0.54812,0.54776,0.54802,71
1786292820,0.54802,0.54811,0.5475,0.5479,85
1786292880,0.54789,0.54791,0.54765,0.54767,75
1786292940,0.54769,0.54794,0.54768,0.5478,84
1786293000,0.5478,0.5478,0.54726,0.54726,88
1786293060,0.54724,0.54726,0.54704,0.54706,83
1786293120,0.54708,0.54724,0.54691,0.54692,89
1786293180,0.54692,0.54698,0.54656,0.54669,83
1786293240,0.54669,0.54686,0.54662,0.54675,81
1786293300,0.54675,0.54684,0.54661,0.54682,77
1786293360,0.54682,0.54705,0.54682,0.54701,88
1786293420,0.54701,0.54721,0.54699,0.54715,69
1786293480,0.54715,0.54745,0.54713,0.54743,80
1786293540,0.54741,0.54752,0.5471,0.5472,75
1786293600,0.5472,0.54728,0.54705,0.54728,78
1786293660,0.54728,0.54728,0.5469,0.54715,79
1786293720,0.54718,0.5474,0.54704,0.54735,84
1786293780,0.54735,0.54736,0.5468,0.54717,76
1786293840,0.54717,0.54743,0.54702,0.54724,79
1786293900,0.54725,0.54741,0.54662,0.54663,86
1786293960,0.54663,0.54714,0.54655,0.54712,76
1786294020,0.54712,0.5478,0.54712,0.54777,82
1786294080,0.54774,0.54796,0.54774,0.54782,73
1786294140,0.54782,0.54792,0.54766,0.54777,76
1786294200,0.54777,0.54791,0.54772,0.54786,85
1786294260,0.54786,0.54818,0.54783,0.54808,82
1786294320,0.54808,0.54809,0.54765,0.54772,81
1786294380,0.54772,0.54773,0.54731,0.54743,81
1786294440,0.54743,0.54747,0.54689,0.54692,78
1786294500,0.54691,0.54716,0.54691,0.54704,77
1786294560,0.54701,0.54719,0.54688,0.54715,84
1786294620,0.54715,0.54725,0.54689,0.54693,77
1786294680,0.54691,0.54716,0.5468,0.5471,86
1786294740,0.54708,0.54718,0.54698,0.54705,68
1786294800,0.54704,0.54731,0.54692,0.54731,79
1786294860,0.54733,0.54774,0.54732,0.5476,79
1786294920,0.5476,0.54765,0.54716,0.54751,83
1786294980,0.54752,0.5476,0.54737,0.54758,79
1786295040,0.54757,0.54788,0.54753,0.54783,84
1786295100,0.54783,0.5479,0.54761,0.54788,84
1786295160,0.54788,0.54805,0.54778,0.54795,76
1786295220,0.54795,0.54809,0.54784,0.54787,81
1786295280,0.54787,0.54804,0.54762,0.54793,81
1786295340,0.54793,0.54822,0.54793,0.54806,79
1786295400,0.54806,0.54834,0.54805,0.54813,77
1786295460,0.54815,0.54829,0.54802,0.54811,61
1786295520,0.54811,0.54825,0.54807,0.54825,89
1786295580,0.54821,0.54865,0.54821,0.54862,81
1786295640,0.54861,0.54876,0.54843,0.54856,83
1786295700,0.54858,0.5492,0.54854,0.54916,80
1786295760,0.54914,0.54938,0.54913,0.54929,84
1786295820,0.5493,0.54966,0.5493,0.54966,70
1786295880,0.54966,0.5498,0.54938,0.54946,78
1786295940,0.54949,0.54955,0.549,0.54924,72
1786296000,0.54935,0.54944,0.54908,0.54908,81
1786296060,0.54907,0.54921,0.54907,0.54916,70
1786296120,0.5492,0.54957,0.54913,0.54951,85
1786296180,0.54951,0.5496,0.54925,0.54952,78
1786296240,0.54952,0.54961,0.5491,0.54916,78
1786296300,0.54916,0.54916,0.54898,0.54915,75
1786296360,0.54915,0.54919,0.54854,0.54884,87
1786296420,0.54884,0.54892,0.54875,0.54886,72
1786296480,0.54884,0.5491,0.54875,0.54889,80
1786296540,0.54887,0.54909,0.54875,0.54909,90
1786296600,0.54911,0.54927,0.54908,0.54925,82
1786296660,0.54924,0.54931,0.54873,0.54874,89
1786296720,0.54874,0.54898,0.54874,0.5489,79
1786296780,0.54887,0.54887,0.54836,0.5485,77
1786296840,0.54852,0.54879,0.54837,0.54837,72
1786296900,0.54837,0.5484,0.54789,0.54789,81
1786296960,0.54788,0.54818,0.54786,0.54793,82
1786297020,0.54792,0.54792,0.54762,0.54766,84
1786297080,0.54761,0.5479,0.54755,0.54777,84
1786297140,0.54779,0.54807,0.54774,0.54806,86
1786297200,0.54806,0.54811,0.5479,0.54793,82
1786297260,0.54793,0.548,0.54776,0.54777,85
1786297320,0.54777,0.54811,0.54772,0.54775,90
1786297380,0.54776,0.54798,0.5477,0.5479,80
1786297440,0.54789,0.54795,0.54735,0.54744,83
1786297500,0.54742,0.54791,0.54735,0.54791,74
1786297560,0.54791,0.548,0.54774,0.54793,86
1786297620,0.54793,0.54802,0.54778,0.54778,81
1786297680,0.54778,0.54811,0.54772,0.54796,77
1786297740,0.54794,0.54838,0.54794,0.54825,71
1786297800,0.54825,0.54834,0.548,0.5483,81
1786297860,0.54832,0.54848,0.54827,0.54827,77
1786297920,0.54827,0.54853,0.54815,0.54853,77
1786297980,0.54851,0.54853,0.54829,0.5484,74
1786298040,0.54839,0.54881,0.54839,0.54864,83
1786298100,0.54864,0.54867,0.54822,0.54826,82
1786298160,0.54827,0.54841,0.54803,0.54817,84
1786298220,0.54817,0.54825,0.5478,0.54798,81
1786298280,0.54798,0.54825,0.5479,0.5479,78
1786298340,0.5479,0.54852,0.5479,0.54852,77
1786298400,0.5485,0.54869,0.54841,0.54843,85
1786298460,0.54843,0.54861,0.54839,0.54845,70
1786298520,0.54845,0.54863,0.54834,0.54834,77
1786298580,0.54834,0.54838,0.54819,0.54826,75
1786298640,0.54826,0.54861,0.54818,0.54859,85
1786298700,0.54859,0.54894,0.54852,0.54892,80
1786298760,0.54891,0.54893,0.5487,0.54883,83
1786298820,0.54883,0.54897,0.54852,0.54857,77
1786298880,0.54858,0.54895,0.54858,0.54861,82
1786298940,0.54857,0.54879,0.54843,0.54851,87
1786299000,0.54853,0.54857,0.54817,0.54835,82
1786299060,0.54835,0.54849,0.54826,0.54835,77
1786299120,0.5484,0.54855,0.54832,0.54852,79
1786299180,0.54854,0.54861,0.54823,0.54832,90
1786299240,0.54832,0.54832,0.54782,0.54797,79
1786299300,0.54797,0.54838,0.54797,0.54831,75
1786299360,0.54831,0.54844,0.54784,0.54811,79
1786299420,0.54816,0.54845,0.54786,0.54801,78
1786299480,0.54801,0.54809,0.54778,0.54788,77
1786299540,0.54788,0.54791,0.54738,0.54749,89
1786299600,0.54749,0.54771,0.54749,0.54761,75
1786299660,0.54761,0.54776,0.54743,0.54775,81
1786299720,0.54775,0.54789,0.54766,0.54775,82
1786299780,0.54777,0.5478,0.54748,0.5478,82
1786299840,0.54782,0.54801,0.54773,0.54781,83
1786299900,0.54781,0.54816,0.54768,0.54812,72
1786299960,0.54812,0.54818,0.54787,0.54793,85
1786300020,0.54794,0.54795,0.5476,0.5476,83
1786300080,0.54759,0.54786,0.54753,0.54779,65
1786300140,0.54779,0.54803,0.54774,0.54786,75
1786300200,0.54786,0.54788,0.54743,0.54756,83
1786300260,0.54758,0.5476,0.54725,0.54743,76
1786300320,0.54748,0.54759,0.54735,0.54757,74
1786300380,0.54757,0.54768,0.54747,0.54758,79
1786300440,0.54758,0.54817,0.54758,0.54803,78
1786300500,0.54803,0.54816,0.54785,0.54802,80
1786300560,0.54802,0.54802,0.54758,0.5476,92
1786300620,0.5476,0.54813,0.54758,0.54801,77
1786300680,0.54801,0.54807,0.54783,0.54784,81
1786300740,0.54784,0.54857,0.54784,0.54841,78
1786300800,0.54841,0.54849,0.54808,0.54815,84
1786300860,0.54812,0.54812,0.54771,0.54775,72
1786300920,0.54775,0.54793,0.54736,0.54736,74
1786300980,0.54736,0.54745,0.54722,0.54728,80
1786301040,0.54727,0.54727,0.54703,0.5472,78
1786301100,0.5472,0.5472,0.5468,0.54682,87
1786301160,0.54682,0.54696,0.54657,0.54678,74
1786301220,0.54686,0.5469,0.5467,0.54685,74
1786301280,0.54685,0.54711,0.54681,0.54705,81
1786301340,0.54713,0.54723,0.54696,0.54704,83
1786301400,0.54704,0.54714,0.54689,0.54711,83
1786301460,0.54711,0.54733,0.54694,0.54696,79
1786301520,0.54696,0.54724,0.54695,0.5472,72
1786301580,0.5472,0.54741,0.54717,0.54741,72
1786301640,0.54744,0.54746,0.54709,0.54741,87
1786301700,0.54741,0.54757,0.54736,0.54744,82
1786301760,0.54743,0.54758,0.54733,0.54735,80
1786301820,0.54735,0.54767,0.54726,0.5475,66
1786301880,0.54742,0.54767,0.54742,0.54745,81
1786301940,0.54746,0.54773,0.5474,0.54753,78
1786302000,0.54755,0.54776,0.54739,0.54774,88
1786302060,0.54777,0.54792,0.54766,0.54776,82
1786302120,0.54775,0.54784,0.54759,0.5477,82
1786302180,0.54771,0.5481,0.5477,0.54787,77
1786302240,0.54787,0.5482,0.54777,0.54817,84
1786302300,0.54817,0.54825,0.54758,0.54758,86
1786302360,0.5476,0.54803,0.54754,0.54787,79
1786302420,0.54785,0.54791,0.5475,0.54774,83
1786302480,0.54774,0.54856,0.54774,0.54849,81
1786302540,0.54849,0.54894,0.54841,0.54894,80
1786302600,0.54894,0.54921,0.54892,0.54914,74
1786302660,0.54914,0.54932,0.54896,0.54927,89
1786302720,0.54927,0.5496,0.54915,0.54919,74
1786302780,0.54919,0.54923,0.54886,0.54905,79
1786302840,0.54905,0.54907,0.54871,0.54891,70
1786302900,0.54891,0.54898,0.54873,0.54877,88
1786302960,0.54875,0.54875,0.54844,0.54861,80
1786303020,0.5486,0.54868,0.54846,0.54861,81
1786303080,0.5486,0.5487,0.54845,0.54862,66
1786303140,0.54862,0.54896,0.54855,0.54891,77
1786303200,0.54893,0.54914,0.54884,0.549,77
1786303260,0.54898,0.54919,0.54879,0.54892,85
1786303320,0.5489,0.54891,0.54863,0.54867,89
1786303380,0.54865,0.54867,0.54808,0.54823,80
1786303440,0.54823,0.54862,0.54808,0.5486,82
1786303500,0.5486,0.549,0.54855,0.54892,82
1786303560,0.54892,0.54892,0.5487,0.54881,78
1786303620,0.54885,0.54898,0.54872,0.54875,81
1786303680,0.5487,0.54881,0.5485,0.54872,81
1786303740,0.5487,0.54879,0.54849,0.54863,78
1786303800,0.54863,0.54875,0.54828,0.5483,82
1786303860,0.5483,0.5483,0.54783,0.54801,83
1786303920,0.54801,0.54832,0.54746,0.54829,87
1786303980,0.54827,0.54831,0.54803,0.54811,72
1786304040,0.54811,0.54817,0.54784,0.54817,90
1786304100,0.54817,0.54835,0.54808,0.54813,79
1786304160,0.54822,0.54857,0.54815,0.54848,82
1786304220,0.54848,0.54858,0.54835,0.54835,82
1786304280,0.54833,0.54833,0.54798,0.54815,76
1786304340,0.54813,0.54817,0.54788,0.54797,77
1786304400,0.5479,0.54798,0.54768,0.54798,76
1786304460,0.54798,0.54801,0.54744,0.54761,91
1786304520,0.54761,0.54794,0.54748,0.5477,77
1786304580,0.5477,0.5479,0.54765,0.54772,87
1786304640,0.54772,0.5481,0.54772,0.5481,89
1786304700,0.5481,0.5484,0.54803,0.54822,84
1786304760,0.54822,0.54848,0.54822,0.54839,88
1786304820,0.54839,0.54854,0.5482,0.5482,88
1786304880,0.5482,0.54864,0.5482,0.54859,81
1786304940,0.54859,0.54861,0.54821,0.5483,79
1786305000,0.54829,0.54848,0.54821,0.54843,91
1786305060,0.54848,0.54856,0.54824,0.54824,78
1786305120,0.54824,0.54852,0.54809,0.54828,93
1786305180,0.54828,0.54846,0.54813,0.54829,87
1786305240,0.54829,0.5486,0.54812,0.54858,78
1786305300,0.54858,0.54874,0.54842,0.54842,80
1786305360,0.5484,0.54859,0.5484,0.54859,78
1786305420,0.54859,0.54876,0.5485,0.54875,77
1786305480,0.5488,0.54911,0.5488,0.54888,81
1786305540,0.54888,0.54888,0.54855,0.54862,80
1786305600,0.54862,0.54872,0.54848,0.54864,77
1786305660,0.54862,0.54875,0.54842,0.54846,71
1786305720,0.54846,0.54888,0.54846,0.54882,76
1786305780,0.54882,0.54934,0.54879,0.54911,83
1786305840,0.54911,0.54916,0.54877,0.54892,77
1786305900,0.54892,0.549,0.54873,0.54885,86
1786305960,0.54889,0.54898,0.54852,0.54853,69
1786306020,0.54853,0.54871,0.54841,0.54843,77
1786306080,0.54841,0.5486,0.54831,0.54842,86
1786306140,0.54842,0.54842,0.54816,0.54838,77
1786306200,0.54838,0.54868,0.5483,0.54841,70
1786306260,0.54839,0.54852,0.54806,0.54816,81
1786306320,0.54816,0.54843,0.548,0.54806,87
1786306380,0.54806,0.54814,0.5478,0.54804,71
1786306440,0.54804,0.54832,0.548,0.54812,93
1786306500,0.54812,0.54823,0.54807,0.54815,80
1786306560,0.54815,0.5483,0.54785,0.54798,79
1786306620,0.54798,0.54843,0.54798,0.54826,79
1786306680,0.54826,0.54871,0.54826,0.54847,79
1786306740,0.54847,0.54862,0.54839,0.54841,88
1786306800,0.54841,0.54848,0.54821,0.54822,83
1786306860,0.54822,0.54822,0.54801,0.54806,71
1786306920,0.54806,0.54811,0.54768,0.54795,78
1786306980,0.54804,0.54814,0.54787,0.54788,77
1786307040,0.54788,0.54798,0.54771,0.54771,73
1786307100,0.54768,0.54781,0.54748,0.54748,77
1786307160,0.54748,0.54749,0.54718,0.54732,89
1786307220,0.54731,0.54783,0.54731,0.54766,89
1786307280,0.54764,0.54777,0.54745,0.54775,81
1786307340,0.54775,0.54779,0.54751,0.54755,86
1786307400,0.54755,0.54755,0.54715,0.54748,71
1786307460,0.54741,0.54764,0.54741,0.54753,75
1786307520,0.5475,0.54767,0.54748,0.54761,85
1786307580,0.54761,0.54777,0.54752,0.54772,74
1786307640,0.54774,0.54785,0.54754,0.54755,73
1786307700,0.54755,0.54766,0.54746,0.54757,85
1786307760,0.54757,0.5477,0.54718,0.54734,75
1786307820,0.54734,0.5474,0.54706,0.54723,87
1786307880,0.54723,0.54744,0.547,0.54726,83
1786307940,0.54726,0.54732,0.5471,0.54725,65
1786308000,0.54725,0.54787,0.54716,0.54786,80
1786308060,0.54783,0.54796,0.54769,0.54769,74
1786308120,0.54769,0.54771,0.54713,0.54713,76
1786308180,0.54712,0.54722,0.54699,0.54719,87
1786308240,0.54719,0.54722,0.54669,0.54669,68
1786308300,0.54669,0.54714,0.54664,0.5468,87
1786308360,0.54676,0.54716,0.54675,0.54691,80
1786308420,0.5469,0.54722,0.54688,0.54708,81
1786308480,0.5471,0.54724,0.54687,0.54702,73
1786308540,0.54702,0.54706,0.54677,0.54696,82
1786308600,0.54695,0.54721,0.54693,0.54705,72
1786308660,0.54703,0.54723,0.5468,0.54682,83
1786308720,0.54685,0.54688,0.5467,0.54678,76
1786308780,0.54678,0.54685,0.54649,0.54651,82
1786308840,0.5465,0.54673,0.54645,0.54661,76
1786308900,0.54661,0.54678,0.54652,0.54662,78
1786308960,0.54662,0.54662,0.54636,0.54645,82
1786309020,0.54643,0.54672,0.54631,0.54668,79
1786309080,0.54668,0.5468,0.54648,0.5466,79
1786309140,0.5466,0.54678,0.54644,0.54678,89
1786309200,0.54678,0.54678,0.54629,0.54642,73
1786309260,0.54642,0.54645,0.54612,0.54615,79
1786309320,0.54615,0.54624,0.54602,0.54605,82
1786309380,0.546,0.54609,0.54584,0.54584,82
1786309440,0.54584,0.54584,0.54546,0.54554,86
1786309500,0.54554,0.54556,0.54527,0.54534,78
1786309560,0.54532,0.54552,0.54519,0.54535,80
1786309620,0.54535,0.54548,0.54523,0.54529,74
1786309680,0.54535,0.54565,0.54519,0.54524,77
1786309740,0.54528,0.54534,0.5451,0.54513,80
1786309800,0.54514,0.54517,0.54465,0.54474,85
1786309860,0.54474,0.54499,0.54463,0.54497,76
1786309920,0.54497,0.54519,0.54476,0.54513,80
1786309980,0.54513,0.54527,0.54495,0.54504,72
1786310040,0.54504,0.54507,0.54472,0.5448,77
1786310100,0.5448,0.5448,0.5441,0.54414,83
1786310160,0.54414,0.54419,0.54379,0.54402,82
1786310220,0.54402,0.54445,0.54399,0.54445,89
1786310280,0.54445,0.5447,0.54423,0.54442,75
1786310340,0.54442,0.54445,0.54422,0.54435,85
1786310400,0.54432,0.54464,0.5443,0.54463,81
1786310460,0.54464,0.54477,0.54414,0.54414,83
1786310520,0.54412,0.54469,0.5441,0.54456,76
1786310580,0.54456,0.54464,0.54431,0.54463,85
1786310640,0.54463,0.54463,0.54438,0.54439,91
1786310700,0.54438,0.54466,0.54437,0.54457,76
1786310760,0.54455,0.54491,0.54453,0.54491,80
1786310820,0.54491,0.54491,0.54458,0.54462,86
1786310880,0.54464,0.54473,0.54436,0.54439,82
1786310940,0.54439,0.54473,0.54431,0.54467,83
1786311000,0.54467,0.54469,0.5441,0.54411,84
1786311060,0.54411,0.54452,0.54398,0.54452,84
1786311120,0.54453,0.5448,0.54431,0.5448,82
1786311180,0.5448,0.54489,0.54458,0.54459,78
1786311240,0.54459,0.54498,0.54442,0.54498,73
1786311300,0.54498,0.54543,0.5448,0.54542,85
1786311360,0.54542,0.54562,0.54539,0.54547,87
1786311420,0.54554,0.54561,0.54538,0.5456,85
1786311480,0.54562,0.54569,0.54535,0.54535,83
1786311540,0.54537,0.5455,0.54528,0.54537,81
1786311600,0.54537,0.54546,0.54512,0.54526,79
1786311660,0.54528,0.54548,0.54519,0.54548,86
1786311720,0.5455,0.54567,0.54534,0.54558,81
1786311780,0.54558,0.54569,0.54522,0.54561,85
1786311840,0.54561,0.54571,0.54551,0.54552,77
1786311900,0.54549,0.5456,0.54515,0.54515,80
1786311960,0.54513,0.54523,0.54493,0.54501,79
1786312020,0.54501,0.54503,0.5448,0.54494,79
1786312080,0.54493,0.54496,0.54468,0.5449,87
1786312140,0.5449,0.54524,0.54487,0.54519,73
1786312200,0.54519,0.54528,0.54499,0.54528,79
1786312260,0.54528,0.54561,0.54523,0.5456,66
1786312320,0.5456,0.54581,0.54548,0.54572,76
1786312380,0.54572,0.54577,0.54555,0.54575,69
1786312440,0.54575,0.54623,0.54571,0.54599,74
1786312500,0.546,0.54616,0.5459,0.54616,83
1786312560,0.54618,0.54618,0.54564,0.54569,79
1786312620,0.54569,0.54572,0.54551,0.54564,78
1786312680,0.54564,0.54614,0.54563,0.54588,81
1786312740,0.5459,0.54608,0.54585,0.54602,79
1786312800,0.54598,0.54603,0.54575,0.54593,72
1786312860,0.54594,0.54617,0.54578,0.54606,79
1786312920,0.54606,0.54607,0.54588,0.546,77
1786312980,0.54598,0.54605,0.54577,0.54579,85
1786313040,0.5458,0.54595,0.54571,0.54588,75
1786313100,0.54588,0.54588,0.54547,0.54547,85
1786313160,0.54548,0.54564,0.54535,0.54537,78
1786313220,0.54537,0.54538,0.54502,0.54524,82
1786313280,0.54524,0.54543,0.54521,0.54539,78
1786313340,0.54539,0.54564,0.54536,0.54554,75
1786313400,0.54554,0.54561,0.54547,0.54551,77
1786313460,0.54551,0.54574,0.5454,0.5455,80
1786313520,0.54557,0.54616,0.54552,0.5459,83
1786313580,0.5459,0.5459,0.54557,0.54557,75
1786313640,0.54553,0.54576,0.54546,0.54573,78
1786313700,0.54573,0.54595,0.54567,0.54585,76
1786313760,0.54585,0.54654,0.54585,0.54651,71
1786313820,0.54651,0.54667,0.54647,0.54649,74
1786313880,0.54653,0.54666,0.54627,0.54661,82
1786313940,0.54662,0.54674,0.54647,0.54662,79
1786314000,0.54662,0.54662,0.54616,0.54622,86
1786314060,0.54623,0.54635,0.54601,0.5461,90
1786314120,0.5461,0.54642,0.54595,0.54637,89
1786314180,0.54637,0.54658,0.54635,0.54643,79
1786314240,0.54644,0.54647,0.54616,0.54616,85
1786314300,0.54616,0.54621,0.54572,0.54574,86
1786314360,0.54574,0.5459,0.54562,0.54562,77
1786314420,0.54562,0.54572,0.54513,0.54516,76
1786314480,0.54516,0.54546,0.54516,0.54546,81
1786314540,0.54546,0.54551,0.54503,0.5455,79
1786314600,0.5455,0.54575,0.54531,0.54573,82
1786314660,0.54573,0.54575,0.54545,0.5456,85
1786314720,0.54568,0.54586,0.54566,0.54582,70
1786314780,0.54584,0.54585,0.54556,0.54556,69
1786314840,0.54559,0.5459,0.54549,0.5459,86
1786314900,0.5459,0.54614,0.5458,0.54614,79
1786314960,0.54614,0.54614,0.54565,0.54565,80
1786315020,0.5457,0.54603,0.5457,0.5459,69
1786315080,0.5459,0.54616,0.54589,0.54606,71
1786315140,0.54606,0.54659,0.546,0.54656,84
1786315200,0.54656,0.54667,0.5464,0.54667,82
1786315260,0.54666,0.54675,0.54643,0.54673,91
1786315320,0.54667,0.54671,0.54645,0.54669,80
1786315380,0.5467,0.54695,0.54666,0.54688,79
1786315440,0.54688,0.54693,0.54662,0.54669,79
1786315500,0.54669,0.5472,0.54663,0.54718,80
1786315560,0.54718,0.54722,0.54698,0.54713,82
1786315620,0.54713,0.54725,0.54695,0.54707,96
1786315680,0.54708,0.54715,0.54692,0.54693,81
1786315740,0.54695,0.54695,0.54646,0.54661,81
1786315800,0.54664,0.54667,0.54634,0.54651,77
1786315860,0.54651,0.54652,0.54601,0.54601,79
1786315920,0.54601,0.54633,0.546,0.54614,83
1786315980,0.54613,0.54634,0.54607,0.54631,87
1786316040,0.54628,0.54637,0.54617,0.54632,79
1786316100,0.54628,0.54631,0.54601,0.54612,76
1786316160,0.54614,0.54638,0.546,0.54611,85
1786316220,0.54611,0.54658,0.54611,0.54653,82
1786316280,0.54653,0.54672,0.54651,0.54657,81
1786316340,0.54657,0.54698,0.54652,0.54696,80
1786316400,0.54696,0.54741,0.54691,0.54723,88
1786316460,0.54722,0.54723,0.54696,0.54703,71
1786316520,0.54703,0.54713,0.54685,0.54685,78
1786316580,0.54685,0.54686,0.54649,0.54654,76
1786316640,0.54654,0.5469,0.54641,0.54676,80
1786316700,0.54681,0.54699,0.54673,0.54675,80
1786316760,0.54673,0.54688,0.54641,0.54646,77
1786316820,0.54646,0.54679,0.54646,0.54658,77
1786316880,0.54658,0.54671,0.54637,0.54658,69
1786316940,0.54658,0.54684,0.54657,0.54658,68
1786317000,0.54658,0.54673,0.54604,0.54604,80
1786317060,0.54603,0.54626,0.54593,0.54622,74
1786317120,0.54624,0.54647,0.54616,0.54645,86
1786317180,0.54645,0.54659,0.54637,0.5464,73
1786317240,0.5464,0.54641,0.54597,0.54625,84
1786317300,0.54625,0.54626,0.54599,0.54604,79
1786317360,0.54604,0.54604,0.54554,0.54554,77
1786317420,0.54555,0.54555,0.5448,0.5448,80
1786317480,0.54481,0.54486,0.54467,0.54479,74
1786317540,0.5448,0.54494,0.54466,0.54486,86
1786317600,0.54486,0.54507,0.54486,0.54492,82
1786317660,0.54492,0.54527,0.54484,0.54524,88
1786317720,0.54521,0.54523,0.54488,0.54499,81
1786317780,0.54499,0.54535,0.5449,0.54529,82
1786317840,0.54529,0.5458,0.54523,0.5458,76
1786317900,0.5458,0.54593,0.54576,0.54583,81
1786317960,0.54583,0.54592,0.54569,0.54588,69
1786318020,0.54588,0.54594,0.54561,0.54574,78
1786318080,0.54574,0.54624,0.54574,0.54588,83
1786318140,0.54588,0.54601,0.54574,0.54581,84
1786318200,0.54581,0.54581,0.54554,0.54566,78
1786318260,0.54565,0.54566,0.54522,0.54549,81
1786318320,0.5455,0.54564,0.54543,0.54561,86
1786318380,0.54561,0.54589,0.54538,0.54546,82
1786318440,0.54546,0.54591,0.54546,0.5458,74
1786318500,0.5458,0.54592,0.54565,0.5458,79
1786318560,0.5458,0.54606,0.54575,0.54588,73
1786318620,0.5459,0.54612,0.54577,0.54592,85
1786318680,0.54592,0.546,0.54566,0.54575,87
1786318740,0.54575,0.54608,0.54569,0.54604,74
1786318800,0.54606,0.54607,0.54571,0.54606,89
1786318860,0.54606,0.54624,0.54581,0.54616,83
1786318920,0.54616,0.54654,0.5461,0.54651,78
1786318980,0.54651,0.54671,0.54638,0.54657,77
1786319040,0.54657,0.54694,0.54646,0.54693,84
1786319100,0.54692,0.54713,0.54678,0.54689,77
1786319160,0.54684,0.54754,0.54683,0.54736,90
1786319220,0.54736,0.54762,0.54734,0.54759,84
1786319280,0.54759,0.54767,0.54735,0.54738,76
1786319340,0.54732,0.54741,0.5471,0.54723,83
1786319400,0.54723,0.54795,0.5472,0.5477,89
1786319460,0.54771,0.54793,0.54768,0.54781,81
1786319520,0.54785,0.54813,0.54769,0.54812,93
1786319580,0.54811,0.54811,0.54781,0.54786,76
1786319640,0.54788,0.5481,0.54784,0.54804,72
1786319700,0.54803,0.54814,0.5479,0.54796,78
1786319760,0.54795,0.54828,0.54781,0.54824,83
1786319820,0.54824,0.5485,0.5482,0.5485,83
1786319880,0.5485,0.54859,0.54825,0.54841,82
1786319940,0.54841,0.54842,0.5478,0.54786,81
1786320000,0.54786,0.54809,0.54786,0.54796,68
1786320060,0.54796,0.54801,0.54778,0.54792,81
1786320120,0.54789,0.548,0.54775,0.54775,80
1786320180,0.5477,0.54801,0.54762,0.54764,81
1786320240,0.54764,0.54796,0.54745,0.54796,84
1786320300,0.54794,0.548,0.54759,0.54759,75
1786320360,0.54759,0.5477,0.54746,0.54752,79
1786320420,0.54752,0.54805,0.54745,0.54795,79
1786320480,0.54793,0.54802,0.54751,0.54754,78
1786320540,0.54755,0.54773,0.54753,0.54762,76
1786320600,0.54762,0.54782,0.54746,0.54777,92
1786320660,0.54776,0.54816,0.54768,0.54816,86
1786320720,0.54823,0.54836,0.54799,0.54825,87
1786320780,0.54825,0.54826,0.5479,0.54814,81
1786320840,0.54814,0.54845,0.54806,0.54839,68
1786320900,0.54839,0.54839,0.5479,0.54807,84
1786320960,0.54807,0.54818,0.54775,0.54775,75
1786321020,0.54775,0.54782,0.5476,0.54769,83
1786321080,0.54769,0.54815,0.54768,0.54813,73
1786321140,0.54814,0.54849,0.54802,0.54849,82
1786321200,0.54846,0.54889,0.54833,0.54881,80
1786321260,0.54881,0.54883,0.54832,0.54835,86
1786321320,0.54834,0.54838,0.54813,0.54819,82
1786321380,0.54819,0.54826,0.54793,0.54803,78
1786321440,0.54794,0.54806,0.54779,0.54793,83
1786321500,0.54794,0.54816,0.54773,0.54797,84
1786321560,0.54796,0.54843,0.54796,0.54843,86
1786321620,0.54845,0.54879,0.54834,0.54875,71
1786321680,0.54878,0.54887,0.54831,0.54838,80
1786321740,0.5484,0.5488,0.54838,0.54873,80
1786321800,0.54874,0.54882,0.54832,0.54837,84
1786321860,0.54837,0.54862,0.54837,0.54858,81
1786321920,0.54858,0.54884,0.54848,0.54848,82
1786321980,0.54848,0.54848,0.54801,0.54824,80
1786322040,0.54824,0.54857,0.5482,0.5482,73
1786322100,0.5482,0.54822,0.54795,0.54801,80
1786322160,0.54801,0.54809,0.54763,0.54772,82
1786322220,0.54772,0.54837,0.5477,0.54823,88
1786322280,0.54825,0.54861,0.54807,0.5486,86
1786322340,0.54859,0.54871,0.54834,0.54834,81
1786322400,0.54834,0.54851,0.54818,0.54828,79
1786322460,0.54828,0.54834,0.54819,0.5483,72
1786322520,0.54828,0.54859,0.54828,0.5484,85
1786322580,0.54842,0.54856,0.54828,0.54847,77
1786322640,0.54847,0.54907,0.54847,0.54907,79
1786322700,0.54905,0.54924,0.54898,0.5492,87
1786322760,0.5492,0.54938,0.54897,0.54938,74
1786322820,0.54938,0.54939,0.54903,0.54919,81
1786322880,0.54917,0.54969,0.54917,0.5496,89
1786322940,0.54961,0.54963,0.54936,0.54942,79
1786323000,0.54942,0.54972,0.54937,0.5496,80
1786323060,0.5496,0.55007,0.54957,0.55007,76
1786323120,0.55007,0.5501,0.54949,0.54974,87
1786323180,0.54974,0.55008,0.54972,0.55008,75
1786323240,0.55008,0.55041,0.55,0.55035,75
1786323300,0.55035,0.55045,0.55011,0.55013,76
1786323360,0.55003,0.55018,0.54997,0.55011,79
1786323420,0.55008,0.55008,0.54954,0.54971,73
1786323480,0.54969,0.55022,0.54969,0.55,85
1786323540,0.55,0.55015,0.54993,0.55015,70
1786323600,0.55015,0.55025,0.54998,0.54999,82
1786323660,0.54998,0.55021,0.54998,0.55016,80
1786323720,0.55008,0.55044,0.55001,0.55038,81
1786323780,0.55036,0.55069,0.55035,0.55069,77
1786323840,0.55068,0.55078,0.55048,0.55077,78
1786323900,0.55077,0.55086,0.55067,0.5507,77
1786323960,0.55068,0.55086,0.55062,0.55078,89
1786324020,0.55078,0.5512,0.55067,0.55113,83
1786324080,0.55113,0.55153,0.55108,0.5515,66
1786324140,0.5515,0.55181,0.55145,0.55176,78
1786324200,0.55176,0.55178,0.55141,0.55173,78
1786324260,0.55173,0.55203,0.5517,0.55194,82
1786324320,0.55193,0.55211,0.55167,0.55209,86
1786324380,0.55212,0.55232,0.55177,0.55219,88
1786324440,0.55217,0.55225,0.55197,0.55201,79
1786324500,0.55199,0.55212,0.55183,0.55185,83
1786324560,0.55177,0.55223,0.55171,0.55211,80
1786324620,0.5521,0.55217,0.55181,0.55202,90
1786324680,0.55202,0.55259,0.55192,0.55238,82
1786324740,0.55246,0.55275,0.55225,0.55267,78
1786324800,0.55267,0.55293,0.55253,0.55255,72
1786324860,0.55255,0.55255,0.55193,0.55206,84
1786324920,0.55206,0.55208,0.55165,0.55175,75
1786324980,0.55174,0.55182,0.55161,0.55181,84
1786325040,0.55177,0.5518,0.5516,0.5516,85
1786325100,0.55159,0.55163,0.55139,0.55148,87
1786325160,0.55148,0.55164,0.55125,0.55151,73
1786325220,0.55151,0.55152,0.55116,0.55122,80
1786325280,0.55122,0.55145,0.55122,0.55135,82
1786325340,0.55135,0.55135,0.55104,0.55112,84
1786325400,0.55108,0.5513,0.55103,0.55115,82
1786325460,0.55117,0.5513,0.55089,0.55129,87
1786325520,0.55127,0.5514,0.55091,0.55094,86
1786325580,0.55094,0.55171,0.55094,0.55171,79
1786325640,0.55171,0.55201,0.55165,0.55194,86
1786325700,0.55194,0.55215,0.55156,0.55159,87
1786325760,0.55165,0.55165,0.55113,0.55113,79
1786325820,0.55113,0.55122,0.55102,0.55121,77
1786325880,0.55121,0.55164,0.55117,0.55148,79
1786325940,0.55142,0.55164,0.55138,0.5516,77
1786326000,0.55162,0.55171,0.55149,0.55168,82
1786326060,0.55167,0.55168,0.5513,0.55137,84
1786326120,0.55139,0.55155,0.55137,0.55143,82
1786326180,0.55143,0.55143,0.55088,0.5509,75
1786326240,0.5509,0.55116,0.55086,0.55099,82
1786326300,0.55099,0.55119,0.55091,0.55119,76
1786326360,0.55119,0.55142,0.55116,0.55118,68
1786326420,0.5512,0.55143,0.55109,0.55125,80
1786326480,0.55125,0.55125,0.55098,0.5511,80
1786326540,0.5511,0.55135,0.55098,0.55128,85
1786326600,0.55128,0.55129,0.55094,0.55098,77
1786326660,0.55098,0.55102,0.55062,0.55062,73
1786326720,0.55066,0.55078,0.55033,0.55037,85
1786326780,0.55035,0.55035,0.5498,0.54995,86
1786326840,0.54992,0.55033,0.54992,0.5503,78
1786326900,0.5503,0.55073,0.55028,0.55061,84
1786326960,0.55067,0.5508,0.55042,0.55045,78
1786327020,0.55044,0.55058,0.55027,0.55029,63
1786327080,0.55029,0.55075,0.55028,0.55071,88
1786327140,0.55071,0.55073,0.55047,0.55068,80
1786327200,0.55068,0.55081,0.55056,0.55071,78
1786327260,0.55071,0.55085,0.55063,0.5508,81
1786327320,0.5508,0.55086,0.55061,0.55084,82
1786327380,0.55076,0.55095,0.55075,0.55078,79
1786327440,0.55078,0.55085,0.55031,0.55052,83
1786327500,0.55052,0.55054,0.55018,0.55018,73
1786327560,0.55018,0.55027,0.54985,0.54985,66
1786327620,0.54985,0.54987,0.54955,0.54956,84
1786327680,0.54956,0.54968,0.54937,0.54963,80
1786327740,0.54963,0.54969,0.54932,0.54964,91
1786327800,0.54962,0.54976,0.54937,0.54955,79
1786327860,0.54955,0.54968,0.54948,0.54949,82
1786327920,0.54949,0.55008,0.54949,0.55001,80
1786327980,0.55004,0.55008,0.54986,0.54993,91
1786328040,0.5499,0.54996,0.54972,0.54978,95
1786328100,0.5498,0.54983,0.54938,0.54938,88
1786328160,0.54935,0.55019,0.54935,0.55013,88
1786328220,0.55013,0.55023,0.5499,0.55019,85
1786328280,0.55019,0.55024,0.54996,0.55006,77
1786328340,0.55005,0.55007,0.54975,0.54988,81
1786328400,0.54988,0.55012,0.54985,0.54997,72
1786328460,0.54997,0.5501,0.5498,0.54981,89
1786328520,0.54981,0.54998,0.54962,0.54992,78
1786328580,0.54992,0.55,0.54968,0.54979,81
1786328640,0.54979,0.54985,0.54942,0.54942,87
1786328700,0.54942,0.54969,0.5491,0.54918,78
1786328760,0.54922,0.54926,0.5489,0.54898,76
1786328820,0.54897,0.54901,0.54863,0.54864,74
1786328880,0.54861,0.54917,0.54854,0.54917,79
1786328940,0.54915,0.54961,0.54909,0.5496,88
1786329000,0.54958,0.54978,0.54947,0.54953,73
1786329060,0.54955,0.54966,0.54934,0.54966,82
1786329120,0.54968,0.54976,0.5494,0.5494,69
1786329180,0.54944,0.5495,0.54889,0.54892,82
1786329240,0.54902,0.54934,0.549,0.54906,75
1786329300,0.54904,0.54906,0.54863,0.54869,80
1786329360,0.54869,0.54889,0.5486,0.54889,79
1786329420,0.54887,0.54921,0.54884,0.54889,80
1786329480,0.54889,0.5491,0.54857,0.54904,75
1786329540,0.54904,0.54909,0.54867,0.54871,74
1786329600,0.54871,0.54874,0.54832,0.54839,81
1786329660,0.54839,0.54851,0.54828,0.54851,87
1786329720,0.54851,0.54885,0.54851,0.54885,81
1786329780,0.54885,0.54885,0.54826,0.5483,85
1786329840,0.54827,0.54839,0.54815,0.54839,84
1786329900,0.54842,0.54866,0.54838,0.54862,74
1786329960,0.54862,0.54899,0.54857,0.54891,86
1786330020,0.54891,0.54893,0.54833,0.54835,89
1786330080,0.54831,0.54848,0.54817,0.54822,77
1786330140,0.54823,0.54825,0.54799,0.54806,75
1786330200,0.54804,0.54805,0.54775,0.54795,83
1786330260,0.54795,0.548,0.5476,0.5476,84
1786330320,0.5476,0.54785,0.54752,0.54757,74
1786330380,0.54759,0.54761,0.54717,0.54723,81
1786330440,0.54725,0.54732,0.54711,0.54725,78
1786330500,0.54725,0.54771,0.54717,0.54763,79
1786330560,0.54763,0.54763,0.54731,0.54736,81
1786330620,0.54736,0.54743,0.54721,0.54728,79
1786330680,0.54728,0.54772,0.54728,0.54763,73
1786330740,0.54763,0.54782,0.54743,0.5475,76
1786330800,0.5475,0.54751,0.54712,0.5473,89
1786330860,0.5473,0.5474,0.54726,0.54731,79
1786330920,0.54727,0.54764,0.54715,0.54754,96
1786330980,0.54756,0.54792,0.54749,0.54788,83
1786331040,0.54791,0.54799,0.54772,0.54772,86
1786331100,0.54772,0.54805,0.54764,0.54799,80
1786331160,0.54799,0.54805,0.54763,0.54764,86
1786331220,0.54764,0.54787,0.54757,0.54782,77
1786331280,0.54789,0.54799,0.54751,0.54753,76
1786331340,0.54749,0.54769,0.54735,0.54766,80
1786331400,0.54763,0.5477,0.54731,0.54746,80
1786331460,0.54747,0.54783,0.54744,0.54772,85
1786331520,0.5477,0.54802,0.5477,0.54798,84
1786331580,0.54798,0.54829,0.54791,0.54829,82
1786331640,0.54829,0.5484,0.54813,0.54816,80
1786331700,0.54816,0.5483,0.54795,0.5483,78
1786331760,0.5483,0.5483,0.54795,0.54795,72
1786331820,0.54795,0.54838,0.54789,0.54838,81
1786331880,0.54839,0.54861,0.54829,0.5484,80
1786331940,0.54841,0.54861,0.54841,0.54856,78
1786332000,0.54857,0.54903,0.54855,0.54894,72
1786332060,0.54893,0.549,0.54878,0.54893,82
1786332120,0.54891,0.54894,0.54857,0.54869,80
1786332180,0.54867,0.54875,0.54838,0.54853,75
1786332240,0.54851,0.54877,0.54838,0.54848,76
1786332300,0.54848,0.54877,0.54848,0.54865,72
1786332360,0.54863,0.54872,0.5485,0.54863,78
1786332420,0.54862,0.54877,0.54844,0.54857,78
1786332480,0.54855,0.54893,0.54851,0.54876,80
1786332540,0.54874,0.54894,0.54865,0.54878,72
1786332600,0.54878,0.54878,0.54861,0.54871,63
1786332660,0.54871,0.54903,0.54871,0.54902,74
1786332720,0.54902,0.54912,0.54878,0.54892,72
1786332780,0.54892,0.54898,0.54851,0.54865,81
1786332840,0.54865,0.54878,0.54851,0.54853,84
1786332900,0.54853,0.54875,0.54848,0.54858,79
1786332960,0.5486,0.54869,0.54843,0.5486,79
1786333020,0.54856,0.54889,0.54853,0.54864,78
1786333080,0.5486,0.54869,0.54841,0.54841,71
1786333140,0.54837,0.54841,0.54805,0.54833,71
1786333200,0.54833,0.54847,0.54806,0.54815,80
1786333260,0.54815,0.54825,0.54793,0.54798,81
1786333320,0.54798,0.54798,0.5477,0.54783,78
1786333380,0.54783,0.54794,0.54763,0.54767,76
1786333440,0.54765,0.5479,0.54754,0.54755,75
1786333500,0.54756,0.54773,0.54741,0.54768,89
1786333560,0.54767,0.54796,0.54755,0.54785,88
1786333620,0.54783,0.54783,0.54746,0.54751,79
1786333680,0.54751,0.54771,0.54745,0.54767,84
1786333740,0.54767,0.54802,0.54765,0.54785,81
1786333800,0.54785,0.54808,0.5478,0.54794,70
1786333860,0.54794,0.54823,0.54794,0.54818,73
1786333920,0.54818,0.54822,0.54792,0.54797,81
1786333980,0.54797,0.548,0.54761,0.54792,85
1786334040,0.54792,0.54801,0.54768,0.54788,84
1786334100,0.5479,0.54809,0.5479,0.54802,75
1786334160,0.54802,0.54821,0.54795,0.54799,79
1786334220,0.54799,0.54806,0.54777,0.5478,76
1786334280,0.5478,0.54809,0.54778,0.54806,79
1786334340,0.54811,0.54825,0.548,0.54806,89
1786334400,0.54806,0.5482,0.54796,0.54812,74
1786334460,0.54814,0.54843,0.54814,0.54837,75
1786334520,0.54845,0.54848,0.54814,0.54816,74
1786334580,0.54813,0.54822,0.54789,0.54789,68
1786334640,0.54787,0.54805,0.54765,0.54766,85
1786334700,0.54773,0.54773,0.54708,0.54734,86
1786334760,0.54734,0.54734,0.54694,0.54709,81
1786334820,0.54709,0.5474,0.54692,0.54734,82
1786334880,0.54734,0.5477,0.54719,0.5477,85
1786334940,0.5477,0.54772,0.54755,0.54772,75
1786335000,0.54772,0.54789,0.54757,0.54768,88
1786335060,0.54755,0.54758,0.54717,0.54718,84
1786335120,0.54717,0.54728,0.54689,0.54701,80
1786335180,0.54701,0.5475,0.54696,0.5475,91
1786335240,0.54752,0.54782,0.54734,0.54779,82
1786335300,0.54777,0.54777,0.54747,0.54752,83
1786335360,0.54748,0.54771,0.54735,0.54736,83
1786335420,0.54738,0.54771,0.54717,0.54768,77
1786335480,0.54769,0.54772,0.54745,0.54746,78
1786335540,0.54746,0.54772,0.5473,0.54753,84
1786335600,0.5475,0.5478,0.54745,0.54771,74
1786335660,0.54774,0.54795,0.5476,0.54762,85
1786335720,0.54767,0.54769,0.54727,0.54728,68
1786335780,0.54728,0.54748,0.54719,0.54748,83
1786335840,0.54748,0.54758,0.54724,0.54745,76
1786335900,0.54745,0.54748,0.54712,0.54745,78
1786335960,0.54745,0.54782,0.54739,0.54776,77
1786336020,0.54776,0.548,0.54751,0.54797,76
1786336080,0.54798,0.54806,0.5478,0.5479,77
1786336140,0.5479,0.54797,0.54763,0.54796,80
1786336200,0.54796,0.54805,0.54766,0.54769,68
1786336260,0.54769,0.5477,0.54745,0.54754,76
1786336320,0.54754,0.54762,0.54739,0.5476,79
1786336380,0.5476,0.5476,0.54717,0.54741,82
1786336440,0.54741,0.54746,0.54701,0.54721,78
1786336500,0.54724,0.54725,0.54688,0.54715,76
1786336560,0.54715,0.54717,0.54696,0.54715,77
1786336620,0.54715,0.54735,0.54712,0.54712,73
1786336680,0.54715,0.54716,0.54698,0.54708,66
1786336740,0.54707,0.54736,0.54707,0.54725,73
1786336800,0.54724,0.54724,0.54676,0.54684,81
1786336860,0.54684,0.54687,0.54667,0.54676,79
1786336920,0.54676,0.54693,0.54635,0.54635,84
1786336980,0.54635,0.54646,0.5461,0.54615,82
1786337040,0.54615,0.54623,0.54583,0.54613,74
1786337100,0.54613,0.54618,0.54591,0.54603,83
1786337160,0.54599,0.54614,0.54597,0.54597,86
1786337220,0.54601,0.54627,0.54589,0.54603,80
1786337280,0.54607,0.54611,0.54589,0.54594,75
1786337340,0.54596,0.54596,0.54576,0.54585,75
1786337400,0.54585,0.54603,0.54581,0.54587,81
1786337460,0.54585,0.5463,0.54573,0.54617,75
1786337520,0.54615,0.54632,0.54607,0.54615,78
1786337580,0.54615,0.54632,0.54607,0.54617,79
1786337640,0.54617,0.54658,0.54617,0.54657,75
1786337700,0.54657,0.54693,0.54656,0.54669,88
1786337760,0.54669,0.5468,0.54644,0.54655,80
1786337820,0.54651,0.54672,0.5465,0.54668,80
1786337880,0.54668,0.54708,0.54662,0.54671,76
1786337940,0.54671,0.54685,0.54648,0.54648,76
1786338000,0.54648,0.54691,0.54637,0.54689,75
1786338060,0.54689,0.54701,0.54659,0.54671,80
1786338120,0.54672,0.5472,0.54672,0.54714,76
1786338180,0.54717,0.54772,0.54717,0.5477,78
1786338240,0.54772,0.5478,0.54738,0.54744,82
1786338300,0.54744,0.54764,0.54736,0.54745,73
1786338360,0.54745,0.54807,0.54745,0.54802,89
1786338420,0.54802,0.54806,0.54791,0.54802,75
1786338480,0.5481,0.54838,0.54806,0.54836,81
1786338540,0.54834,0.54839,0.54812,0.54825,82
1786338600,0.54827,0.54858,0.54812,0.54854,82
1786338660,0.54856,0.5489,0.54856,0.54888,80
1786338720,0.54888,0.54888,0.54843,0.5485,81
1786338780,0.54849,0.5485,0.54812,0.54815,81
1786338840,0.54813,0.54829,0.54794,0.54806,74
1786338900,0.54806,0.54812,0.54762,0.54762,59
1786338960,0.54762,0.54766,0.54724,0.5473,79
1786339020,0.5473,0.5474,0.54715,0.54726,76
1786339080,0.54726,0.54746,0.54721,0.54739,76
1786339140,0.54736,0.54739,0.54722,0.54724,77
1786339200,0.54724,0.54751,0.54696,0.54747,72
1786339260,0.54747,0.54772,0.54744,0.5476,85
1786339320,0.5476,0.54794,0.5476,0.54785,82
1786339380,0.54785,0.5479,0.54762,0.54777,68
1786339440,0.54777,0.5481,0.54767,0.54767,76
1786339500,0.54768,0.57156,0.54757,0.57137,91
1786339560,0.57137,0.57148,0.57108,0.57128,80
1786339620,0.57128,0.57138,0.57121,0.57128,83
1786339680,0.57128,0.57138,0.57112,0.57138,78
1786339740,0.57138,0.57191,0.57138,0.57186,82
1786339800,0.57183,0.57192,0.57157,0.5716,74
1786339860,0.57162,0.57186,0.57162,0.57166,76
1786339920,0.57166,0.57198,0.57164,0.5719,82
1786339980,0.5719,0.57202,0.57161,0.57161,81
1786340040,0.57161,0.57171,0.57137,0.57139,86
1786340100,0.57137,0.57147,0.571,0.57106,85
1786340160,0.57106,0.57108,0.57074,0.57076,77
1786340220,0.57076,0.57094,0.57065,0.57079,75
1786340280,0.57079,0.57086,0.57033,0.57041,84
1786340340,0.57041,0.57057,0.57025,0.57054,85
1786340400,0.57042,0.57048,0.57011,0.57033,79
1786340460,0.57033,0.57042,0.57011,0.57033,89
1786340520,0.57033,0.57044,0.57023,0.57037,77
1786340580,0.57037,0.57037,0.57015,0.57024,75
1786340640,0.57025,0.57026,0.56963,0.56966,78
1786340700,0.56964,0.57028,0.56952,0.57022,79
1786340760,0.57025,0.57038,0.56981,0.56985,79
1786340820,0.56985,0.57004,0.56975,0.56979,79
1786340880,0.56977,0.56996,0.56969,0.56989,80
1786340940,0.56989,0.57019,0.56988,0.57008,80
1786341000,0.57008,0.57031,0.57004,0.5702,80
1786341060,0.5702,0.57051,0.57009,0.57048,76
1786341120,0.57048,0.57064,0.57021,0.57056,82
1786341180,0.57056,0.5708,0.57042,0.57072,75
1786341240,0.57072,0.57072,0.57035,0.57042,83
1786341300,0.57042,0.57108,0.57039,0.57085,82
1786341360,0.57085,0.57101,0.57084,0.57096,77
1786341420,0.57096,0.5711,0.57086,0.5711,73
1786341480,0.5711,0.57111,0.57059,0.57059,73
1786341540,0.57062,0.5709,0.57058,0.57079,77
1786341600,0.57077,0.57108,0.57065,0.57067,75
1786341660,0.57065,0.57088,0.57062,0.57069,76
1786341720,0.57065,0.57087,0.57061,0.5708,77
1786341780,0.57081,0.57113,0.57079,0.57109,78
1786341840,0.57106,0.57139,0.57102,0.57124,77
1786341900,0.57124,0.57124,0.57094,0.57108,74
1786341960,0.57108,0.57111,0.57089,0.57101,83
1786342020,0.57101,0.57108,0.57075,0.57084,81
1786342080,0.57084,0.57104,0.57071,0.571,75
1786342140,0.571,0.57125,0.57084,0.57119,70
1786342200,0.57119,0.57133,0.5709,0.57109,79
1786342260,0.57109,0.57109,0.57064,0.57064,77
1786342320,0.57064,0.57086,0.57064,0.57078,79
1786342380,0.57079,0.57112,0.57072,0.57107,95
1786342440,0.57107,0.57117,0.57098,0.5711,71
1786342500,0.57111,0.57116,0.57059,0.57083,81
1786342560,0.57083,0.57109,0.57049,0.5706,80
1786342620,0.5706,0.57074,0.57046,0.57054,80
1786342680,0.57054,0.57079,0.57049,0.57064,71
1786342740,0.57063,0.5708,0.57052,0.5707,75
1786342800,0.5707,0.57072,0.57018,0.57018,89
1786342860,0.57022,0.57052,0.57015,0.57052,84
1786342920,0.57052,0.57065,0.57033,0.57061,89
1786342980,0.57064,0.57076,0.57058,0.57076,82
1786343040,0.57075,0.57088,0.57035,0.57035,83
1786343100,0.57035,0.57042,0.57015,0.5704,75
1786343160,0.5704,0.57076,0.57027,0.57068,83
1786343220,0.57068,0.57068,0.57027,0.57034,88
1786343280,0.57034,0.57036,0.57011,0.57015,78
1786343340,0.57015,0.57033,0.57015,0.57019,79
1786343400,0.57019,0.57043,0.57006,0.57037,77
1786343460,0.57037,0.57044,0.57023,0.57025,77
1786343520,0.57022,0.57037,0.57008,0.57032,76
1786343580,0.57032,0.57097,0.57032,0.5708,80
1786343640,0.5708,0.5709,0.5705,0.57051,85
1786343700,0.57049,0.57083,0.57047,0.57066,87
1786343760,0.57064,0.57068,0.57051,0.57057,76
1786343820,0.57064,0.57071,0.57038,0.5705,74
1786343880,0.57056,0.57077,0.57029,0.57035,82
1786343940,0.57035,0.57045,0.56991,0.56998,79
1786344000,0.56999,0.56999,0.5698,0.56992,72
1786344060,0.56994,0.57024,0.56994,0.57019,76
1786344120,0.57021,0.57057,0.57,0.57045,86
1786344180,0.57045,0.57096,0.57045,0.57094,80
1786344240,0.57094,0.57123,0.57094,0.57111,84
1786344300,0.57111,0.57137,0.57111,0.57128,84
1786344360,0.57128,0.57137,0.57117,0.57126,73
1786344420,0.57126,0.57147,0.57114,0.57139,85
1786344480,0.57137,0.57163,0.57136,0.57158,82
1786344540,0.57156,0.5717,0.57151,0.57161,73
1786344600,0.57159,0.57187,0.57159,0.57182,78
1786344660,0.57182,0.57184,0.57163,0.57163,78
1786344720,0.57163,0.57168,0.571,0.57127,88
1786344780,0.57127,0.57138,0.57103,0.57103,74
1786344840,0.57101,0.57112,0.5709,0.5711,76
1786344900,0.57108,0.57115,0.5709,0.57115,84
1786344960,0.57115,0.57138,0.5711,0.5712,76
1786345020,0.5712,0.57133,0.57109,0.57112,83
1786345080,0.57112,0.57131,0.57102,0.57131,85
1786345140,0.57129,0.57135,0.57108,0.57122,82
1786345200,0.57125,0.5715,0.57115,0.57128,84
1786345260,0.57128,0.57128,0.5708,0.57084,87
1786345320,0.57084,0.57098,0.57078,0.57092,67
1786345380,0.57092,0.57105,0.57073,0.57104,83
1786345440,0.57104,0.57162,0.57101,0.57158,91
1786345500,0.57158,0.57165,0.5715,0.57157,74
1786345560,0.57157,0.57175,0.57134,0.57175,82
1786345620,0.57175,0.57196,0.57162,0.5717,78
1786345680,0.5717,0.57178,0.57152,0.57157,84
1786345740,0.57157,0.57172,0.57143,0.57149,83
1786345800,0.57149,0.57151,0.57124,0.57127,82
1786345860,0.57127,0.57131,0.57072,0.5709,77
1786345920,0.5709,0.57094,0.57068,0.5709,82
1786345980,0.57091,0.57109,0.57081,0.57081,81
1786346040,0.57079,0.57127,0.57074,0.57126,88
1786346100,0.57116,0.57132,0.57102,0.57102,82
1786346160,0.57104,0.57136,0.57104,0.57134,82
1786346220,0.57134,0.57173,0.57129,0.57169,72
1786346280,0.57169,0.5717,0.57146,0.57147,72
1786346340,0.57147,0.57158,0.57128,0.57129,78
1786346400,0.57137,0.57137,0.57094,0.57131,82
1786346460,0.57131,0.57148,0.57131,0.57146,84
1786346520,0.57146,0.57146,0.57111,0.57116,76
1786346580,0.57116,0.57139,0.57095,0.57099,79
1786346640,0.57099,0.57103,0.57077,0.5708,73
1786346700,0.57079,0.57102,0.57074,0.5709,75
1786346760,0.5709,0.57108,0.57059,0.57073,86
1786346820,0.57073,0.57116,0.57073,0.57104,80
1786346880,0.57106,0.57138,0.57106,0.57123,87
1786346940,0.57125,0.57142,0.57116,0.57141,76
1786347000,0.57141,0.57157,0.57127,0.57128,84
1786347060,0.57126,0.57164,0.57124,0.57161,76
1786347120,0.5716,0.57168,0.57143,0.57152,81
1786347180,0.57156,0.57158,0.57102,0.57126,82
1786347240,0.57129,0.57136,0.57107,0.57111,87
1786347300,0.57111,0.57141,0.57111,0.57138,76
1786347360,0.57136,0.57223,0.57136,0.57215,80
1786347420,0.57215,0.57241,0.57212,0.57218,77
1786347480,0.57218,0.57234,0.57208,0.57226,88
1786347540,0.57226,0.57247,0.57215,0.57232,71
1786347600,0.57232,0.57236,0.57199,0.57202,70
1786347660,0.57202,0.5725,0.57202,0.5725,80
1786347720,0.57251,0.57251,0.57225,0.57233,82
1786347780,0.57233,0.5725,0.57227,0.57235,85
1786347840,0.57235,0.57263,0.57233,0.57256,85
1786347900,0.57256,0.57267,0.57249,0.57255,83
1786347960,0.57255,0.57272,0.57241,0.57256,87
1786348020,0.57256,0.57287,0.57247,0.57262,85
1786348080,0.57262,0.57292,0.5726,0.57264,80
1786348140,0.57264,0.57287,0.57262,0.57273,72
1786348200,0.57266,0.57274,0.57246,0.5726,84
1786348260,0.5726,0.57274,0.57239,0.57273,80
1786348320,0.57273,0.57332,0.57271,0.57332,84
1786348380,0.57332,0.57367,0.57331,0.57367,75
1786348440,0.57367,0.57395,0.57357,0.57391,80
1786348500,0.57391,0.57404,0.57377,0.57398,77
1786348560,0.57398,0.57436,0.57385,0.57424,78
1786348620,0.57424,0.57425,0.5737,0.57376,88
1786348680,0.57368,0.57383,0.57361,0.5737,76
1786348740,0.57368,0.57389,0.57366,0.57366,78
1786348800,0.57366,0.5738,0.57358,0.57358,74
1786348860,0.57358,0.57438,0.57358,0.57437,91
1786348920,0.57439,0.57451,0.57413,0.57416,83
1786348980,0.57415,0.57415,0.5738,0.57407,80
1786349040,0.57406,0.57423,0.57393,0.57395,79
1786349100,0.57393,0.57429,0.57366,0.57366,86
1786349160,0.57366,0.57419,0.57366,0.57405,84
1786349220,0.57405,0.57425,0.57402,0.57404,84
1786349280,0.57401,0.57433,0.57389,0.57422,77
1786349340,0.57422,0.57455,0.57421,0.5745,84
1786349400,0.5745,0.5746,0.57424,0.57424,85
1786349460,0.57424,0.57458,0.57419,0.57449,85
1786349520,0.57446,0.57462,0.57433,0.57441,82
1786349580,0.5744,0.57458,0.57417,0.57456,75
1786349640,0.57457,0.57474,0.57437,0.57474,88
1786349700,0.57472,0.57511,0.57455,0.57505,75
1786349760,0.57508,0.57508,0.57478,0.57502,88
1786349820,0.57502,0.57507,0.57458,0.5747,83
1786349880,0.57473,0.575,0.57466,0.57493,75
1786349940,0.57493,0.57496,0.57455,0.57458,70
1786350000,0.57458,0.57476,0.57439,0.57443,74
1786350060,0.57443,0.57485,0.57441,0.57475,87
1786350120,0.5747,0.57494,0.57465,0.57478,77
1786350180,0.5748,0.57495,0.5747,0.57479,77
1786350240,0.57477,0.57494,0.57445,0.57447,78
1786350300,0.57447,0.57477,0.57444,0.57477,81
1786350360,0.57477,0.57486,0.57453,0.57471,79
1786350420,0.57471,0.57504,0.57467,0.57472,79
1786350480,0.57472,0.5749,0.57461,0.5749,81
1786350540,0.5749,0.5752,0.57483,0.57502,82
1786350600,0.57502,0.5755,0.57498,0.5755,69
1786350660,0.5755,0.5755,0.57514,0.57515,82
1786350720,0.57515,0.57537,0.57514,0.57523,78
1786350780,0.57523,0.57555,0.57523,0.57551,77
1786350840,0.57551,0.57575,0.57544,0.57573,84
1786350900,0.57573,0.57594,0.57571,0.57591,77
1786350960,0.57592,0.57643,0.57586,0.57634,81
1786351020,0.57634,0.57643,0.57612,0.57612,77
1786351080,0.57618,0.57629,0.57595,0.57626,71
1786351140,0.57624,0.57638,0.57614,0.57621,85
1786351200,0.5762,0.57633,0.57608,0.57613,91
1786351260,0.57613,0.57618,0.57568,0.57586,76
1786351320,0.57586,0.57601,0.5756,0.57597,74
1786351380,0.57597,0.57605,0.57572,0.57573,72
1786351440,0.57573,0.57583,0.57531,0.57534,80
1786351500,0.57534,0.57541,0.57512,0.57538,88
1786351560,0.57538,0.57589,0.57533,0.57586,82
1786351620,0.57586,0.57586,0.57557,0.57562,83
1786351680,0.57562,0.57562,0.57537,0.57541,80
1786351740,0.57541,0.57541,0.57512,0.57514,76
1786351800,0.57517,0.57522,0.57459,0.57495,78
1786351860,0.57498,0.57529,0.57498,0.57509,78
1786351920,0.57512,0.57526,0.57496,0.57522,86
1786351980,0.57524,0.57566,0.57518,0.57566,68
1786352040,0.57566,0.57582,0.57551,0.57551,81
1786352100,0.57548,0.57593,0.57544,0.5758,81
1786352160,0.5758,0.57614,0.57578,0.57613,83
1786352220,0.57616,0.57627,0.57604,0.57617,82
1786352280,0.57617,0.57617,0.57582,0.57598,80
1786352340,0.57598,0.576,0.57578,0.57595,74
1786352400,0.57595,0.57607,0.57579,0.57594,84
1786352460,0.57594,0.57599,0.57576,0.57598,78
1786352520,0.57598,0.576,0.5757,0.57591,74
1786352580,0.57591,0.57607,0.57581,0.57593,78
1786352640,0.57593,0.57616,0.57579,0.57602,77
1786352700,0.57602,0.57612,0.5759,0.57605,85
1786352760,0.57605,0.57648,0.57603,0.57631,73
1786352820,0.57632,0.57636,0.57612,0.57613,85
1786352880,0.57612,0.57624,0.57594,0.57594,75
1786352940,0.57594,0.5762,0.57589,0.5762,81
1786353000,0.57618,0.57625,0.57596,0.57605,83
1786353060,0.57606,0.57606,0.57548,0.57558,87
1786353120,0.57559,0.57577,0.57555,0.57559,78
1786353180,0.57559,0.57561,0.5752,0.57531,71
1786353240,0.5753,0.57548,0.57522,0.57525,79
1786353300,0.57525,0.57542,0.57498,0.57499,80
1786353360,0.57499,0.5754,0.57497,0.57518,79
1786353420,0.57518,0.57521,0.57468,0.57471,77
1786353480,0.57471,0.575,0.57466,0.57495,77
1786353540,0.57495,0.5754,0.57494,0.57538,86
1786353600,0.57538,0.57544,0.57507,0.57513,71
1786353660,0.57513,0.57525,0.57499,0.57512,83
1786353720,0.57512,0.5753,0.57506,0.57522,80
1786353780,0.57522,0.57527,0.57511,0.57522,81
1786353840,0.57524,0.57551,0.57521,0.57549,88
1786353900,0.57549,0.57557,0.57494,0.57494,76
1786353960,0.57495,0.57498,0.57441,0.57462,83
1786354020,0.57462,0.57477,0.57453,0.57458,89
1786354080,0.57461,0.57499,0.57459,0.57479,71
1786354140,0.57478,0.57492,0.57471,0.57492,74
1786354200,0.57492,0.57521,0.57492,0.57521,78
1786354260,0.57521,0.57525,0.57503,0.57515,78
1786354320,0.57519,0.57574,0.57518,0.57567,82
1786354380,0.57567,0.57619,0.57565,0.57617,77
1786354440,0.57617,0.57618,0.57589,0.57598,87
1786354500,0.57598,0.57623,0.57568,0.57581,85
1786354560,0.57581,0.57603,0.57575,0.57595,79
1786354620,0.57595,0.5762,0.5759,0.57605,86
1786354680,0.57608,0.57666,0.57608,0.57663,75
1786354740,0.57663,0.57675,0.57647,0.57674,75
1786354800,0.57674,0.57674,0.57603,0.5761,94
1786354860,0.5761,0.57652,0.57599,0.57643,81
1786354920,0.57643,0.57643,0.57599,0.5761,79
1786354980,0.5761,0.5761,0.57568,0.57597,82
1786355040,0.57598,0.5762,0.57564,0.57567,85
1786355100,0.57562,0.57587,0.57547,0.57549,78
1786355160,0.57549,0.57549,0.57519,0.5752,71
1786355220,0.5752,0.57521,0.57476,0.57476,75
1786355280,0.57476,0.57487,0.57455,0.5746,86
1786355340,0.5746,0.57466,0.57419,0.57434,76
1786355400,0.57434,0.57459,0.57424,0.57459,81
1786355460,0.57459,0.57462,0.57397,0.57415,80
1786355520,0.57415,0.57478,0.57415,0.57474,93
1786355580,0.57474,0.5749,0.57469,0.57474,76
1786355640,0.57474,0.57474,0.57439,0.57439,76
1786355700,0.57439,0.57441,0.57402,0.57412,82
1786355760,0.57414,0.57451,0.57404,0.57434,80
1786355820,0.57434,0.5746,0.57429,0.57449,83
1786355880,0.57449,0.57503,0.57449,0.57501,79
1786355940,0.5749,0.57496,0.57456,0.5748,86
1786356000,0.57483,0.57497,0.57472,0.57491,78
1786356060,0.57491,0.575,0.57475,0.57496,77
1786356120,0.57494,0.57509,0.57488,0.57506,76
1786356180,0.57503,0.57507,0.57456,0.57457,84
1786356240,0.57456,0.57487,0.57448,0.5746,86
1786356300,0.57458,0.5746,0.57441,0.57453,80
1786356360,0.57451,0.57476,0.57432,0.57476,82
1786356420,0.57476,0.57477,0.57429,0.57429,85
1786356480,0.57429,0.57469,0.57412,0.57466,73
1786356540,0.57466,0.5747,0.57444,0.57454,74
1786356600,0.57454,0.57467,0.57438,0.57439,85
1786356660,0.57439,0.57477,0.57431,0.57477,83
1786356720,0.57477,0.57481,0.57456,0.57481,72
1786356780,0.57484,0.57484,0.57448,0.57454,79
1786356840,0.57452,0.57489,0.57452,0.57473,84
1786356900,0.57473,0.57495,0.57458,0.5749,83
1786356960,0.5749,0.575,0.57464,0.57468,79
1786357020,0.57464,0.57465,0.57447,0.57456,81
1786357080,0.57452,0.57479,0.57443,0.5746,76
1786357140,0.57462,0.57462,0.57402,0.57404,81
1786357200,0.57404,0.57409,0.5739,0.57403,80
1786357260,0.57401,0.57402,0.57364,0.57374,78
1786357320,0.57374,0.57396,0.57358,0.57382,74
1786357380,0.57381,0.57395,0.57374,0.57374,74
1786357440,0.57374,0.57374,0.57355,0.57367,75
1786357500,0.57367,0.57385,0.57356,0.57378,82
1786357560,0.57378,0.57398,0.57377,0.57388,74
1786357620,0.57391,0.57421,0.57391,0.57421,79
1786357680,0.57421,0.57431,0.57406,0.57413,69
1786357740,0.57413,0.57421,0.57386,0.57391,80
1786357800,0.57391,0.5742,0.57389,0.57415,83
1786357860,0.57415,0.57426,0.57394,0.57394,80
1786357920,0.57392,0.57444,0.57378,0.57433,78
1786357980,0.57435,0.57437,0.57412,0.57418,84
1786358040,0.57418,0.57429,0.57396,0.57421,70
1786358100,0.57421,0.57432,0.57406,0.57414,85
1786358160,0.57414,0.5743,0.57383,0.57393,75
1786358220,0.57391,0.57391,0.57349,0.57356,76
1786358280,0.57356,0.57379,0.57354,0.57377,82
1786358340,0.57379,0.57394,0.57355,0.57355,86
1786358400,0.57354,0.57387,0.57347,0.57387,80
1786358460,0.57385,0.57392,0.57364,0.57366,86
1786358520,0.57366,0.57393,0.57359,0.57384,73
1786358580,0.57384,0.57389,0.57357,0.57359,79
1786358640,0.57359,0.5737,0.57339,0.57355,87
1786358700,0.57355,0.57365,0.57331,0.57331,68
1786358760,0.57331,0.57336,0.57298,0.57304,87
1786358820,0.57304,0.5733,0.57295,0.57297,84
1786358880,0.57295,0.57304,0.57289,0.5729,81
1786358940,0.5729,0.57308,0.57266,0.57277,83
1786359000,0.57277,0.57366,0.57274,0.57363,72
1786359060,0.57365,0.574,0.57361,0.57397,82
1786359120,0.57397,0.57415,0.57384,0.57384,83
1786359180,0.57384,0.57388,0.57349,0.57374,75
1786359240,0.57376,0.57394,0.57367,0.57392,88
1786359300,0.57392,0.5746,0.57392,0.5746,74
1786359360,0.5746,0.57467,0.57422,0.57438,74
1786359420,0.57444,0.57461,0.5743,0.57448,82
1786359480,0.57449,0.57454,0.57404,0.57404,79
1786359540,0.57408,0.57411,0.57379,0.57392,85
1786359600,0.57392,0.57398,0.5738,0.57392,73
1786359660,0.57392,0.57402,0.57376,0.57377,82
1786359720,0.57377,0.57382,0.57352,0.57364,80
1786359780,0.57364,0.57377,0.57354,0.57373,79
1786359840,0.57374,0.57408,0.57374,0.57405,80
1786359900,0.57405,0.57465,0.57403,0.57465,78
1786359960,0.57466,0.57466,0.57438,0.57441,73
1786360020,0.57441,0.57485,0.57441,0.57463,85
1786360080,0.57463,0.57505,0.57463,0.57494,84
1786360140,0.57494,0.575,0.57441,0.57444,80
1786360200,0.57443,0.57451,0.5743,0.57431,90
1786360260,0.57433,0.57439,0.57415,0.57415,80
1786360320,0.57417,0.57418,0.57362,0.57364,75
1786360380,0.57363,0.57391,0.57357,0.57378,80
1786360440,0.57379,0.57384,0.57356,0.57377,76
1786360500,0.57375,0.57377,0.57334,0.57353,77
1786360560,0.57357,0.57363,0.57323,0.57325,72
1786360620,0.57325,0.57353,0.57319,0.5735,79
1786360680,0.5735,0.57369,0.57322,0.57348,88
1786360740,0.57348,0.5735,0.57325,0.57333,76
1786360800,0.57333,0.57338,0.57312,0.57322,84
1786360860,0.57322,0.57338,0.57298,0.57338,84
1786360920,0.57342,0.57366,0.57332,0.57363,85
1786360980,0.57363,0.57413,0.57363,0.57408,81
1786361040,0.57408,0.5741,0.57388,0.57395,72
1786361100,0.57395,0.57432,0.57395,0.57414,81
1786361160,0.57418,0.57449,0.57411,0.57448,80
1786361220,0.57448,0.57473,0.57446,0.5745,80
1786361280,0.5745,0.57473,0.57431,0.57452,91
1786361340,0.57452,0.57499,0.57449,0.57497,76
1786361400,0.57495,0.57516,0.5748,0.57507,82
1786361460,0.57508,0.57519,0.57493,0.57497,79
1786361520,0.57497,0.57518,0.57491,0.57517,77
1786361580,0.57517,0.57525,0.57491,0.57491,84
1786361640,0.57491,0.57506,0.57485,0.57497,90
1786361700,0.57497,0.57523,0.57497,0.57518,70
1786361760,0.57519,0.5754,0.57509,0.5754,78
1786361820,0.5754,0.57603,0.57538,0.57603,80
1786361880,0.57601,0.57622,0.57592,0.57594,68
1786361940,0.57592,0.57615,0.5758,0.5758,93
1786362000,0.5758,0.57593,0.57562,0.57579,81
1786362060,0.57583,0.57591,0.57571,0.57574,87
1786362120,0.57574,0.57609,0.57566,0.57604,79
1786362180,0.57604,0.57615,0.57588,0.57604,77
1786362240,0.57604,0.57691,0.57604,0.57684,83
1786362300,0.57681,0.57681,0.57645,0.57655,79
1786362360,0.57655,0.57683,0.57654,0.57681,76
1786362420,0.57685,0.57702,0.57671,0.5768,73
1786362480,0.57681,0.57684,0.57664,0.57675,83
1786362540,0.57679,0.57693,0.57654,0.57662,72
1786362600,0.57662,0.57682,0.57649,0.57674,83
1786362660,0.57674,0.57714,0.57668,0.57712,80
1786362720,0.57712,0.5773,0.57704,0.57713,84
1786362780,0.57713,0.57753,0.57713,0.57735,84
1786362840,0.57737,0.57739,0.57698,0.57703,91
1786362900,0.57703,0.5771,0.57689,0.57702,80
1786362960,0.57702,0.5773,0.57678,0.57683,89
1786363020,0.57683,0.57693,0.57634,0.57634,76
1786363080,0.57634,0.57638,0.57592,0.57596,80
1786363140,0.57599,0.57623,0.57595,0.57598,85
1786363200,0.57596,0.57651,0.57591,0.57639,78
1786363260,0.57635,0.57659,0.57635,0.57643,73
1786363320,0.57643,0.57647,0.57621,0.57647,72
1786363380,0.57647,0.57648,0.57608,0.57614,78
1786363440,0.57621,0.57662,0.57611,0.57613,84
1786363500,0.57613,0.5763,0.5761,0.57624,74
1786363560,0.57625,0.57642,0.57618,0.57634,75
1786363620,0.57634,0.57637,0.57593,0.57594,83
1786363680,0.57594,0.57606,0.57578,0.57587,73
1786363740,0.57587,0.57593,0.5757,0.57581,83
1786363800,0.57577,0.57585,0.5754,0.57544,86
1786363860,0.57544,0.57553,0.57533,0.57542,81
1786363920,0.57542,0.57553,0.57511,0.57529,83
1786363980,0.57527,0.57561,0.5751,0.57524,84
1786364040,0.57524,0.57541,0.57503,0.57514,81
1786364100,0.57514,0.5752,0.57504,0.57511,76
1786364160,0.57511,0.57516,0.57481,0.57515,85
1786364220,0.57515,0.57522,0.57484,0.57522,82
1786364280,0.57522,0.57534,0.57491,0.57528,71
1786364340,0.57528,0.57541,0.57501,0.57502,79
1786364400,0.57507,0.57516,0.57474,0.57498,85
1786364460,0.57498,0.57525,0.57492,0.57493,79
1786364520,0.57491,0.57511,0.57482,0.57511,85
1786364580,0.57511,0.57511,0.57479,0.57498,79
1786364640,0.57498,0.57498,0.57474,0.57479,79
1786364700,0.57479,0.57507,0.57466,0.57498,81
1786364760,0.57498,0.57504,0.57458,0.57481,79
1786364820,0.57485,0.57514,0.57482,0.57507,78
1786364880,0.57506,0.57523,0.57506,0.57516,77
1786364940,0.57517,0.57547,0.57494,0.57542,97
1786365000,0.57543,0.57546,0.57532,0.57535,75
1786365060,0.57535,0.57538,0.57516,0.57526,81
1786365120,0.57526,0.57534,0.57491,0.57494,74
1786365180,0.57496,0.57496,0.5745,0.57483,78
1786365240,0.57483,0.57507,0.57468,0.57475,83
1786365300,0.5747,0.5749,0.57462,0.57488,72
1786365360,0.57485,0.57521,0.57475,0.57516,79
1786365420,0.57513,0.57522,0.57491,0.57521,89
1786365480,0.57526,0.5753,0.57506,0.57525,81
1786365540,0.57525,0.57546,0.57525,0.57544,85
1786365600,0.57544,0.57573,0.57544,0.5756,82
1786365660,0.5756,0.57593,0.57559,0.57591,88
1786365720,0.57591,0.57593,0.57554,0.57556,80
1786365780,0.57553,0.57593,0.57553,0.57586,78
1786365840,0.57586,0.57604,0.57571,0.57576,78
1786365900,0.57576,0.5759,0.57551,0.57551,82
1786365960,0.57551,0.57565,0.57539,0.57546,85
1786366020,0.57546,0.57549,0.57502,0.57508,75
1786366080,0.5751,0.57529,0.57494,0.57506,71
1786366140,0.57506,0.5752,0.5749,0.57514,75
1786366200,0.57512,0.57522,0.57497,0.57517,77
1786366260,0.57517,0.57541,0.57512,0.57515,84
1786366320,0.57514,0.5754,0.57509,0.57539,80
1786366380,0.57537,0.57538,0.57488,0.57504,85
1786366440,0.57504,0.57506,0.57473,0.57473,81
1786366500,0.57472,0.57528,0.57466,0.57522,79
1786366560,0.57517,0.5756,0.57513,0.57559,77
1786366620,0.57559,0.57585,0.57559,0.57573,83
1786366680,0.57573,0.57573,0.57549,0.57555,73
1786366740,0.57555,0.57575,0.5751,0.5751,82
1786366800,0.5751,0.57528,0.5748,0.5748,86
1786366860,0.5748,0.57524,0.57476,0.57501,88
1786366920,0.57501,0.57508,0.57475,0.57475,84
1786366980,0.57475,0.57511,0.57475,0.5751,83
1786367040,0.5751,0.57537,0.5751,0.57531,77
1786367100,0.57529,0.57542,0.57501,0.57512,78
1786367160,0.57515,0.57527,0.57508,0.57522,78
1786367220,0.57527,0.57546,0.57522,0.57546,79
1786367280,0.57546,0.57569,0.57543,0.57554,82
1786367340,0.57557,0.57575,0.57527,0.57527,80
1786367400,0.57529,0.57565,0.57529,0.5755,85
1786367460,0.5755,0.57561,0.57518,0.57561,84
1786367520,0.57563,0.57591,0.57558,0.57586,78
1786367580,0.57586,0.57611,0.57585,0.57593,73
1786367640,0.57599,0.57638,0.57594,0.57597,86
1786367700,0.57597,0.57622,0.57573,0.57577,71
1786367760,0.57577,0.57598,0.57566,0.57567,83
1786367820,0.57567,0.57603,0.57563,0.57597,82
1786367880,0.57597,0.57632,0.57593,0.57619,82
1786367940,0.57619,0.5765,0.57618,0.57634,78
1786368000,0.57634,0.57687,0.57617,0.57675,86
1786368060,0.57675,0.57698,0.57667,0.57696,81
1786368120,0.57696,0.57706,0.57689,0.57702,76
1786368180,0.57699,0.57729,0.57687,0.57721,81
1786368240,0.57721,0.57761,0.57721,0.57751,79
1786368300,0.5775,0.57752,0.57727,0.5774,76
1786368360,0.5774,0.5776,0.57735,0.5775,85
1786368420,0.5775,0.57756,0.57725,0.57747,75
1786368480,0.57747,0.57776,0.57737,0.57747,81
1786368540,0.57747,0.57782,0.57739,0.57781,87
1786368600,0.57779,0.57789,0.57756,0.57756,74
1786368660,0.57756,0.57765,0.57741,0.57745,84
1786368720,0.57745,0.57748,0.57722,0.57738,72
1786368780,0.57738,0.57759,0.57711,0.57746,78
1786368840,0.57746,0.57772,0.57744,0.57761,86
1786368900,0.57761,0.57814,0.5776,0.57807,82
1786368960,0.57809,0.57843,0.57809,0.57843,75
1786369020,0.57847,0.57852,0.57829,0.57831,78
1786369080,0.57829,0.57837,0.57782,0.57782,78
1786369140,0.57781,0.57812,0.57769,0.57783,75
1786369200,0.57783,0.57815,0.57767,0.57808,82
1786369260,0.57806,0.57807,0.57774,0.57803,74
1786369320,0.578,0.57815,0.57765,0.57767,77
1786369380,0.57767,0.57775,0.57722,0.57727,87
1786369440,0.57727,0.57733,0.57688,0.57695,80
1786369500,0.577,0.57725,0.57692,0.57724,77
1786369560,0.57722,0.57736,0.57707,0.57732,81
1786369620,0.57734,0.57775,0.57732,0.57755,79
1786369680,0.57758,0.57767,0.57712,0.57713,72
1786369740,0.57713,0.57752,0.57709,0.57748,82
1786369800,0.57748,0.57766,0.57743,0.57758,85
1786369860,0.57758,0.57759,0.57729,0.57745,81
1786369920,0.57745,0.57768,0.57733,0.57768,75
1786369980,0.57766,0.57804,0.57764,0.578,80
1786370040,0.57799,0.57799,0.57752,0.57758,79
1786370100,0.57759,0.57809,0.57759,0.57794,83
1786370160,0.57794,0.57808,0.57786,0.57786,72
1786370220,0.57786,0.57817,0.57786,0.57801,88
1786370280,0.57801,0.57818,0.57784,0.57788,80
1786370340,0.57788,0.57788,0.57757,0.57768,85
1786370400,0.57768,0.57777,0.57747,0.57751,83
1786370460,0.57749,0.57762,0.57734,0.57747,81
1786370520,0.57745,0.57764,0.5774,0.57761,81
1786370580,0.57751,0.57755,0.57739,0.57744,81
1786370640,0.57745,0.57766,0.57727,0.57727,77
1786370700,0.57727,0.57732,0.57671,0.57673,75
1786370760,0.57673,0.5768,0.57634,0.5767,78
1786370820,0.5767,0.57723,0.57667,0.57711,85
1786370880,0.57711,0.57767,0.57706,0.57763,79
1786370940,0.57763,0.57768,0.57733,0.57743,87
1786371000,0.57743,0.57743,0.57705,0.57711,81
1786371060,0.57709,0.57725,0.57696,0.57696,84
1786371120,0.57699,0.57701,0.57678,0.57696,89
1786371180,0.57699,0.57704,0.5768,0.57693,81
1786371240,0.57693,0.57731,0.5769,0.57722,70
1786371300,0.57724,0.57726,0.57706,0.57706,81
1786371360,0.57707,0.57754,0.57702,0.57716,80
1786371420,0.57716,0.57729,0.57697,0.57716,74
1786371480,0.57716,0.57771,0.57704,0.57769,81
1786371540,0.57768,0.57774,0.57736,0.57738,80
1786371600,0.57739,0.57746,0.57698,0.57706,78
1786371660,0.57709,0.57745,0.57709,0.5773,84
1786371720,0.5773,0.57774,0.57729,0.57774,78
1786371780,0.57774,0.57785,0.57754,0.57771,84
1786371840,0.57771,0.57774,0.5773,0.57734,82
1786371900,0.57734,0.57777,0.57722,0.57745,81
1786371960,0.57745,0.5775,0.57715,0.57716,82
1786372020,0.57716,0.57724,0.57705,0.57724,84
1786372080,0.57721,0.57734,0.57686,0.57691,74
1786372140,0.57691,0.57698,0.57673,0.57686,81
1786372200,0.57686,0.57688,0.57635,0.57641,74
1786372260,0.57638,0.57661,0.57622,0.57633,85
1786372320,0.57634,0.57638,0.57607,0.57612,72
1786372380,0.57611,0.57631,0.57611,0.57625,78
1786372440,0.57625,0.57627,0.57591,0.57601,77
1786372500,0.57601,0.57601,0.57575,0.57592,67
1786372560,0.57592,0.57614,0.57588,0.57595,67
1786372620,0.57592,0.57594,0.5757,0.57575,88
1786372680,0.57573,0.57581,0.5755,0.57573,82
1786372740,0.57573,0.57585,0.57563,0.57573,79
1786372800,0.57573,0.57577,0.57553,0.57553,75
1786372860,0.57553,0.57566,0.57537,0.57555,74
1786372920,0.57555,0.57559,0.57522,0.57524,79
1786372980,0.57524,0.57538,0.57501,0.57518,77
1786373040,0.57518,0.57523,0.57503,0.57514,80
1786373100,0.57514,0.57541,0.57508,0.57508,85
1786373160,0.57508,0.57554,0.57508,0.57536,74
1786373220,0.57536,0.57571,0.57528,0.57538,82
1786373280,0.5754,0.57541,0.57509,0.57519,83
1786373340,0.57519,0.57542,0.57519,0.57538,81
1786373400,0.57538,0.5756,0.57496,0.57498,77
1786373460,0.57499,0.57501,0.57455,0.57464,67
1786373520,0.57463,0.57524,0.5746,0.57524,78
1786373580,0.57524,0.57524,0.57497,0.57503,82
1786373640,0.57505,0.57536,0.57498,0.57502,84
1786373700,0.57502,0.57502,0.57478,0.57482,80
1786373760,0.57482,0.57524,0.57476,0.57508,77
1786373820,0.57508,0.57516,0.57445,0.57465,77
1786373880,0.57463,0.57475,0.57449,0.5747,85
1786373940,0.5747,0.5747,0.574,0.57405,75
1786374000,0.57405,0.57432,0.574,0.57413,82
1786374060,0.57413,0.57436,0.57389,0.57389,75
1786374120,0.57389,0.57408,0.57383,0.574,83
1786374180,0.574,0.57439,0.57398,0.5741,79
1786374240,0.5741,0.57449,0.57398,0.57445,81
1786374300,0.57445,0.57463,0.57432,0.5744,76
1786374360,0.57439,0.57444,0.57418,0.57431,85
1786374420,0.57434,0.57446,0.57424,0.57441,74
1786374480,0.57441,0.57457,0.57429,0.57457,76
1786374540,0.57455,0.57469,0.57445,0.57457,75
1786374600,0.57459,0.57479,0.57444,0.57476,83
1786374660,0.57476,0.5749,0.57457,0.57479,84
1786374720,0.57479,0.57479,0.57436,0.57476,75
1786374780,0.57476,0.57476,0.57437,0.57441,69
1786374840,0.57446,0.57446,0.57392,0.57395,75
1786374900,0.57395,0.57411,0.57388,0.57399,84
1786374960,0.57399,0.57406,0.57394,0.57401,71
1786375020,0.57401,0.57418,0.57391,0.57418,71
1786375080,0.5742,0.57444,0.57392,0.57394,85
1786375140,0.57398,0.57406,0.57377,0.57391,84
1786375200,0.57391,0.57395,0.57377,0.57391,71
1786375260,0.57391,0.57408,0.5738,0.57405,80
1786375320,0.57405,0.57445,0.57405,0.57438,83
1786375380,0.57441,0.57441,0.57393,0.57405,83
1786375440,0.57405,0.57422,0.57402,0.57417,87
1786375500,0.57418,0.57429,0.57391,0.57391,89
1786375560,0.5739,0.57407,0.57373,0.57375,80
1786375620,0.57376,0.57381,0.57343,0.57351,84
1786375680,0.57351,0.57355,0.57322,0.57326,85
1786375740,0.57324,0.57335,0.57316,0.57335,79
1786375800,0.57335,0.57349,0.57323,0.57336,85
1786375860,0.57336,0.57338,0.57311,0.57331,89
1786375920,0.57331,0.57347,0.57318,0.57323,71
1786375980,0.57323,0.57347,0.57323,0.57343,78
1786376040,0.57343,0.57374,0.57335,0.57347,79
1786376100,0.57347,0.57352,0.57314,0.57315,83
1786376160,0.57317,0.57322,0.573,0.57306,76
1786376220,0.57308,0.57328,0.57289,0.573,82
1786376280,0.573,0.57304,0.57286,0.57296,86
1786376340,0.57296,0.57311,0.57278,0.57283,83
1786376400,0.57287,0.57295,0.57231,0.57231,71
1786376460,0.57231,0.5727,0.57227,0.57259,83
1786376520,0.57257,0.5728,0.57252,0.57255,83
1786376580,0.57255,0.57288,0.57254,0.57286,79
1786376640,0.57288,0.57289,0.57264,0.57272,85
1786376700,0.57272,0.57273,0.57225,0.57236,85
1786376760,0.57236,0.57245,0.57223,0.57242,74
1786376820,0.57242,0.57261,0.57219,0.57261,75
1786376880,0.57261,0.57267,0.57234,0.57237,77
1786376940,0.57237,0.57278,0.57226,0.57264,79
1786377000,0.57264,0.57292,0.5725,0.57292,83
1786377060,0.57292,0.57295,0.57248,0.57249,84
1786377120,0.57249,0.57262,0.57233,0.57242,72
1786377180,0.57242,0.57264,0.57241,0.57248,76
1786377240,0.57248,0.57256,0.57216,0.57221,96
1786377300,0.5722,0.57243,0.57216,0.57233,78
1786377360,0.57233,0.57254,0.57225,0.5725,79
1786377420,0.5725,0.57261,0.57238,0.57238,76
1786377480,0.57239,0.57288,0.5722,0.57285,83
1786377540,0.57285,0.57302,0.57279,0.57293,78
1786377600,0.57291,0.57292,0.57259,0.57268,80
1786377660,0.5727,0.57273,0.57257,0.57263,78
1786377720,0.5726,0.57293,0.57252,0.57291,74
1786377780,0.57291,0.57291,0.57271,0.57283,77
1786377840,0.57283,0.57283,0.57247,0.57249,79
1786377900,0.57249,0.57269,0.57236,0.57259,74
1786377960,0.57259,0.57259,0.57225,0.57227,80
1786378020,0.57225,0.57233,0.57206,0.57206,74
1786378080,0.57206,0.57223,0.57186,0.57195,89
1786378140,0.57197,0.57209,0.57188,0.57209,82
1786378200,0.57213,0.5724,0.57182,0.5724,80
1786378260,0.57231,0.57231,0.57203,0.57215,79
1786378320,0.57215,0.57223,0.57183,0.57191,76
1786378380,0.57189,0.57202,0.57166,0.572,79
1786378440,0.572,0.57215,0.57199,0.57211,67
1786378500,0.57209,0.57227,0.57198,0.57208,73
1786378560,0.57214,0.57237,0.57214,0.5722,88
1786378620,0.5722,0.57221,0.57172,0.57196,86
1786378680,0.57196,0.57231,0.5718,0.5723,76
1786378740,0.57224,0.57254,0.57211,0.57252,87
1786378800,0.57252,0.57257,0.57225,0.57234,75
1786378860,0.57234,0.57245,0.57221,0.57242,74
1786378920,0.57242,0.57263,0.57234,0.5726,73
1786378980,0.5726,0.57302,0.57258,0.57277,86
1786379040,0.57277,0.57296,0.57263,0.57287,76
1786379100,0.57287,0.57289,0.57259,0.57281,79
1786379160,0.57279,0.57322,0.57274,0.57309,88
1786379220,0.57309,0.57309,0.57278,0.57291,83
1786379280,0.57291,0.57305,0.57267,0.57267,71
1786379340,0.57265,0.57288,0.57263,0.57274,80
1786379400,0.57274,0.57298,0.5727,0.57284,74
1786379460,0.57284,0.57291,0.57256,0.57283,84
1786379520,0.57283,0.57303,0.57265,0.57266,81
1786379580,0.57267,0.57267,0.57199,0.57199,84
1786379640,0.57197,0.57218,0.57194,0.57212,77
1786379700,0.57214,0.57231,0.57193,0.57226,90
1786379760,0.57223,0.57236,0.57187,0.5719,84
1786379820,0.5719,0.57196,0.5717,0.57172,78
1786379880,0.57172,0.57246,0.57163,0.57239,79
1786379940,0.57239,0.57271,0.57237,0.57269,71
1786380000,0.5727,0.57337,0.57261,0.57336,85
1786380060,0.57337,0.57348,0.57329,0.57341,81
1786380120,0.57339,0.57349,0.57323,0.57341,76
1786380180,0.57336,0.57354,0.57328,0.57348,77
1786380240,0.57348,0.57363,0.57325,0.57333,89
1786380300,0.57337,0.57357,0.57325,0.57331,83
1786380360,0.57329,0.57342,0.5732,0.57324,75
1786380420,0.57326,0.57334,0.57311,0.57317,88
1786380480,0.57317,0.57321,0.57283,0.57311,75
1786380540,0.57308,0.57342,0.57307,0.57337,80
1786380600,0.57335,0.57339,0.57274,0.5729,87
1786380660,0.5729,0.57291,0.57247,0.57247,77
1786380720,0.57239,0.57267,0.57228,0.5726,81
1786380780,0.5726,0.57272,0.57209,0.57209,69
1786380840,0.57209,0.57243,0.57193,0.57243,84
1786380900,0.57243,0.57292,0.57243,0.57292,77
1786380960,0.57292,0.57342,0.57287,0.57315,80
1786381020,0.57313,0.57314,0.57283,0.57299,72
1786381080,0.573,0.57302,0.57282,0.5729,80
1786381140,0.57295,0.57318,0.57289,0.57296,79
1786381200,0.57296,0.57296,0.57262,0.57272,87
1786381260,0.57272,0.57274,0.57251,0.57251,70
1786381320,0.5725,0.57263,0.57234,0.57261,76
1786381380,0.57264,0.57306,0.57264,0.57301,80
1786381440,0.57304,0.57358,0.57296,0.5735,80
1786381500,0.57352,0.57362,0.57309,0.57358,80
1786381560,0.57356,0.57357,0.57313,0.57313,78
1786381620,0.5731,0.57329,0.57293,0.57322,81
1786381680,0.57311,0.57318,0.57281,0.57281,79
1786381740,0.57281,0.57349,0.57274,0.57347,90
1786381800,0.57347,0.57355,0.57302,0.57321,82
1786381860,0.57321,0.57346,0.57311,0.57346,82
1786381920,0.57346,0.57404,0.57346,0.57379,78
1786381980,0.57381,0.57381,0.57357,0.57359,85
1786382040,0.57359,0.57391,0.57353,0.57382,76
1786382100,0.57377,0.5739,0.57367,0.57367,85
1786382160,0.57367,0.57393,0.5736,0.57364,84
1786382220,0.57364,0.5739,0.57364,0.57381,79
1786382280,0.5738,0.57405,0.57376,0.574,83
1786382340,0.574,0.57406,0.57355,0.57357,88
1786382400,0.57356,0.57369,0.57342,0.57348,75
1786382460,0.57348,0.57363,0.57344,0.5736,70
1786382520,0.57362,0.57375,0.57319,0.57331,82
1786382580,0.57331,0.57348,0.57305,0.57348,84
1786382640,0.57348,0.57361,0.57327,0.57328,81
1786382700,0.57326,0.57345,0.57296,0.57301,84
1786382760,0.57302,0.5731,0.5729,0.57298,83
1786382820,0.573,0.5733,0.57298,0.57325,80
1786382880,0.57325,0.57337,0.573,0.57337,75
1786382940,0.57337,0.57339,0.57303,0.57305,68
1786383000,0.57305,0.57326,0.57305,0.57317,82
1786383060,0.57317,0.5734,0.57311,0.5734,74
1786383120,0.5734,0.57364,0.57325,0.57344,79
1786383180,0.57344,0.57364,0.57321,0.57361,79
1786383240,0.57363,0.57367,0.57334,0.57344,89
1786383300,0.57345,0.57356,0.57317,0.57317,72
1786383360,0.57316,0.57338,0.57309,0.57325,77
1786383420,0.57325,0.57327,0.573,0.57321,78
1786383480,0.57321,0.57335,0.57306,0.57326,79
1786383540,0.57326,0.57342,0.57305,0.57324,80
1786383600,0.57326,0.57347,0.57314,0.57318,72
1786383660,0.57318,0.57328,0.57271,0.5728,68
1786383720,0.5728,0.57293,0.57267,0.57282,90
1786383780,0.57282,0.57287,0.5726,0.5726,77
1786383840,0.5726,0.57287,0.57254,0.5727,79
1786383900,0.5727,0.57306,0.57264,0.57306,80
1786383960,0.57306,0.57306,0.57241,0.57241,75
1786384020,0.57241,0.57253,0.57221,0.57244,83
1786384080,0.57244,0.5727,0.57233,0.57239,72
1786384140,0.57239,0.57256,0.57239,0.57253,78
1786384200,0.57252,0.57254,0.57216,0.57221,76
1786384260,0.57218,0.57226,0.57188,0.57192,72
1786384320,0.57192,0.57216,0.57173,0.57216,78
1786384380,0.57215,0.57282,0.57215,0.57279,79
1786384440,0.57279,0.57321,0.57269,0.5731,74
1786384500,0.5731,0.57334,0.5731,0.57325,88
1786384560,0.5733,0.57339,0.57303,0.57303,76
1786384620,0.57302,0.57325,0.57294,0.57297,81
1786384680,0.57295,0.57304,0.57267,0.5727,80
1786384740,0.5727,0.57282,0.57257,0.57267,83
1786384800,0.57273,0.57288,0.57241,0.57257,85
1786384860,0.57259,0.57292,0.57254,0.5727,86
1786384920,0.5727,0.57311,0.57268,0.57309,80
1786384980,0.57309,0.57335,0.57295,0.57326,81
1786385040,0.57326,0.57351,0.57317,0.57351,87
1786385100,0.57351,0.57357,0.57339,0.57342,80
1786385160,0.57342,0.57348,0.57328,0.57345,78
1786385220,0.57347,0.57363,0.57338,0.5734,82
1786385280,0.57338,0.5739,0.57338,0.57388,86
1786385340,0.5739,0.57402,0.57374,0.57401,73
1786385400,0.57401,0.57429,0.57401,0.57428,81
1786385460,0.57428,0.57461,0.57415,0.57461,75
1786385520,0.57461,0.57475,0.57441,0.57452,81
1786385580,0.57453,0.57479,0.57449,0.57471,86
1786385640,0.57471,0.57482,0.57455,0.57466,80
1786385700,0.57466,0.57466,0.57426,0.57432,82
1786385760,0.57433,0.5744,0.57364,0.57369,83
1786385820,0.57369,0.57377,0.57329,0.57331,84
1786385880,0.57329,0.57329,0.57299,0.57309,83
1786385940,0.57309,0.57309,0.57283,0.5729,74
1786386000,0.5729,0.5731,0.5729,0.57306,72
1786386060,0.57306,0.57331,0.57304,0.57327,75
1786386120,0.57327,0.57335,0.57317,0.57328,85
1786386180,0.57328,0.57333,0.57305,0.57318,78
1786386240,0.57318,0.57324,0.57275,0.57276,84
1786386300,0.57276,0.57293,0.5726,0.57271,86
1786386360,0.57271,0.57296,0.57258,0.57271,77
1786386420,0.5727,0.57278,0.57258,0.57263,86
1786386480,0.57263,0.57266,0.57219,0.57253,80
1786386540,0.57253,0.57258,0.57236,0.57238,76
1786386600,0.57239,0.57242,0.57208,0.57215,79
1786386660,0.57215,0.5723,0.5721,0.57212,80
1786386720,0.57217,0.57237,0.57189,0.57202,76
1786386780,0.57205,0.57219,0.57198,0.57215,74
1786386840,0.57214,0.57218,0.57188,0.57195,75
1786386900,0.57195,0.57196,0.5717,0.57183,70
1786386960,0.57183,0.57195,0.57126,0.57131,87
1786387020,0.57131,0.57137,0.57091,0.57092,74
1786387080,0.57093,0.57134,0.57089,0.57113,78
1786387140,0.57113,0.57115,0.5709,0.57102,86
1786387200,0.57102,0.57106,0.57077,0.5709,86
1786387260,0.5709,0.57094,0.57037,0.57044,80
1786387320,0.57045,0.57082,0.57035,0.57051,76
1786387380,0.57051,0.5708,0.57035,0.57073,77
1786387440,0.57071,0.57113,0.57071,0.57112,82
1786387500,0.5711,0.57138,0.57086,0.57136,79
1786387560,0.57134,0.57187,0.57132,0.57185,78
1786387620,0.57186,0.57228,0.57181,0.5722,87
1786387680,0.57219,0.57248,0.57205,0.57248,82
1786387740,0.57242,0.57257,0.57235,0.57235,83
1786387800,0.57232,0.57233,0.57205,0.57219,75
1786387860,0.57219,0.5727,0.57219,0.57265,91
1786387920,0.57265,0.57282,0.57258,0.5728,74
1786387980,0.57286,0.57302,0.57281,0.57296,84
1786388040,0.57297,0.5732,0.57291,0.57319,72
1786388100,0.57318,0.57331,0.57313,0.57318,81
1786388160,0.5732,0.57327,0.57303,0.57324,81
1786388220,0.57324,0.57331,0.57301,0.57331,83
1786388280,0.57331,0.57338,0.57288,0.573,85
1786388340,0.573,0.57314,0.57293,0.57314,84
1786388400,0.57314,0.57314,0.57279,0.57288,81
1786388460,0.57289,0.5729,0.57233,0.57238,80
1786388520,0.57238,0.5726,0.57225,0.57228,87
1786388580,0.57226,0.57232,0.57213,0.57229,79
1786388640,0.57229,0.57233,0.57195,0.57202,79
1786388700,0.57202,0.57204,0.57183,0.57195,68
1786388760,0.57195,0.57195,0.57166,0.57177,84
1786388820,0.57178,0.57181,0.5716,0.57164,77
1786388880,0.57162,0.57176,0.57152,0.57152,81
1786388940,0.57152,0.57181,0.57145,0.57163,71
1786389000,0.57163,0.57168,0.57148,0.57157,86
1786389060,0.57157,0.57225,0.57157,0.57225,81
1786389120,0.57231,0.57282,0.57227,0.57269,83
1786389180,0.57269,0.57311,0.57269,0.57305,79
1786389240,0.57305,0.57316,0.57284,0.57316,86
1786389300,0.57316,0.57316,0.57276,0.57276,88
1786389360,0.57283,0.57304,0.57274,0.57304,76
1786389420,0.57307,0.57321,0.57281,0.57299,81
1786389480,0.57308,0.57342,0.57302,0.57322,85
1786389540,0.57322,0.57331,0.5727,0.5727,77
1786389600,0.5727,0.57271,0.57201,0.57206,81
1786389660,0.57204,0.57249,0.57202,0.57223,79
1786389720,0.5722,0.57252,0.57216,0.57249,77
1786389780,0.57249,0.57274,0.57239,0.57242,70
1786389840,0.57244,0.57251,0.57221,0.57236,74
1786389900,0.57234,0.5725,0.5722,0.57235,85
1786389960,0.57235,0.5724,0.57204,0.57207,74
1786390020,0.57207,0.57213,0.57175,0.5719,91
1786390080,0.5719,0.57195,0.5716,0.57168,90
1786390140,0.57168,0.57175,0.57118,0.5712,80
1786390200,0.5712,0.57143,0.57115,0.57136,76
1786390260,0.57136,0.57161,0.57136,0.57155,73
1786390320,0.57155,0.57163,0.57136,0.57162,83
1786390380,0.57163,0.5718,0.57152,0.57174,82
1786390440,0.57174,0.57177,0.57135,0.57137,81
1786390500,0.57139,0.57139,0.57109,0.57109,76
1786390560,0.57109,0.57113,0.5707,0.57096,75
1786390620,0.57094,0.57102,0.57075,0.57076,76
1786390680,0.57079,0.57092,0.57043,0.57052,73
1786390740,0.57052,0.57058,0.57015,0.57043,91
1786390800,0.57043,0.57049,0.57021,0.57033,86
1786390860,0.57033,0.57055,0.57016,0.57026,82
1786390920,0.57026,0.57046,0.57021,0.5704,76
1786390980,0.5704,0.5705,0.56985,0.57,85
1786391040,0.56993,0.57007,0.56982,0.56984,80
1786391100,0.56984,0.57005,0.56966,0.56998,81
1786391160,0.56998,0.57011,0.56977,0.56996,78
1786391220,0.56996,0.57042,0.56985,0.57036,84
1786391280,0.57036,0.57056,0.57025,0.57028,85
1786391340,0.57028,0.57069,0.57025,0.57065,89
1786391400,0.57065,0.57065,0.57034,0.57037,81
1786391460,0.57035,0.57061,0.57028,0.57029,77
1786391520,0.57027,0.57058,0.57024,0.57051,88
1786391580,0.57051,0.5708,0.57051,0.5706,78
1786391640,0.57057,0.57078,0.57052,0.5706,78
1786391700,0.57063,0.57072,0.57052,0.5706,88
1786391760,0.5706,0.57082,0.5705,0.57078,81
1786391820,0.57081,0.57085,0.57035,0.57048,82
1786391880,0.57047,0.57092,0.57047,0.57089,84
1786391940,0.57091,0.57106,0.57087,0.571,62
1786392000,0.57098,0.57128,0.57098,0.57112,72
1786392060,0.57114,0.57122,0.57102,0.5711,77
1786392120,0.5711,0.57122,0.57105,0.57105,74
1786392180,0.57105,0.57143,0.57096,0.57136,77
1786392240,0.57136,0.57174,0.57135,0.57174,76
1786392300,0.57174,0.57193,0.57162,0.57184,83
1786392360,0.57183,0.57204,0.57173,0.57191,78
1786392420,0.57193,0.57193,0.57141,0.57153,80
1786392480,0.57151,0.57157,0.57127,0.57137,78
1786392540,0.57137,0.57168,0.57137,0.57158,85
1786392600,0.57158,0.57163,0.57139,0.57144,75
1786392660,0.57144,0.57173,0.57138,0.57162,85
1786392720,0.57161,0.57218,0.57158,0.57215,79
1786392780,0.57215,0.57227,0.57208,0.5722,81
1786392840,0.57222,0.57247,0.57222,0.5724,88
1786392900,0.57238,0.57264,0.57223,0.57262,74
1786392960,0.57262,0.57262,0.57236,0.57245,85
1786393020,0.57245,0.57247,0.57215,0.57222,81
1786393080,0.57224,0.57249,0.57212,0.57212,83
1786393140,0.57213,0.57236,0.5721,0.57212,87
1786393200,0.57213,0.57213,0.57168,0.57171,82
1786393260,0.57172,0.57221,0.57159,0.5722,80
1786393320,0.57219,0.57232,0.57199,0.57202,76
1786393380,0.57202,0.57202,0.57164,0.57176,85
1786393440,0.57176,0.57185,0.57167,0.57169,84
1786393500,0.57169,0.57182,0.5716,0.57182,76
1786393560,0.57182,0.57224,0.57182,0.5722,91
1786393620,0.5722,0.57234,0.57189,0.57197,78
1786393680,0.57197,0.57207,0.57189,0.57192,79
1786393740,0.57192,0.57214,0.57192,0.57213,74
1786393800,0.5721,0.5721,0.57179,0.57181,80
1786393860,0.57182,0.5721,0.5716,0.57173,81
1786393920,0.57173,0.57186,0.57158,0.57184,78
1786393980,0.57182,0.57196,0.57154,0.57156,79
1786394040,0.57154,0.57195,0.57148,0.57185,75
1786394100,0.57184,0.57189,0.57141,0.57141,74
1786394160,0.57141,0.57181,0.57141,0.57181,74
1786394220,0.57178,0.57183,0.57146,0.57151,79
1786394280,0.57151,0.57153,0.57121,0.57142,72
1786394340,0.57141,0.57144,0.57099,0.57099,82
1786394400,0.57099,0.57119,0.57086,0.5711,83
1786394460,0.5711,0.57115,0.57065,0.57071,79
1786394520,0.57071,0.57074,0.57033,0.57034,85
1786394580,0.57034,0.57044,0.57015,0.57025,81
1786394640,0.57025,0.57031,0.57002,0.57013,81
1786394700,0.57013,0.57035,0.57,0.57025,77
1786394760,0.57023,0.57026,0.57,0.57026,87
1786394820,0.57024,0.57045,0.57023,0.57038,75
1786394880,0.57038,0.5704,0.57008,0.57018,69
1786394940,0.57018,0.57056,0.57006,0.57053,70
1786395000,0.57053,0.57056,0.57034,0.57042,75
1786395060,0.57045,0.57045,0.57002,0.57017,94
1786395120,0.57017,0.57025,0.56976,0.56979,74
1786395180,0.56979,0.56979,0.56944,0.56944,80
1786395240,0.56944,0.56961,0.5693,0.56942,84
1786395300,0.56942,0.56942,0.5692,0.56931,75
1786395360,0.56931,0.56942,0.56916,0.56937,74
1786395420,0.56937,0.56953,0.56915,0.56947,82
1786395480,0.56945,0.56962,0.56907,0.56915,76
1786395540,0.56915,0.56928,0.56897,0.56902,68
1786395600,0.56902,0.5694,0.56901,0.56936,79
1786395660,0.56936,0.56943,0.56906,0.5691,79
1786395720,0.56911,0.56927,0.56893,0.56927,75
1786395780,0.56926,0.56965,0.56925,0.56965,84
1786395840,0.56965,0.56998,0.5696,0.5699,88
1786395900,0.5699,0.56995,0.56928,0.56928,82
1786395960,0.56928,0.56961,0.56922,0.56961,78
1786396020,0.56961,0.56993,0.56938,0.5699,78
1786396080,0.5699,0.57019,0.56981,0.57015,80
1786396140,0.57017,0.57044,0.56994,0.56998,71
1786396200,0.56997,0.57022,0.56982,0.57018,79
1786396260,0.5702,0.57046,0.5701,0.57044,80
1786396320,0.57046,0.57046,0.57019,0.57027,76
1786396380,0.57027,0.57033,0.57013,0.57022,70
1786396440,0.57022,0.57053,0.57022,0.57053,72
1786396500,0.57053,0.5707,0.57028,0.57029,84
1786396560,0.57029,0.57038,0.57011,0.57024,85
1786396620,0.57024,0.57046,0.5699,0.57046,92
1786396680,0.57046,0.57046,0.56998,0.57023,85
1786396740,0.57023,0.57024,0.57003,0.57022,83
1786396800,0.57022,0.5705,0.5702,0.57047,78
1786396860,0.57043,0.57055,0.57026,0.57026,69
1786396920,0.57027,0.57038,0.57007,0.57007,81
1786396980,0.57007,0.57023,0.56996,0.57008,78
1786397040,0.57008,0.57021,0.57001,0.57013,81
1786397100,0.57015,0.57029,0.56999,0.57023,83
1786397160,0.5702,0.57036,0.56994,0.56995,91
1786397220,0.56997,0.57007,0.56988,0.57002,86
1786397280,0.57002,0.57024,0.56993,0.5702,80
1786397340,0.5702,0.57034,0.57016,0.57019,71
1786397400,0.57019,0.57026,0.56972,0.56988,82
1786397460,0.56985,0.56988,0.56963,0.56977,88
1786397520,0.56976,0.57009,0.56976,0.56997,84
1786397580,0.56998,0.57016,0.56991,0.57011,84
1786397640,0.57011,0.57068,0.57008,0.57065,80
1786397700,0.57065,0.57092,0.57062,0.57089,80
1786397760,0.57089,0.57116,0.57072,0.57116,79
1786397820,0.57117,0.57117,0.57102,0.57103,86
1786397880,0.57103,0.57149,0.57103,0.57128,77
1786397940,0.57128,0.57136,0.57075,0.57078,84
1786398000,0.57078,0.57078,0.57025,0.57025,75
1786398060,0.57025,0.57037,0.56995,0.56998,86
1786398120,0.56998,0.57029,0.56994,0.57011,82
1786398180,0.57009,0.5703,0.56992,0.57027,82
1786398240,0.57026,0.5709,0.57024,0.5709,72
1786398300,0.57088,0.57099,0.57063,0.57078,88
1786398360,0.57077,0.57087,0.57072,0.57078,80
1786398420,0.57079,0.57084,0.57047,0.57065,83
1786398480,0.57064,0.57072,0.57036,0.57041,72
1786398540,0.57042,0.57076,0.57029,0.57053,80
1786398600,0.57053,0.57063,0.57031,0.57048,86
1786398660,0.57048,0.57061,0.57026,0.57026,75
1786398720,0.57026,0.57087,0.57026,0.57087,82
1786398780,0.57087,0.57094,0.57056,0.57061,79
1786398840,0.57059,0.57076,0.57031,0.57066,82
1786398900,0.57066,0.57073,0.57051,0.57064,77
1786398960,0.57064,0.57159,0.57064,0.57159,77
1786399020,0.57159,0.5718,0.57158,0.57178,77
1786399080,0.57178,0.57214,0.57178,0.57209,75
1786399140,0.57209,0.5724,0.57202,0.57237,76
1786399200,0.5724,0.5725,0.5723,0.57247,86
1786399260,0.57244,0.57244,0.57195,0.572,83
1786399320,0.572,0.57211,0.57179,0.57211,88
1786399380,0.57211,0.57219,0.57175,0.57187,76
1786399440,0.57185,0.572,0.57177,0.57187,81
1786399500,0.57187,0.57213,0.57187,0.57199,69
1786399560,0.57199,0.57207,0.5717,0.5718,79
1786399620,0.57181,0.57183,0.57135,0.57136,91
1786399680,0.57138,0.57145,0.57112,0.57116,81
1786399740,0.57114,0.57151,0.57114,0.57119,72
1786399800,0.57122,0.57126,0.57105,0.57109,82
1786399860,0.5711,0.57113,0.57074,0.57091,72
1786399920,0.57091,0.57115,0.57085,0.57104,82
1786399980,0.57104,0.57133,0.57102,0.57122,74
1786400040,0.57122,0.57146,0.5711,0.5714,82
1786400100,0.5714,0.57156,0.57126,0.5715,84
1786400160,0.5715,0.57205,0.57147,0.5718,75
1786400220,0.57179,0.57188,0.57165,0.57185,84
1786400280,0.57186,0.57196,0.57164,0.57187,83
1786400340,0.57185,0.57236,0.57177,0.57229,79
1786400400,0.57227,0.57238,0.57206,0.5721,74
1786400460,0.5721,0.5722,0.57178,0.57201,74
1786400520,0.57201,0.57224,0.57188,0.57222,73
1786400580,0.57224,0.57226,0.57194,0.57198,86
1786400640,0.57198,0.57206,0.57133,0.57133,79
1786400700,0.57136,0.5716,0.57129,0.5715,85
1786400760,0.5715,0.57177,0.57146,0.5717,73
1786400820,0.5717,0.57234,0.5717,0.57206,70
1786400880,0.57206,0.57233,0.57199,0.57213,73
1786400940,0.57211,0.57231,0.57202,0.57227,70
1786401000,0.57227,0.57273,0.57227,0.57273,78
1786401060,0.57273,0.57294,0.5727,0.57294,78
1786401120,0.57294,0.57333,0.57287,0.57325,83
1786401180,0.57325,0.57333,0.57306,0.57333,84
1786401240,0.57334,0.57334,0.57294,0.57304,71
1786401300,0.57304,0.57313,0.57289,0.57312,79
1786401360,0.57313,0.5732,0.57238,0.5724,82
1786401420,0.5724,0.57254,0.57218,0.57221,77
1786401480,0.57221,0.57253,0.57221,0.5725,81
1786401540,0.5725,0.57274,0.57229,0.57263,79
1786401600,0.57265,0.57284,0.57255,0.5728,77
1786401660,0.5728,0.57284,0.57264,0.57273,76
1786401720,0.57271,0.57282,0.57252,0.57258,79
1786401780,0.57257,0.57283,0.57252,0.57269,74
1786401840,0.57273,0.57285,0.57239,0.5725,85
1786401900,0.5725,0.57252,0.57161,0.57182,84
1786401960,0.57182,0.57193,0.57161,0.57162,81
1786402020,0.57163,0.57177,0.57152,0.57152,83
1786402080,0.57157,0.57166,0.57141,0.57158,78
1786402140,0.57158,0.57185,0.5715,0.5718,82
1786402200,0.5718,0.57211,0.57178,0.57202,78
1786402260,0.57202,0.57207,0.57195,0.572,75
1786402320,0.57205,0.57239,0.57199,0.57221,84
1786402380,0.57221,0.57257,0.57215,0.57257,68
1786402440,0.57257,0.57281,0.57249,0.57262,82
1786402500,0.57262,0.57275,0.57232,0.57238,85
1786402560,0.57238,0.57238,0.57205,0.57215,82
1786402620,0.57218,0.57218,0.57177,0.57211,82
1786402680,0.5721,0.57219,0.57172,0.57181,77
1786402740,0.57181,0.57184,0.57161,0.57178,76
1786402800,0.57178,0.5719,0.57168,0.57168,85
1786402860,0.57166,0.57167,0.57129,0.57151,86
1786402920,0.57151,0.57167,0.57132,0.57156,80
1786402980,0.57152,0.57187,0.57147,0.57187,82
1786403040,0.57187,0.5721,0.57175,0.57202,71
1786403100,0.57202,0.57235,0.57194,0.5723,81
1786403160,0.57234,0.57241,0.5721,0.5723,83
1786403220,0.57225,0.5726,0.57212,0.5726,86
1786403280,0.5726,0.5728,0.5725,0.57266,82
1786403340,0.57266,0.57296,0.57263,0.57293,82
1786403400,0.57293,0.57316,0.57287,0.57313,89
1786403460,0.57313,0.57319,0.57284,0.57288,85
1786403520,0.57288,0.57337,0.57281,0.57328,82
1786403580,0.57328,0.57328,0.57307,0.57307,78
1786403640,0.57305,0.57351,0.57303,0.57349,73
1786403700,0.57347,0.57349,0.57317,0.5732,71
1786403760,0.57318,0.57335,0.57305,0.57315,87
1786403820,0.57315,0.57323,0.57286,0.57287,81
1786403880,0.57288,0.5732,0.57287,0.57307,87
1786403940,0.57308,0.57308,0.57285,0.57305,70
1786404000,0.57305,0.5731,0.57249,0.57257,84
1786404060,0.57258,0.57272,0.57252,0.57256,86
1786404120,0.57258,0.57258,0.57239,0.57249,78
1786404180,0.5725,0.5725,0.57194,0.57194,81
1786404240,0.57194,0.57205,0.57185,0.57205,79
1786404300,0.57205,0.57212,0.57192,0.57194,73
1786404360,0.57194,0.57207,0.57175,0.57204,80
1786404420,0.57204,0.57204,0.57181,0.57197,62
1786404480,0.57197,0.5721,0.57181,0.57188,81
1786404540,0.57188,0.57206,0.57177,0.57178,77
1786404600,0.57178,0.57185,0.57166,0.57168,73
1786404660,0.57168,0.57173,0.5714,0.5716,76
1786404720,0.57165,0.57173,0.57146,0.57157,80
1786404780,0.57159,0.57194,0.57136,0.57194,82
1786404840,0.57196,0.57209,0.57167,0.57209,85
1786404900,0.57208,0.57244,0.5719,0.57231,73
1786404960,0.57231,0.57231,0.57166,0.5717,82
1786405020,0.5717,0.57187,0.57164,0.57164,87
1786405080,0.57166,0.57179,0.57157,0.57174,87
1786405140,0.57174,0.57187,0.57166,0.57181,73
1786405200,0.57181,0.57192,0.57161,0.57174,81
1786405260,0.57174,0.57196,0.57153,0.57192,80
1786405320,0.57192,0.57218,0.57191,0.57212,71
1786405380,0.5721,0.57232,0.57197,0.57227,91
1786405440,0.57227,0.57229,0.57173,0.57179,87
1786405500,0.57179,0.57186,0.57167,0.57174,85
1786405560,0.57174,0.57197,0.57172,0.57184,76
1786405620,0.57184,0.57191,0.57162,0.57165,72
1786405680,0.57165,0.57181,0.57164,0.57172,75
1786405740,0.57172,0.57172,0.57145,0.57163,79
1786405800,0.57165,0.57209,0.57165,0.57189,76
1786405860,0.57189,0.57191,0.57168,0.57184,81
1786405920,0.57184,0.57192,0.57143,0.57143,74
1786405980,0.57142,0.57184,0.5714,0.57176,70
1786406040,0.57173,0.57185,0.57161,0.57183,83
1786406100,0.57183,0.57183,0.57137,0.57155,90
1786406160,0.57155,0.57178,0.57155,0.57165,85
1786406220,0.57164,0.57177,0.57157,0.57167,83
1786406280,0.57165,0.5718,0.57151,0.57177,78
1786406340,0.57172,0.57175,0.57153,0.57168,74
1786406400,0.57165,0.57201,0.57165,0.57181,78
1786406460,0.57181,0.57181,0.57126,0.57134,72
1786406520,0.57132,0.57191,0.57126,0.57186,84
1786406580,0.57186,0.57213,0.57181,0.57208,76
1786406640,0.57208,0.57221,0.57195,0.57207,78
1786406700,0.57207,0.57232,0.57195,0.57222,79
1786406760,0.57225,0.5724,0.5721,0.5722,86
1786406820,0.5722,0.57233,0.57196,0.57218,85
1786406880,0.5722,0.57238,0.57214,0.57219,77
1786406940,0.57219,0.57237,0.57192,0.57192,81
1786407000,0.57192,0.57211,0.57181,0.57185,80
1786407060,0.57187,0.57196,0.57179,0.57194,78
1786407120,0.57194,0.57244,0.57187,0.5723,79
1786407180,0.57232,0.57238,0.57204,0.57238,83
1786407240,0.57238,0.5724,0.57209,0.57236,72
1786407300,0.57236,0.57243,0.57222,0.57227,81
1786407360,0.57227,0.57233,0.57198,0.57214,77
1786407420,0.57211,0.57211,0.57174,0.57184,77
1786407480,0.57183,0.57186,0.57139,0.57152,80
1786407540,0.5715,0.57198,0.57148,0.57191,86
1786407600,0.57189,0.57197,0.57167,0.57188,78
1786407660,0.57188,0.57191,0.57164,0.57182,75
1786407720,0.57182,0.57191,0.57144,0.57144,79
1786407780,0.57144,0.57144,0.57119,0.57139,86
1786407840,0.57139,0.57183,0.57132,0.57183,89
1786407900,0.57183,0.57218,0.5718,0.57211,82
1786407960,0.57211,0.57213,0.57184,0.57198,83
1786408020,0.57198,0.57256,0.57198,0.57232,85
1786408080,0.57232,0.57252,0.57222,0.57243,82
1786408140,0.57245,0.57275,0.57243,0.57249,81
1786408200,0.57249,0.57268,0.57241,0.57262,81
1786408260,0.5726,0.57273,0.57238,0.57248,83
1786408320,0.57248,0.57287,0.57248,0.57287,73
1786408380,0.57286,0.57326,0.57283,0.57323,87
1786408440,0.5732,0.57322,0.57261,0.57261,78
1786408500,0.57257,0.57297,0.57256,0.57292,80
1786408560,0.57293,0.57293,0.57262,0.57266,84
1786408620,0.57269,0.57293,0.57264,0.57273,80
1786408680,0.57273,0.57281,0.5726,0.57262,83
1786408740,0.57262,0.57297,0.57256,0.57289,80
1786408800,0.57289,0.57301,0.57276,0.57301,86
1786408860,0.57301,0.57308,0.57288,0.57295,78
1786408920,0.57295,0.57304,0.57274,0.57284,79
1786408980,0.57284,0.5731,0.57274,0.5731,76
1786409040,0.5731,0.5735,0.57309,0.57345,73
1786409100,0.57345,0.57348,0.57307,0.57307,80
1786409160,0.57307,0.57326,0.57298,0.57324,74
1786409220,0.57322,0.57344,0.57316,0.57326,91
1786409280,0.57327,0.57353,0.57324,0.57351,76
1786409340,0.57353,0.57362,0.57335,0.57345,81
1786409400,0.57342,0.57342,0.57292,0.57301,84
1786409460,0.57301,0.57317,0.57294,0.57317,66
1786409520,0.57315,0.57318,0.57274,0.57285,93
1786409580,0.57286,0.57287,0.57236,0.57236,81
1786409640,0.57234,0.57258,0.57221,0.57257,75
1786409700,0.57255,0.57268,0.57241,0.57241,77
1786409760,0.57241,0.57268,0.57241,0.57261,80
1786409820,0.57259,0.5726,0.57221,0.57228,74
1786409880,0.57228,0.57283,0.57228,0.57276,82
1786409940,0.57276,0.57286,0.57237,0.57247,72
1786410000,0.57247,0.57251,0.57237,0.57246,89
1786410060,0.57246,0.57274,0.57244,0.57261,75
1786410120,0.57261,0.57281,0.57258,0.57261,77
1786410180,0.57261,0.57265,0.57249,0.57265,72
1786410240,0.57267,0.57315,0.57267,0.57309,76
1786410300,0.57309,0.5732,0.57293,0.5731,74
1786410360,0.57312,0.57338,0.57302,0.57338,79
1786410420,0.57338,0.57338,0.57296,0.57301,75
1786410480,0.573,0.573,0.57251,0.57262,77
1786410540,0.57262,0.57275,0.57243,0.57252,72
1786410600,0.57252,0.57268,0.57243,0.5725,76
1786410660,0.57248,0.57265,0.57224,0.57225,83
1786410720,0.57225,0.57236,0.57215,0.57222,73
1786410780,0.57224,0.57253,0.57215,0.57253,78
1786410840,0.57251,0.57286,0.57251,0.57279,81
1786410900,0.5728,0.57291,0.57267,0.57277,80
1786410960,0.57277,0.57285,0.57249,0.57273,86
1786411020,0.57273,0.57318,0.57269,0.57316,80
1786411080,0.57316,0.57337,0.57308,0.57334,81
1786411140,0.57334,0.57349,0.57311,0.57318,80
1786411200,0.57318,0.5734,0.5731,0.57335,77
1786411260,0.57335,0.57346,0.57311,0.57345,85
1786411320,0.57345,0.57362,0.57324,0.57356,82
1786411380,0.57354,0.57396,0.57345,0.57394,86
1786411440,0.57394,0.57422,0.57391,0.57422,78
1786411500,0.57422,0.57427,0.57375,0.57379,79
1786411560,0.57379,0.57379,0.57359,0.5736,79
1786411620,0.5736,0.57364,0.57341,0.57352,82
1786411680,0.57349,0.57362,0.57343,0.57347,77
1786411740,0.57346,0.57354,0.57335,0.57338,83
1786411800,0.5734,0.57354,0.57328,0.57343,83
1786411860,0.57347,0.57351,0.57314,0.57324,80
1786411920,0.57324,0.57324,0.57295,0.57322,84
1786411980,0.57318,0.57337,0.57295,0.57295,76
1786412040,0.57297,0.57307,0.57285,0.57307,79
1786412100,0.57307,0.57314,0.57261,0.57261,79
1786412160,0.57261,0.57296,0.5724,0.57296,86
1786412220,0.57296,0.57298,0.57265,0.5727,75
1786412280,0.57272,0.57288,0.57264,0.57266,77
1786412340,0.57266,0.57287,0.57266,0.5727,81
1786412400,0.5727,0.5728,0.57259,0.57278,78
1786412460,0.57278,0.57294,0.57262,0.57294,84
1786412520,0.57294,0.57303,0.57275,0.57282,75
1786412580,0.5729,0.57292,0.57263,0.5728,79
1786412640,0.57282,0.57295,0.57269,0.57272,73
1786412700,0.57275,0.57275,0.57228,0.57241,81
1786412760,0.57241,0.5727,0.5724,0.57269,75
1786412820,0.57269,0.57293,0.57267,0.57269,77
1786412880,0.57269,0.57298,0.57269,0.5728,80
1786412940,0.5728,0.57287,0.57238,0.57256,80
1786413000,0.57256,0.57271,0.57246,0.57246,69
1786413060,0.57246,0.57246,0.57204,0.57225,85
1786413120,0.57225,0.57262,0.57224,0.57256,82
1786413180,0.57256,0.57262,0.57236,0.57262,78
1786413240,0.57262,0.57294,0.5726,0.57281,77
1786413300,0.57282,0.57304,0.57279,0.57293,79
1786413360,0.57289,0.573,0.57269,0.57273,80
1786413420,0.57273,0.57305,0.57251,0.57295,82
1786413480,0.57295,0.57326,0.57285,0.57285,81
1786413540,0.57285,0.57304,0.5727,0.57294,89
1786413600,0.57294,0.57309,0.57277,0.57291,84
1786413660,0.57291,0.57299,0.57278,0.57299,90
1786413720,0.57295,0.57328,0.57294,0.57323,87
1786413780,0.57321,0.57336,0.57316,0.57333,78
1786413840,0.57334,0.57334,0.57294,0.57296,78
1786413900,0.57294,0.57315,0.57266,0.5728,81
1786413960,0.5728,0.57281,0.57255,0.57268,84
1786414020,0.57268,0.5731,0.57266,0.5731,85
1786414080,0.57312,0.57329,0.57303,0.57304,75
1786414140,0.573,0.57301,0.57263,0.57263,72
1786414200,0.57263,0.57273,0.57258,0.57268,91
1786414260,0.57268,0.57279,0.57241,0.57255,82
1786414320,0.57255,0.57296,0.57255,0.5727,87
1786414380,0.5727,0.57293,0.57265,0.57292,81
1786414440,0.57294,0.5733,0.5729,0.57329,92
1786414500,0.57329,0.57389,0.57328,0.57373,79
1786414560,0.57373,0.57385,0.57349,0.57355,75
1786414620,0.57355,0.57366,0.57334,0.5735,76
1786414680,0.57352,0.57354,0.57315,0.57315,83
1786414740,0.57315,0.57338,0.57305,0.57338,73
1786414800,0.57338,0.5734,0.57293,0.57313,79
1786414860,0.57313,0.57339,0.57306,0.57336,77
1786414920,0.57329,0.5733,0.57287,0.57313,79
1786414980,0.57316,0.57325,0.57278,0.57285,82
1786415040,0.57287,0.57325,0.5728,0.57325,76
1786415100,0.57326,0.57354,0.57325,0.57336,81
1786415160,0.57332,0.57348,0.57321,0.57325,73
1786415220,0.57325,0.57345,0.57307,0.5732,77
1786415280,0.5732,0.57324,0.57292,0.57305,73
1786415340,0.57305,0.57306,0.57278,0.57282,82
1786415400,0.57282,0.57308,0.57282,0.57299,66
1786415460,0.57304,0.57306,0.57282,0.57306,83
1786415520,0.57306,0.57368,0.57303,0.57366,82
1786415580,0.57366,0.57393,0.57361,0.57389,83
1786415640,0.57389,0.57436,0.57387,0.57396,80
1786415700,0.57395,0.574,0.57366,0.57377,75
1786415760,0.57374,0.57406,0.57374,0.57392,69
1786415820,0.57394,0.57403,0.5738,0.57398,74
1786415880,0.57398,0.57411,0.57385,0.57391,81
1786415940,0.57389,0.57394,0.57372,0.57375,80
1786416000,0.57373,0.57379,0.5735,0.57357,76
1786416060,0.57358,0.57378,0.57348,0.57377,79
1786416120,0.57377,0.57379,0.5734,0.57362,77
1786416180,0.57362,0.57395,0.57349,0.57393,83
1786416240,0.57393,0.57422,0.57381,0.57411,78
1786416300,0.57411,0.57456,0.57411,0.57456,83
1786416360,0.57456,0.57471,0.57433,0.57456,87
1786416420,0.57456,0.57457,0.57411,0.57416,76
1786416480,0.57416,0.57478,0.57412,0.57463,71
1786416540,0.57463,0.57468,0.57448,0.57448,82
1786416600,0.57448,0.5745,0.57416,0.57418,72
1786416660,0.57418,0.57446,0.57416,0.57432,69
1786416720,0.57432,0.5744,0.57399,0.57411,82
1786416780,0.57411,0.57417,0.57387,0.5739,78
1786416840,0.5739,0.57419,0.5739,0.57413,74
1786416900,0.57413,0.57435,0.57407,0.57433,79
1786416960,0.57435,0.57442,0.57418,0.5744,79
1786417020,0.57445,0.57447,0.57408,0.57438,81
1786417080,0.57442,0.57457,0.57434,0.57442,83
1786417140,0.57442,0.57448,0.57404,0.57406,77
1786417200,0.57403,0.57428,0.57399,0.57421,82
1786417260,0.57421,0.57438,0.5741,0.57425,85
1786417320,0.57425,0.57466,0.57417,0.57417,84
1786417380,0.57417,0.57425,0.57366,0.57375,88
1786417440,0.57375,0.57384,0.57332,0.57332,84
1786417500,0.57332,0.57371,0.57332,0.57367,80
1786417560,0.57367,0.57378,0.57323,0.57325,68
1786417620,0.57325,0.5733,0.57299,0.57305,80
1786417680,0.57305,0.57307,0.5727,0.57286,78
1786417740,0.57284,0.57314,0.57261,0.57314,80
1786417800,0.57315,0.57332,0.57299,0.57332,83
1786417860,0.57331,0.57331,0.57283,0.57306,86
1786417920,0.57306,0.57324,0.57265,0.57267,77
1786417980,0.57267,0.57296,0.57245,0.57287,85
1786418040,0.57287,0.5733,0.57284,0.5733,79
1786418100,0.5733,0.57335,0.57315,0.57315,88
1786418160,0.57319,0.57328,0.57291,0.57291,75
1786418220,0.57291,0.57345,0.57291,0.57344,82
1786418280,0.57342,0.57349,0.57268,0.57268,81
1786418340,0.57266,0.57269,0.57245,0.57246,80
1786418400,0.57251,0.57256,0.57199,0.57202,86
1786418460,0.57202,0.57238,0.57199,0.57204,85
1786418520,0.57204,0.57226,0.57204,0.57218,71
1786418580,0.57218,0.57244,0.57205,0.57212,75
1786418640,0.5721,0.57243,0.57206,0.57234,80
1786418700,0.57234,0.5724,0.57228,0.57229,75
1786418760,0.57229,0.57252,0.57207,0.57207,89
1786418820,0.57207,0.57221,0.57152,0.57152,78
1786418880,0.57152,0.5718,0.57149,0.57176,72
1786418940,0.57176,0.57183,0.57108,0.5711,83
1786419000,0.57112,0.57113,0.57078,0.57113,79
1786419060,0.57113,0.57131,0.57112,0.57114,83
1786419120,0.57114,0.57122,0.57083,0.57083,87
1786419180,0.57083,0.57083,0.57045,0.57048,75
1786419240,0.57048,0.57054,0.57034,0.5704,77
1786419300,0.57032,0.57032,0.56999,0.57025,80
1786419360,0.57025,0.57039,0.5701,0.5701,72
1786419420,0.5701,0.57026,0.5697,0.56974,87
1786419480,0.56976,0.5701,0.56973,0.56999,81
1786419540,0.56999,0.57011,0.56993,0.57007,85
1786419600,0.57007,0.57009,0.56975,0.56975,77
1786419660,0.56977,0.56994,0.56971,0.56971,77
1786419720,0.56971,0.56974,0.56948,0.56972,83
1786419780,0.56972,0.57007,0.56971,0.56992,79
1786419840,0.56992,0.57019,0.56981,0.57017,87
1786419900,0.57017,0.57054,0.57005,0.57042,83
1786419960,0.57041,0.57041,0.57006,0.5701,84
1786420020,0.57011,0.57012,0.56987,0.56997,76
1786420080,0.56996,0.5703,0.56988,0.5703,82
1786420140,0.5703,0.5705,0.57024,0.57048,85
1786420200,0.57048,0.57072,0.57042,0.57043,77
1786420260,0.57043,0.57045,0.57015,0.57016,75
1786420320,0.57017,0.5703,0.57005,0.57013,79
1786420380,0.57015,0.57021,0.56959,0.56964,76
1786420440,0.56959,0.5699,0.56959,0.56962,84
1786420500,0.56961,0.57019,0.56961,0.57009,77
1786420560,0.57009,0.57027,0.56993,0.57027,89
1786420620,0.57027,0.57052,0.5702,0.57036,83
1786420680,0.57036,0.57051,0.57023,0.57025,72
1786420740,0.57025,0.5703,0.57004,0.57025,85
1786420800,0.57025,0.57026,0.56996,0.57019,81
1786420860,0.57019,0.5702,0.56995,0.57016,84
1786420920,0.57016,0.57036,0.5701,0.57019,86
1786420980,0.57019,0.57019,0.56991,0.57006,86
1786421040,0.57006,0.57045,0.56997,0.57041,78
1786421100,0.57039,0.57089,0.57031,0.57088,71
1786421160,0.57088,0.57153,0.5708,0.5715,89
1786421220,0.5715,0.57174,0.57146,0.57174,72
1786421280,0.57174,0.57245,0.57173,0.5724,79
1786421340,0.57246,0.57252,0.57201,0.57214,78
1786421400,0.57214,0.57231,0.57173,0.57193,79
1786421460,0.57193,0.57212,0.57193,0.57199,71
1786421520,0.57199,0.57237,0.57192,0.57237,91
1786421580,0.57234,0.57248,0.57208,0.57208,84
1786421640,0.57208,0.57221,0.57192,0.57216,80
1786421700,0.57216,0.57235,0.572,0.57233,88
1786421760,0.57233,0.57249,0.57211,0.57211,81
1786421820,0.57211,0.57217,0.5718,0.5718,82
1786421880,0.5718,0.5721,0.57176,0.57209,79
1786421940,0.57209,0.57209,0.57178,0.57188,80
1786422000,0.5719,0.57212,0.57179,0.57209,81
1786422060,0.57208,0.57227,0.57199,0.57208,77
1786422120,0.57208,0.57221,0.57175,0.57175,72
1786422180,0.57175,0.57201,0.57172,0.57199,84
1786422240,0.57199,0.57209,0.57182,0.57192,80
1786422300,0.57192,0.5724,0.57182,0.5724,75
1786422360,0.57236,0.57268,0.57235,0.57255,79
1786422420,0.57253,0.57253,0.57217,0.57241,82
1786422480,0.57239,0.57243,0.57217,0.57219,75
1786422540,0.57219,0.57224,0.57182,0.57189,78
1786422600,0.57189,0.57218,0.57169,0.57218,85
1786422660,0.57217,0.57225,0.57202,0.57222,87
1786422720,0.57222,0.57224,0.57205,0.57205,68
1786422780,0.57205,0.57212,0.57159,0.57159,71
1786422840,0.57159,0.57171,0.57121,0.57122,78
1786422900,0.57122,0.57124,0.57091,0.57101,75
1786422960,0.57101,0.57104,0.57084,0.57101,82
1786423020,0.57101,0.57129,0.571,0.57126,79
1786423080,0.57126,0.5715,0.57114,0.5715,83
1786423140,0.57153,0.57153,0.57114,0.5713,84
1786423200,0.57132,0.57157,0.57128,0.57141,84
1786423260,0.5714,0.5718,0.5714,0.5718,79
1786423320,0.5718,0.5725,0.5718,0.57239,72
1786423380,0.57237,0.57242,0.57218,0.57242,79
1786423440,0.57243,0.57256,0.57236,0.57243,82
1786423500,0.57245,0.57245,0.57155,0.57155,83
1786423560,0.57152,0.57172,0.57139,0.57172,82
1786423620,0.57167,0.57193,0.57155,0.57159,76
1786423680,0.57161,0.57179,0.57154,0.57158,85
1786423740,0.57158,0.57166,0.57134,0.57142,81
1786423800,0.57142,0.57142,0.57105,0.5711,73
1786423860,0.5711,0.57125,0.571,0.5712,77
1786423920,0.5712,0.57128,0.57086,0.57086,87
1786423980,0.57086,0.57095,0.57049,0.57066,86
1786424040,0.57066,0.57072,0.57055,0.57063,79
1786424100,0.57066,0.57089,0.57063,0.57073,83
1786424160,0.57073,0.57078,0.5705,0.57065,82
1786424220,0.57065,0.5711,0.57063,0.571,86
1786424280,0.57098,0.57098,0.57059,0.5707,80
1786424340,0.57068,0.57087,0.57062,0.57087,79
1786424400,0.57086,0.57115,0.57081,0.57082,88
1786424460,0.5708,0.5708,0.57045,0.57052,85
1786424520,0.57054,0.57112,0.57054,0.57112,72
1786424580,0.57113,0.57147,0.57113,0.57122,88
1786424640,0.57122,0.57135,0.571,0.571,74
1786424700,0.57102,0.57118,0.57099,0.57107,79
1786424760,0.57107,0.57128,0.57099,0.57125,73
1786424820,0.57125,0.57131,0.57107,0.57113,84
1786424880,0.57113,0.57163,0.57113,0.5716,78
1786424940,0.5716,0.57168,0.57148,0.57154,74
1786425000,0.57153,0.57185,0.57152,0.57182,91
1786425060,0.57182,0.57183,0.57151,0.57153,78
1786425120,0.57155,0.5717,0.57144,0.57158,79
1786425180,0.5716,0.57199,0.57152,0.57194,91
1786425240,0.57194,0.5721,0.57181,0.57186,82
1786425300,0.57186,0.57207,0.57178,0.57196,82
1786425360,0.57195,0.5721,0.5719,0.57209,87
1786425420,0.57207,0.57219,0.57184,0.572,80
1786425480,0.572,0.57232,0.57187,0.57224,93
1786425540,0.57223,0.57227,0.57195,0.57198,80
1786425600,0.57198,0.57198,0.57155,0.57155,80
1786425660,0.57157,0.57161,0.57137,0.57161,83
1786425720,0.57163,0.57163,0.57113,0.57123,75
1786425780,0.57123,0.57131,0.57089,0.57089,84
1786425840,0.57089,0.57119,0.5708,0.57097,81
1786425900,0.57097,0.57098,0.57071,0.57091,87
1786425960,0.57091,0.57119,0.5708,0.571,86
1786426020,0.57097,0.57106,0.57083,0.57094,84
1786426080,0.57094,0.57117,0.57093,0.57098,76
1786426140,0.57098,0.57118,0.57066,0.57066,91
1786426200,0.57066,0.57077,0.57062,0.57068,74
1786426260,0.57068,0.57076,0.57047,0.57049,84
1786426320,0.57049,0.57075,0.57039,0.57075,74
1786426380,0.57079,0.57081,0.57056,0.57079,85
1786426440,0.57077,0.571,0.57077,0.57085,84
1786426500,0.57085,0.57094,0.57077,0.5709,79
1786426560,0.57087,0.57109,0.57076,0.57103,74
1786426620,0.57104,0.5711,0.57076,0.57078,86
1786426680,0.57083,0.57084,0.57046,0.57055,77
1786426740,0.57055,0.5707,0.57038,0.57055,85
1786426800,0.57055,0.57069,0.57041,0.57046,80
1786426860,0.57046,0.57067,0.57035,0.57035,94
1786426920,0.57035,0.57043,0.57006,0.57014,85
1786426980,0.57014,0.57019,0.56957,0.56963,83
1786427040,0.56963,0.5697,0.56953,0.56957,67
1786427100,0.56956,0.56996,0.56956,0.56988,81
1786427160,0.56987,0.56993,0.56971,0.56971,73
1786427220,0.56971,0.57005,0.56961,0.56999,74
1786427280,0.56999,0.57019,0.56982,0.56983,80
1786427340,0.56985,0.56995,0.56979,0.56983,73
1786427400,0.56985,0.57016,0.56983,0.57004,70
1786427460,0.57,0.57001,0.56973,0.56977,79
1786427520,0.56977,0.56997,0.5697,0.5697,67
1786427580,0.56965,0.56976,0.56922,0.56929,78
1786427640,0.56927,0.56943,0.56924,0.56941,82
1786427700,0.56941,0.56947,0.56923,0.56942,75
1786427760,0.56942,0.56956,0.56939,0.56947,75
1786427820,0.56947,0.56951,0.56928,0.56951,74
1786427880,0.56951,0.56973,0.56936,0.5695,88
1786427940,0.5695,0.56976,0.56936,0.56937,79
1786428000,0.56935,0.57,0.56931,0.56987,88
1786428060,0.56987,0.57004,0.56977,0.56985,91
1786428120,0.56985,0.57009,0.56965,0.57003,86
1786428180,0.57003,0.57033,0.56994,0.57031,78
1786428240,0.57031,0.57066,0.57015,0.57057,78
1786428300,0.5706,0.57066,0.57045,0.57066,77
1786428360,0.57066,0.57068,0.57046,0.5706,79
1786428420,0.5706,0.57072,0.56998,0.56998,80
1786428480,0.56999,0.5702,0.56983,0.5702,77
1786428540,0.5702,0.5702,0.56971,0.56971,76
1786428600,0.56969,0.56972,0.56917,0.56922,85
1786428660,0.56922,0.56943,0.5692,0.56931,79
1786428720,0.56934,0.56942,0.569,0.56935,85
1786428780,0.56935,0.56935,0.56893,0.56903,78
1786428840,0.56903,0.56948,0.56901,0.56948,87
1786428900,0.56944,0.57,0.56944,0.56986,78
1786428960,0.56986,0.57039,0.56985,0.57035,74
1786429020,0.57035,0.57035,0.5699,0.57008,81
1786429080,0.57008,0.57009,0.5698,0.56985,74
1786429140,0.56985,0.56996,0.56978,0.56979,74
1786429200,0.56979,0.5702,0.56961,0.57016,87
1786429260,0.57016,0.57054,0.57012,0.57052,73
1786429320,0.57057,0.57098,0.57042,0.57098,84
1786429380,0.57098,0.57128,0.57096,0.57106,79
1786429440,0.57109,0.57141,0.57105,0.5714,73
1786429500,0.57137,0.57177,0.57137,0.57167,81
1786429560,0.57168,0.57192,0.57158,0.57187,78
1786429620,0.57187,0.57222,0.57183,0.57199,85
1786429680,0.57196,0.57228,0.57191,0.57225,84
1786429740,0.57225,0.57243,0.57217,0.57223,80
1786429800,0.57222,0.57265,0.57222,0.57256,82
1786429860,0.57257,0.57307,0.57253,0.57299,84
1786429920,0.57299,0.57306,0.57246,0.57247,76
1786429980,0.57247,0.57247,0.57193,0.57205,79
1786430040,0.57205,0.57218,0.57191,0.57215,81
1786430100,0.57215,0.57231,0.57197,0.57209,65
1786430160,0.57209,0.57209,0.57159,0.57163,74
1786430220,0.57163,0.57186,0.57139,0.57186,87
1786430280,0.57185,0.5723,0.5718,0.57228,78
1786430340,0.57229,0.57238,0.57211,0.57217,82
1786430400,0.57217,0.57219,0.57198,0.57209,81
1786430460,0.57209,0.57241,0.57205,0.57223,86
1786430520,0.57223,0.5725,0.57217,0.57232,70
1786430580,0.57234,0.57258,0.57227,0.57256,79
1786430640,0.57256,0.57276,0.57247,0.5727,79
1786430700,0.57267,0.57285,0.57237,0.57237,78
1786430760,0.57234,0.57234,0.57209,0.57221,76
1786430820,0.57221,0.57268,0.57221,0.57264,82
1786430880,0.57264,0.57276,0.57258,0.57261,73
1786430940,0.57261,0.57261,0.57224,0.57235,86
1786431000,0.57235,0.57251,0.57223,0.57248,82
1786431060,0.57248,0.57275,0.57244,0.57272,87
1786431120,0.57272,0.57294,0.5725,0.57281,76
1786431180,0.57281,0.57285,0.5725,0.57257,85
1786431240,0.5726,0.57275,0.57234,0.57273,73
1786431300,0.57277,0.57282,0.57255,0.57257,81
1786431360,0.57256,0.57271,0.57231,0.57267,74
1786431420,0.57265,0.57265,0.57219,0.57226,88
1786431480,0.57226,0.57255,0.57222,0.57233,79
1786431540,0.57235,0.57264,0.57227,0.57264,84
1786431600,0.5726,0.57315,0.5726,0.57288,88
1786431660,0.57287,0.57302,0.57273,0.57276,77
1786431720,0.57276,0.57279,0.57255,0.57266,74
1786431780,0.57264,0.57264,0.57227,0.57244,84
1786431840,0.57244,0.57285,0.57244,0.57283,82
1786431900,0.5728,0.57281,0.57213,0.57219,79
1786431960,0.57219,0.57254,0.57212,0.5723,81
1786432020,0.5723,0.5724,0.57213,0.57228,79
1786432080,0.57228,0.57231,0.57183,0.57185,84
1786432140,0.57185,0.57219,0.57185,0.5721,75
1786432200,0.5721,0.57214,0.57182,0.57187,72
1786432260,0.57186,0.57197,0.57164,0.57189,68
1786432320,0.57189,0.57193,0.57168,0.57193,77
1786432380,0.57191,0.57195,0.57151,0.57151,84
1786432440,0.57151,0.57158,0.57139,0.57152,78
1786432500,0.57152,0.57153,0.57132,0.57144,75
1786432560,0.57144,0.57173,0.57143,0.57167,79
1786432620,0.57163,0.57211,0.57163,0.57185,91
1786432680,0.57183,0.57202,0.57181,0.57193,78
1786432740,0.57193,0.57211,0.57181,0.5721,80
1786432800,0.57202,0.57266,0.57201,0.57265,77
1786432860,0.57267,0.57267,0.57203,0.57233,71
1786432920,0.57233,0.57246,0.5721,0.5721,70
1786432980,0.5721,0.5721,0.57191,0.57204,82
1786433040,0.57204,0.5724,0.57195,0.57229,74
1786433100,0.57229,0.57277,0.57229,0.57265,80
1786433160,0.57267,0.57273,0.57244,0.57249,80
1786433220,0.57249,0.57262,0.57233,0.5724,82
1786433280,0.5724,0.57243,0.57218,0.57234,79
1786433340,0.57235,0.57286,0.57234,0.57284,86
1786433400,0.57284,0.57297,0.57276,0.57283,85
1786433460,0.57283,0.57297,0.57277,0.57291,74
1786433520,0.57291,0.57306,0.57288,0.57303,75
1786433580,0.57302,0.57322,0.57299,0.57308,74
1786433640,0.57309,0.57351,0.57307,0.57349,74
1786433700,0.57349,0.5736,0.57308,0.5731,80
1786433760,0.57311,0.57328,0.57292,0.57314,76
1786433820,0.57314,0.57363,0.57313,0.57358,85
1786433880,0.57358,0.57361,0.57342,0.57349,71
1786433940,0.57349,0.57374,0.57349,0.5736,76
1786434000,0.5736,0.57369,0.57327,0.57347,72
1786434060,0.57347,0.57362,0.57336,0.57345,85
1786434120,0.57345,0.57381,0.57345,0.57381,79
1786434180,0.57382,0.57402,0.57381,0.57399,80
1786434240,0.57402,0.57413,0.57389,0.57413,83
1786434300,0.57413,0.57471,0.57413,0.5747,84
1786434360,0.5747,0.5748,0.57453,0.57454,87
1786434420,0.57454,0.57492,0.57452,0.57481,84
1786434480,0.57482,0.57482,0.57429,0.57429,80
1786434540,0.57429,0.57436,0.57408,0.57428,75
1786434600,0.57429,0.57439,0.57406,0.57424,82
1786434660,0.57422,0.5747,0.57412,0.57416,76
1786434720,0.57414,0.57443,0.57392,0.57441,71
1786434780,0.57441,0.57461,0.57425,0.57454,90
1786434840,0.57454,0.57482,0.57444,0.57478,82
1786434900,0.57477,0.57477,0.57434,0.57461,80
1786434960,0.57461,0.57478,0.57448,0.57463,82
1786435020,0.57463,0.5747,0.57445,0.5747,89
1786435080,0.5747,0.57475,0.57437,0.57459,72
1786435140,0.57459,0.57484,0.57433,0.57442,82
1786435200,0.57441,0.57474,0.57441,0.57468,76
1786435260,0.57468,0.57502,0.57466,0.575,89
1786435320,0.575,0.5752,0.57476,0.57512,88
1786435380,0.57512,0.57518,0.57502,0.57514,85
1786435440,0.57514,0.57523,0.57485,0.575,78
1786435500,0.575,0.57529,0.57499,0.57506,73
1786435560,0.57506,0.57518,0.57474,0.57476,80
1786435620,0.57476,0.57505,0.57474,0.57476,94
1786435680,0.57475,0.57501,0.57475,0.57487,84
1786435740,0.57485,0.57492,0.57429,0.5743,82
1786435800,0.5743,0.57453,0.57416,0.57447,86
1786435860,0.57444,0.57447,0.57415,0.57415,84
1786435920,0.57413,0.57427,0.57391,0.57404,79
1786435980,0.57404,0.57424,0.57401,0.57414,85
1786436040,0.57414,0.57437,0.57408,0.57427,68
1786436100,0.57424,0.57442,0.57412,0.57422,81
1786436160,0.57422,0.57455,0.5742,0.5743,80
1786436220,0.5743,0.57433,0.57405,0.57406,77
1786436280,0.57406,0.57433,0.57396,0.57411,94
1786436340,0.57411,0.57413,0.57391,0.57399,82
1786436400,0.57399,0.57414,0.57353,0.57354,77
1786436460,0.57354,0.57367,0.57348,0.57351,86
1786436520,0.57349,0.57355,0.57323,0.57347,78
1786436580,0.57349,0.57369,0.57344,0.57352,81
1786436640,0.57353,0.5737,0.57334,0.57367,81
1786436700,0.57367,0.57368,0.57348,0.57348,79
1786436760,0.57363,0.5738,0.57342,0.57344,85
1786436820,0.57341,0.57364,0.57334,0.57346,77
1786436880,0.57346,0.57359,0.57339,0.57341,87
1786436940,0.57343,0.57354,0.57308,0.57331,71
1786437000,0.57335,0.57346,0.57322,0.5733,76
1786437060,0.57328,0.57364,0.57328,0.57355,82
1786437120,0.57355,0.57384,0.57333,0.57358,90
1786437180,0.57358,0.57377,0.57356,0.57376,70
1786437240,0.57376,0.57395,0.57352,0.57395,78
1786437300,0.57395,0.57397,0.5737,0.57372,82
1786437360,0.57372,0.57382,0.57353,0.57369,89
1786437420,0.57369,0.57404,0.57369,0.57385,76
1786437480,0.57384,0.57398,0.57361,0.5738,80
1786437540,0.5738,0.57383,0.57349,0.57377,83
1786437600,0.5737,0.57375,0.57355,0.5736,82
1786437660,0.5736,0.57364,0.57325,0.57336,75
1786437720,0.57338,0.57366,0.57306,0.57313,76
1786437780,0.57314,0.57372,0.57309,0.57372,76
1786437840,0.57371,0.57404,0.57367,0.57401,81
1786437900,0.57398,0.57426,0.57398,0.57422,81
1786437960,0.57422,0.57429,0.574,0.57407,88
1786438020,0.57407,0.57409,0.57385,0.5739,82
1786438080,0.57389,0.57412,0.5738,0.57402,89
1786438140,0.57402,0.57427,0.57399,0.57427,74
1786438200,0.57427,0.57461,0.57418,0.57461,82
1786438260,0.57461,0.57462,0.57433,0.5745,75
1786438320,0.5745,0.57507,0.5745,0.57505,83
1786438380,0.57504,0.57507,0.57442,0.57445,79
1786438440,0.57445,0.57446,0.57412,0.57421,77
1786438500,0.57415,0.57416,0.57362,0.57362,85
1786438560,0.57362,0.57371,0.57341,0.57353,79
1786438620,0.57353,0.57363,0.5734,0.57359,73
1786438680,0.57359,0.57388,0.57359,0.57368,73
1786438740,0.57356,0.57374,0.57343,0.57355,76
1786438800,0.57357,0.57357,0.57318,0.57347,81
1786438860,0.57347,0.57364,0.57341,0.57351,83
1786438920,0.57349,0.57395,0.57347,0.57393,84
1786438980,0.57395,0.57407,0.57371,0.57397,71
1786439040,0.57397,0.57415,0.57393,0.57411,83
1786439100,0.57411,0.5742,0.57396,0.57397,85
1786439160,0.57397,0.57436,0.57397,0.57413,80
1786439220,0.57413,0.57436,0.57401,0.57402,72
1786439280,0.57402,0.57405,0.57379,0.57383,87
1786439340,0.57381,0.57381,0.57352,0.57354,83
1786439400,0.57358,0.5736,0.57333,0.57354,79
1786439460,0.57351,0.57413,0.57345,0.57413,87
1786439520,0.57413,0.57451,0.57407,0.57438,88
1786439580,0.57438,0.57449,0.57427,0.57444,73
1786439640,0.57444,0.57464,0.57435,0.57458,82
1786439700,0.5746,0.57493,0.57438,0.57488,80
1786439760,0.57489,0.57532,0.57489,0.57517,85
1786439820,0.57517,0.5753,0.57508,0.57529,78
1786439880,0.57543,0.57547,0.57516,0.57518,80
1786439940,0.57518,0.57531,0.57507,0.57507,71
1786440000,0.57505,0.57557,0.57493,0.57551,88
1786440060,0.57551,0.57581,0.57549,0.57581,84
1786440120,0.57581,0.5762,0.57578,0.57606,85
1786440180,0.57606,0.57607,0.57585,0.57594,83
1786440240,0.57594,0.57628,0.57594,0.57605,72
1786440300,0.57605,0.57628,0.57601,0.57622,78
1786440360,0.5762,0.57633,0.57605,0.57625,85
1786440420,0.57622,0.57622,0.57565,0.57579,86
1786440480,0.57582,0.57589,0.57555,0.57586,80
1786440540,0.57588,0.57598,0.5758,0.57598,79
1786440600,0.57598,0.57611,0.57574,0.5758,89
1786440660,0.57581,0.57594,0.57575,0.57594,72
1786440720,0.57592,0.5763,0.57588,0.5763,80
1786440780,0.57628,0.57639,0.57606,0.57614,79
1786440840,0.57608,0.57622,0.57594,0.57599,83
1786440900,0.57597,0.57611,0.5759,0.57593,74
1786440960,0.57591,0.5761,0.57577,0.57594,82
1786441020,0.57594,0.57598,0.57563,0.57571,83
1786441080,0.57571,0.57575,0.57549,0.57562,70
1786441140,0.57562,0.5758,0.5755,0.57569,70
1786441200,0.57569,0.5759,0.57567,0.57574,71
1786441260,0.57574,0.57598,0.57565,0.57587,82
1786441320,0.57586,0.57588,0.57569,0.57571,79
1786441380,0.57571,0.5758,0.57561,0.5757,77
1786441440,0.57572,0.5759,0.57564,0.57566,74
1786441500,0.57566,0.57578,0.57549,0.57578,79
1786441560,0.5758,0.57581,0.57541,0.57571,73
1786441620,0.57571,0.57592,0.5757,0.57573,80
1786441680,0.57572,0.57622,0.57562,0.5759,84
1786441740,0.57589,0.57624,0.57583,0.57618,87
1786441800,0.57618,0.57637,0.57609,0.57635,74
1786441860,0.57634,0.57665,0.57622,0.57648,72
1786441920,0.57648,0.57668,0.57641,0.57643,83
1786441980,0.57645,0.57672,0.57634,0.5766,83
1786442040,0.5766,0.5766,0.57595,0.57597,81
1786442100,0.57597,0.5764,0.57592,0.57628,85
1786442160,0.57628,0.57651,0.57619,0.57651,75
1786442220,0.57651,0.5766,0.57638,0.57646,76
1786442280,0.57647,0.5765,0.57617,0.57623,82
1786442340,0.57623,0.57664,0.57623,0.57653,73
1786442400,0.57653,0.57677,0.57643,0.57674,82
1786442460,0.57674,0.57691,0.57664,0.57668,76
1786442520,0.57668,0.57674,0.5763,0.57633,82
1786442580,0.57634,0.57636,0.57607,0.57616,74
1786442640,0.57616,0.5762,0.57587,0.57617,84
1786442700,0.57617,0.57641,0.5758,0.57582,74
1786442760,0.57578,0.57583,0.57554,0.57581,79
1786442820,0.57581,0.57589,0.57562,0.57566,78
1786442880,0.57564,0.57572,0.57553,0.57553,84
1786442940,0.57553,0.57573,0.57551,0.57557,75
1786443000,0.57556,0.57599,0.57545,0.57597,82
1786443060,0.57597,0.57627,0.57585,0.57617,82
1786443120,0.57617,0.57636,0.57617,0.57636,75
1786443180,0.57636,0.57641,0.57615,0.57623,80
1786443240,0.57623,0.57635,0.57619,0.57623,78
1786443300,0.57623,0.57643,0.57609,0.57615,80
1786443360,0.57615,0.57618,0.57596,0.57609,77
1786443420,0.57609,0.57621,0.57581,0.57591,69
1786443480,0.57591,0.57607,0.57579,0.57601,80
1786443540,0.57599,0.57612,0.57585,0.57603,80
1786443600,0.57603,0.5764,0.57603,0.57638,74
1786443660,0.57633,0.57637,0.57584,0.57592,85
1786443720,0.57592,0.57605,0.57586,0.57602,74
1786443780,0.57605,0.57639,0.576,0.57606,91
1786443840,0.57608,0.57613,0.57568,0.57578,85
1786443900,0.57579,0.5759,0.57519,0.57519,90
1786443960,0.57521,0.57549,0.57521,0.57544,79
1786444020,0.57542,0.57562,0.57531,0.57537,76
1786444080,0.57537,0.57537,0.57462,0.57479,91
1786444140,0.57477,0.575,0.57475,0.57494,88
1786444200,0.57494,0.57499,0.57471,0.57481,84
1786444260,0.57481,0.57491,0.57446,0.57454,85
1786444320,0.57454,0.57462,0.57443,0.5746,85
1786444380,0.5746,0.57494,0.57452,0.57494,79
1786444440,0.57494,0.57522,0.57489,0.57511,81
1786444500,0.5751,0.57593,0.57507,0.5759,88
1786444560,0.5759,0.57615,0.57568,0.57615,84
1786444620,0.57615,0.57654,0.57615,0.57641,81
1786444680,0.57639,0.57682,0.57635,0.57674,86
1786444740,0.57676,0.57715,0.57676,0.57712,74
1786444800,0.57713,0.57724,0.577,0.57716,82
1786444860,0.57716,0.57753,0.57715,0.57744,90
1786444920,0.57745,0.57773,0.57726,0.57764,80
1786444980,0.57763,0.57772,0.57751,0.57762,74
1786445040,0.57762,0.57769,0.57754,0.57754,76
1786445100,0.57754,0.57772,0.57742,0.57744,88
1786445160,0.57744,0.57746,0.57701,0.57712,78
1786445220,0.57712,0.57712,0.57665,0.57697,76
1786445280,0.57697,0.57713,0.57681,0.5771,82
1786445340,0.5771,0.5771,0.57686,0.57691,82
1786445400,0.57693,0.57709,0.57677,0.57688,82
1786445460,0.57688,0.57688,0.57651,0.5766,72
1786445520,0.57662,0.57699,0.57658,0.57682,76
1786445580,0.57687,0.57687,0.57658,0.57669,79
1786445640,0.57667,0.57705,0.57662,0.57691,83
1786445700,0.57691,0.57702,0.5764,0.5764,83
1786445760,0.5764,0.57663,0.57612,0.57658,87
1786445820,0.57663,0.5767,0.57646,0.5766,79
1786445880,0.5766,0.57667,0.5764,0.57661,81
1786445940,0.57661,0.57677,0.57655,0.57669,76
1786446000,0.5766,0.57672,0.57646,0.57646,78
1786446060,0.57648,0.57648,0.57614,0.57644,78
1786446120,0.57644,0.57677,0.57633,0.57633,75
1786446180,0.57633,0.57648,0.57615,0.57638,85
1786446240,0.57638,0.57644,0.57605,0.57605,85
1786446300,0.57605,0.57616,0.57579,0.5758,77
1786446360,0.5758,0.57589,0.57538,0.5754,87
1786446420,0.57542,0.57554,0.57539,0.57545,81
1786446480,0.57546,0.57593,0.5754,0.57588,80
1786446540,0.57588,0.57598,0.57569,0.57576,82
1786446600,0.57576,0.57584,0.57555,0.57582,78
1786446660,0.57582,0.57612,0.57582,0.57612,73
1786446720,0.57612,0.57632,0.57603,0.5761,80
1786446780,0.57608,0.5763,0.57604,0.57621,84
1786446840,0.5762,0.57646,0.57613,0.57615,73
1786446900,0.57615,0.57637,0.57611,0.57629,88
1786446960,0.57632,0.57677,0.5763,0.57674,79
1786447020,0.57673,0.57707,0.57668,0.57695,82
1786447080,0.57695,0.577,0.57647,0.57648,80
1786447140,0.57648,0.57656,0.57634,0.57643,65
1786447200,0.57643,0.57643,0.57591,0.57597,82
1786447260,0.57597,0.57599,0.57558,0.57566,85
1786447320,0.57566,0.57568,0.57537,0.57537,77
1786447380,0.57539,0.57566,0.57534,0.57553,78
1786447440,0.5755,0.57575,0.57544,0.57575,75
1786447500,0.57575,0.57575,0.5754,0.57556,87
1786447560,0.57555,0.5757,0.57551,0.57562,79
1786447620,0.57562,0.57582,0.57538,0.57545,67
1786447680,0.57544,0.57546,0.57519,0.57526,73
1786447740,0.57526,0.57535,0.57517,0.57529,76
1786447800,0.57536,0.57549,0.57519,0.57548,78
1786447860,0.5755,0.57596,0.5754,0.57596,85
1786447920,0.57596,0.57605,0.57574,0.57587,83
1786447980,0.57585,0.57585,0.57556,0.57568,71
1786448040,0.57569,0.57586,0.57546,0.57578,79
1786448100,0.57578,0.57616,0.57563,0.5761,86
1786448160,0.5761,0.57622,0.57595,0.5761,86
1786448220,0.5761,0.57624,0.576,0.57609,75
1786448280,0.57609,0.57609,0.5756,0.5756,86
1786448340,0.5756,0.57571,0.57542,0.57544,87
1786448400,0.57545,0.57553,0.57527,0.57538,73
1786448460,0.5754,0.57542,0.57509,0.57515,84
1786448520,0.57515,0.57521,0.57497,0.57513,85
1786448580,0.57513,0.57519,0.57497,0.57519,92
1786448640,0.57515,0.57521,0.57496,0.57501,84
1786448700,0.57501,0.57501,0.57481,0.57488,78
1786448760,0.57488,0.57493,0.57439,0.57443,81
1786448820,0.57443,0.57468,0.57422,0.57452,85
1786448880,0.5745,0.57473,0.57443,0.57467,73
1786448940,0.57471,0.5749,0.57458,0.57486,88
1786449000,0.57486,0.57535,0.57467,0.57526,81
1786449060,0.57515,0.5752,0.57494,0.5752,84
1786449120,0.5752,0.57537,0.57505,0.57534,76
1786449180,0.57534,0.5754,0.57511,0.5754,89
1786449240,0.5754,0.57557,0.5753,0.57534,81
1786449300,0.57534,0.57539,0.57479,0.57502,82
1786449360,0.57502,0.57516,0.57479,0.57516,70
1786449420,0.57516,0.57516,0.57459,0.57462,83
1786449480,0.57461,0.57461,0.57401,0.57407,77
1786449540,0.57407,0.57412,0.57375,0.5741,89
1786449600,0.5741,0.5741,0.57377,0.57379,71
1786449660,0.57379,0.57388,0.5735,0.57352,82
1786449720,0.57351,0.57391,0.57351,0.57385,88
1786449780,0.57386,0.57406,0.5738,0.57402,78
1786449840,0.57399,0.5742,0.57385,0.57413,87
1786449900,0.57413,0.57424,0.57404,0.57408,81
1786449960,0.57404,0.57416,0.57384,0.57384,82
1786450020,0.57384,0.57395,0.57369,0.57369,72
1786450080,0.57369,0.57369,0.57336,0.57342,75
1786450140,0.57342,0.57369,0.57333,0.57359,86
1786450200,0.57359,0.57391,0.57355,0.57382,77
1786450260,0.57382,0.57419,0.57374,0.57416,88
1786450320,0.57416,0.57444,0.57416,0.57435,80
1786450380,0.57433,0.57444,0.57414,0.57434,79
1786450440,0.57434,0.57434,0.57409,0.57424,74
1786450500,0.57424,0.57456,0.57421,0.57436,74
1786450560,0.57436,0.57457,0.57411,0.57453,85
1786450620,0.57453,0.57476,0.57446,0.57456,73
1786450680,0.57455,0.5748,0.57453,0.57477,77
1786450740,0.57478,0.57513,0.5747,0.57504,87
1786450800,0.57504,0.57515,0.57488,0.57492,76
1786450860,0.57491,0.57494,0.5744,0.57443,79
1786450920,0.57442,0.57455,0.57426,0.57446,76
1786450980,0.57446,0.57466,0.57432,0.57461,78
1786451040,0.57459,0.5749,0.57455,0.57479,75
1786451100,0.57479,0.57484,0.57453,0.57477,72
1786451160,0.57477,0.57502,0.57476,0.57486,74
1786451220,0.57486,0.57492,0.5747,0.57479,78
1786451280,0.57477,0.57485,0.57458,0.57465,77
1786451340,0.57463,0.57547,0.57463,0.57547,78
1786451400,0.57547,0.57551,0.57514,0.57518,78
1786451460,0.57518,0.57576,0.57517,0.57568,77
1786451520,0.57568,0.5758,0.57548,0.57575,82
1786451580,0.57575,0.57579,0.57547,0.57567,81
1786451640,0.57567,0.57578,0.57535,0.57539,74
1786451700,0.57539,0.5754,0.57516,0.57521,76
1786451760,0.57521,0.57521,0.57502,0.57504,73
1786451820,0.57504,0.57523,0.57498,0.57523,76
1786451880,0.57524,0.57538,0.57501,0.57518,81
1786451940,0.57517,0.57519,0.57489,0.57504,71
1786452000,0.57504,0.57524,0.57489,0.57501,77
1786452060,0.57501,0.57507,0.57461,0.57474,85
1786452120,0.57474,0.5751,0.57469,0.57508,82
1786452180,0.57508,0.57525,0.57498,0.57511,85
1786452240,0.57511,0.57511,0.57482,0.57507,79
1786452300,0.57507,0.5751,0.57487,0.57499,79
1786452360,0.57499,0.57499,0.57482,0.57489,81
1786452420,0.57489,0.57528,0.5748,0.57524,85
1786452480,0.57524,0.57569,0.57523,0.5756,83
1786452540,0.57557,0.57567,0.57508,0.57522,82
1786452600,0.57518,0.57532,0.57501,0.57513,84
1786452660,0.57513,0.57517,0.57497,0.57511,80
1786452720,0.57512,0.57525,0.57485,0.57491,70
1786452780,0.57491,0.57496,0.5747,0.57489,78
1786452840,0.57491,0.57517,0.5749,0.57504,78
1786452900,0.57506,0.5755,0.57495,0.57546,80
1786452960,0.57547,0.57583,0.57547,0.57552,80
1786453020,0.5755,0.57588,0.57547,0.57588,81
1786453080,0.57588,0.57596,0.57569,0.57582,78
1786453140,0.57582,0.57601,0.57578,0.57595,81
1786453200,0.57595,0.57597,0.57569,0.57583,83
1786453260,0.57583,0.57618,0.57583,0.57592,82
1786453320,0.57592,0.57599,0.57574,0.57588,76
1786453380,0.57588,0.57603,0.57543,0.57573,80
1786453440,0.57573,0.57583,0.5756,0.57582,85
1786453500,0.57581,0.57583,0.57557,0.57568,85
1786453560,0.57568,0.57569,0.57508,0.57508,73
1786453620,0.57508,0.5751,0.57473,0.57508,84
1786453680,0.57508,0.57549,0.57498,0.57549,84
1786453740,0.57548,0.57548,0.57489,0.57489,82
1786453800,0.57485,0.57486,0.57444,0.57444,79
1786453860,0.57444,0.57449,0.57418,0.57426,78
1786453920,0.57426,0.57448,0.57426,0.5744,77
1786453980,0.57443,0.57468,0.57438,0.57464,75
1786454040,0.57466,0.57466,0.5742,0.57428,89
1786454100,0.57428,0.5745,0.5741,0.57448,85
1786454160,0.57448,0.57454,0.5742,0.57421,79
1786454220,0.57421,0.5746,0.57417,0.57449,80
1786454280,0.57449,0.57469,0.57446,0.57458,92
1786454340,0.57458,0.57475,0.57457,0.57464,84
1786454400,0.5746,0.57477,0.57451,0.57452,80
1786454460,0.57452,0.57463,0.57439,0.57452,89
1786454520,0.57454,0.57462,0.5742,0.57425,82
1786454580,0.57425,0.5747,0.57417,0.57459,85
1786454640,0.57458,0.5747,0.57448,0.57448,82
1786454700,0.57454,0.57467,0.57427,0.57427,83
1786454760,0.57423,0.57424,0.57371,0.574,85
1786454820,0.574,0.57402,0.57378,0.57381,87
1786454880,0.57388,0.57418,0.57382,0.57418,81
1786454940,0.57385,0.57385,0.57385,0.57385,2
1786455000,0.57383,0.57395,0.57364,0.5738,139
1786455060,0.5738,0.57426,0.57374,0.57421,131
1786455120,0.57421,0.57432,0.57411,0.5743,139
1786455180,0.5743,0.57448,0.57416,0.57423,142
1786455240,0.57422,0.57444,0.5742,0.57429,145
1786455300,0.57429,0.57455,0.57415,0.57443,145
