time,open,high,low,close,ticks
1786193700,111.372,111.442,111.371,111.402,78
1786193760,111.402,111.428,111.384,111.41,74
1786193820,111.41,111.451,111.401,111.427,76
1786193880,111.427,111.489,111.419,111.471,72
1786193940,111.474,111.492,111.453,111.469,85
1786194000,111.469,111.503,111.443,111.48,82
1786194060,111.48,111.513,111.462,111.462,82
1786194120,111.462,111.517,111.447,111.515,78
1786194180,111.515,111.576,111.501,111.564,77
1786194240,111.564,111.63,111.552,111.623,78
1786194300,111.623,111.648,111.587,111.617,83
1786194360,111.623,111.638,111.54,111.54,82
1786194420,111.537,111.568,111.527,111.54,87
1786194480,111.544,111.554,111.507,111.515,89
1786194540,111.515,111.538,111.5,111.518,83
1786194600,111.512,111.518,111.475,111.488,74
1786194660,111.491,111.491,111.428,111.432,87
1786194720,111.427,111.466,111.397,111.466,89
1786194780,111.471,111.496,111.416,111.419,82
1786194840,111.419,111.465,111.412,111.435,85
1786194900,111.426,111.431,111.353,111.353,84
1786194960,111.356,111.458,111.356,111.427,80
1786195020,111.427,111.457,111.415,111.436,88
1786195080,111.436,111.439,111.375,111.375,85
1786195140,111.375,111.375,111.332,111.357,72
1786195200,111.357,111.357,111.295,111.334,82
1786195260,111.334,111.395,111.327,111.385,79
1786195320,111.38,111.415,111.367,111.379,68
1786195380,111.375,111.391,111.34,111.359,80
1786195440,111.359,111.421,111.35,111.398,75
1786195500,111.4,111.4,111.337,111.374,89
1786195560,111.374,111.392,111.35,111.376,76
1786195620,111.376,111.414,111.337,111.414,76
1786195680,111.411,111.477,111.391,111.477,91
1786195740,111.477,111.523,111.474,111.514,80
1786195800,111.514,111.539,111.456,111.518,86
1786195860,111.518,111.547,111.518,111.528,78
1786195920,111.528,111.603,111.518,111.599,80
1786195980,111.603,111.647,111.59,111.64,79
1786196040,111.64,111.716,111.64,111.703,79
1786196100,111.703,111.734,111.67,111.709,79
1786196160,111.709,111.752,111.691,111.721,86
1786196220,111.721,111.751,111.711,111.715,73
1786196280,111.715,111.778,111.711,111.731,68
1786196340,111.736,111.744,111.704,111.704,80
1786196400,111.704,111.751,111.702,111.718,68
1786196460,111.715,111.742,111.664,111.681,79
1786196520,111.681,111.721,111.65,111.721,81
1786196580,111.718,111.794,111.715,111.776,73
1786196640,111.776,111.81,111.749,111.755,83
1786196700,111.753,111.755,111.714,111.718,76
1786196760,111.718,111.734,111.673,111.684,81
1786196820,111.679,111.756,111.679,111.73,85
1786196880,111.73,111.756,111.683,111.693,84
1786196940,111.693,111.727,111.69,111.707,72
1786197000,111.707,111.802,111.707,111.802,75
1786197060,111.8,111.806,111.761,111.776,86
1786197120,111.776,111.857,111.776,111.848,81
1786197180,111.848,111.938,111.848,111.93,77
1786197240,111.93,111.95,111.919,111.929,79
1786197300,111.926,111.976,111.914,111.975,71
1786197360,111.975,112.027,111.975,112.021,78
1786197420,112.021,112.034,111.964,112.011,76
1786197480,112.011,112.011,111.964,111.968,86
1786197540,111.968,111.997,111.935,111.995,79
1786197600,111.995,111.995,111.906,111.913,84
1786197660,111.917,111.917,111.874,111.896,74
1786197720,111.898,111.926,111.849,111.854,76
1786197780,111.852,111.877,111.824,111.835,79
1786197840,111.828,111.834,111.763,111.769,80
1786197900,111.766,111.781,111.727,111.732,87
1786197960,111.732,111.74,111.647,111.651,83
1786198020,111.651,111.656,111.5,111.509,77
1786198080,111.511,111.533,111.498,111.505,72
1786198140,111.505,111.518,111.476,111.496,78
1786198200,111.496,111.562,111.488,111.562,74
1786198260,111.562,111.667,111.56,111.667,76
1786198320,111.667,111.699,111.661,111.663,80
1786198380,111.663,111.706,111.657,111.687,84
1786198440,111.687,111.731,111.682,111.689,88
1786198500,111.689,111.719,111.635,111.654,85
1786198560,111.645,111.649,111.606,111.625,85
1786198620,111.629,111.629,111.537,111.537,74
1786198680,111.535,111.546,111.436,111.462,79
1786198740,111.459,111.496,111.431,111.492,80
1786198800,111.489,111.588,111.487,111.588,71
1786198860,111.585,111.63,111.561,111.568,84
1786198920,111.568,111.63,111.559,111.629,69
1786198980,111.633,111.645,111.612,111.628,76
1786199040,111.628,111.677,111.591,111.675,81
1786199100,111.672,111.736,111.672,111.704,75
1786199160,111.704,111.707,111.666,111.69,70
1786199220,111.69,111.742,111.675,111.725,73
1786199280,111.725,111.766,111.719,111.758,76
1786199340,111.769,111.773,111.726,111.727,85
1786199400,111.727,111.76,111.726,111.732,75
1786199460,111.732,111.752,111.665,111.691,73
1786199520,111.691,111.696,111.641,111.642,78
1786199580,111.642,111.689,111.642,111.686,74
1786199640,111.686,111.694,111.611,111.611,80
1786199700,111.606,111.62,111.571,111.601,71
1786199760,111.601,111.609,111.526,111.537,88
1786199820,111.537,111.578,111.529,111.548,77
1786199880,111.548,111.597,111.539,111.581,72
1786199940,111.586,111.608,111.574,111.58,80
1786200000,111.58,111.606,111.58,111.606,77
1786200060,111.606,111.654,111.581,111.645,84
1786200120,111.645,111.681,111.645,111.648,78
1786200180,111.648,111.69,111.64,111.682,86
1786200240,111.682,111.774,111.677,111.774,81
1786200300,111.774,111.789,111.747,111.769,78
1786200360,111.769,111.781,111.749,111.768,91
1786200420,111.768,111.77,111.686,111.705,82
1786200480,111.705,111.719,111.682,111.689,88
1786200540,111.689,111.699,111.662,111.668,72
1786200600,111.668,111.668,111.6,111.636,76
1786200660,111.636,111.658,111.6,111.622,75
1786200720,111.618,111.642,111.547,111.563,81
1786200780,111.556,111.58,111.542,111.547,79
1786200840,111.549,111.621,111.537,111.616,81
1786200900,111.616,111.66,111.576,111.59,78
1786200960,111.586,111.604,111.551,111.561,77
1786201020,111.564,111.567,111.523,111.523,79
1786201080,111.53,111.54,111.508,111.538,72
1786201140,111.542,111.557,111.461,111.461,82
1786201200,111.468,111.515,111.468,111.512,77
1786201260,111.512,111.541,111.505,111.505,81
1786201320,111.505,111.538,111.474,111.497,79
1786201380,111.497,111.499,111.431,111.448,83
1786201440,111.448,111.449,111.398,111.421,70
1786201500,111.421,111.447,111.394,111.427,82
1786201560,111.427,111.458,111.408,111.408,82
1786201620,111.408,111.408,111.363,111.399,79
1786201680,111.406,111.426,111.337,111.353,70
1786201740,111.355,111.361,111.331,111.333,80
1786201800,111.333,111.338,111.277,111.327,83
1786201860,111.332,111.383,111.322,111.38,79
1786201920,111.38,111.389,111.36,111.383,85
1786201980,111.366,111.391,111.342,111.369,80
1786202040,111.372,111.454,111.368,111.454,78
1786202100,111.454,111.499,111.443,111.489,82
1786202160,111.492,111.494,111.427,111.439,79
1786202220,111.439,111.476,111.438,111.471,77
1786202280,111.471,111.557,111.461,111.529,81
1786202340,111.529,111.552,111.492,111.544,84
1786202400,111.544,111.544,111.496,111.515,80
1786202460,111.515,111.517,111.475,111.475,87
1786202520,111.475,111.508,111.427,111.427,84
1786202580,111.427,111.502,111.418,111.502,87
1786202640,111.502,111.586,111.502,111.58,83
1786202700,111.58,111.592,111.503,111.533,88
1786202760,111.535,111.571,111.518,111.525,83
1786202820,111.528,111.55,111.506,111.514,83
1786202880,111.511,111.565,111.509,111.521,82
1786202940,111.521,111.521,111.424,111.431,78
1786203000,111.428,111.444,111.388,111.394,75
1786203060,111.396,111.414,111.381,111.411,73
1786203120,111.407,111.421,111.365,111.373,71
1786203180,111.372,111.416,111.367,111.409,85
1786203240,111.409,111.443,111.388,111.43,80
1786203300,111.43,111.43,111.383,111.413,87
1786203360,111.411,111.422,111.391,111.404,73
1786203420,111.404,111.411,111.344,111.384,84
1786203480,111.384,111.442,111.373,111.425,88
1786203540,111.425,111.472,111.406,111.437,81
1786203600,111.437,111.437,111.377,111.38,77
1786203660,111.38,111.441,111.38,111.416,78
1786203720,111.428,111.428,111.386,111.389,78
1786203780,111.389,111.426,111.352,111.368,66
1786203840,111.368,111.438,111.364,111.407,75
1786203900,111.407,111.413,111.377,111.399,79
1786203960,111.396,111.418,111.366,111.388,83
1786204020,111.388,111.422,111.372,111.387,74
1786204080,111.39,111.431,111.39,111.404,86
1786204140,111.408,111.439,111.394,111.425,81
1786204200,111.425,111.428,111.361,111.379,85
1786204260,111.379,111.416,111.353,111.378,78
1786204320,111.378,111.409,111.364,111.409,85
1786204380,111.419,111.512,111.413,111.501,71
1786204440,111.501,111.529,111.475,111.529,81
1786204500,111.529,111.598,111.484,111.598,78
1786204560,111.598,111.605,111.552,111.585,86
1786204620,111.585,111.63,111.579,111.607,74
1786204680,111.607,111.613,111.508,111.513,74
1786204740,111.511,111.562,111.508,111.537,84
1786204800,111.54,111.562,111.496,111.508,87
1786204860,111.508,111.547,111.482,111.526,80
1786204920,111.526,111.612,111.525,111.578,75
1786204980,111.581,111.613,111.553,111.607,84
1786205040,111.607,111.639,111.601,111.626,76
1786205100,111.626,111.684,111.613,111.671,66
1786205160,111.667,111.707,111.634,111.696,80
1786205220,111.701,111.717,111.667,111.7,78
1786205280,111.7,111.7,111.563,111.586,81
1786205340,111.595,111.637,111.578,111.578,80
1786205400,111.578,111.605,111.564,111.605,70
1786205460,111.605,111.629,111.582,111.582,79
1786205520,111.582,111.611,111.54,111.54,93
1786205580,111.54,111.57,111.527,111.532,88
1786205640,111.532,111.603,111.51,111.583,77
1786205700,111.578,111.585,111.524,111.532,70
1786205760,111.554,111.559,111.515,111.536,80
1786205820,111.533,111.587,111.519,111.577,86
1786205880,111.58,111.583,111.552,111.554,79
1786205940,111.557,111.562,111.503,111.513,86
1786206000,111.513,111.513,111.457,111.471,77
1786206060,111.468,111.498,111.432,111.445,84
1786206120,111.447,111.502,111.437,111.492,80
1786206180,111.487,111.502,111.448,111.448,74
1786206240,111.448,111.482,111.402,111.406,85
1786206300,111.406,111.465,111.404,111.437,82
1786206360,111.435,111.44,111.385,111.421,82
1786206420,111.421,111.437,111.407,111.431,87
1786206480,111.431,111.447,111.342,111.374,82
1786206540,111.374,111.403,111.322,111.338,74
1786206600,111.338,111.353,111.255,111.318,82
1786206660,111.318,111.347,111.292,111.344,83
1786206720,111.344,111.344,111.28,111.28,86
1786206780,111.282,111.358,111.273,111.335,81
1786206840,111.338,111.404,111.333,111.398,75
1786206900,111.398,111.411,111.354,111.371,68
1786206960,111.363,111.442,111.36,111.408,79
1786207020,111.405,111.457,111.405,111.439,84
1786207080,111.439,111.468,111.419,111.427,80
1786207140,111.43,111.458,111.385,111.42,79
1786207200,111.423,111.507,111.416,111.478,76
1786207260,111.483,111.499,111.454,111.47,83
1786207320,111.47,111.525,111.45,111.522,71
1786207380,111.518,111.518,111.466,111.474,88
1786207440,111.476,111.486,111.445,111.458,84
1786207500,111.458,111.502,111.449,111.457,80
1786207560,111.457,111.468,111.407,111.451,80
1786207620,111.451,111.462,111.412,111.426,79
1786207680,111.426,111.471,111.405,111.411,86
1786207740,111.411,111.425,111.352,111.372,77
1786207800,111.372,111.373,111.312,111.32,81
1786207860,111.32,111.351,111.306,111.317,83
1786207920,111.32,111.377,111.314,111.345,76
1786207980,111.343,111.384,111.326,111.35,92
1786208040,111.35,111.364,111.321,111.363,79
1786208100,111.361,111.401,111.339,111.385,85
1786208160,111.395,111.419,111.385,111.417,77
1786208220,111.412,111.453,111.406,111.441,66
1786208280,111.441,111.474,111.423,111.458,78
1786208340,111.458,111.523,111.456,111.484,78
1786208400,111.484,111.557,111.481,111.527,78
1786208460,111.524,111.524,111.459,111.47,81
1786208520,111.47,111.487,111.408,111.478,81
1786208580,111.478,111.509,111.454,111.509,77
1786208640,111.509,111.544,111.483,111.523,77
1786208700,111.523,111.567,111.513,111.521,76
1786208760,111.521,111.531,111.452,111.483,78
1786208820,111.483,111.499,111.468,111.479,74
1786208880,111.479,111.479,111.412,111.412,72
1786208940,111.412,111.425,111.395,111.399,84
1786209000,111.399,111.437,111.395,111.414,74
1786209060,111.418,111.425,111.377,111.377,85
1786209120,111.372,111.389,111.355,111.383,79
1786209180,111.383,111.4,111.344,111.357,81
1786209240,111.357,111.362,111.305,111.331,88
1786209300,111.328,111.334,111.274,111.291,76
1786209360,111.291,111.291,111.236,111.27,76
1786209420,111.27,111.289,111.218,111.268,76
1786209480,111.266,111.27,111.195,111.201,80
1786209540,111.201,111.245,111.201,111.222,92
1786209600,111.222,111.294,111.222,111.292,71
1786209660,111.292,111.296,111.248,111.271,81
1786209720,111.271,111.278,111.213,111.235,82
1786209780,111.233,111.235,111.176,111.203,84
1786209840,111.201,111.229,111.201,111.218,85
1786209900,111.218,111.296,111.187,111.27,87
1786209960,111.27,111.277,111.228,111.23,73
1786210020,111.23,111.238,111.175,111.187,80
1786210080,111.176,111.212,111.165,111.168,85
1786210140,111.168,111.214,111.148,111.208,84
1786210200,111.21,111.243,111.196,111.219,80
1786210260,111.219,111.314,111.214,111.296,85
1786210320,111.293,111.347,111.247,111.273,81
1786210380,111.273,111.274,111.241,111.263,71
1786210440,111.269,111.287,111.213,111.216,80
1786210500,111.216,111.222,111.19,111.197,75
1786210560,111.197,111.25,111.194,111.243,77
1786210620,111.243,111.259,111.213,111.231,68
1786210680,111.231,111.231,111.198,111.199,73
1786210740,111.201,111.26,111.193,111.22,87
1786210800,111.22,111.28,111.22,111.235,80
1786210860,111.239,111.267,111.189,111.203,80
1786210920,111.203,111.267,111.201,111.255,81
1786210980,111.255,111.319,111.24,111.311,81
1786211040,111.311,111.321,111.257,111.263,68
1786211100,111.266,111.305,111.264,111.303,88
1786211160,111.305,111.306,111.259,111.275,84
1786211220,111.275,111.296,111.26,111.282,78
1786211280,111.285,111.285,111.217,111.24,78
1786211340,111.24,111.256,111.197,111.202,72
1786211400,111.2,111.268,111.186,111.268,82
1786211460,111.265,111.265,111.185,111.19,67
1786211520,111.194,111.215,111.169,111.171,85
1786211580,111.171,111.218,111.171,111.201,81
1786211640,111.201,111.214,111.148,111.151,70
1786211700,111.151,111.151,111.079,111.085,78
1786211760,111.082,111.147,111.079,111.123,88
1786211820,111.123,111.158,111.118,111.123,84
1786211880,111.123,111.174,111.113,111.174,82
1786211940,111.174,111.242,111.168,111.232,83
1786212000,111.232,111.309,111.221,111.306,84
1786212060,111.306,111.394,111.306,111.38,79
1786212120,111.38,111.397,111.366,111.388,73
1786212180,111.388,111.409,111.367,111.409,83
1786212240,111.414,111.423,111.379,111.379,77
1786212300,111.375,111.375,111.316,111.316,73
1786212360,111.321,111.375,111.312,111.363,81
1786212420,111.363,111.393,111.344,111.39,72
1786212480,111.39,111.402,111.349,111.363,82
1786212540,111.363,111.425,111.358,111.383,76
1786212600,111.386,111.386,111.324,111.347,78
1786212660,111.347,111.359,111.331,111.335,79
1786212720,111.335,111.392,111.312,111.383,75
1786212780,111.383,111.454,111.374,111.446,74
1786212840,111.446,111.468,111.392,111.392,85
1786212900,111.392,111.424,111.349,111.351,81
1786212960,111.351,111.362,111.319,111.336,82
1786213020,111.344,111.344,111.263,111.29,85
1786213080,111.285,111.356,111.28,111.356,85
1786213140,111.359,111.414,111.35,111.359,85
1786213200,111.364,111.389,111.315,111.316,82
1786213260,111.316,111.335,111.281,111.326,82
1786213320,111.331,111.397,111.323,111.327,88
1786213380,111.327,111.347,111.301,111.347,86
1786213440,111.347,111.351,111.308,111.315,77
1786213500,111.315,111.352,111.295,111.297,76
1786213560,111.297,111.317,111.223,111.233,84
1786213620,111.231,111.263,111.217,111.25,77
1786213680,111.27,111.307,111.263,111.288,83
1786213740,111.287,111.309,111.221,111.242,82
1786213800,111.242,111.252,111.224,111.228,74
1786213860,111.228,111.259,111.223,111.259,75
1786213920,111.259,111.261,111.194,111.218,84
1786213980,111.218,111.222,111.192,111.201,74
1786214040,111.201,111.258,111.196,111.257,80
1786214100,111.257,111.269,111.234,111.258,71
1786214160,111.26,111.321,111.25,111.32,78
1786214220,111.325,111.374,111.305,111.365,82
1786214280,111.365,111.375,111.34,111.358,81
1786214340,111.358,111.358,111.308,111.326,83
1786214400,111.326,111.345,111.296,111.296,78
1786214460,111.293,111.302,111.206,111.206,74
1786214520,111.203,111.225,111.189,111.223,80
1786214580,111.231,111.254,111.216,111.248,84
1786214640,111.248,111.248,111.191,111.193,75
1786214700,111.193,111.199,111.17,111.17,81
1786214760,111.173,111.251,111.144,111.251,87
1786214820,111.251,111.291,111.249,111.269,70
1786214880,111.269,111.289,111.26,111.287,80
1786214940,111.287,111.287,111.215,111.237,87
1786215000,111.237,111.247,111.181,111.184,89
1786215060,111.186,111.186,111.121,111.121,79
1786215120,111.121,111.143,111.071,111.09,73
1786215180,111.086,111.107,111.062,111.077,86
1786215240,111.077,111.088,111.026,111.035,90
1786215300,111.035,111.037,110.966,110.966,83
1786215360,110.972,111.038,110.968,111.021,82
1786215420,111.021,111.075,111.021,111.052,77
1786215480,111.054,111.11,111.054,111.11,83
1786215540,111.108,111.169,111.103,111.139,83
1786215600,111.139,111.178,111.065,111.068,79
1786215660,111.078,111.093,111.039,111.039,88
1786215720,111.039,111.04,111.009,111.024,80
1786215780,111.028,111.072,111.005,111.062,82
1786215840,111.062,111.08,111.035,111.051,84
1786215900,111.051,111.078,111.042,111.051,72
1786215960,111.051,111.072,111.031,111.058,73
1786216020,111.056,111.069,111.024,111.028,77
1786216080,111.026,111.046,111.013,111.016,75
1786216140,111.016,111.106,111.01,111.082,70
1786216200,111.082,111.133,111.061,111.133,73
1786216260,111.133,111.133,111.074,111.092,81
1786216320,111.092,111.132,111.082,111.127,83
1786216380,111.118,111.168,111.104,111.151,83
1786216440,111.145,111.164,111.101,111.151,86
1786216500,111.154,111.154,111.092,111.1,74
1786216560,111.098,111.126,111.092,111.118,68
1786216620,111.12,111.13,111.089,111.116,85
1786216680,111.116,111.164,111.113,111.143,77
1786216740,111.166,111.23,111.162,111.23,84
1786216800,111.23,111.258,111.194,111.221,75
1786216860,111.221,111.236,111.174,111.192,75
1786216920,111.192,111.21,111.171,111.2,83
1786216980,111.2,111.234,111.177,111.219,71
1786217040,111.219,111.23,111.198,111.222,83
1786217100,111.222,111.251,111.168,111.173,77
1786217160,111.173,111.193,111.163,111.18,86
1786217220,111.18,111.226,111.159,111.226,83
1786217280,111.226,111.273,111.226,111.258,76
1786217340,111.254,111.286,111.239,111.259,74
1786217400,111.254,111.282,111.224,111.236,76
1786217460,111.229,111.26,111.197,111.211,79
1786217520,111.207,111.21,111.127,111.127,82
1786217580,111.127,111.185,111.127,111.185,78
1786217640,111.182,111.191,111.118,111.15,83
1786217700,111.147,111.162,111.084,111.086,83
1786217760,111.086,111.098,111.051,111.066,77
1786217820,111.066,111.127,111.063,111.065,83
1786217880,111.065,111.118,111.049,111.093,77
1786217940,111.093,111.126,111.034,111.034,87
1786218000,111.034,111.059,111.014,111.018,79
1786218060,111.018,111.033,110.964,110.97,83
1786218120,110.97,110.994,110.953,110.99,82
1786218180,110.99,110.99,110.902,110.904,81
1786218240,110.9,110.9,110.811,110.831,84
1786218300,110.831,110.88,110.82,110.858,75
1786218360,110.858,110.865,110.823,110.828,68
1786218420,110.828,110.828,110.758,110.762,78
1786218480,110.762,110.819,110.749,110.819,87
1786218540,110.819,110.824,110.773,110.773,69
1786218600,110.773,110.813,110.768,110.811,71
1786218660,110.813,110.876,110.813,110.874,71
1786218720,110.874,110.875,110.83,110.849,78
1786218780,110.852,110.856,110.767,110.783,86
1786218840,110.783,110.791,110.747,110.758,82
1786218900,110.758,110.787,110.741,110.772,86
1786218960,110.772,110.791,110.749,110.791,77
1786219020,110.791,110.81,110.764,110.773,84
1786219080,110.771,110.773,110.721,110.738,80
1786219140,110.738,110.738,110.699,110.702,78
1786219200,110.702,110.743,110.676,110.731,84
1786219260,110.731,110.759,110.703,110.726,79
1786219320,110.726,110.763,110.693,110.763,80
1786219380,110.763,110.811,110.761,110.787,80
1786219440,110.783,110.785,110.695,110.695,82
1786219500,110.695,110.729,110.686,110.689,79
1786219560,110.689,110.689,110.596,110.633,75
1786219620,110.638,110.657,110.586,110.589,70
1786219680,110.587,110.6,110.532,110.532,71
1786219740,110.544,110.566,110.51,110.543,79
1786219800,110.543,110.551,110.519,110.535,70
1786219860,110.538,110.588,110.531,110.567,83
1786219920,110.567,110.584,110.551,110.577,69
1786219980,110.577,110.612,110.542,110.573,87
1786220040,110.573,110.613,110.569,110.582,87
1786220100,110.582,110.59,110.517,110.526,89
1786220160,110.526,110.548,110.51,110.526,77
1786220220,110.526,110.539,110.486,110.539,80
1786220280,110.539,110.56,110.483,110.496,80
1786220340,110.498,110.498,110.412,110.468,76
1786220400,110.474,110.493,110.428,110.443,80
1786220460,110.446,110.459,110.406,110.418,79
1786220520,110.426,110.446,110.394,110.446,84
1786220580,110.446,110.446,110.37,110.37,86
1786220640,110.37,110.375,110.248,110.249,76
1786220700,110.247,110.247,110.195,110.236,89
1786220760,110.234,110.264,110.186,110.186,79
1786220820,110.183,110.216,110.167,110.178,88
1786220880,110.176,110.188,110.143,110.145,80
1786220940,110.147,110.196,110.139,110.185,81
1786221000,110.185,110.185,110.092,110.092,91
1786221060,110.092,110.125,110.076,110.12,88
1786221120,110.12,110.19,110.106,110.175,90
1786221180,110.175,110.177,110.061,110.077,79
1786221240,110.077,110.121,110.061,110.116,81
1786221300,110.116,110.13,110.086,110.118,85
1786221360,110.12,110.177,110.104,110.175,86
1786221420,110.179,110.224,110.157,110.157,79
1786221480,110.157,110.204,110.133,110.17,82
1786221540,110.17,110.192,110.142,110.168,86
1786221600,110.168,110.225,110.168,110.225,74
1786221660,110.225,110.307,110.225,110.289,85
1786221720,110.287,110.287,110.231,110.233,73
1786221780,110.236,110.241,110.195,110.221,76
1786221840,110.217,110.237,110.207,110.228,70
1786221900,110.225,110.261,110.209,110.261,88
1786221960,110.254,110.277,110.237,110.244,77
1786222020,110.246,110.291,110.243,110.279,88
1786222080,110.283,110.318,110.264,110.301,86
1786222140,110.301,110.33,110.285,110.289,81
1786222200,110.289,110.289,110.227,110.251,81
1786222260,110.251,110.27,110.173,110.209,76
1786222320,110.215,110.255,110.209,110.245,87
1786222380,110.245,110.25,110.192,110.208,85
1786222440,110.208,110.235,110.202,110.215,78
1786222500,110.215,110.215,110.164,110.164,74
1786222560,110.164,110.164,110.115,110.142,75
1786222620,110.142,110.146,110.073,110.115,84
1786222680,110.113,110.136,110.082,110.09,80
1786222740,110.093,110.15,110.069,110.146,72
1786222800,110.148,110.188,110.108,110.117,82
1786222860,110.117,110.159,110.117,110.123,80
1786222920,110.126,110.135,110.06,110.091,87
1786222980,110.093,110.093,110.016,110.062,84
1786223040,110.064,110.101,110.05,110.09,84
1786223100,110.09,110.11,110.071,110.1,69
1786223160,110.1,110.109,110.064,110.064,78
1786223220,110.064,110.089,110.03,110.03,77
1786223280,110.03,110.052,110.0,110.003,77
1786223340,110.003,110.003,109.927,109.927,86
1786223400,109.927,110.008,109.924,110.008,72
1786223460,110.008,110.018,109.915,109.915,81
1786223520,109.915,110.008,109.915,110.004,80
1786223580,110.004,110.03,109.992,110.016,77
1786223640,110.016,110.063,110.016,110.06,83
1786223700,110.06,110.077,110.02,110.026,91
1786223760,110.026,110.08,110.026,110.042,74
1786223820,110.042,110.128,110.042,110.124,80
1786223880,110.126,110.186,110.126,110.175,73
1786223940,110.172,110.197,110.161,110.161,81
1786224000,110.161,110.186,110.144,110.145,84
1786224060,110.145,110.168,110.128,110.155,85
1786224120,110.166,110.186,110.151,110.184,76
1786224180,110.18,110.199,110.139,110.139,79
1786224240,110.139,110.178,110.109,110.132,70
1786224300,110.132,110.166,110.121,110.134,81
1786224360,110.132,110.204,110.123,110.19,88
1786224420,110.19,110.199,110.123,110.185,78
1786224480,110.182,110.206,110.161,110.185,81
1786224540,110.185,110.187,110.129,110.144,83
1786224600,110.144,110.146,110.071,110.083,86
1786224660,110.083,110.083,110.032,110.032,72
1786224720,110.032,110.149,110.032,110.134,93
1786224780,110.134,110.212,110.118,110.212,80
1786224840,110.22,110.251,110.173,110.173,77
1786224900,110.175,110.239,110.165,110.218,80
1786224960,110.218,110.228,110.158,110.19,87
1786225020,110.188,110.215,110.183,110.199,75
1786225080,110.199,110.203,110.146,110.146,77
1786225140,110.149,110.189,110.135,110.14,78
1786225200,110.144,110.158,110.121,110.152,73
1786225260,110.148,110.198,110.144,110.191,79
1786225320,110.191,110.208,110.174,110.2,81
1786225380,110.2,110.24,110.153,110.153,75
1786225440,110.155,110.176,110.132,110.144,80
1786225500,110.144,110.144,110.075,110.085,71
1786225560,110.085,110.097,110.02,110.042,82
1786225620,110.042,110.101,110.038,110.089,81
1786225680,110.089,110.111,110.065,110.086,78
1786225740,110.086,110.094,110.035,110.035,84
1786225800,110.038,110.045,109.999,110.039,80
1786225860,110.039,110.079,110.019,110.075,90
1786225920,110.075,110.088,110.033,110.033,76
1786225980,110.033,110.064,110.015,110.022,85
1786226040,110.025,110.11,110.02,110.11,80
1786226100,110.11,110.13,110.1,110.114,83
1786226160,110.114,110.114,110.07,110.082,71
1786226220,110.082,110.083,110.037,110.071,82
1786226280,110.068,110.114,110.056,110.1,78
1786226340,110.104,110.109,110.023,110.023,76
1786226400,110.019,110.027,109.993,110.0,74
1786226460,110.002,110.058,109.989,110.056,87
1786226520,110.056,110.113,110.041,110.109,78
1786226580,110.109,110.114,110.075,110.097,79
1786226640,110.097,110.115,110.061,110.061,73
1786226700,110.061,110.139,110.059,110.136,75
1786226760,110.136,110.149,110.058,110.079,75
1786226820,110.079,110.1,110.027,110.042,77
1786226880,110.042,110.088,110.032,110.088,87
1786226940,110.086,110.097,110.011,110.034,80
1786227000,110.031,110.04,109.994,110.02,69
1786227060,110.02,110.049,109.967,109.986,78
1786227120,109.989,110.006,109.971,109.976,86
1786227180,109.976,110.001,109.954,109.99,79
1786227240,109.995,110.082,109.99,110.061,84
1786227300,110.061,110.076,110.015,110.026,82
1786227360,110.026,110.067,110.026,110.064,78
1786227420,110.064,110.12,110.051,110.111,81
1786227480,110.113,110.126,110.071,110.126,82
1786227540,110.128,110.128,110.103,110.11,75
1786227600,110.11,110.141,110.106,110.126,84
1786227660,110.126,110.191,110.126,110.168,71
1786227720,110.168,110.201,110.167,110.18,83
1786227780,110.18,110.183,110.146,110.175,88
1786227840,110.166,110.166,110.12,110.122,83
1786227900,110.124,110.147,110.085,110.11,87
1786227960,110.113,110.18,110.102,110.18,80
1786228020,110.177,110.18,110.135,110.144,84
1786228080,110.141,110.183,110.125,110.137,80
1786228140,110.132,110.135,110.041,110.065,75
1786228200,110.065,110.122,110.046,110.046,76
1786228260,110.053,110.059,109.958,109.967,72
1786228320,109.962,109.968,109.887,109.913,80
1786228380,109.913,109.975,109.913,109.951,80
1786228440,109.947,109.986,109.928,109.958,77
1786228500,109.96,109.96,109.884,109.909,77
1786228560,109.909,109.909,109.812,109.84,73
1786228620,109.84,109.848,109.805,109.84,81
1786228680,109.84,109.886,109.84,109.858,82
1786228740,109.858,109.861,109.798,109.813,79
1786228800,109.813,109.813,109.734,109.797,81
1786228860,109.797,109.815,109.783,109.79,81
1786228920,109.79,109.826,109.78,109.825,85
1786228980,109.822,109.869,109.82,109.854,76
1786229040,109.859,109.866,109.838,109.858,76
1786229100,109.858,109.874,109.803,109.831,88
1786229160,109.837,109.857,109.797,109.828,76
1786229220,109.828,109.853,109.805,109.842,78
1786229280,109.842,109.86,109.812,109.818,88
1786229340,109.818,109.879,109.816,109.853,70
1786229400,109.853,109.915,109.837,109.914,79
1786229460,109.91,109.959,109.894,109.954,76
1786229520,109.954,110.003,109.95,109.95,83
1786229580,109.952,109.959,109.921,109.941,79
1786229640,109.941,109.977,109.929,109.977,90
1786229700,109.977,109.988,109.942,109.976,80
1786229760,109.976,109.977,109.909,109.909,86
1786229820,109.909,109.939,109.892,109.939,79
1786229880,109.939,109.96,109.909,109.95,80
1786229940,109.95,109.963,109.915,109.931,88
1786230000,109.934,109.957,109.915,109.932,79
1786230060,109.935,109.951,109.904,109.94,80
1786230120,109.94,109.949,109.901,109.927,77
1786230180,109.927,109.986,109.927,109.964,89
1786230240,109.964,109.966,109.902,109.902,85
1786230300,109.902,109.971,109.898,109.956,81
1786230360,109.959,110.011,109.954,109.995,80
1786230420,109.989,110.075,109.972,110.059,81
1786230480,110.059,110.09,110.044,110.044,78
1786230540,110.044,110.085,110.029,110.069,83
1786230600,110.066,110.091,110.047,110.09,79
1786230660,110.087,110.129,110.057,110.121,76
1786230720,110.116,110.149,110.101,110.149,76
1786230780,110.149,110.168,110.123,110.123,80
1786230840,110.123,110.123,110.049,110.063,79
1786230900,110.063,110.141,110.063,110.111,75
1786230960,110.111,110.136,110.09,110.113,79
1786231020,110.103,110.151,110.097,110.134,89
1786231080,110.134,110.142,110.054,110.082,74
1786231140,110.082,110.099,110.05,110.069,80
1786231200,110.069,110.094,110.049,110.064,82
1786231260,110.064,110.115,110.059,110.109,78
1786231320,110.109,110.111,110.07,110.072,79
1786231380,110.069,110.086,110.028,110.055,84
1786231440,110.049,110.079,110.021,110.064,79
1786231500,110.066,110.093,110.008,110.008,88
1786231560,110.008,110.03,109.981,110.019,75
1786231620,110.019,110.035,109.987,110.035,71
1786231680,110.033,110.073,110.007,110.009,79
1786231740,110.009,110.05,109.993,110.02,88
1786231800,110.023,110.047,109.999,110.04,72
1786231860,110.04,110.095,110.037,110.072,82
1786231920,110.072,110.095,110.003,110.003,81
1786231980,109.999,110.047,109.975,110.032,84
1786232040,110.032,110.036,109.992,110.002,79
1786232100,110.002,110.042,109.972,110.032,77
1786232160,110.032,110.052,110.008,110.018,77
1786232220,110.018,110.053,110.016,110.053,75
1786232280,110.053,110.104,110.013,110.102,83
1786232340,110.102,110.102,110.045,110.067,80
1786232400,110.067,110.082,110.042,110.061,72
1786232460,110.061,110.09,110.012,110.012,73
1786232520,110.018,110.04,109.989,110.002,80
1786232580,109.998,110.019,109.971,109.971,81
1786232640,109.976,109.99,109.952,109.963,79
1786232700,109.979,109.984,109.935,109.94,81
1786232760,109.935,109.967,109.919,109.963,82
1786232820,109.966,110.015,109.951,110.004,81
1786232880,110.026,110.039,110.006,110.006,77
1786232940,110.006,110.028,109.965,109.975,84
1786233000,109.975,109.983,109.917,109.956,73
1786233060,109.956,109.965,109.91,109.943,71
1786233120,109.943,110.01,109.94,109.993,87
1786233180,109.993,110.032,109.98,109.997,75
1786233240,109.997,110.013,109.919,109.923,87
1786233300,109.923,109.93,109.875,109.881,80
1786233360,109.881,109.909,109.862,109.883,79
1786233420,109.881,109.94,109.864,109.931,77
1786233480,109.933,109.959,109.92,109.928,79
1786233540,109.924,110.013,109.915,109.998,85
1786233600,109.998,110.045,109.986,110.001,80
1786233660,110.004,110.022,109.908,109.915,78
1786233720,109.918,109.954,109.915,109.939,72
1786233780,109.939,109.977,109.925,109.935,76
1786233840,109.938,110.022,109.923,110.018,79
1786233900,110.018,110.061,110.0,110.0,74
1786233960,110.0,110.051,109.993,110.034,76
1786234020,110.034,110.048,110.007,110.032,75
1786234080,110.032,110.032,109.998,110.007,67
1786234140,110.007,110.01,109.959,110.007,76
1786234200,110.007,110.028,109.982,109.982,77
1786234260,109.982,109.986,109.886,109.886,86
1786234320,109.886,109.944,109.877,109.939,85
1786234380,109.942,109.972,109.92,109.972,85
1786234440,109.972,109.983,109.942,109.954,90
1786234500,109.954,109.98,109.885,109.885,76
1786234560,109.887,109.946,109.887,109.946,82
1786234620,109.946,109.946,109.884,109.892,84
1786234680,109.896,109.959,109.888,109.959,80
1786234740,109.962,109.962,109.91,109.956,79
1786234800,109.956,109.989,109.934,109.945,84
1786234860,109.945,109.965,109.877,109.903,81
1786234920,109.905,109.907,109.847,109.866,82
1786234980,109.866,109.922,109.866,109.889,74
1786235040,109.886,109.901,109.841,109.841,78
1786235100,109.841,109.883,109.837,109.853,71
1786235160,109.853,109.924,109.853,109.913,78
1786235220,109.913,109.963,109.897,109.907,81
1786235280,109.907,109.99,109.899,109.942,83
1786235340,109.942,109.952,109.917,109.925,75
1786235400,109.93,109.932,109.882,109.928,84
1786235460,109.928,109.93,109.888,109.906,73
1786235520,109.906,109.906,109.826,109.851,78
1786235580,109.851,109.923,109.845,109.92,86
1786235640,109.92,109.921,109.864,109.876,79
1786235700,109.876,109.929,109.876,109.929,82
1786235760,109.927,109.929,109.876,109.91,69
1786235820,109.91,109.959,109.872,109.872,83
1786235880,109.872,109.905,109.859,109.886,77
1786235940,109.89,109.899,109.867,109.886,84
1786236000,109.884,109.901,109.835,109.847,82
1786236060,109.847,109.883,109.834,109.877,77
1786236120,109.881,109.905,109.867,109.879,85
1786236180,109.879,109.892,109.857,109.872,79
1786236240,109.872,109.951,109.871,109.938,78
1786236300,109.938,109.939,109.883,109.9,80
1786236360,109.9,109.945,109.893,109.934,76
1786236420,109.937,109.978,109.931,109.978,82
1786236480,109.975,109.997,109.942,109.97,88
1786236540,109.968,109.97,109.897,109.91,92
1786236600,109.907,109.929,109.897,109.924,73
1786236660,109.922,109.966,109.892,109.95,83
1786236720,109.95,109.987,109.932,109.987,81
1786236780,109.987,109.992,109.892,109.905,75
1786236840,109.905,109.905,109.812,109.814,91
1786236900,109.817,109.818,109.783,109.79,75
1786236960,109.788,109.81,109.767,109.767,82
1786237020,109.765,109.776,109.746,109.763,75
1786237080,109.76,109.782,109.737,109.739,82
1786237140,109.739,109.794,109.739,109.779,87
1786237200,109.779,109.796,109.72,109.73,81
1786237260,109.73,109.734,109.661,109.663,85
1786237320,109.663,109.725,109.641,109.725,84
1786237380,109.725,109.744,109.704,109.704,82
1786237440,109.709,109.716,109.661,109.669,89
1786237500,109.674,109.675,109.646,109.673,83
1786237560,109.685,109.705,109.64,109.654,66
1786237620,109.654,109.656,109.596,109.603,85
1786237680,109.603,109.624,109.598,109.621,76
1786237740,109.621,109.663,109.621,109.656,86
1786237800,109.647,109.66,109.599,109.599,78
1786237860,109.599,109.637,109.599,109.634,85
1786237920,109.634,109.655,109.614,109.655,80
1786237980,109.665,109.677,109.641,109.653,76
1786238040,109.653,109.653,109.614,109.639,78
1786238100,109.639,109.666,109.62,109.665,79
1786238160,109.662,109.677,109.632,109.67,82
1786238220,109.673,109.701,109.655,109.684,85
1786238280,109.684,109.713,109.671,109.69,79
1786238340,109.69,109.725,109.636,109.673,88
1786238400,109.673,109.681,109.622,109.675,90
1786238460,109.675,109.725,109.658,109.703,84
1786238520,109.699,109.708,109.633,109.637,92
1786238580,109.637,109.641,109.613,109.638,83
1786238640,109.638,109.658,109.621,109.646,85
1786238700,109.646,109.649,109.526,109.526,75
1786238760,109.526,109.552,109.494,109.498,77
1786238820,109.498,109.506,109.462,109.467,74
1786238880,109.471,109.471,109.424,109.456,87
1786238940,109.456,109.482,109.444,109.459,75
1786239000,109.459,109.464,109.38,109.406,72
1786239060,109.406,109.416,109.367,109.388,88
1786239120,109.388,109.388,109.361,109.377,87
1786239180,109.377,109.405,109.374,109.387,70
1786239240,109.385,109.408,109.37,109.388,73
1786239300,109.388,109.45,109.384,109.442,73
1786239360,109.442,109.442,109.384,109.395,82
1786239420,109.395,109.422,109.377,109.42,82
1786239480,109.42,109.47,109.42,109.42,79
1786239540,109.417,109.456,109.411,109.43,83
1786239600,109.43,109.481,109.413,109.48,75
1786239660,109.485,109.517,109.485,109.517,78
1786239720,109.517,109.589,109.511,109.589,75
1786239780,109.589,109.613,109.562,109.569,82
1786239840,109.569,109.578,109.513,109.53,79
1786239900,109.527,109.555,109.514,109.546,81
1786239960,109.546,109.596,109.543,109.564,84
1786240020,109.567,109.572,109.473,109.492,80
1786240080,109.489,109.523,109.457,109.523,79
1786240140,109.52,109.572,109.52,109.551,85
1786240200,109.551,109.577,109.533,109.573,76
1786240260,109.57,109.594,109.562,109.583,72
1786240320,109.573,109.576,109.523,109.55,79
1786240380,109.55,109.584,109.535,109.557,76
1786240440,109.561,109.573,109.49,109.508,85
1786240500,109.508,109.609,109.507,109.591,87
1786240560,109.591,109.648,109.578,109.627,77
1786240620,109.621,109.645,109.588,109.609,85
1786240680,109.609,109.694,109.601,109.691,85
1786240740,109.691,109.719,109.679,109.704,75
1786240800,109.704,109.738,109.694,109.732,72
1786240860,109.732,109.767,109.678,109.714,79
1786240920,109.714,109.734,109.684,109.692,79
1786240980,109.689,109.722,109.677,109.72,77
1786241040,109.72,109.777,109.714,109.777,84
1786241100,109.782,109.79,109.743,109.771,84
1786241160,109.769,109.799,109.765,109.768,78
1786241220,109.768,109.779,109.751,109.759,72
1786241280,109.756,109.784,109.718,109.779,82
1786241340,109.779,109.796,109.761,109.794,74
1786241400,109.794,109.816,109.772,109.776,76
1786241460,109.774,109.804,109.77,109.797,82
1786241520,109.8,109.806,109.774,109.791,85
1786241580,109.791,109.842,109.764,109.842,78
1786241640,109.842,109.843,109.792,109.819,74
1786241700,109.819,109.827,109.8,109.82,82
1786241760,109.82,109.833,109.786,109.818,75
1786241820,109.818,109.851,109.796,109.844,74
1786241880,109.844,109.884,109.84,109.875,85
1786241940,109.875,109.965,109.873,109.955,76
1786242000,109.956,110.019,109.942,109.997,80
1786242060,109.997,110.012,109.969,110.002,76
1786242120,110.004,110.047,110.002,110.008,71
1786242180,110.008,110.087,110.008,110.076,81
1786242240,110.079,110.147,110.077,110.135,67
1786242300,110.135,110.173,110.102,110.137,89
1786242360,110.14,110.16,110.118,110.146,69
1786242420,110.146,110.149,110.098,110.107,69
1786242480,110.107,110.182,110.095,110.166,83
1786242540,110.166,110.179,110.13,110.132,88
1786242600,110.136,110.178,110.101,110.101,85
1786242660,110.101,110.108,110.073,110.106,81
1786242720,110.106,110.123,110.09,110.112,82
1786242780,110.112,110.129,110.057,110.063,87
1786242840,110.063,110.069,109.978,109.986,83
1786242900,109.986,110.047,109.986,110.009,69
1786242960,110.009,110.034,109.998,110.014,84
1786243020,110.014,110.076,110.014,110.071,82
1786243080,110.071,110.173,110.067,110.173,84
1786243140,110.176,110.184,110.125,110.152,70
1786243200,110.152,110.207,110.118,110.207,86
1786243260,110.207,110.224,110.173,110.174,79
1786243320,110.177,110.222,110.161,110.161,73
1786243380,110.161,110.173,110.12,110.152,76
1786243440,110.148,110.152,110.112,110.128,85
1786243500,110.128,110.165,110.121,110.15,79
1786243560,110.153,110.208,110.142,110.196,84
1786243620,110.185,110.23,110.185,110.229,81
1786243680,110.229,110.23,110.188,110.218,77
1786243740,110.214,110.236,110.186,110.222,75
1786243800,110.222,110.255,110.199,110.213,77
1786243860,110.213,110.25,110.209,110.225,79
1786243920,110.225,110.259,110.215,110.25,88
1786243980,110.25,110.281,110.184,110.281,80
1786244040,110.281,110.281,110.224,110.244,85
1786244100,110.244,110.259,110.205,110.229,75
1786244160,110.233,110.292,110.222,110.281,83
1786244220,110.271,110.341,110.268,110.298,78
1786244280,110.3,110.3,110.251,110.262,79
1786244340,110.262,110.287,110.206,110.208,79
1786244400,110.21,110.279,110.21,110.255,81
1786244460,110.255,110.261,110.196,110.208,73
1786244520,110.208,110.23,110.155,110.227,81
1786244580,110.23,110.253,110.206,110.253,83
1786244640,110.253,110.262,110.214,110.216,74
1786244700,110.193,110.229,110.167,110.227,88
1786244760,110.227,110.227,110.153,110.163,86
1786244820,110.163,110.299,110.163,110.296,80
1786244880,110.296,110.325,110.272,110.325,80
1786244940,110.325,110.325,110.258,110.266,88
1786245000,110.257,110.27,110.239,110.257,84
1786245060,110.257,110.296,110.257,110.288,88
1786245120,110.285,110.324,110.276,110.32,79
1786245180,110.32,110.368,110.313,110.343,82
1786245240,110.343,110.344,110.279,110.279,81
1786245300,110.289,110.29,110.249,110.276,75
1786245360,110.278,110.28,110.201,110.214,77
1786245420,110.214,110.214,110.095,110.12,79
1786245480,110.127,110.127,110.097,110.113,76
1786245540,110.113,110.132,110.082,110.086,84
1786245600,110.079,110.151,110.078,110.15,88
1786245660,110.152,110.174,110.141,110.144,80
1786245720,110.137,110.176,110.131,110.167,72
1786245780,110.167,110.169,110.129,110.164,71
1786245840,110.164,110.226,110.162,110.215,83
1786245900,110.215,110.215,110.159,110.17,78
1786245960,110.17,110.183,110.128,110.153,84
1786246020,110.153,110.177,110.132,110.138,77
1786246080,110.138,110.193,110.117,110.186,80
1786246140,110.19,110.219,110.118,110.122,81
1786246200,110.122,110.132,110.063,110.1,80
1786246260,110.1,110.109,109.993,109.996,77
1786246320,109.993,109.993,109.949,109.958,71
1786246380,109.958,109.976,109.927,109.974,78
1786246440,109.977,110.024,109.956,109.964,81
1786246500,109.964,109.978,109.872,109.872,79
1786246560,109.874,109.883,109.834,109.865,80
1786246620,109.865,109.87,109.83,109.865,71
1786246680,109.87,109.882,109.841,109.864,79
1786246740,109.86,109.906,109.852,109.906,73
1786246800,109.914,109.945,109.907,109.935,73
1786246860,109.935,109.964,109.917,109.954,72
1786246920,109.954,109.985,109.927,109.975,82
1786246980,109.975,109.983,109.926,109.958,85
1786247040,109.962,110.011,109.951,109.988,78
1786247100,109.986,109.986,109.86,109.917,81
1786247160,109.912,109.935,109.886,109.934,81
1786247220,109.934,109.997,109.934,109.986,75
1786247280,109.986,110.031,109.98,110.02,74
1786247340,110.02,110.02,109.984,110.015,76
1786247400,110.018,110.029,109.989,109.994,75
1786247460,109.999,110.029,109.97,110.029,78
1786247520,110.029,110.124,110.027,110.121,77
1786247580,110.121,110.121,110.055,110.091,75
1786247640,110.088,110.14,110.083,110.138,87
1786247700,110.138,110.138,110.056,110.061,80
1786247760,110.067,110.074,110.027,110.063,83
1786247820,110.063,110.063,110.028,110.041,81
1786247880,110.043,110.045,110.004,110.021,69
1786247940,110.021,110.058,110.004,110.037,80
1786248000,110.037,110.051,109.995,110.015,82
1786248060,110.017,110.032,109.984,109.991,86
1786248120,109.993,110.014,109.975,109.975,80
1786248180,109.975,109.978,109.93,109.943,82
1786248240,109.943,109.985,109.923,109.965,73
1786248300,109.965,109.968,109.872,109.92,75
1786248360,109.92,109.963,109.906,109.959,89
1786248420,109.959,110.105,109.955,110.095,82
1786248480,110.091,110.096,110.055,110.061,83
1786248540,110.057,110.066,109.964,109.971,84
1786248600,109.973,110.03,109.963,110.025,76
1786248660,110.028,110.091,110.023,110.087,81
1786248720,110.089,110.092,110.052,110.088,83
1786248780,110.084,110.104,109.999,109.999,73
1786248840,109.996,110.031,109.98,110.026,77
1786248900,110.023,110.045,109.986,109.993,77
1786248960,109.987,110.01,109.969,110.003,79
1786249020,110.0,110.006,109.982,109.991,84
1786249080,109.991,110.033,109.958,109.998,83
1786249140,109.998,110.083,109.981,110.08,81
1786249200,110.08,110.144,110.08,110.113,79
1786249260,110.113,110.131,110.106,110.124,70
1786249320,110.124,110.179,110.117,110.148,76
1786249380,110.152,110.17,110.118,110.143,75
1786249440,110.143,110.279,110.143,110.279,72
1786249500,110.279,110.314,110.273,110.29,79
1786249560,110.29,110.359,110.272,110.359,89
1786249620,110.356,110.403,110.355,110.377,79
1786249680,110.37,110.432,110.365,110.424,87
1786249740,110.422,110.454,110.416,110.453,79
1786249800,110.45,110.463,110.431,110.447,70
1786249860,110.447,110.462,110.428,110.443,87
1786249920,110.439,110.486,110.403,110.467,74
1786249980,110.463,110.54,110.455,110.531,79
1786250040,110.533,110.548,110.483,110.483,83
1786250100,110.483,110.491,110.452,110.455,78
1786250160,110.455,110.459,110.382,110.392,87
1786250220,110.392,110.398,110.315,110.354,71
1786250280,110.354,110.386,110.35,110.376,80
1786250340,110.376,110.386,110.301,110.314,82
1786250400,110.312,110.33,110.272,110.314,79
1786250460,110.321,110.331,110.285,110.318,79
1786250520,110.306,110.306,110.237,110.257,81
1786250580,110.257,110.308,110.238,110.295,71
1786250640,110.295,110.336,110.29,110.309,84
1786250700,110.309,110.311,110.211,110.232,76
1786250760,110.232,110.305,110.232,110.271,75
1786250820,110.271,110.275,110.235,110.263,82
1786250880,110.259,110.308,110.246,110.246,82
1786250940,110.249,110.249,110.21,110.231,80
1786251000,110.233,110.252,110.202,110.218,88
1786251060,110.214,110.246,110.164,110.202,72
1786251120,110.204,110.266,110.19,110.216,83
1786251180,110.216,110.265,110.199,110.244,84
1786251240,110.244,110.317,110.23,110.31,80
1786251300,110.31,110.327,110.279,110.284,82
1786251360,110.284,110.284,110.236,110.257,81
1786251420,110.255,110.284,110.249,110.269,80
1786251480,110.271,110.309,110.251,110.28,87
1786251540,110.283,110.322,110.278,110.285,88
1786251600,110.285,110.323,110.263,110.276,78
1786251660,110.276,110.296,110.268,110.268,85
1786251720,110.271,110.276,110.234,110.25,89
1786251780,110.25,110.336,110.25,110.304,86
1786251840,110.304,110.325,110.267,110.273,82
1786251900,110.27,110.277,110.227,110.263,85
1786251960,110.263,110.266,110.211,110.224,85
1786252020,110.224,110.238,110.19,110.193,75
1786252080,110.189,110.229,110.186,110.201,83
1786252140,110.201,110.223,110.184,110.195,81
1786252200,110.195,110.258,110.195,110.242,82
1786252260,110.242,110.258,110.208,110.222,90
1786252320,110.222,110.255,110.21,110.238,81
1786252380,110.24,110.308,110.24,110.301,73
1786252440,110.301,110.325,110.271,110.274,87
1786252500,110.276,110.325,110.268,110.318,88
1786252560,110.316,110.345,110.305,110.307,87
1786252620,110.309,110.357,110.288,110.341,84
1786252680,110.343,110.364,110.325,110.361,78
1786252740,110.361,110.37,110.291,110.302,72
1786252800,110.302,110.349,110.299,110.332,80
1786252860,110.332,110.346,110.302,110.314,79
1786252920,110.314,110.32,110.285,110.311,73
1786252980,110.311,110.352,110.311,110.332,78
1786253040,110.326,110.387,110.302,110.355,80
1786253100,110.355,110.416,110.351,110.396,87
1786253160,110.396,110.434,110.378,110.384,83
1786253220,110.384,110.446,110.381,110.439,73
1786253280,110.439,110.466,110.422,110.456,79
1786253340,110.456,110.477,110.433,110.455,82
1786253400,110.45,110.533,110.43,110.533,83
1786253460,110.531,110.531,110.426,110.461,85
1786253520,110.461,110.48,110.398,110.409,76
1786253580,110.411,110.415,110.357,110.399,78
1786253640,110.399,110.419,110.385,110.402,79
1786253700,110.402,110.462,110.402,110.462,78
1786253760,110.462,110.509,110.462,110.489,74
1786253820,110.489,110.489,110.451,110.471,85
1786253880,110.471,110.48,110.441,110.453,82
1786253940,110.453,110.528,110.448,110.528,79
1786254000,110.528,110.539,110.497,110.518,80
1786254060,110.512,110.559,110.494,110.519,82
1786254120,110.522,110.558,110.489,110.549,84
1786254180,110.549,110.586,110.515,110.57,80
1786254240,110.57,110.599,110.545,110.575,87
1786254300,110.575,110.577,110.55,110.559,82
1786254360,110.559,110.591,110.513,110.524,77
1786254420,110.524,110.564,110.522,110.548,76
1786254480,110.538,110.598,110.521,110.598,74
1786254540,110.603,110.622,110.589,110.59,87
1786254600,110.59,110.624,110.561,110.607,79
1786254660,110.604,110.604,110.491,110.511,93
1786254720,110.511,110.52,110.464,110.477,87
1786254780,110.477,110.487,110.395,110.408,72
1786254840,110.408,110.472,110.402,110.467,82
1786254900,110.459,110.482,110.449,110.452,66
1786254960,110.456,110.525,110.456,110.49,83
1786255020,110.49,110.505,110.45,110.486,81
1786255080,110.487,110.492,110.407,110.417,84
1786255140,110.417,110.421,110.337,110.346,82
1786255200,110.346,110.362,110.327,110.338,85
1786255260,110.338,110.363,110.315,110.315,80
1786255320,110.315,110.327,110.273,110.292,74
1786255380,110.292,110.323,110.252,110.256,80
1786255440,110.256,110.28,110.236,110.251,84
1786255500,110.256,110.277,110.224,110.224,78
1786255560,110.227,110.283,110.214,110.279,77
1786255620,110.279,110.332,110.269,110.308,70
1786255680,110.308,110.343,110.298,110.329,80
1786255740,110.329,110.343,110.237,110.265,74
1786255800,110.259,110.266,110.145,110.15,88
1786255860,110.15,110.15,110.075,110.08,83
1786255920,110.082,110.095,110.063,110.095,80
1786255980,110.095,110.179,110.064,110.179,83
1786256040,110.179,110.202,110.163,110.173,81
1786256100,110.166,110.184,110.141,110.16,79
1786256160,110.157,110.21,110.109,110.114,87
1786256220,110.119,110.122,110.073,110.086,86
1786256280,110.086,110.106,110.028,110.043,89
1786256340,110.043,110.055,110.008,110.039,72
1786256400,110.039,110.06,110.021,110.042,80
1786256460,110.042,110.053,109.994,110.053,82
1786256520,110.053,110.109,110.05,110.109,85
1786256580,110.109,110.109,110.037,110.053,79
1786256640,110.053,110.105,110.048,110.055,80
1786256700,110.06,110.104,110.028,110.101,83
1786256760,110.101,110.108,110.033,110.06,90
1786256820,110.06,110.081,110.015,110.063,86
1786256880,110.063,110.091,110.012,110.015,84
1786256940,110.017,110.078,110.017,110.057,69
1786257000,110.057,110.068,109.996,110.009,88
1786257060,110.009,110.023,109.973,109.978,91
1786257120,109.978,110.008,109.954,110.008,91
1786257180,110.01,110.046,110.002,110.022,85
1786257240,110.02,110.037,110.004,110.03,86
1786257300,110.03,110.074,109.999,110.005,79
1786257360,110.005,110.053,110.002,110.002,89
1786257420,110.002,110.061,110.002,110.03,78
1786257480,110.027,110.027,109.953,109.981,79
1786257540,109.981,109.996,109.921,109.94,85
1786257600,109.944,109.947,109.904,109.913,81
1786257660,109.913,109.925,109.85,109.85,72
1786257720,109.85,109.894,109.836,109.88,79
1786257780,109.88,109.942,109.88,109.903,70
1786257840,109.903,109.903,109.811,109.821,84
1786257900,109.821,109.876,109.805,109.847,78
1786257960,109.85,109.891,109.845,109.875,82
1786258020,109.875,109.908,109.854,109.859,83
1786258080,109.867,109.902,109.845,109.889,75
1786258140,109.889,109.982,109.884,109.982,75
1786258200,109.98,110.013,109.932,109.994,84
1786258260,109.994,110.034,109.984,110.016,83
1786258320,110.016,110.016,109.943,109.946,72
1786258380,109.946,109.983,109.946,109.983,81
1786258440,109.983,109.983,109.93,109.978,83
1786258500,109.975,109.997,109.947,109.99,82
1786258560,109.994,110.016,109.98,110.006,81
1786258620,110.006,110.008,109.953,109.97,80
1786258680,109.97,109.97,109.87,109.87,81
1786258740,109.87,109.874,109.814,109.827,77
1786258800,109.827,109.924,109.809,109.923,80
1786258860,109.923,109.959,109.895,109.946,81
1786258920,109.946,109.949,109.842,109.847,75
1786258980,109.847,109.861,109.788,109.789,81
1786259040,109.789,109.835,109.786,109.83,74
1786259100,109.83,109.83,109.753,109.778,81
1786259160,109.774,109.788,109.751,109.751,81
1786259220,109.748,109.764,109.683,109.686,84
1786259280,109.686,109.726,109.68,109.71,80
1786259340,109.71,109.721,109.675,109.688,80
1786259400,109.688,109.701,109.65,109.695,82
1786259460,109.695,109.697,109.627,109.639,69
1786259520,109.645,109.683,109.628,109.657,77
1786259580,109.657,109.669,109.637,109.644,75
1786259640,109.644,109.657,109.596,109.604,80
1786259700,109.604,109.616,109.574,109.581,74
1786259760,109.581,109.588,109.538,109.559,76
1786259820,109.561,109.561,109.497,109.498,86
1786259880,109.496,109.499,109.431,109.431,89
1786259940,109.434,109.472,109.426,109.472,86
1786260000,109.472,109.486,109.422,109.445,79
1786260060,109.445,109.472,109.422,109.449,78
1786260120,109.449,109.523,109.449,109.508,74
1786260180,109.504,109.504,109.423,109.447,81
1786260240,109.447,109.474,109.419,109.452,88
1786260300,109.452,109.455,109.392,109.433,83
1786260360,109.433,109.447,109.402,109.445,81
1786260420,109.445,109.445,109.325,109.331,83
1786260480,109.331,109.351,109.322,109.342,79
1786260540,109.347,109.358,109.281,109.312,81
1786260600,109.312,109.332,109.28,109.332,82
1786260660,109.332,109.347,109.305,109.315,81
1786260720,109.315,109.415,109.309,109.406,84
1786260780,109.402,109.421,109.353,109.358,81
1786260840,109.358,109.36,109.284,109.287,76
1786260900,109.287,109.351,109.27,109.346,75
1786260960,109.349,109.383,109.316,109.383,75
1786261020,109.383,109.392,109.355,109.36,80
1786261080,109.36,109.387,109.338,109.366,87
1786261140,109.363,109.42,109.35,109.406,86
1786261200,109.408,109.42,109.352,109.384,77
1786261260,109.386,109.448,109.361,109.448,76
1786261320,109.448,109.514,109.424,109.511,79
1786261380,109.511,109.511,109.44,109.456,82
1786261440,109.456,109.481,109.456,109.459,79
1786261500,109.459,109.478,109.441,109.469,76
1786261560,109.469,109.494,109.441,109.457,72
1786261620,109.457,109.516,109.457,109.511,79
1786261680,109.511,109.555,109.511,109.513,78
1786261740,109.513,109.543,109.464,109.464,89
1786261800,109.449,109.486,109.422,109.44,81
1786261860,109.445,109.464,109.413,109.427,88
1786261920,109.427,109.46,109.41,109.414,85
1786261980,109.414,109.414,109.372,109.394,77
1786262040,109.397,109.399,109.298,109.34,95
1786262100,109.34,109.41,109.326,109.387,80
1786262160,109.387,109.399,109.362,109.393,77
1786262220,109.387,109.387,109.297,109.306,72
1786262280,109.31,109.315,109.267,109.301,77
1786262340,109.301,109.316,109.287,109.298,78
1786262400,109.298,109.328,109.293,109.297,80
1786262460,109.305,109.329,109.286,109.329,86
1786262520,109.329,109.329,109.261,109.269,70
1786262580,109.269,109.316,109.249,109.303,81
1786262640,109.303,109.343,109.303,109.329,91
1786262700,109.329,109.329,109.278,109.316,78
1786262760,109.316,109.359,109.288,109.304,80
1786262820,109.304,109.34,109.3,109.338,85
1786262880,109.34,109.369,109.286,109.367,79
1786262940,109.369,109.382,109.328,109.33,80
1786263000,109.33,109.39,109.329,109.34,89
1786263060,109.342,109.354,109.287,109.317,81
1786263120,109.319,109.324,109.205,109.216,78
1786263180,109.213,109.258,109.208,109.249,78
1786263240,109.252,109.273,109.206,109.216,81
1786263300,109.213,109.222,109.152,109.198,83
1786263360,109.194,109.236,109.192,109.208,77
1786263420,109.208,109.211,109.161,109.211,74
1786263480,109.211,109.242,109.189,109.215,83
1786263540,109.215,109.215,109.111,109.116,84
1786263600,109.116,109.145,109.085,109.09,79
1786263660,109.09,109.117,109.078,109.103,86
1786263720,109.103,109.121,109.088,109.097,74
1786263780,109.097,109.105,109.059,109.063,74
1786263840,109.07,109.099,109.05,109.066,75
1786263900,109.066,109.159,109.048,109.152,83
1786263960,109.152,109.185,109.148,109.156,79
1786264020,109.156,109.166,109.091,109.101,82
1786264080,109.105,109.129,109.094,109.117,82
1786264140,109.124,109.179,109.105,109.175,64
1786264200,109.175,109.219,109.113,109.216,78
1786264260,109.216,109.267,109.207,109.228,98
1786264320,109.235,109.276,109.22,109.268,83
1786264380,109.268,109.278,109.209,109.209,75
1786264440,109.209,109.283,109.189,109.283,79
1786264500,109.288,109.31,109.283,109.298,68
1786264560,109.298,109.349,109.29,109.327,84
1786264620,109.327,109.365,109.312,109.338,70
1786264680,109.338,109.359,109.307,109.314,86
1786264740,109.314,109.32,109.283,109.286,84
1786264800,109.289,109.304,109.256,109.259,75
1786264860,109.263,109.306,109.254,109.272,85
1786264920,109.272,109.275,109.184,109.206,83
1786264980,109.206,109.244,109.201,109.228,88
1786265040,109.228,109.26,109.219,109.239,86
1786265100,109.239,109.239,109.175,109.205,74
1786265160,109.203,109.214,109.174,109.21,74
1786265220,109.21,109.227,109.15,109.169,70
1786265280,109.166,109.171,109.097,109.097,66
1786265340,109.097,109.099,109.044,109.089,80
1786265400,109.089,109.138,109.087,109.116,79
1786265460,109.116,109.16,109.107,109.152,82
1786265520,109.152,109.207,109.147,109.2,88
1786265580,109.2,109.205,109.144,109.167,89
1786265640,109.167,109.205,109.159,109.201,81
1786265700,109.201,109.241,109.184,109.196,87
1786265760,109.194,109.221,109.151,109.166,75
1786265820,109.18,109.203,109.152,109.188,83
1786265880,109.185,109.198,109.151,109.192,84
1786265940,109.192,109.227,109.162,109.185,78
1786266000,109.185,109.225,109.177,109.198,75
1786266060,109.198,109.239,109.148,109.153,85
1786266120,109.153,109.156,109.075,109.079,83
1786266180,109.087,109.089,109.037,109.086,70
1786266240,109.088,109.088,109.045,109.062,82
1786266300,109.056,109.056,108.987,109.008,82
1786266360,109.008,109.028,108.98,109.0,88
1786266420,109.0,109.04,108.971,109.04,81
1786266480,109.04,109.04,108.995,109.005,81
1786266540,109.005,109.014,108.971,109.009,85
1786266600,109.009,109.04,109.005,109.026,74
1786266660,109.026,109.043,109.0,109.003,77
1786266720,109.0,109.022,108.996,109.012,88
1786266780,109.009,109.018,108.968,108.989,77
1786266840,108.978,109.01,108.95,109.0,76
1786266900,109.0,109.014,108.975,108.983,85
1786266960,108.983,108.983,108.941,108.971,70
1786267020,108.973,109.038,108.967,109.037,81
1786267080,109.039,109.081,109.033,109.079,85
1786267140,109.076,109.087,109.052,109.054,89
1786267200,109.057,109.107,109.013,109.036,86
1786267260,109.036,109.052,109.024,109.041,78
1786267320,109.041,109.053,109.006,109.012,75
1786267380,109.009,109.036,109.007,109.009,70
1786267440,109.009,109.014,108.944,108.959,80
1786267500,108.959,108.979,108.934,108.937,87
1786267560,108.937,108.96,108.878,108.883,81
1786267620,108.883,108.914,108.883,108.885,77
1786267680,108.884,108.913,108.866,108.909,83
1786267740,108.909,108.926,108.859,108.874,79
1786267800,108.877,108.973,108.877,108.922,74
1786267860,108.922,108.976,108.912,108.959,74
1786267920,108.964,109.014,108.952,108.985,87
1786267980,108.988,108.998,108.914,108.915,73
1786268040,108.911,108.954,108.902,108.945,75
1786268100,108.949,109.004,108.92,109.002,80
1786268160,108.999,109.008,108.959,108.981,78
1786268220,108.981,109.002,108.945,108.987,80
1786268280,108.987,108.996,108.911,108.912,77
1786268340,108.91,108.952,108.91,108.919,77
1786268400,108.919,108.95,108.881,108.909,81
1786268460,108.909,108.963,108.895,108.953,88
1786268520,108.953,108.972,108.918,108.92,73
1786268580,108.92,108.941,108.882,108.928,79
1786268640,108.926,108.957,108.917,108.957,77
1786268700,108.971,109.024,108.969,109.024,81
1786268760,109.024,109.075,109.018,109.05,84
1786268820,109.05,109.093,109.043,109.077,76
1786268880,109.077,109.146,109.064,109.136,87
1786268940,109.136,109.17,109.095,109.145,78
1786269000,109.145,109.153,109.111,109.114,85
1786269060,109.114,109.116,109.041,109.078,86
1786269120,109.078,109.089,109.06,109.086,74
1786269180,109.089,109.089,109.019,109.019,78
1786269240,109.019,109.07,109.01,109.022,77
1786269300,109.026,109.075,109.02,109.075,70
1786269360,109.075,109.088,109.045,109.071,81
1786269420,109.071,109.078,108.997,109.002,82
1786269480,109.002,109.055,109.0,109.043,69
1786269540,109.043,109.08,109.019,109.079,75
1786269600,109.079,109.104,109.068,109.086,81
1786269660,109.086,109.1,109.036,109.049,75
1786269720,109.052,109.053,109.011,109.022,81
1786269780,109.022,109.06,109.015,109.05,79
1786269840,109.05,109.09,109.05,109.074,75
1786269900,109.074,109.076,109.023,109.023,82
1786269960,109.023,109.034,108.984,109.028,82
1786270020,109.03,109.041,108.992,109.029,71
1786270080,109.029,109.064,109.013,109.014,85
1786270140,109.014,109.034,108.993,108.996,84
1786270200,108.996,109.004,108.97,108.982,64
1786270260,108.975,108.983,108.923,108.955,86
1786270320,108.955,108.982,108.933,108.96,86
1786270380,108.956,108.978,108.879,108.91,84
1786270440,108.91,108.943,108.891,108.9,80
1786270500,108.9,108.942,108.898,108.903,80
1786270560,108.903,108.916,108.86,108.862,72
1786270620,108.862,108.941,108.83,108.881,81
1786270680,108.881,108.883,108.799,108.799,81
1786270740,108.796,108.852,108.769,108.804,80
1786270800,108.804,108.808,108.756,108.808,84
1786270860,108.808,108.835,108.764,108.778,80
1786270920,108.78,108.828,108.756,108.773,89
1786270980,108.773,108.781,108.7,108.731,76
1786271040,108.729,108.789,108.721,108.773,88
1786271100,108.773,108.794,108.753,108.763,76
1786271160,108.763,108.79,108.738,108.738,78
1786271220,108.74,108.743,108.693,108.742,82
1786271280,108.739,108.759,108.705,108.705,90
1786271340,108.692,108.745,108.663,108.745,84
1786271400,108.73,108.769,108.715,108.741,81
1786271460,108.741,108.775,108.738,108.752,87
1786271520,108.752,108.752,108.714,108.725,76
1786271580,108.725,108.763,108.714,108.749,76
1786271640,108.749,108.82,108.742,108.81,78
1786271700,108.81,108.847,108.764,108.837,78
1786271760,108.837,108.85,108.81,108.81,83
1786271820,108.81,108.81,108.717,108.717,82
1786271880,108.717,108.717,108.666,108.676,82
1786271940,108.676,108.68,108.579,108.582,79
1786272000,108.58,108.649,108.565,108.61,79
1786272060,108.613,108.657,108.592,108.638,85
1786272120,108.636,108.683,108.618,108.683,83
1786272180,108.683,108.698,108.633,108.633,79
1786272240,108.63,108.693,108.628,108.675,72
1786272300,108.668,108.76,108.668,108.755,80
1786272360,108.761,108.761,108.696,108.696,78
1786272420,108.694,108.763,108.694,108.758,72
1786272480,108.758,108.766,108.712,108.726,82
1786272540,108.726,108.761,108.678,108.749,76
1786272600,108.749,108.824,108.747,108.801,75
1786272660,108.801,108.81,108.757,108.757,78
1786272720,108.757,108.772,108.733,108.736,82
1786272780,108.736,108.755,108.704,108.712,81
1786272840,108.712,108.745,108.697,108.72,80
1786272900,108.735,108.83,108.735,108.813,81
1786272960,108.809,108.888,108.804,108.856,84
1786273020,108.858,108.86,108.812,108.831,79
1786273080,108.831,108.865,108.828,108.839,86
1786273140,108.839,108.847,108.803,108.811,74
1786273200,108.808,108.808,108.73,108.737,85
1786273260,108.755,108.767,108.724,108.729,80
1786273320,108.729,108.836,108.715,108.833,84
1786273380,108.836,108.871,108.836,108.859,86
1786273440,108.859,108.909,108.855,108.893,81
1786273500,108.893,108.966,108.891,108.956,72
1786273560,108.96,108.981,108.906,108.924,86
1786273620,108.924,108.942,108.913,108.942,78
1786273680,108.942,108.945,108.877,108.904,89
1786273740,108.904,108.934,108.879,108.893,85
1786273800,108.893,108.915,108.872,108.891,74
1786273860,108.895,108.931,108.892,108.911,84
1786273920,108.911,108.924,108.893,108.921,81
1786273980,108.921,108.979,108.921,108.94,83
1786274040,108.94,108.944,108.914,108.936,90
1786274100,108.936,108.973,108.929,108.956,68
1786274160,108.953,108.981,108.92,108.936,81
1786274220,108.938,109.053,108.931,109.039,90
1786274280,109.026,109.108,109.013,109.108,79
1786274340,109.112,109.175,109.112,109.136,83
1786274400,109.136,109.149,109.076,109.082,80
1786274460,109.082,109.159,109.074,109.153,90
1786274520,109.153,109.187,109.139,109.182,87
1786274580,109.184,109.209,109.165,109.209,78
1786274640,109.209,109.219,109.157,109.162,84
1786274700,109.162,109.179,109.146,109.172,74
1786274760,109.172,109.202,109.114,109.144,84
1786274820,109.144,109.184,109.136,109.167,68
1786274880,109.167,109.186,109.125,109.177,83
1786274940,109.177,109.187,109.127,109.145,80
1786275000,109.145,109.18,109.145,109.166,80
1786275060,109.169,109.174,109.094,109.103,81
1786275120,109.101,109.136,109.09,109.116,85
1786275180,109.119,109.179,109.119,109.174,76
1786275240,109.179,109.183,109.128,109.15,79
1786275300,109.147,109.159,109.115,109.149,77
1786275360,109.149,109.201,109.144,109.2,84
1786275420,109.2,109.226,109.175,109.209,73
1786275480,109.209,109.235,109.178,109.181,78
1786275540,109.181,109.184,109.1,109.133,82
1786275600,109.133,109.138,109.08,109.08,85
1786275660,109.08,109.157,109.08,109.151,69
1786275720,109.151,109.165,109.088,109.093,76
1786275780,109.093,109.157,109.078,109.152,79
1786275840,109.152,109.194,109.149,109.176,79
1786275900,109.176,109.198,109.163,109.186,79
1786275960,109.188,109.238,109.178,109.211,79
1786276020,109.211,109.227,109.19,109.195,87
1786276080,109.197,109.215,109.177,109.211,81
1786276140,109.198,109.198,109.15,109.191,89
1786276200,109.194,109.296,109.186,109.256,83
1786276260,109.256,109.278,109.221,109.242,82
1786276320,109.237,109.273,109.221,109.265,76
1786276380,109.268,109.268,109.232,109.252,81
1786276440,109.25,109.252,109.193,109.245,76
1786276500,109.243,109.266,109.219,109.253,94
1786276560,109.253,109.278,109.215,109.225,80
1786276620,109.225,109.293,109.214,109.293,81
1786276680,109.293,109.297,109.257,109.27,81
1786276740,109.27,109.27,109.103,109.107,88
1786276800,109.107,109.109,109.057,109.082,76
1786276860,109.082,109.088,109.038,109.068,77
1786276920,109.068,109.068,109.02,109.059,87
1786276980,109.059,109.082,109.046,109.082,76
1786277040,109.079,109.08,109.019,109.037,86
1786277100,109.037,109.081,109.036,109.05,79
1786277160,109.058,109.081,109.025,109.064,77
1786277220,109.064,109.064,108.999,109.048,73
1786277280,109.045,109.074,109.043,109.055,76
1786277340,109.055,109.083,109.055,109.063,85
1786277400,109.063,109.074,109.009,109.023,82
1786277460,109.023,109.11,109.023,109.1,79
1786277520,109.1,109.119,109.05,109.064,81
1786277580,109.066,109.07,108.962,108.962,82
1786277640,108.962,109.028,108.945,109.028,82
1786277700,109.028,109.096,109.019,109.059,82
1786277760,109.064,109.12,109.051,109.079,90
1786277820,109.079,109.096,109.04,109.093,76
1786277880,109.096,109.102,109.02,109.02,76
1786277940,109.02,109.059,109.008,109.057,79
1786278000,109.057,109.075,109.03,109.06,81
1786278060,109.06,109.102,109.049,109.06,80
1786278120,109.06,109.108,109.057,109.102,75
1786278180,109.102,109.146,109.079,109.146,75
1786278240,109.146,109.162,109.108,109.127,85
1786278300,109.127,109.152,109.118,109.124,83
1786278360,109.122,109.132,109.08,109.116,83
1786278420,109.116,109.144,109.101,109.137,77
1786278480,109.137,109.191,109.116,109.116,83
1786278540,109.124,109.135,109.077,109.117,85
1786278600,109.117,109.154,109.079,109.118,87
1786278660,109.121,109.179,109.102,109.15,81
1786278720,109.148,109.227,109.148,109.213,73
1786278780,109.213,109.278,109.201,109.261,78
1786278840,109.261,109.313,109.258,109.31,80
1786278900,109.31,109.314,109.281,109.295,79
1786278960,109.295,109.371,109.293,109.344,76
1786279020,109.344,109.401,109.34,109.395,82
1786279080,109.401,109.401,109.292,109.319,82
1786279140,109.319,109.369,109.319,109.369,87
1786279200,109.369,109.399,109.357,109.386,85
1786279260,109.386,109.406,109.325,109.35,80
1786279320,109.352,109.396,109.308,109.308,75
1786279380,109.308,109.321,109.276,109.297,83
1786279440,109.291,109.355,109.28,109.323,82
1786279500,109.323,109.323,109.219,109.237,78
1786279560,109.237,109.292,109.233,109.286,82
1786279620,109.283,109.299,109.245,109.285,79
1786279680,109.285,109.292,109.195,109.221,79
1786279740,109.226,109.275,109.216,109.229,77
1786279800,109.234,109.278,109.228,109.231,81
1786279860,109.229,109.229,109.159,109.163,82
1786279920,109.163,109.213,109.148,109.21,77
1786279980,109.21,109.238,109.202,109.222,81
1786280040,109.222,109.236,109.152,109.152,72
1786280100,109.152,109.156,109.109,109.109,82
1786280160,109.109,109.164,109.109,109.119,82
1786280220,109.117,109.126,109.082,109.123,67
1786280280,109.114,109.119,109.082,109.095,80
1786280340,109.095,109.095,109.042,109.046,69
1786280400,109.046,109.093,109.018,109.087,74
1786280460,109.087,109.188,109.078,109.184,78
1786280520,109.184,109.194,109.13,109.145,77
1786280580,109.14,109.148,109.1,109.128,82
1786280640,109.128,109.128,109.076,109.098,81
1786280700,109.102,109.103,109.056,109.1,80
1786280760,109.1,109.106,109.049,109.077,77
1786280820,109.08,109.08,109.044,109.055,75
1786280880,109.062,109.074,109.046,109.068,84
1786280940,109.072,109.109,109.067,109.074,80
1786281000,109.074,109.181,109.074,109.166,94
1786281060,109.166,109.23,109.166,109.203,76
1786281120,109.203,109.237,109.189,109.225,89
1786281180,109.225,109.308,109.225,109.308,82
1786281240,109.308,109.31,109.269,109.279,84
1786281300,109.279,109.327,109.27,109.306,80
1786281360,109.306,109.338,109.287,109.321,83
1786281420,109.321,109.368,109.295,109.314,78
1786281480,109.312,109.347,109.309,109.339,77
1786281540,109.343,109.351,109.319,109.34,80
1786281600,109.345,109.362,109.321,109.321,78
1786281660,109.319,109.378,109.305,109.357,78
1786281720,109.361,109.398,109.351,109.387,78
1786281780,109.382,109.399,109.365,109.392,78
1786281840,109.392,109.4,109.362,109.381,73
1786281900,109.381,109.388,109.34,109.363,76
1786281960,109.363,109.392,109.347,109.361,82
1786282020,109.361,109.362,109.313,109.313,76
1786282080,109.313,109.351,109.301,109.333,78
1786282140,109.333,109.352,109.316,109.35,65
1786282200,109.35,109.389,109.341,109.379,77
1786282260,109.367,109.379,109.33,109.33,83
1786282320,109.33,109.33,109.272,109.273,80
1786282380,109.273,109.306,109.241,109.241,79
1786282440,109.241,109.263,109.23,109.238,85
1786282500,109.24,109.301,109.24,109.253,81
1786282560,109.257,109.308,109.245,109.263,79
1786282620,109.265,109.328,109.265,109.312,89
1786282680,109.31,109.355,109.304,109.325,85
1786282740,109.322,109.363,109.306,109.351,84
1786282800,109.353,109.353,109.292,109.326,80
1786282860,109.326,109.396,109.3,109.381,85
1786282920,109.378,109.395,109.344,109.344,87
1786282980,109.344,109.373,109.322,109.34,74
1786283040,109.34,109.374,109.329,109.329,86
1786283100,109.329,109.404,109.329,109.337,76
1786283160,109.337,109.345,109.294,109.294,80
1786283220,109.294,109.296,109.232,109.246,76
1786283280,109.246,109.29,109.234,109.255,73
1786283340,109.255,109.282,109.224,109.252,81
1786283400,109.252,109.297,109.243,109.291,72
1786283460,109.291,109.291,109.222,109.227,76
1786283520,109.227,109.233,109.195,109.22,83
1786283580,109.222,109.244,109.197,109.206,79
1786283640,109.208,109.23,109.186,109.197,82
1786283700,109.195,109.198,109.129,109.135,93
1786283760,109.132,109.15,109.11,109.124,81
1786283820,109.124,109.137,109.044,109.06,77
1786283880,109.057,109.057,108.979,109.02,84
1786283940,109.019,109.045,108.996,109.045,79
1786284000,109.045,109.106,109.034,109.084,96
1786284060,109.084,109.091,109.038,109.051,70
1786284120,109.043,109.057,109.01,109.01,87
1786284180,109.01,109.032,108.997,109.016,84
1786284240,109.016,109.022,108.985,108.99,76
1786284300,108.99,109.034,108.979,108.981,85
1786284360,108.981,109.047,108.977,109.006,84
1786284420,109.006,109.006,108.966,108.988,81
1786284480,108.988,109.013,108.942,108.942,67
1786284540,108.945,108.965,108.919,108.954,75
1786284600,108.948,109.023,108.948,108.998,78
1786284660,109.001,109.05,108.979,109.01,76
1786284720,109.017,109.062,109.01,109.025,80
1786284780,109.027,109.059,109.015,109.022,83
1786284840,109.018,109.034,108.974,108.98,73
1786284900,108.972,108.972,108.931,108.939,75
1786284960,108.942,108.972,108.914,108.938,88
1786285020,108.938,108.946,108.883,108.889,79
1786285080,108.891,108.901,108.852,108.86,85
1786285140,108.857,108.869,108.828,108.83,78
1786285200,108.832,108.844,108.822,108.829,82
1786285260,108.834,108.87,108.829,108.854,81
1786285320,108.854,108.908,108.85,108.888,79
1786285380,108.888,108.89,108.804,108.845,83
1786285440,108.845,108.851,108.82,108.832,74
1786285500,108.835,108.837,108.71,108.71,79
1786285560,108.708,108.717,108.658,108.682,73
1786285620,108.68,108.723,108.649,108.684,78
1786285680,108.684,108.775,108.675,108.77,88
1786285740,108.777,108.823,108.774,108.807,92
1786285800,108.801,108.813,108.781,108.804,79
1786285860,108.804,108.835,108.796,108.824,87
1786285920,108.826,108.829,108.784,108.796,76
1786285980,108.801,108.812,108.768,108.772,75
1786286040,108.772,108.774,108.698,108.698,72
1786286100,108.676,108.703,108.65,108.674,80
1786286160,108.674,108.697,108.658,108.69,78
1786286220,108.69,108.73,108.687,108.707,79
1786286280,108.707,108.818,108.684,108.8,91
1786286340,108.8,108.849,108.776,108.826,86
1786286400,108.826,108.832,108.777,108.797,86
1786286460,108.799,108.845,108.787,108.83,86
1786286520,108.83,108.872,108.822,108.836,77
1786286580,108.834,108.89,108.803,108.881,79
1786286640,108.884,108.921,108.872,108.883,73
1786286700,108.89,108.903,108.864,108.903,75
1786286760,108.899,108.958,108.899,108.947,76
1786286820,108.947,108.953,108.91,108.923,80
1786286880,108.923,108.979,108.907,108.968,73
1786286940,108.966,108.966,108.887,108.96,87
1786287000,108.967,108.982,108.947,108.951,84
1786287060,108.951,108.974,108.908,108.933,82
1786287120,108.933,108.97,108.91,108.915,76
1786287180,108.915,108.967,108.915,108.956,77
1786287240,108.956,108.956,108.898,108.914,85
1786287300,108.914,108.969,108.886,108.966,81
1786287360,108.966,109.001,108.951,108.954,78
1786287420,108.948,108.984,108.938,108.969,82
1786287480,108.969,108.991,108.959,108.959,76
1786287540,108.964,109.011,108.95,108.96,78
1786287600,108.963,108.963,108.88,108.883,81
1786287660,108.889,108.889,108.8,108.8,82
1786287720,108.802,108.827,108.755,108.755,77
1786287780,108.755,108.764,108.728,108.741,80
1786287840,108.744,108.748,108.673,108.697,82
1786287900,108.697,108.715,108.692,108.711,77
1786287960,108.714,108.716,108.637,108.646,75
1786288020,108.646,108.728,108.635,108.724,79
1786288080,108.724,108.761,108.721,108.743,79
1786288140,108.743,108.786,108.729,108.772,82
1786288200,108.772,108.788,108.74,108.765,77
1786288260,108.765,108.79,108.738,108.771,77
1786288320,108.771,108.777,108.718,108.76,79
1786288380,108.76,108.819,108.749,108.807,78
1786288440,108.807,108.872,108.801,108.835,78
1786288500,108.837,108.898,108.834,108.857,86
1786288560,108.864,108.958,108.851,108.885,81
1786288620,108.885,108.905,108.867,108.894,75
1786288680,108.894,108.951,108.874,108.93,88
1786288740,108.93,108.981,108.906,108.906,82
1786288800,108.908,108.932,108.894,108.906,87
1786288860,108.906,108.921,108.878,108.894,84
1786288920,108.896,108.91,108.855,108.886,84
1786288980,108.886,108.889,108.822,108.84,79
1786289040,108.838,108.893,108.835,108.871,87
1786289100,108.867,108.882,108.849,108.856,82
1786289160,108.856,108.875,108.822,108.875,80
1786289220,108.875,108.93,108.855,108.901,76
1786289280,108.901,108.941,108.891,108.933,71
1786289340,108.929,109.004,108.929,109.004,78
1786289400,109.008,109.01,108.938,108.947,79
1786289460,108.947,108.947,108.888,108.911,80
1786289520,108.911,108.931,108.85,108.85,82
1786289580,108.85,108.918,108.849,108.881,84
1786289640,108.881,108.934,108.877,108.888,84
1786289700,108.888,108.938,108.888,108.925,83
1786289760,108.925,108.93,108.874,108.877,87
1786289820,108.875,108.877,108.809,108.814,77
1786289880,108.819,108.824,108.791,108.805,77
1786289940,108.805,108.817,108.762,108.782,82
1786290000,108.78,108.801,108.759,108.784,82
1786290060,108.779,108.858,108.773,108.851,85
1786290120,108.851,108.86,108.818,108.849,80
1786290180,108.849,108.862,108.803,108.845,85
1786290240,108.845,108.877,108.83,108.841,81
1786290300,108.843,108.904,108.836,108.846,78
1786290360,108.846,108.846,108.798,108.816,80
1786290420,108.816,108.839,108.796,108.811,83
1786290480,108.811,108.811,108.779,108.803,66
1786290540,108.803,108.84,108.798,108.81,83
1786290600,108.81,108.82,108.735,108.735,84
1786290660,108.735,108.851,108.729,108.841,81
1786290720,108.838,108.853,108.804,108.836,79
1786290780,108.833,108.882,108.819,108.872,84
1786290840,108.872,108.885,108.826,108.831,77
1786290900,108.826,108.859,108.805,108.847,84
1786290960,108.844,108.854,108.811,108.849,77
1786291020,108.849,108.901,108.842,108.888,78
1786291080,108.891,108.9,108.871,108.896,85
1786291140,108.896,108.926,108.89,108.919,77
1786291200,108.919,108.964,108.915,108.96,76
1786291260,108.958,108.986,108.947,108.965,90
1786291320,108.968,109.004,108.947,108.976,74
1786291380,108.976,108.976,108.916,108.916,73
1786291440,108.916,108.933,108.901,108.924,84
1786291500,108.924,109.033,108.917,109.031,78
1786291560,109.031,109.07,109.027,109.065,74
1786291620,109.077,109.115,109.077,109.115,83
1786291680,109.111,109.148,109.092,109.112,74
1786291740,109.11,109.202,109.107,109.202,76
1786291800,109.22,109.282,109.216,109.253,83
1786291860,109.255,109.258,109.179,109.193,80
1786291920,109.193,109.212,109.178,109.189,84
1786291980,109.191,109.231,109.173,109.218,84
1786292040,109.214,109.214,109.176,109.2,80
1786292100,109.2,109.224,109.186,109.192,85
1786292160,109.192,109.222,109.156,109.197,82
1786292220,109.205,109.255,109.19,109.255,76
1786292280,109.255,109.255,109.154,109.169,77
1786292340,109.169,109.211,109.169,109.196,78
1786292400,109.196,109.204,109.113,109.118,76
1786292460,109.118,109.161,109.107,109.156,76
1786292520,109.156,109.157,109.095,109.15,85
1786292580,109.147,109.161,109.13,109.143,82
1786292640,109.129,109.173,109.129,109.168,76
1786292700,109.168,109.183,109.105,109.121,75
1786292760,109.117,109.161,109.11,109.137,86
1786292820,109.139,109.155,109.103,109.115,82
1786292880,109.112,109.148,109.097,109.139,82
1786292940,109.123,109.188,109.123,109.154,88
1786293000,109.154,109.201,109.145,109.175,75
1786293060,109.175,109.183,109.136,109.142,73
1786293120,109.141,109.185,109.131,109.185,81
1786293180,109.185,109.193,109.152,109.157,77
1786293240,109.157,109.165,109.136,109.163,74
1786293300,109.163,109.208,109.163,109.186,89
1786293360,109.186,109.219,109.161,109.218,78
1786293420,109.218,109.246,109.172,109.172,88
1786293480,109.172,109.175,109.103,109.129,71
1786293540,109.129,109.146,109.113,109.114,72
1786293600,109.11,109.176,109.107,109.172,79
1786293660,109.175,109.184,109.106,109.114,76
1786293720,109.115,109.116,109.058,109.063,83
1786293780,109.066,109.106,109.054,109.104,83
1786293840,109.104,109.197,109.098,109.197,73
1786293900,109.201,109.28,109.201,109.246,85
1786293960,109.246,109.281,109.218,109.248,84
1786294020,109.272,109.358,109.272,109.358,77
1786294080,109.358,109.375,109.301,109.333,76
1786294140,109.333,109.435,109.333,109.419,81
1786294200,109.419,109.454,109.411,109.438,78
1786294260,109.438,109.438,109.363,109.382,81
1786294320,109.382,109.394,109.347,109.36,80
1786294380,109.36,109.472,109.36,109.472,74
1786294440,109.474,109.476,109.436,109.436,82
1786294500,109.436,109.444,109.393,109.417,75
1786294560,109.42,109.429,109.384,109.386,83
1786294620,109.386,109.409,109.298,109.298,82
1786294680,109.298,109.3,109.193,109.208,89
1786294740,109.208,109.232,109.206,109.231,84
1786294800,109.233,109.233,109.177,109.201,78
1786294860,109.199,109.199,109.104,109.118,86
1786294920,109.121,109.121,109.04,109.09,87
1786294980,109.086,109.11,109.038,109.107,79
1786295040,109.104,109.104,109.016,109.016,80
1786295100,109.016,109.056,109.0,109.049,76
1786295160,109.049,109.092,109.031,109.081,88
1786295220,109.081,109.122,109.045,109.084,80
1786295280,109.084,109.103,109.046,109.103,77
1786295340,109.103,109.113,109.07,109.074,84
1786295400,109.074,109.075,109.03,109.075,84
1786295460,109.075,109.096,109.057,109.068,82
1786295520,109.056,109.126,109.049,109.115,72
1786295580,109.117,109.138,109.087,109.111,74
1786295640,109.111,109.181,109.109,109.148,78
1786295700,109.144,109.144,109.071,109.076,86
1786295760,109.076,109.094,109.064,109.089,74
1786295820,109.091,109.091,109.061,109.083,72
1786295880,109.081,109.083,109.018,109.05,77
1786295940,109.053,109.054,109.005,109.015,86
1786296000,109.018,109.055,109.018,109.025,84
1786296060,109.032,109.074,109.015,109.043,76
1786296120,109.04,109.075,109.022,109.058,89
1786296180,109.058,109.091,109.053,109.086,80
1786296240,109.086,109.089,109.036,109.039,82
1786296300,109.039,109.06,109.023,109.024,81
1786296360,109.024,109.107,109.016,109.103,81
1786296420,109.103,109.107,109.05,109.094,83
1786296480,109.092,109.104,109.037,109.049,80
1786296540,109.049,109.079,109.037,109.072,68
1786296600,109.067,109.152,109.065,109.112,82
1786296660,109.107,109.132,109.085,109.085,79
1786296720,109.085,109.129,109.07,109.129,83
1786296780,109.129,109.145,109.08,109.08,81
1786296840,109.078,109.115,109.057,109.081,89
1786296900,109.081,109.122,109.063,109.113,82
1786296960,109.113,109.139,109.094,109.13,85
1786297020,109.13,109.186,109.118,109.12,72
1786297080,109.114,109.189,109.097,109.182,85
1786297140,109.18,109.184,109.141,109.163,71
1786297200,109.163,109.182,109.148,109.175,74
1786297260,109.175,109.178,109.137,109.155,88
1786297320,109.155,109.155,109.106,109.135,93
1786297380,109.128,109.178,109.114,109.176,95
1786297440,109.174,109.194,109.143,109.165,82
1786297500,109.165,109.179,109.128,109.128,90
1786297560,109.128,109.128,109.074,109.089,77
1786297620,109.089,109.115,109.087,109.094,77
1786297680,109.094,109.149,109.08,109.142,73
1786297740,109.149,109.207,109.142,109.193,91
1786297800,109.188,109.198,109.154,109.198,85
1786297860,109.196,109.229,109.193,109.211,80
1786297920,109.215,109.227,109.175,109.192,83
1786297980,109.192,109.239,109.19,109.193,73
1786298040,109.193,109.213,109.153,109.171,82
1786298100,109.171,109.216,109.158,109.205,85
1786298160,109.205,109.24,109.185,109.21,78
1786298220,109.21,109.257,109.194,109.246,82
1786298280,109.246,109.259,109.21,109.219,87
1786298340,109.219,109.219,109.16,109.188,91
1786298400,109.188,109.191,109.153,109.161,80
1786298460,109.161,109.203,109.152,109.193,81
1786298520,109.193,109.214,109.07,109.092,84
1786298580,109.092,109.092,109.042,109.055,86
1786298640,109.055,109.072,109.019,109.072,77
1786298700,109.075,109.122,109.057,109.114,84
1786298760,109.11,109.121,109.045,109.072,77
1786298820,109.072,109.072,109.023,109.069,68
1786298880,109.069,109.102,109.05,109.084,76
1786298940,109.082,109.087,109.01,109.014,74
1786299000,109.014,109.086,108.984,109.074,74
1786299060,109.071,109.097,109.046,109.096,86
1786299120,109.096,109.112,109.065,109.103,79
1786299180,109.103,109.103,109.05,109.061,84
1786299240,109.061,109.085,109.006,109.021,85
1786299300,109.021,109.122,109.017,109.118,81
1786299360,109.12,109.183,109.12,109.182,90
1786299420,109.185,109.25,109.149,109.231,80
1786299480,109.231,109.259,109.222,109.244,85
1786299540,109.244,109.281,109.227,109.249,87
1786299600,109.249,109.312,109.23,109.293,81
1786299660,109.293,109.293,109.215,109.235,77
1786299720,109.238,109.238,109.18,109.204,83
1786299780,109.208,109.235,109.195,109.195,69
1786299840,109.195,109.225,109.182,109.197,74
1786299900,109.197,109.223,109.13,109.217,88
1786299960,109.223,109.264,109.205,109.254,88
1786300020,109.263,109.264,109.194,109.204,89
1786300080,109.2,109.234,109.186,109.217,81
1786300140,109.217,109.23,109.172,109.172,71
1786300200,109.176,109.265,109.175,109.248,84
1786300260,109.248,109.265,109.21,109.222,81
1786300320,109.222,109.291,109.217,109.217,80
1786300380,109.217,109.241,109.185,109.218,90
1786300440,109.218,109.304,109.218,109.293,73
1786300500,109.293,109.324,109.267,109.28,73
1786300560,109.28,109.313,109.261,109.287,82
1786300620,109.287,109.349,109.28,109.334,76
1786300680,109.334,109.342,109.284,109.312,76
1786300740,109.309,109.326,109.28,109.31,76
1786300800,109.31,109.336,109.285,109.334,78
1786300860,109.334,109.343,109.268,109.329,74
1786300920,109.329,109.416,109.325,109.411,73
1786300980,109.411,109.457,109.378,109.449,82
1786301040,109.449,109.449,109.405,109.428,74
1786301100,109.428,109.449,109.38,109.412,80
1786301160,109.412,109.504,109.41,109.491,85
1786301220,109.491,109.512,109.48,109.502,84
1786301280,109.499,109.51,109.454,109.47,77
1786301340,109.468,109.505,109.446,109.454,85
1786301400,109.454,109.484,109.441,109.48,80
1786301460,109.48,109.487,109.445,109.468,87
1786301520,109.468,109.527,109.468,109.511,79
1786301580,109.511,109.542,109.494,109.535,79
1786301640,109.535,109.543,109.503,109.523,66
1786301700,109.523,109.577,109.516,109.543,88
1786301760,109.549,109.598,109.54,109.587,88
1786301820,109.587,109.587,109.529,109.543,85
1786301880,109.543,109.576,109.507,109.508,78
1786301940,109.512,109.542,109.494,109.502,81
1786302000,109.499,109.555,109.476,109.534,80
1786302060,109.534,109.538,109.496,109.496,84
1786302120,109.503,109.55,109.496,109.529,72
1786302180,109.529,109.587,109.52,109.583,73
1786302240,109.58,109.598,109.552,109.588,87
1786302300,109.582,109.616,109.58,109.586,78
1786302360,109.582,109.651,109.58,109.627,89
1786302420,109.627,109.652,109.604,109.639,81
1786302480,109.639,109.662,109.613,109.64,80
1786302540,109.64,109.652,109.624,109.652,78
1786302600,109.652,109.669,109.626,109.669,81
1786302660,109.666,109.685,109.646,109.676,81
1786302720,109.672,109.689,109.628,109.631,75
1786302780,109.631,109.65,109.608,109.634,75
1786302840,109.634,109.691,109.631,109.691,85
1786302900,109.691,109.745,109.683,109.715,86
1786302960,109.715,109.723,109.667,109.671,74
1786303020,109.667,109.667,109.592,109.625,78
1786303080,109.625,109.686,109.623,109.673,78
1786303140,109.673,109.673,109.627,109.645,76
1786303200,109.645,109.694,109.626,109.686,84
1786303260,109.696,109.715,109.673,109.695,80
1786303320,109.69,109.698,109.655,109.679,79
1786303380,109.679,109.695,109.619,109.624,78
1786303440,109.624,109.69,109.608,109.685,88
1786303500,109.685,109.688,109.645,109.666,80
1786303560,109.666,109.729,109.656,109.729,72
1786303620,109.731,109.798,109.715,109.795,74
1786303680,109.795,109.795,109.72,109.755,76
1786303740,109.755,109.766,109.735,109.758,79
1786303800,109.758,109.803,109.746,109.757,86
1786303860,109.757,109.799,109.726,109.726,81
1786303920,109.726,109.782,109.719,109.759,78
1786303980,109.763,109.792,109.751,109.776,77
1786304040,109.774,109.81,109.771,109.804,83
1786304100,109.801,109.815,109.773,109.783,86
1786304160,109.785,109.817,109.779,109.804,79
1786304220,109.806,109.856,109.806,109.844,79
1786304280,109.848,109.914,109.842,109.906,79
1786304340,109.909,109.961,109.863,109.867,82
1786304400,109.867,109.867,109.807,109.826,77
1786304460,109.826,109.866,109.791,109.795,83
1786304520,109.795,109.864,109.785,109.861,80
1786304580,109.861,109.867,109.785,109.785,78
1786304640,109.788,109.811,109.711,109.725,79
1786304700,109.725,109.775,109.721,109.767,83
1786304760,109.767,109.778,109.717,109.774,86
1786304820,109.774,109.802,109.755,109.801,75
1786304880,109.801,109.889,109.78,109.878,84
1786304940,109.878,109.931,109.871,109.925,82
1786305000,109.925,109.937,109.838,109.84,80
1786305060,109.838,109.886,109.814,109.816,81
1786305120,109.816,109.854,109.803,109.814,80
1786305180,109.818,109.879,109.805,109.879,79
1786305240,109.879,109.957,109.865,109.942,76
1786305300,109.942,109.982,109.902,109.905,74
1786305360,109.905,109.975,109.895,109.941,86
1786305420,109.941,109.984,109.931,109.984,76
1786305480,109.981,109.999,109.943,109.943,60
1786305540,109.943,109.953,109.861,109.879,81
1786305600,109.879,109.888,109.843,109.877,79
1786305660,109.874,109.935,109.872,109.933,83
1786305720,109.933,109.968,109.924,109.954,84
1786305780,109.954,109.991,109.931,109.968,81
1786305840,109.968,109.968,109.892,109.892,75
1786305900,109.892,109.907,109.86,109.899,78
1786305960,109.903,109.935,109.861,109.865,82
1786306020,109.865,109.866,109.827,109.865,82
1786306080,109.865,109.872,109.832,109.856,80
1786306140,109.856,109.862,109.828,109.835,85
1786306200,109.835,109.857,109.813,109.851,82
1786306260,109.847,109.85,109.793,109.799,78
1786306320,109.796,109.808,109.689,109.689,80
1786306380,109.689,109.701,109.653,109.695,81
1786306440,109.695,109.707,109.671,109.707,72
1786306500,109.707,109.797,109.704,109.795,85
1786306560,109.792,109.792,109.749,109.773,77
1786306620,109.776,109.776,109.726,109.768,86
1786306680,109.768,109.777,109.627,109.662,78
1786306740,109.662,109.692,109.628,109.628,82
1786306800,109.628,109.648,109.599,109.631,76
1786306860,109.631,109.681,109.624,109.652,62
1786306920,109.652,109.656,109.604,109.607,72
1786306980,109.605,109.614,109.519,109.552,76
1786307040,109.552,109.552,109.463,109.463,82
1786307100,109.466,109.519,109.444,109.514,71
1786307160,109.517,109.593,109.517,109.577,85
1786307220,109.57,109.575,109.533,109.555,85
1786307280,109.555,109.583,109.547,109.553,78
1786307340,109.553,109.553,109.443,109.486,90
1786307400,109.488,109.491,109.439,109.461,81
1786307460,109.459,109.479,109.404,109.445,88
1786307520,109.445,109.448,109.379,109.412,83
1786307580,109.412,109.489,109.403,109.489,71
1786307640,109.489,109.512,109.444,109.444,84
1786307700,109.434,109.471,109.411,109.468,75
1786307760,109.465,109.513,109.458,109.462,76
1786307820,109.462,109.465,109.42,109.434,80
1786307880,109.434,109.469,109.426,109.437,82
1786307940,109.437,109.437,109.34,109.341,70
1786308000,109.341,109.392,109.318,109.372,89
1786308060,109.372,109.372,109.31,109.313,78
1786308120,109.313,109.329,109.273,109.287,71
1786308180,109.282,109.299,109.252,109.252,82
1786308240,109.252,109.263,109.224,109.252,73
1786308300,109.252,109.293,109.208,109.267,88
1786308360,109.265,109.339,109.263,109.293,82
1786308420,109.288,109.297,109.211,109.211,71
1786308480,109.207,109.229,109.171,109.178,88
1786308540,109.178,109.184,109.108,109.119,82
1786308600,109.114,109.133,109.014,109.068,80
1786308660,109.065,109.084,109.042,109.062,78
1786308720,109.068,109.113,109.061,109.063,82
1786308780,109.063,109.101,109.054,109.09,83
1786308840,109.092,109.122,109.092,109.12,79
1786308900,109.12,109.216,109.115,109.216,80
1786308960,109.216,109.219,109.144,109.145,83
1786309020,109.145,109.157,109.118,109.143,81
1786309080,109.14,109.171,109.131,109.153,85
1786309140,109.153,109.159,109.085,109.085,79
1786309200,109.085,109.182,109.08,109.159,83
1786309260,109.159,109.174,109.131,109.153,80
1786309320,109.153,109.209,109.15,109.207,86
1786309380,109.203,109.203,109.108,109.113,87
1786309440,109.115,109.118,109.075,109.112,87
1786309500,109.107,109.119,109.053,109.064,86
1786309560,109.066,109.093,109.039,109.08,77
1786309620,109.078,109.081,109.047,109.065,80
1786309680,109.041,109.101,109.041,109.095,84
1786309740,109.097,109.097,109.028,109.028,77
1786309800,109.031,109.091,109.028,109.073,78
1786309860,109.073,109.08,109.024,109.035,80
1786309920,109.035,109.073,109.033,109.073,79
1786309980,109.073,109.124,109.073,109.124,75
1786310040,109.124,109.142,109.104,109.11,85
1786310100,109.11,109.153,109.101,109.152,78
1786310160,109.152,109.208,109.141,109.202,79
1786310220,109.202,109.237,109.19,109.202,80
1786310280,109.202,109.255,109.186,109.249,77
1786310340,109.249,109.292,109.19,109.193,82
1786310400,109.201,109.237,109.176,109.221,73
1786310460,109.219,109.23,109.166,109.166,85
1786310520,109.166,109.178,109.112,109.178,78
1786310580,109.178,109.195,109.164,109.18,78
1786310640,109.18,109.195,109.143,109.161,77
1786310700,109.161,109.181,109.148,109.169,75
1786310760,109.166,109.166,109.115,109.118,90
1786310820,109.127,109.158,109.103,109.112,77
1786310880,109.112,109.128,109.084,109.092,84
1786310940,109.088,109.141,109.088,109.106,85
1786311000,109.106,109.185,109.1,109.177,84
1786311060,109.177,109.205,109.166,109.184,77
1786311120,109.187,109.241,109.168,109.171,76
1786311180,109.171,109.18,109.095,109.095,77
1786311240,109.095,109.131,109.092,109.119,82
1786311300,109.119,109.124,109.081,109.096,79
1786311360,109.096,109.121,109.086,109.106,72
1786311420,109.109,109.125,109.087,109.103,78
1786311480,109.103,109.131,109.103,109.125,70
1786311540,109.125,109.139,109.039,109.039,88
1786311600,109.036,109.05,109.006,109.043,76
1786311660,109.048,109.077,108.994,109.02,80
1786311720,109.02,109.02,108.964,108.975,79
1786311780,108.975,108.988,108.957,108.98,82
1786311840,108.98,109.034,108.972,109.032,70
1786311900,109.032,109.126,109.029,109.126,85
1786311960,109.129,109.146,109.103,109.13,77
1786312020,109.13,109.169,109.125,109.161,77
1786312080,109.157,109.199,109.151,109.19,73
1786312140,109.19,109.248,109.185,109.233,76
1786312200,109.233,109.285,109.228,109.258,85
1786312260,109.258,109.266,109.163,109.167,85
1786312320,109.167,109.191,109.103,109.111,82
1786312380,109.111,109.136,109.096,109.116,88
1786312440,109.116,109.152,109.108,109.149,74
1786312500,109.146,109.155,109.079,109.086,75
1786312560,109.086,109.107,109.069,109.091,82
1786312620,109.086,109.095,109.052,109.06,76
1786312680,109.05,109.08,109.024,109.045,77
1786312740,109.045,109.058,109.002,109.027,81
1786312800,109.029,109.029,108.954,108.974,82
1786312860,108.971,109.004,108.952,108.992,77
1786312920,108.992,109.008,108.913,108.913,83
1786312980,108.913,108.936,108.85,108.867,78
1786313040,108.867,108.88,108.839,108.874,73
1786313100,108.874,108.897,108.869,108.888,85
1786313160,108.886,108.886,108.836,108.843,78
1786313220,108.843,108.851,108.82,108.831,74
1786313280,108.831,108.843,108.782,108.782,75
1786313340,108.782,108.782,108.708,108.73,87
1786313400,108.73,108.735,108.692,108.727,72
1786313460,108.727,108.779,108.727,108.755,80
1786313520,108.758,108.784,108.732,108.778,81
1786313580,108.78,108.785,108.72,108.732,84
1786313640,108.732,108.766,108.732,108.753,71
1786313700,108.754,108.82,108.752,108.808,87
1786313760,108.812,108.851,108.8,108.842,84
1786313820,108.842,108.857,108.8,108.801,72
1786313880,108.797,108.815,108.765,108.781,83
1786313940,108.779,108.783,108.735,108.775,79
1786314000,108.775,108.775,108.734,108.775,73
1786314060,108.773,108.773,108.686,108.716,87
1786314120,108.716,108.742,108.686,108.729,84
1786314180,108.731,108.785,108.689,108.698,83
1786314240,108.701,108.737,108.681,108.69,80
1786314300,108.69,108.701,108.638,108.65,80
1786314360,108.65,108.728,108.649,108.728,73
1786314420,108.728,108.733,108.68,108.688,78
1786314480,108.688,108.688,108.635,108.669,79
1786314540,108.669,108.709,108.667,108.706,82
1786314600,108.708,108.726,108.674,108.723,73
1786314660,108.723,108.741,108.659,108.659,85
1786314720,108.659,108.702,108.657,108.677,92
1786314780,108.677,108.677,108.621,108.658,73
1786314840,108.658,108.669,108.549,108.558,79
1786314900,108.558,108.558,108.502,108.521,81
1786314960,108.516,108.57,108.512,108.537,80
1786315020,108.537,108.584,108.537,108.548,81
1786315080,108.551,108.58,108.532,108.532,75
1786315140,108.529,108.549,108.515,108.536,73
1786315200,108.538,108.553,108.484,108.49,78
1786315260,108.49,108.536,108.49,108.518,91
1786315320,108.518,108.522,108.478,108.507,81
1786315380,108.507,108.516,108.379,108.379,79
1786315440,108.379,108.383,108.336,108.353,72
1786315500,108.353,108.356,108.283,108.297,78
1786315560,108.297,108.334,108.288,108.313,85
1786315620,108.313,108.315,108.273,108.301,85
1786315680,108.303,108.32,108.239,108.267,84
1786315740,108.27,108.299,108.259,108.29,78
1786315800,108.29,108.29,108.246,108.263,77
1786315860,108.263,108.264,108.21,108.261,71
1786315920,108.261,108.343,108.261,108.301,91
1786315980,108.303,108.319,108.243,108.247,81
1786316040,108.27,108.27,108.22,108.251,85
1786316100,108.251,108.251,108.223,108.236,75
1786316160,108.236,108.306,108.236,108.284,79
1786316220,108.275,108.299,108.253,108.284,68
1786316280,108.285,108.389,108.273,108.385,82
1786316340,108.385,108.427,108.364,108.407,82
1786316400,108.405,108.497,108.405,108.445,86
1786316460,108.44,108.452,108.363,108.369,79
1786316520,108.369,108.403,108.352,108.352,74
1786316580,108.352,108.352,108.278,108.288,86
1786316640,108.288,108.309,108.256,108.256,83
1786316700,108.256,108.258,108.199,108.199,88
1786316760,108.199,108.204,108.151,108.153,75
1786316820,108.153,108.188,108.151,108.164,84
1786316880,108.169,108.223,108.16,108.206,84
1786316940,108.206,108.21,108.183,108.193,79
1786317000,108.193,108.226,108.173,108.173,84
1786317060,108.17,108.207,108.122,108.187,82
1786317120,108.187,108.236,108.146,108.234,83
1786317180,108.236,111.623,108.223,111.618,83
1786317240,111.618,111.675,111.602,111.667,80
1786317300,111.667,111.684,111.585,111.591,79
1786317360,111.613,111.622,111.563,111.563,81
1786317420,111.57,111.596,111.502,111.509,86
1786317480,111.507,111.518,111.477,111.518,79
1786317540,111.522,111.545,111.504,111.518,85
1786317600,111.518,111.53,111.483,111.497,71
1786317660,111.497,111.503,111.46,111.477,76
1786317720,111.477,111.481,111.451,111.463,81
1786317780,111.465,111.476,111.374,111.386,89
1786317840,111.386,111.392,111.332,111.332,83
1786317900,111.332,111.355,111.275,111.288,82
1786317960,111.288,111.36,111.269,111.327,81
1786318020,111.327,111.476,111.324,111.464,80
1786318080,111.467,111.468,111.419,111.437,78
1786318140,111.437,111.48,111.41,111.414,84
1786318200,111.414,111.433,111.362,111.362,70
1786318260,111.362,111.443,111.36,111.395,76
1786318320,111.392,111.418,111.364,111.384,78
1786318380,111.38,111.403,111.289,111.289,87
1786318440,111.285,111.336,111.278,111.333,83
1786318500,111.33,111.331,111.29,111.3,69
1786318560,111.3,111.332,111.28,111.32,80
1786318620,111.32,111.33,111.298,111.3,82
1786318680,111.3,111.307,111.262,111.281,77
1786318740,111.281,111.341,111.281,111.325,79
1786318800,111.327,111.36,111.314,111.343,82
1786318860,111.343,111.355,111.323,111.346,75
1786318920,111.346,111.373,111.309,111.315,71
1786318980,111.315,111.358,111.313,111.355,81
1786319040,111.355,111.422,111.352,111.411,82
1786319100,111.411,111.482,111.411,111.427,88
1786319160,111.43,111.443,111.401,111.412,78
1786319220,111.414,111.463,111.387,111.451,80
1786319280,111.451,111.493,111.43,111.49,87
1786319340,111.49,111.555,111.481,111.524,86
1786319400,111.526,111.543,111.483,111.492,76
1786319460,111.494,111.512,111.467,111.469,71
1786319520,111.469,111.487,111.459,111.468,75
1786319580,111.466,111.469,111.434,111.434,81
1786319640,111.431,111.474,111.41,111.46,80
1786319700,111.463,111.521,111.438,111.52,72
1786319760,111.522,111.544,111.489,111.535,74
1786319820,111.539,111.622,111.532,111.603,74
1786319880,111.603,111.684,111.603,111.668,88
1786319940,111.668,111.693,111.617,111.634,87
1786320000,111.634,111.678,111.602,111.664,86
1786320060,111.664,111.724,111.654,111.724,73
1786320120,111.724,111.74,111.702,111.74,93
1786320180,111.746,111.75,111.669,111.679,79
1786320240,111.679,111.708,111.668,111.691,79
1786320300,111.691,111.716,111.668,111.7,89
1786320360,111.703,111.754,111.699,111.742,84
1786320420,111.746,111.746,111.679,111.679,80
1786320480,111.676,111.681,111.61,111.681,86
1786320540,111.684,111.753,111.684,111.722,74
1786320600,111.722,111.722,111.664,111.697,80
1786320660,111.697,111.705,111.625,111.625,69
1786320720,111.63,111.633,111.534,111.552,75
1786320780,111.552,111.631,111.552,111.631,77
1786320840,111.631,111.676,111.621,111.67,85
1786320900,111.67,111.683,111.64,111.65,85
1786320960,111.65,111.664,111.589,111.63,81
1786321020,111.63,111.677,111.626,111.636,82
1786321080,111.636,111.642,111.553,111.569,78
1786321140,111.569,111.616,111.552,111.582,80
1786321200,111.587,111.656,111.576,111.656,87
1786321260,111.66,111.742,111.66,111.738,78
1786321320,111.746,111.751,111.66,111.696,82
1786321380,111.696,111.738,111.681,111.695,65
1786321440,111.693,111.748,111.671,111.748,71
1786321500,111.748,111.797,111.724,111.791,85
1786321560,111.787,111.806,111.759,111.759,71
1786321620,111.756,111.765,111.68,111.682,81
1786321680,111.682,111.74,111.679,111.733,65
1786321740,111.733,111.748,111.614,111.623,80
1786321800,111.623,111.638,111.584,111.62,81
1786321860,111.62,111.69,111.603,111.68,79
1786321920,111.682,111.696,111.647,111.668,77
1786321980,111.668,111.673,111.615,111.619,87
1786322040,111.619,111.623,111.547,111.615,87
1786322100,111.615,111.623,111.582,111.599,84
1786322160,111.599,111.624,111.593,111.597,83
1786322220,111.597,111.597,111.522,111.586,86
1786322280,111.586,111.586,111.537,111.55,78
1786322340,111.55,111.56,111.515,111.55,76
1786322400,111.541,111.613,111.541,111.611,78
1786322460,111.615,111.662,111.597,111.662,89
1786322520,111.664,111.666,111.623,111.659,75
1786322580,111.659,111.696,111.64,111.682,78
1786322640,111.682,111.682,111.609,111.614,73
1786322700,111.602,111.619,111.555,111.596,84
1786322760,111.599,111.627,111.539,111.549,94
1786322820,111.546,111.572,111.525,111.536,80
1786322880,111.536,111.545,111.436,111.465,82
1786322940,111.465,111.515,111.465,111.511,79
1786323000,111.511,111.578,111.498,111.571,81
1786323060,111.571,111.591,111.549,111.569,88
1786323120,111.569,111.569,111.445,111.445,81
1786323180,111.445,111.457,111.411,111.457,88
1786323240,111.457,111.518,111.457,111.518,84
1786323300,111.518,111.546,111.496,111.536,76
1786323360,111.529,111.612,111.516,111.6,91
1786323420,111.6,111.632,111.6,111.605,73
1786323480,111.605,111.697,111.597,111.685,84
1786323540,111.687,111.693,111.649,111.657,70
1786323600,111.657,111.68,111.643,111.668,81
1786323660,111.666,111.702,111.63,111.699,82
1786323720,111.701,111.801,111.696,111.801,82
1786323780,111.793,111.822,111.752,111.814,71
1786323840,111.817,111.833,111.771,111.79,73
1786323900,111.781,111.804,111.761,111.764,79
1786323960,111.764,111.817,111.759,111.815,77
1786324020,111.815,111.832,111.765,111.824,79
1786324080,111.824,111.849,111.809,111.838,80
1786324140,111.838,111.871,111.825,111.866,81
1786324200,111.866,111.874,111.83,111.874,82
1786324260,111.874,111.878,111.792,111.812,85
1786324320,111.812,111.855,111.804,111.832,75
1786324380,111.828,111.834,111.775,111.775,81
1786324440,111.772,111.817,111.76,111.797,77
1786324500,111.797,111.844,111.797,111.814,75
1786324560,111.817,111.861,111.81,111.816,78
1786324620,111.81,111.834,111.794,111.805,82
1786324680,111.802,111.812,111.759,111.802,86
1786324740,111.802,111.841,111.794,111.832,81
1786324800,111.835,111.854,111.805,111.811,74
1786324860,111.811,111.861,111.804,111.844,82
1786324920,111.84,111.854,111.829,111.839,79
1786324980,111.839,111.846,111.797,111.8,68
1786325040,111.8,111.8,111.758,111.796,86
1786325100,111.802,111.802,111.754,111.757,73
1786325160,111.757,111.791,111.74,111.779,87
1786325220,111.779,111.842,111.779,111.802,82
1786325280,111.802,111.831,111.791,111.814,76
1786325340,111.816,111.857,111.796,111.853,83
1786325400,111.847,111.862,111.813,111.822,79
1786325460,111.838,111.844,111.786,111.806,76
1786325520,111.804,111.848,111.798,111.837,83
1786325580,111.837,111.837,111.791,111.799,80
1786325640,111.799,111.81,111.689,111.689,72
1786325700,111.689,111.689,111.605,111.616,84
1786325760,111.613,111.623,111.569,111.569,87
1786325820,111.569,111.58,111.533,111.554,85
1786325880,111.554,111.571,111.537,111.539,82
1786325940,111.537,111.537,111.47,111.491,63
1786326000,111.493,111.55,111.485,111.55,80
1786326060,111.548,111.579,111.508,111.547,74
1786326120,111.547,111.605,111.536,111.604,85
1786326180,111.604,111.604,111.553,111.565,76
1786326240,111.565,111.605,111.564,111.595,76
1786326300,111.595,111.607,111.565,111.59,83
1786326360,111.586,111.588,111.519,111.519,73
1786326420,111.521,111.54,111.485,111.54,86
1786326480,111.54,111.569,111.519,111.565,80
1786326540,111.565,111.592,111.551,111.561,82
1786326600,111.561,111.568,111.523,111.548,85
1786326660,111.548,111.629,111.547,111.617,76
1786326720,111.617,111.617,111.528,111.533,81
1786326780,111.533,111.578,111.533,111.566,78
1786326840,111.57,111.609,111.563,111.568,81
1786326900,111.568,111.583,111.525,111.562,77
1786326960,111.56,111.598,111.56,111.57,68
1786327020,111.568,111.64,111.552,111.612,74
1786327080,111.61,111.64,111.586,111.623,90
1786327140,111.623,111.673,111.602,111.654,86
1786327200,111.654,111.688,111.629,111.64,79
1786327260,111.64,111.643,111.604,111.636,71
1786327320,111.636,111.654,111.592,111.593,81
1786327380,111.59,111.645,111.578,111.639,80
1786327440,111.639,111.673,111.638,111.65,78
1786327500,111.65,111.664,111.617,111.628,78
1786327560,111.628,111.63,111.555,111.577,83
1786327620,111.577,111.583,111.517,111.532,78
1786327680,111.534,111.555,111.511,111.529,87
1786327740,111.529,111.577,111.527,111.546,75
1786327800,111.542,111.593,111.513,111.513,90
1786327860,111.508,111.522,111.475,111.496,83
1786327920,111.498,111.514,111.472,111.482,93
1786327980,111.482,111.489,111.402,111.412,80
1786328040,111.419,111.419,111.344,111.344,73
1786328100,111.346,111.352,111.286,111.304,75
1786328160,111.304,111.33,111.291,111.3,73
1786328220,111.296,111.314,111.274,111.291,74
1786328280,111.293,111.328,111.288,111.295,87
1786328340,111.292,111.304,111.255,111.265,80
1786328400,111.265,111.304,111.257,111.28,77
1786328460,111.28,111.354,111.27,111.324,83
1786328520,111.324,111.337,111.301,111.313,81
1786328580,111.313,111.33,111.279,111.295,74
1786328640,111.295,111.354,111.293,111.335,90
1786328700,111.335,111.387,111.319,111.365,88
1786328760,111.367,111.367,111.323,111.352,73
1786328820,111.352,111.389,111.349,111.385,72
1786328880,111.388,111.39,111.312,111.328,81
1786328940,111.328,111.373,111.301,111.354,72
1786329000,111.354,111.385,111.345,111.383,80
1786329060,111.389,111.454,111.385,111.451,75
1786329120,111.447,111.499,111.429,111.469,73
1786329180,111.471,111.488,111.456,111.46,79
1786329240,111.46,111.489,111.445,111.447,81
1786329300,111.44,111.524,111.44,111.524,76
1786329360,111.515,111.518,111.417,111.417,82
1786329420,111.417,111.425,111.339,111.368,74
1786329480,111.368,111.395,111.347,111.395,71
1786329540,111.395,111.427,111.377,111.401,82
1786329600,111.401,111.425,111.347,111.387,73
1786329660,111.387,111.402,111.363,111.398,85
1786329720,111.398,111.42,111.38,111.384,81
1786329780,111.384,111.416,111.361,111.412,77
1786329840,111.41,111.433,111.31,111.326,78
1786329900,111.322,111.388,111.312,111.365,78
1786329960,111.368,111.419,111.354,111.419,82
1786330020,111.419,111.466,111.412,111.417,79
1786330080,111.429,111.478,111.399,111.404,81
1786330140,111.402,111.411,111.352,111.409,83
1786330200,111.407,111.466,111.398,111.459,74
1786330260,111.459,111.493,111.432,111.489,86
1786330320,111.499,111.544,111.486,111.535,82
1786330380,111.537,111.592,111.531,111.557,91
1786330440,111.557,111.565,111.502,111.511,78
1786330500,111.511,111.521,111.46,111.5,77
1786330560,111.5,111.532,111.485,111.517,75
1786330620,111.517,111.552,111.48,111.552,75
1786330680,111.552,111.665,111.543,111.665,83
1786330740,111.665,111.665,111.591,111.591,82
1786330800,111.591,111.598,111.553,111.572,84
1786330860,111.567,111.635,111.55,111.635,88
1786330920,111.637,111.653,111.602,111.605,70
1786330980,111.602,111.602,111.518,111.533,84
1786331040,111.533,111.535,111.455,111.455,80
1786331100,111.455,111.476,111.435,111.437,86
1786331160,111.434,111.445,111.41,111.412,79
1786331220,111.414,111.44,111.394,111.428,87
1786331280,111.428,111.501,111.426,111.501,82
1786331340,111.497,111.499,111.445,111.462,87
1786331400,111.462,111.475,111.416,111.432,77
1786331460,111.435,111.489,111.435,111.466,80
1786331520,111.466,111.53,111.461,111.519,71
1786331580,111.519,111.564,111.503,111.56,74
1786331640,111.56,111.563,111.471,111.473,81
1786331700,111.473,111.489,111.451,111.456,74
1786331760,111.456,111.517,111.436,111.517,70
1786331820,111.517,111.55,111.487,111.517,80
1786331880,111.517,111.559,111.5,111.506,83
1786331940,111.508,111.511,111.449,111.47,79
1786332000,111.473,111.491,111.43,111.44,79
1786332060,111.44,111.452,111.392,111.41,83
1786332120,111.41,111.47,111.404,111.458,81
1786332180,111.458,111.503,111.449,111.49,80
1786332240,111.49,111.542,111.49,111.54,81
1786332300,111.536,111.591,111.533,111.59,79
1786332360,111.59,111.593,111.502,111.512,84
1786332420,111.512,111.531,111.478,111.519,85
1786332480,111.519,111.519,111.446,111.475,76
1786332540,111.475,111.478,111.398,111.398,83
1786332600,111.398,111.398,111.349,111.352,84
1786332660,111.352,111.373,111.298,111.33,71
1786332720,111.33,111.331,111.304,111.308,72
1786332780,111.308,111.31,111.275,111.303,74
1786332840,111.303,111.341,111.292,111.292,79
1786332900,111.292,111.325,111.266,111.325,73
1786332960,111.325,111.337,111.261,111.266,80
1786333020,111.266,111.278,111.242,111.242,72
1786333080,111.242,111.247,111.208,111.212,69
1786333140,111.21,111.234,111.206,111.207,83
1786333200,111.207,111.222,111.174,111.212,77
1786333260,111.208,111.237,111.194,111.234,75
1786333320,111.234,111.239,111.216,111.23,84
1786333380,111.232,111.241,111.198,111.198,76
1786333440,111.196,111.199,111.104,111.12,85
1786333500,111.12,111.186,111.115,111.175,73
1786333560,111.178,111.223,111.178,111.189,77
1786333620,111.193,111.193,111.13,111.144,84
1786333680,111.144,111.155,111.082,111.085,73
1786333740,111.085,111.131,111.085,111.107,86
1786333800,111.107,111.128,111.046,111.046,77
1786333860,111.046,111.046,110.989,111.0,87
1786333920,111.0,111.048,110.993,111.018,79
1786333980,111.018,111.069,111.014,111.049,78
1786334040,111.049,111.089,111.049,111.057,82
1786334100,111.059,111.076,111.017,111.019,84
1786334160,111.016,111.052,110.978,111.04,84
1786334220,111.04,111.111,111.038,111.096,81
1786334280,111.096,111.117,111.08,111.08,86
1786334340,111.082,111.094,111.012,111.061,87
1786334400,111.066,111.087,111.041,111.057,83
1786334460,111.057,111.106,111.055,111.066,75
1786334520,111.069,111.114,111.06,111.076,76
1786334580,111.076,111.112,111.045,111.089,88
1786334640,111.089,111.093,111.02,111.035,79
1786334700,111.031,111.052,110.998,111.01,83
1786334760,111.01,111.017,110.962,110.983,89
1786334820,110.983,111.009,110.928,111.006,73
1786334880,111.006,111.062,110.98,111.029,84
1786334940,111.029,111.116,111.029,111.111,85
1786335000,111.111,111.213,111.088,111.213,80
1786335060,111.213,111.233,111.192,111.192,86
1786335120,111.192,111.195,111.131,111.179,79
1786335180,111.181,111.235,111.177,111.226,73
1786335240,111.226,111.319,111.223,111.317,79
1786335300,111.317,111.333,111.236,111.264,76
1786335360,111.264,111.272,111.233,111.264,78
1786335420,111.261,111.268,111.225,111.251,77
1786335480,111.253,111.253,111.177,111.179,76
1786335540,111.182,111.223,111.16,111.202,77
1786335600,111.199,111.245,111.178,111.245,77
1786335660,111.24,111.291,111.219,111.257,68
1786335720,111.257,111.266,111.22,111.225,79
1786335780,111.225,111.244,111.192,111.238,87
1786335840,111.238,111.24,111.168,111.18,77
1786335900,111.18,111.199,111.134,111.169,78
1786335960,111.169,111.182,111.137,111.18,82
1786336020,111.18,111.198,111.147,111.186,81
1786336080,111.186,111.217,111.182,111.187,84
1786336140,111.187,111.197,111.1,111.129,79
1786336200,111.129,111.135,111.075,111.078,76
1786336260,111.078,111.155,111.078,111.117,82
1786336320,111.11,111.191,111.106,111.189,74
1786336380,111.189,111.249,111.189,111.202,90
1786336440,111.199,111.201,111.132,111.134,75
1786336500,111.134,111.176,111.134,111.136,76
1786336560,111.128,111.128,111.056,111.064,84
1786336620,111.062,111.132,111.053,111.111,74
1786336680,111.109,111.131,111.101,111.11,80
1786336740,111.11,111.192,111.11,111.191,75
1786336800,111.191,111.239,111.143,111.167,90
1786336860,111.167,111.206,111.157,111.175,68
1786336920,111.175,111.205,111.122,111.127,78
1786336980,111.127,111.151,111.098,111.128,74
1786337040,111.128,111.14,111.107,111.134,80
1786337100,111.134,111.183,111.107,111.117,82
1786337160,111.115,111.135,111.099,111.114,82
1786337220,111.119,111.167,111.103,111.122,79
1786337280,111.122,111.16,111.119,111.158,77
1786337340,111.158,111.211,111.148,111.206,76
1786337400,111.206,111.222,111.197,111.215,77
1786337460,111.215,111.226,111.167,111.207,81
1786337520,111.194,111.225,111.17,111.174,84
1786337580,111.176,111.26,111.163,111.236,81
1786337640,111.238,111.244,111.188,111.196,76
1786337700,111.193,111.232,111.185,111.21,88
1786337760,111.214,111.244,111.177,111.182,78
1786337820,111.186,111.233,111.181,111.223,82
1786337880,111.223,111.271,111.216,111.27,85
1786337940,111.27,111.287,111.219,111.239,75
1786338000,111.239,111.27,111.219,111.235,72
1786338060,111.235,111.287,111.23,111.284,65
1786338120,111.282,111.365,111.282,111.365,84
1786338180,111.365,111.37,111.279,111.288,74
1786338240,111.291,111.298,111.248,111.249,82
1786338300,111.249,111.296,111.234,111.291,78
1786338360,111.291,111.302,111.264,111.272,76
1786338420,111.272,111.275,111.221,111.229,84
1786338480,111.233,111.285,111.227,111.274,85
1786338540,111.274,111.287,111.257,111.268,84
1786338600,111.263,111.266,111.216,111.238,79
1786338660,111.246,111.246,111.194,111.229,80
1786338720,111.233,111.278,111.196,111.253,90
1786338780,111.25,111.265,111.212,111.217,85
1786338840,111.215,111.249,111.215,111.249,83
1786338900,111.246,111.264,111.188,111.232,84
1786338960,111.232,111.26,111.228,111.252,87
1786339020,111.252,111.312,111.245,111.303,86
1786339080,111.303,111.332,111.256,111.256,82
1786339140,111.256,111.289,111.232,111.238,78
1786339200,111.238,111.244,111.21,111.233,78
1786339260,111.233,111.236,111.185,111.205,87
1786339320,111.205,111.217,111.172,111.193,75
1786339380,111.193,111.248,111.192,111.248,75
1786339440,111.248,111.249,111.195,111.198,71
1786339500,111.191,111.217,111.162,111.187,85
1786339560,111.187,111.241,111.165,111.238,81
1786339620,111.238,111.247,111.201,111.206,72
1786339680,111.206,111.211,111.157,111.201,86
1786339740,111.205,111.232,111.146,111.193,79
1786339800,111.19,111.194,111.145,111.147,72
1786339860,111.147,111.189,111.124,111.13,77
1786339920,111.13,111.147,111.072,111.086,81
1786339980,111.089,111.109,111.061,111.065,74
1786340040,111.065,111.065,111.003,111.003,83
1786340100,111.009,111.066,110.996,110.996,90
1786340160,111.002,111.064,111.002,111.017,79
1786340220,111.017,111.092,111.017,111.071,87
1786340280,111.071,111.072,111.031,111.071,70
1786340340,111.071,111.071,110.994,111.028,83
1786340400,111.035,111.038,110.988,110.991,82
1786340460,110.991,110.991,110.924,110.964,84
1786340520,110.972,111.027,110.969,111.027,78
1786340580,111.027,111.049,111.006,111.049,87
1786340640,111.049,111.102,111.049,111.087,77
1786340700,111.087,111.096,111.044,111.056,76
1786340760,111.056,111.112,111.054,111.108,72
1786340820,111.104,111.116,111.051,111.059,87
1786340880,111.061,111.118,111.037,111.115,89
1786340940,111.112,111.131,111.071,111.104,88
1786341000,111.104,111.168,111.1,111.123,77
1786341060,111.123,111.156,111.086,111.091,84
1786341120,111.091,111.105,111.05,111.078,84
1786341180,111.078,111.078,110.977,110.978,80
1786341240,110.978,111.035,110.974,111.023,82
1786341300,111.023,111.055,111.015,111.032,72
1786341360,111.032,111.057,111.015,111.041,88
1786341420,111.045,111.16,111.043,111.158,78
1786341480,111.16,111.16,111.098,111.101,79
1786341540,111.101,111.114,111.085,111.101,74
1786341600,111.104,111.118,111.032,111.032,83
1786341660,111.032,111.049,111.008,111.009,75
1786341720,111.006,111.013,110.994,111.005,69
1786341780,111.005,111.013,110.976,110.981,81
1786341840,110.979,111.015,110.977,111.002,85
1786341900,110.995,111.0,110.895,110.895,90
1786341960,110.895,110.926,110.844,110.844,73
1786342020,110.842,110.938,110.835,110.926,77
1786342080,110.926,110.947,110.861,110.861,77
1786342140,110.861,110.881,110.817,110.817,69
1786342200,110.817,110.896,110.814,110.892,78
1786342260,110.892,110.932,110.879,110.907,76
1786342320,110.907,110.907,110.864,110.885,72
1786342380,110.889,110.962,110.889,110.951,83
1786342440,110.951,110.953,110.931,110.942,77
1786342500,110.944,110.967,110.94,110.959,69
1786342560,110.959,110.994,110.949,110.969,82
1786342620,110.969,111.051,110.967,111.037,80
1786342680,111.034,111.036,110.956,110.962,80
1786342740,110.966,110.966,110.915,110.937,77
1786342800,110.937,110.968,110.934,110.965,77
1786342860,110.961,111.027,110.943,111.027,73
1786342920,111.022,111.064,110.997,111.0,80
1786342980,111.004,111.022,110.984,111.006,76
1786343040,111.014,111.038,111.004,111.036,83
1786343100,111.036,111.037,110.942,110.95,81
1786343160,110.95,110.965,110.921,110.927,86
1786343220,110.927,110.936,110.881,110.936,86
1786343280,110.936,110.942,110.882,110.89,67
1786343340,110.89,110.926,110.87,110.883,78
1786343400,110.883,110.944,110.882,110.903,77
1786343460,110.903,110.917,110.883,110.912,77
1786343520,110.912,110.932,110.827,110.847,81
1786343580,110.847,110.851,110.778,110.827,77
1786343640,110.827,110.843,110.814,110.837,85
1786343700,110.837,110.867,110.826,110.863,75
1786343760,110.865,110.919,110.839,110.91,80
1786343820,110.91,110.942,110.89,110.936,78
1786343880,110.936,110.987,110.923,110.984,77
1786343940,110.986,111.002,110.965,110.977,86
1786344000,110.974,110.986,110.947,110.968,89
1786344060,110.964,110.964,110.876,110.891,80
1786344120,110.894,110.919,110.886,110.919,84
1786344180,110.919,110.93,110.856,110.856,74
1786344240,110.856,110.857,110.783,110.804,79
1786344300,110.804,110.835,110.772,110.83,66
1786344360,110.83,110.891,110.805,110.867,85
1786344420,110.869,110.875,110.838,110.846,76
1786344480,110.846,110.846,110.777,110.819,70
1786344540,110.816,110.828,110.794,110.818,80
1786344600,110.818,110.846,110.793,110.798,76
1786344660,110.798,110.831,110.764,110.783,86
1786344720,110.781,110.847,110.781,110.8,79
1786344780,110.802,110.857,110.799,110.808,82
1786344840,110.81,110.891,110.81,110.871,86
1786344900,110.876,110.897,110.848,110.879,79
1786344960,110.883,110.922,110.883,110.912,78
1786345020,110.908,110.976,110.908,110.956,82
1786345080,110.958,110.97,110.927,110.957,78
1786345140,110.961,110.97,110.91,110.964,80
1786345200,110.956,110.982,110.937,110.955,78
1786345260,110.955,110.988,110.949,110.985,75
1786345320,110.985,111.033,110.985,111.03,78
1786345380,111.03,111.065,111.001,111.001,81
1786345440,111.001,111.002,110.928,110.939,71
1786345500,110.939,110.947,110.896,110.92,70
1786345560,110.92,110.92,110.838,110.887,77
1786345620,110.887,110.984,110.887,110.972,81
1786345680,110.972,110.984,110.948,110.983,77
1786345740,110.991,111.007,110.931,110.965,73
1786345800,110.965,111.003,110.95,110.983,86
1786345860,110.983,111.027,110.931,110.931,80
1786345920,110.924,110.958,110.91,110.958,82
1786345980,110.958,111.005,110.958,110.994,79
1786346040,110.992,110.995,110.914,110.92,80
1786346100,110.923,110.964,110.911,110.933,80
1786346160,110.931,110.994,110.921,110.979,83
1786346220,110.979,111.0,110.903,110.906,82
1786346280,110.906,110.919,110.853,110.866,84
1786346340,110.866,110.886,110.828,110.859,81
1786346400,110.859,110.888,110.829,110.829,76
1786346460,110.832,110.838,110.773,110.778,76
1786346520,110.778,110.785,110.725,110.728,80
1786346580,110.728,110.736,110.689,110.712,75
1786346640,110.712,110.719,110.648,110.686,77
1786346700,110.686,110.761,110.658,110.752,85
1786346760,110.752,110.801,110.747,110.801,81
1786346820,110.801,110.826,110.787,110.82,83
1786346880,110.82,110.855,110.789,110.809,78
1786346940,110.811,110.907,110.804,110.894,79
1786347000,110.894,110.894,110.826,110.851,84
1786347060,110.847,110.847,110.767,110.821,78
1786347120,110.818,110.944,110.816,110.934,79
1786347180,110.934,111.003,110.913,110.999,85
1786347240,111.003,111.033,110.943,110.948,76
1786347300,110.948,111.005,110.946,110.971,82
1786347360,110.969,110.974,110.916,110.918,79
1786347420,110.918,110.922,110.813,110.822,86
1786347480,110.822,110.915,110.816,110.915,89
1786347540,110.915,110.922,110.854,110.899,81
1786347600,110.899,110.949,110.897,110.934,74
1786347660,110.934,110.994,110.92,110.969,80
1786347720,110.962,110.965,110.911,110.951,86
1786347780,110.951,110.983,110.927,110.964,76
1786347840,110.964,110.991,110.918,110.985,73
1786347900,110.985,110.987,110.904,110.963,87
1786347960,110.963,111.033,110.957,111.019,85
1786348020,111.024,111.066,111.019,111.058,84
1786348080,111.058,111.062,111.03,111.043,76
1786348140,111.04,111.083,111.025,111.025,90
1786348200,111.027,111.033,111.005,111.017,81
1786348260,111.017,111.045,110.992,110.996,76
1786348320,110.996,111.0,110.944,110.967,72
1786348380,110.967,110.977,110.918,110.918,76
1786348440,110.918,110.94,110.872,110.91,76
1786348500,110.91,110.932,110.874,110.908,84
1786348560,110.908,110.917,110.868,110.89,78
1786348620,110.89,110.899,110.831,110.853,74
1786348680,110.853,110.86,110.798,110.812,80
1786348740,110.817,110.873,110.816,110.858,70
1786348800,110.872,110.879,110.831,110.855,75
1786348860,110.855,110.881,110.786,110.786,72
1786348920,110.784,110.784,110.74,110.743,77
1786348980,110.74,110.783,110.74,110.779,86
1786349040,110.784,110.785,110.728,110.734,79
1786349100,110.734,110.765,110.728,110.755,72
1786349160,110.748,110.831,110.744,110.816,90
1786349220,110.821,110.841,110.802,110.815,77
1786349280,110.817,110.826,110.767,110.773,87
1786349340,110.773,110.787,110.741,110.754,82
1786349400,110.754,110.795,110.754,110.768,84
1786349460,110.768,110.77,110.698,110.698,80
1786349520,110.698,110.7,110.663,110.687,85
1786349580,110.687,110.7,110.653,110.668,73
1786349640,110.652,110.7,110.649,110.651,76
1786349700,110.655,110.671,110.609,110.663,75
1786349760,110.669,110.671,110.642,110.652,74
1786349820,110.652,110.683,110.62,110.637,81
1786349880,110.633,110.679,110.624,110.679,77
1786349940,110.679,110.716,110.656,110.656,79
1786350000,110.653,110.682,110.606,110.626,82
1786350060,110.626,110.666,110.584,110.593,82
1786350120,110.591,110.679,110.566,110.656,78
1786350180,110.656,110.667,110.587,110.599,85
1786350240,110.599,110.616,110.585,110.59,77
1786350300,110.59,110.626,110.587,110.598,91
1786350360,110.598,110.619,110.589,110.613,77
1786350420,110.613,110.653,110.607,110.617,76
1786350480,110.617,110.617,110.562,110.578,87
1786350540,110.578,110.639,110.573,110.632,80
1786350600,110.627,110.682,110.611,110.643,96
1786350660,110.643,110.654,110.618,110.636,72
1786350720,110.636,110.648,110.577,110.63,77
1786350780,110.63,110.641,110.6,110.615,86
1786350840,110.615,110.615,110.536,110.541,75
1786350900,110.541,110.561,110.528,110.543,85
1786350960,110.546,110.605,110.495,110.58,81
1786351020,110.58,110.679,110.574,110.644,81
1786351080,110.664,110.668,110.608,110.667,84
1786351140,110.68,110.696,110.629,110.643,73
1786351200,110.641,110.679,110.632,110.669,83
1786351260,110.648,110.662,110.601,110.61,90
1786351320,110.61,110.641,110.584,110.618,83
1786351380,110.618,110.621,110.529,110.546,79
1786351440,110.566,110.587,110.531,110.531,77
1786351500,110.531,110.563,110.531,110.55,81
1786351560,110.55,110.55,110.465,110.496,79
1786351620,110.496,110.54,110.49,110.54,89
1786351680,110.54,110.556,110.496,110.508,76
1786351740,110.515,110.534,110.468,110.482,79
1786351800,110.482,110.516,110.44,110.44,79
1786351860,110.434,110.437,110.389,110.417,78
1786351920,110.412,110.452,110.399,110.432,75
1786351980,110.434,110.438,110.385,110.387,72
1786352040,110.387,110.434,110.386,110.434,72
1786352100,110.429,110.444,110.397,110.427,79
1786352160,110.424,110.428,110.361,110.384,81
1786352220,110.384,110.411,110.364,110.369,88
1786352280,110.367,110.422,110.358,110.415,83
1786352340,110.415,110.431,110.391,110.4,74
1786352400,110.4,110.446,110.398,110.402,88
1786352460,110.402,110.446,110.398,110.437,84
1786352520,110.437,110.465,110.401,110.435,72
1786352580,110.435,110.442,110.299,110.332,87
1786352640,110.332,110.343,110.301,110.314,80
1786352700,110.314,110.314,110.237,110.261,77
1786352760,110.258,110.301,110.217,110.301,80
1786352820,110.297,110.367,110.295,110.31,86
1786352880,110.31,110.314,110.267,110.267,73
1786352940,110.267,110.28,110.169,110.217,85
1786353000,110.22,110.245,110.197,110.2,80
1786353060,110.198,110.234,110.183,110.224,71
1786353120,110.227,110.253,110.218,110.219,74
1786353180,110.211,110.211,110.158,110.174,73
1786353240,110.174,110.185,110.119,110.119,83
1786353300,110.115,110.133,110.097,110.12,79
1786353360,110.12,110.132,110.087,110.1,79
1786353420,110.1,110.12,110.079,110.115,79
1786353480,110.115,110.174,110.098,110.14,83
1786353540,110.14,110.15,110.109,110.136,76
1786353600,110.136,110.203,110.136,110.17,84
1786353660,110.17,110.171,110.144,110.153,81
1786353720,110.15,110.18,110.124,110.18,81
1786353780,110.177,110.206,110.132,110.134,83
1786353840,110.134,110.136,110.063,110.071,77
1786353900,110.068,110.108,110.043,110.108,74
1786353960,110.094,110.108,110.073,110.082,78
1786354020,110.074,110.074,110.029,110.035,76
1786354080,110.045,110.078,110.021,110.068,82
1786354140,110.072,110.096,110.053,110.096,73
1786354200,110.096,110.139,110.068,110.133,80
1786354260,110.133,110.133,110.052,110.068,88
1786354320,110.068,110.139,110.063,110.139,89
1786354380,110.139,110.139,110.092,110.113,79
1786354440,110.113,110.118,110.054,110.098,77
1786354500,110.098,110.139,110.081,110.139,80
1786354560,110.139,110.162,110.124,110.143,86
1786354620,110.143,110.158,110.112,110.151,74
1786354680,110.151,110.155,110.079,110.112,73
1786354740,110.124,110.182,110.124,110.18,79
1786354800,110.178,110.203,110.147,110.167,83
1786354860,110.167,110.174,110.132,110.139,79
1786354920,110.136,110.146,110.075,110.076,81
1786354980,110.076,110.081,110.011,110.043,74
1786355040,110.049,110.05,109.975,109.975,82
1786355100,109.983,110.029,109.971,110.029,85
1786355160,110.029,110.04,110.012,110.02,78
1786355220,110.016,110.025,109.934,109.934,90
1786355280,109.931,109.949,109.909,109.919,80
1786355340,109.919,109.976,109.917,109.938,75
1786355400,109.938,109.972,109.915,109.97,77
1786355460,109.97,109.984,109.942,109.973,81
1786355520,109.973,110.027,109.973,110.027,71
1786355580,110.027,110.113,110.027,110.111,79
1786355640,110.111,110.157,110.099,110.157,71
1786355700,110.161,110.187,110.138,110.184,84
1786355760,110.181,110.207,110.117,110.129,79
1786355820,110.129,110.195,110.104,110.189,76
1786355880,110.192,110.238,110.188,110.238,79
1786355940,110.236,110.267,110.229,110.242,66
1786356000,110.242,110.252,110.189,110.199,82
1786356060,110.199,110.203,110.151,110.193,75
1786356120,110.193,110.195,110.163,110.182,74
1786356180,110.186,110.226,110.155,110.19,88
1786356240,110.192,110.197,110.12,110.173,76
1786356300,110.173,110.236,110.162,110.221,86
1786356360,110.213,110.234,110.176,110.217,75
1786356420,110.217,110.273,110.213,110.259,84
1786356480,110.259,110.269,110.232,110.254,80
1786356540,110.254,110.261,110.172,110.191,82
1786356600,110.191,110.242,110.188,110.215,79
1786356660,110.212,110.295,110.212,110.262,77
1786356720,110.262,110.275,110.247,110.256,76
1786356780,110.256,110.316,110.237,110.316,79
1786356840,110.313,110.324,110.281,110.284,76
1786356900,110.276,110.296,110.246,110.246,75
1786356960,110.246,110.337,110.246,110.322,86
1786357020,110.322,110.358,110.303,110.326,85
1786357080,110.326,110.334,110.304,110.324,87
1786357140,110.327,110.371,110.326,110.326,83
1786357200,110.326,110.37,110.314,110.368,79
1786357260,110.368,110.368,110.311,110.311,71
1786357320,110.311,110.341,110.269,110.341,81
1786357380,110.343,110.371,110.325,110.345,86
1786357440,110.345,110.434,110.34,110.431,83
1786357500,110.431,110.498,110.427,110.494,75
1786357560,110.494,110.522,110.473,110.522,76
1786357620,110.522,110.522,110.45,110.475,72
1786357680,110.471,110.507,110.468,110.468,75
1786357740,110.468,110.518,110.462,110.509,84
1786357800,110.509,110.539,110.494,110.512,83
1786357860,110.512,110.56,110.512,110.534,77
1786357920,110.534,110.552,110.504,110.505,80
1786357980,110.505,110.627,110.493,110.625,78
1786358040,110.625,110.678,110.612,110.678,81
1786358100,110.678,110.693,110.662,110.669,76
1786358160,110.669,110.673,110.602,110.612,80
1786358220,110.614,110.703,110.614,110.689,80
1786358280,110.691,110.694,110.649,110.653,76
1786358340,110.653,110.692,110.627,110.689,81
1786358400,110.689,110.694,110.64,110.672,73
1786358460,110.676,110.691,110.659,110.676,84
1786358520,110.671,110.68,110.62,110.642,75
1786358580,110.642,110.704,110.628,110.702,73
1786358640,110.702,110.756,110.696,110.746,95
1786358700,110.746,110.784,110.72,110.779,83
1786358760,110.779,110.791,110.744,110.746,87
1786358820,110.746,110.847,110.743,110.847,86
1786358880,110.847,110.951,110.839,110.949,75
1786358940,110.953,110.953,110.912,110.931,87
1786359000,110.931,110.976,110.921,110.934,81
1786359060,110.931,111.048,110.924,111.048,87
1786359120,111.045,111.056,111.01,111.052,81
1786359180,111.056,111.056,111.003,111.042,82
1786359240,111.032,111.034,110.965,110.981,78
1786359300,110.987,111.022,110.946,111.018,79
1786359360,111.013,111.055,111.011,111.047,78
1786359420,111.04,111.044,110.998,111.024,80
1786359480,111.024,111.061,111.006,111.05,76
1786359540,111.041,111.045,111.009,111.027,84
1786359600,111.027,111.027,110.951,110.964,82
1786359660,110.964,110.976,110.944,110.946,74
1786359720,110.946,110.995,110.946,110.955,88
1786359780,110.955,110.981,110.914,110.914,78
1786359840,110.914,110.99,110.908,110.973,90
1786359900,110.973,111.021,110.964,111.016,77
1786359960,111.018,111.018,110.947,110.996,80
1786360020,110.996,111.096,110.996,111.074,73
1786360080,111.074,111.131,111.072,111.124,73
1786360140,111.124,111.183,111.124,111.139,85
1786360200,111.139,111.141,111.066,111.07,79
1786360260,111.07,111.102,111.047,111.047,81
1786360320,111.047,111.063,111.035,111.035,81
1786360380,111.037,111.048,110.973,110.981,83
1786360440,110.984,111.008,110.961,110.975,85
1786360500,110.975,110.994,110.962,110.994,85
1786360560,110.996,111.004,110.959,110.967,77
1786360620,110.967,111.026,110.941,110.952,80
1786360680,110.952,110.984,110.952,110.958,78
1786360740,110.958,110.96,110.925,110.954,78
1786360800,110.954,110.973,110.927,110.944,88
1786360860,110.949,111.002,110.945,110.961,86
1786360920,110.961,111.053,110.942,111.049,80
1786360980,111.049,111.055,110.937,110.943,82
1786361040,110.943,110.965,110.913,110.958,71
1786361100,110.965,110.97,110.911,110.927,85
1786361160,110.927,110.987,110.923,110.971,83
1786361220,110.971,111.04,110.965,111.035,78
1786361280,111.035,111.051,110.978,111.013,71
1786361340,111.015,111.05,110.995,111.028,76
1786361400,111.03,111.046,110.985,110.987,79
1786361460,110.99,110.992,110.925,110.959,77
1786361520,110.975,110.975,110.932,110.943,82
1786361580,110.943,110.949,110.845,110.845,79
1786361640,110.845,110.871,110.833,110.844,83
1786361700,110.844,110.953,110.844,110.933,76
1786361760,110.937,110.951,110.88,110.891,83
1786361820,110.887,110.906,110.864,110.906,74
1786361880,110.904,110.913,110.876,110.906,77
1786361940,110.906,110.962,110.902,110.933,77
1786362000,110.933,110.948,110.89,110.917,72
1786362060,110.91,110.985,110.903,110.975,82
1786362120,110.975,111.001,110.963,110.972,81
1786362180,110.974,111.054,110.974,111.012,78
1786362240,111.018,111.05,111.007,111.036,80
1786362300,111.036,111.039,110.955,110.969,72
1786362360,110.969,110.969,110.884,110.887,74
1786362420,110.885,110.89,110.801,110.801,83
1786362480,110.799,110.836,110.77,110.833,80
1786362540,110.833,110.864,110.824,110.861,85
1786362600,110.861,110.9,110.84,110.893,77
1786362660,110.893,110.893,110.827,110.862,80
1786362720,110.862,110.881,110.836,110.871,64
1786362780,110.871,110.931,110.871,110.923,80
1786362840,110.923,110.957,110.918,110.941,79
1786362900,110.946,110.953,110.888,110.92,87
1786362960,110.92,110.93,110.881,110.909,81
1786363020,110.909,110.913,110.842,110.842,87
1786363080,110.842,110.884,110.835,110.835,83
1786363140,110.842,110.884,110.817,110.882,78
1786363200,110.882,110.896,110.861,110.89,84
1786363260,110.89,110.89,110.851,110.877,76
1786363320,110.877,110.898,110.853,110.878,76
1786363380,110.875,110.938,110.871,110.903,79
1786363440,110.906,110.906,110.872,110.891,81
1786363500,110.893,110.917,110.885,110.913,80
1786363560,110.915,110.959,110.895,110.959,76
1786363620,110.959,111.015,110.954,111.004,75
1786363680,111.004,111.02,110.956,110.977,80
1786363740,110.977,110.99,110.905,110.919,82
1786363800,110.919,110.922,110.875,110.89,85
1786363860,110.892,110.954,110.889,110.923,84
1786363920,110.923,110.928,110.886,110.917,88
1786363980,110.919,110.929,110.89,110.927,61
1786364040,110.927,110.963,110.876,110.88,71
1786364100,110.88,110.931,110.88,110.927,79
1786364160,110.924,110.93,110.872,110.885,81
1786364220,110.892,110.986,110.885,110.986,79
1786364280,110.986,111.039,110.986,111.024,93
1786364340,111.028,111.102,111.028,111.067,71
1786364400,111.054,111.073,111.032,111.053,74
1786364460,111.048,111.06,111.007,111.035,81
1786364520,111.035,111.064,111.017,111.049,76
1786364580,111.049,111.126,111.034,111.126,72
1786364640,111.126,111.165,111.119,111.15,76
1786364700,111.15,111.162,111.12,111.158,84
1786364760,111.158,111.158,111.124,111.15,84
1786364820,111.15,111.161,111.099,111.111,80
1786364880,111.111,111.149,111.091,111.145,88
1786364940,111.162,111.187,111.132,111.184,85
1786365000,111.184,111.223,111.172,111.219,78
1786365060,111.219,111.222,111.166,111.176,82
1786365120,111.176,111.224,111.139,111.141,75
1786365180,111.144,111.144,111.077,111.088,91
1786365240,111.09,111.12,111.073,111.119,77
1786365300,111.123,111.191,111.112,111.175,79
1786365360,111.175,111.193,111.16,111.174,83
1786365420,111.174,111.183,111.146,111.179,71
1786365480,111.174,111.191,111.12,111.12,76
1786365540,111.12,111.145,111.078,111.083,76
1786365600,111.08,111.083,111.045,111.057,82
1786365660,111.057,111.122,111.038,111.12,77
1786365720,111.12,111.164,111.109,111.138,74
1786365780,111.14,111.153,111.111,111.117,78
1786365840,111.117,111.163,111.117,111.154,72
1786365900,111.154,111.261,111.154,111.258,80
1786365960,111.258,111.258,111.189,111.218,82
1786366020,111.218,111.238,111.19,111.199,80
1786366080,111.199,111.207,111.16,111.194,83
1786366140,111.194,111.23,111.183,111.188,81
1786366200,111.188,111.248,111.175,111.229,80
1786366260,111.233,111.265,111.194,111.262,74
1786366320,111.265,111.314,111.262,111.314,78
1786366380,111.314,111.323,111.232,111.267,74
1786366440,111.267,111.289,111.241,111.248,89
1786366500,111.25,111.255,111.187,111.192,82
1786366560,111.192,111.237,111.157,111.224,87
1786366620,111.224,111.282,111.22,111.269,85
1786366680,111.269,111.363,111.26,111.335,87
1786366740,111.335,111.351,111.272,111.28,75
1786366800,111.278,111.337,111.276,111.322,85
1786366860,111.322,111.324,111.264,111.266,76
1786366920,111.266,111.266,111.199,111.199,80
1786366980,111.199,111.211,111.154,111.174,85
1786367040,111.174,111.174,111.125,111.139,85
1786367100,111.141,111.165,111.122,111.158,75
1786367160,111.158,111.213,111.158,111.191,82
1786367220,111.191,111.218,111.166,111.176,79
1786367280,111.176,111.188,111.115,111.133,76
1786367340,111.127,111.176,111.11,111.173,80
1786367400,111.17,111.172,111.092,111.113,77
1786367460,111.113,111.146,111.078,111.078,84
1786367520,111.088,111.119,111.067,111.108,82
1786367580,111.114,111.216,111.111,111.202,87
1786367640,111.2,111.231,111.178,111.178,86
1786367700,111.178,111.193,111.119,111.119,86
1786367760,111.119,111.119,111.07,111.077,85
1786367820,111.077,111.112,111.06,111.084,77
1786367880,111.084,111.107,111.041,111.099,82
1786367940,111.099,111.158,111.099,111.133,81
1786368000,111.135,111.149,111.101,111.125,88
1786368060,111.122,111.2,111.122,111.153,80
1786368120,111.153,111.194,111.152,111.18,85
1786368180,111.175,111.185,111.139,111.146,70
1786368240,111.146,111.168,111.101,111.149,74
1786368300,111.149,111.223,111.148,111.188,71
1786368360,111.188,111.287,111.182,111.287,77
1786368420,111.289,111.354,111.289,111.303,81
1786368480,111.298,111.343,111.29,111.317,78
1786368540,111.314,111.334,111.296,111.308,88
1786368600,111.301,111.342,111.284,111.319,81
1786368660,111.319,111.35,111.316,111.326,88
1786368720,111.326,111.336,111.273,111.33,79
1786368780,111.33,111.348,111.302,111.302,72
1786368840,111.302,111.302,111.233,111.239,79
1786368900,111.239,111.289,111.238,111.25,83
1786368960,111.25,111.289,111.246,111.286,81
1786369020,111.286,111.29,111.227,111.243,86
1786369080,111.243,111.248,111.195,111.233,85
1786369140,111.233,111.285,111.198,111.267,83
1786369200,111.265,111.344,111.244,111.319,76
1786369260,111.321,111.323,111.282,111.286,80
1786369320,111.28,111.307,111.257,111.292,73
1786369380,111.29,111.314,111.25,111.256,87
1786369440,111.253,111.259,111.183,111.19,86
1786369500,111.18,111.2,111.159,111.167,82
1786369560,111.167,111.214,111.141,111.214,77
1786369620,111.214,111.26,111.213,111.257,81
1786369680,111.257,111.263,111.141,111.142,79
1786369740,111.142,111.186,111.13,111.145,83
1786369800,111.145,111.154,111.068,111.08,72
1786369860,111.08,111.093,111.059,111.078,79
1786369920,111.078,111.078,111.044,111.047,76
1786369980,111.044,111.063,111.004,111.005,78
1786370040,111.007,111.014,110.979,110.985,77
1786370100,110.988,110.988,110.941,110.987,71
1786370160,110.99,111.029,110.959,111.024,80
1786370220,111.024,111.052,111.004,111.031,83
1786370280,111.031,111.162,111.031,111.151,72
1786370340,111.155,111.223,111.154,111.207,84
1786370400,111.207,111.216,111.172,111.172,81
1786370460,111.163,111.224,111.152,111.216,84
1786370520,111.216,111.231,111.194,111.198,86
1786370580,111.2,111.249,111.189,111.226,73
1786370640,111.23,111.285,111.226,111.263,84
1786370700,111.263,111.287,111.237,111.255,69
1786370760,111.255,111.3,111.254,111.297,82
1786370820,111.297,111.35,111.297,111.315,81
1786370880,111.315,111.321,111.279,111.319,79
1786370940,111.319,111.346,111.282,111.343,79
1786371000,111.339,111.361,111.29,111.29,77
1786371060,111.294,111.323,111.233,111.233,78
1786371120,111.236,111.248,111.214,111.225,81
1786371180,111.225,111.243,111.22,111.229,87
1786371240,111.229,111.229,111.176,111.204,71
1786371300,111.204,111.234,111.194,111.232,89
1786371360,111.23,111.235,111.193,111.193,79
1786371420,111.191,111.198,111.097,111.098,85
1786371480,111.108,111.174,111.09,111.174,79
1786371540,111.174,111.223,111.174,111.202,81
1786371600,111.202,111.236,111.183,111.222,83
1786371660,111.222,111.255,111.212,111.233,73
1786371720,111.233,111.277,111.223,111.238,76
1786371780,111.238,111.251,111.184,111.206,75
1786371840,111.206,111.244,111.179,111.197,85
1786371900,111.197,111.29,111.197,111.28,73
1786371960,111.292,111.333,111.286,111.308,86
1786372020,111.314,111.37,111.308,111.353,77
1786372080,111.353,111.363,111.31,111.31,85
1786372140,111.31,111.312,111.267,111.274,78
1786372200,111.274,111.339,111.268,111.295,88
1786372260,111.297,111.332,111.285,111.288,74
1786372320,111.284,111.323,111.284,111.313,76
1786372380,111.307,111.343,111.295,111.328,77
1786372440,111.335,111.366,111.312,111.365,76
1786372500,111.365,111.385,111.326,111.382,73
1786372560,111.38,111.446,111.378,111.432,76
1786372620,111.44,111.524,111.44,111.508,83
1786372680,111.508,111.517,111.472,111.491,85
1786372740,111.491,111.491,111.432,111.44,85
1786372800,111.44,111.469,111.439,111.465,75
1786372860,111.471,111.475,111.386,111.386,79
1786372920,111.386,111.408,111.358,111.378,85
1786372980,111.378,111.378,111.333,111.369,79
1786373040,111.369,111.387,111.352,111.365,78
1786373100,111.365,111.372,111.32,111.339,87
1786373160,111.339,111.407,111.336,111.383,76
1786373220,111.383,111.469,111.383,111.464,81
1786373280,111.462,111.495,111.42,111.495,77
1786373340,111.49,111.514,111.46,111.481,86
1786373400,111.481,111.616,111.479,111.604,76
1786373460,111.604,111.629,111.571,111.571,91
1786373520,111.571,111.583,111.536,111.569,76
1786373580,111.567,111.579,111.492,111.526,81
1786373640,111.526,111.595,111.511,111.584,69
1786373700,111.59,111.619,111.513,111.548,81
1786373760,111.548,111.548,111.488,111.489,76
1786373820,111.493,111.493,111.41,111.419,85
1786373880,111.419,111.439,111.384,111.439,80
1786373940,111.439,111.443,111.381,111.401,81
1786374000,111.401,111.444,111.401,111.43,84
1786374060,111.43,111.446,111.397,111.435,83
1786374120,111.435,111.538,111.43,111.532,72
1786374180,111.534,111.541,111.493,111.5,84
1786374240,111.5,111.5,111.425,111.489,82
1786374300,111.489,111.493,111.425,111.485,79
1786374360,111.485,111.508,111.445,111.485,74
1786374420,111.485,111.496,111.453,111.475,77
1786374480,111.472,111.481,111.431,111.473,83
1786374540,111.47,111.473,111.424,111.429,81
1786374600,111.431,111.431,111.385,111.398,86
1786374660,111.398,111.429,111.351,111.373,83
1786374720,111.373,111.373,111.274,111.291,78
1786374780,111.291,111.294,111.243,111.243,79
1786374840,111.247,111.258,111.211,111.219,81
1786374900,111.219,111.293,111.219,111.255,70
1786374960,111.255,111.292,111.23,111.23,81
1786375020,111.23,111.278,111.168,111.268,86
1786375080,111.268,111.283,111.256,111.257,87
1786375140,111.262,111.283,111.151,111.151,81
1786375200,111.154,111.156,111.065,111.069,78
1786375260,111.076,111.093,111.039,111.059,86
1786375320,111.059,111.063,110.992,111.002,87
1786375380,111.005,111.048,111.002,111.022,72
1786375440,111.026,111.092,111.026,111.07,79
1786375500,111.068,111.097,111.049,111.086,74
1786375560,111.083,111.102,111.05,111.072,81
1786375620,111.072,111.084,111.031,111.034,77
1786375680,111.042,111.097,111.023,111.091,81
1786375740,111.079,111.115,111.078,111.094,78
1786375800,111.094,111.114,111.074,111.099,74
1786375860,111.099,111.166,111.094,111.166,82
1786375920,111.166,111.166,111.069,111.082,86
1786375980,111.082,111.107,111.058,111.092,84
1786376040,111.092,111.113,111.066,111.078,82
1786376100,111.078,111.093,111.056,111.076,78
1786376160,111.073,111.144,111.061,111.122,86
1786376220,111.124,111.124,111.093,111.108,78
1786376280,111.108,111.167,111.097,111.154,84
1786376340,111.154,111.203,111.154,111.189,81
1786376400,111.191,111.214,111.165,111.17,86
1786376460,111.17,111.184,111.103,111.114,85
1786376520,111.111,111.207,111.111,111.204,81
1786376580,111.207,111.222,111.17,111.222,87
1786376640,111.222,111.227,111.13,111.159,84
1786376700,111.165,111.182,111.112,111.129,83
1786376760,111.129,111.137,111.082,111.082,83
1786376820,111.082,111.114,111.078,111.092,81
1786376880,111.092,111.112,111.065,111.081,82
1786376940,111.081,111.092,111.054,111.074,78
1786377000,111.074,111.096,111.062,111.066,85
1786377060,111.066,111.144,111.066,111.133,70
1786377120,111.131,111.131,111.059,111.066,84
1786377180,111.064,111.101,111.032,111.095,75
1786377240,111.095,111.113,111.085,111.088,73
1786377300,111.088,111.134,111.069,111.134,79
1786377360,111.114,111.129,111.045,111.049,71
1786377420,111.053,111.096,111.037,111.083,81
1786377480,111.079,111.09,111.05,111.062,74
1786377540,111.059,111.101,111.059,111.1,73
1786377600,111.1,111.111,111.052,111.067,81
1786377660,111.065,111.065,111.029,111.051,82
1786377720,111.054,111.083,111.031,111.043,87
1786377780,111.043,111.052,110.998,110.998,77
1786377840,110.998,111.078,110.97,111.066,81
1786377900,111.066,111.068,111.018,111.063,73
1786377960,111.063,111.073,110.987,110.994,75
1786378020,110.991,111.01,110.929,110.932,77
1786378080,110.932,110.956,110.92,110.956,74
1786378140,110.956,110.997,110.944,110.984,83
1786378200,110.984,111.071,110.984,111.071,80
1786378260,111.071,111.144,111.068,111.144,86
1786378320,111.142,111.166,111.069,111.091,79
1786378380,111.091,111.116,111.056,111.071,86
1786378440,111.071,111.101,111.056,111.097,75
1786378500,111.097,111.136,111.08,111.118,84
1786378560,111.118,111.148,111.11,111.118,81
1786378620,111.114,111.121,111.048,111.068,87
1786378680,111.072,111.072,111.013,111.028,82
1786378740,111.04,111.093,111.035,111.076,88
1786378800,111.076,111.088,111.05,111.064,86
1786378860,111.064,111.094,111.054,111.094,78
1786378920,111.094,111.094,111.05,111.07,82
1786378980,111.07,111.074,111.033,111.058,71
1786379040,111.055,111.073,111.033,111.052,84
1786379100,111.052,111.079,111.009,111.015,80
1786379160,111.017,111.063,110.999,111.063,80
1786379220,111.063,111.081,111.005,111.005,73
1786379280,111.005,111.074,110.987,111.038,76
1786379340,111.038,111.046,110.991,111.003,75
1786379400,111.003,111.005,110.963,110.975,80
1786379460,110.975,110.995,110.935,110.995,81
1786379520,110.995,111.013,110.982,110.982,79
1786379580,110.992,111.052,110.987,111.049,77
1786379640,111.044,111.121,111.04,111.117,71
1786379700,111.119,111.122,111.051,111.058,82
1786379760,111.055,111.071,110.983,110.996,81
1786379820,110.996,111.062,110.993,111.057,83
1786379880,111.057,111.066,110.964,110.964,79
1786379940,110.964,111.035,110.953,111.009,88
1786380000,111.005,111.064,111.002,111.047,79
1786380060,111.047,111.069,111.03,111.052,75
1786380120,111.052,111.125,111.052,111.096,81
1786380180,111.096,111.143,111.068,111.068,75
1786380240,111.072,111.124,111.058,111.06,85
1786380300,111.057,111.076,111.024,111.024,77
1786380360,111.021,111.03,110.996,111.012,70
1786380420,111.016,111.071,111.012,111.051,72
1786380480,111.047,111.071,111.028,111.07,81
1786380540,111.07,111.096,111.034,111.034,82
1786380600,111.034,111.035,111.014,111.025,74
1786380660,111.022,111.066,111.022,111.044,81
1786380720,111.049,111.101,111.028,111.028,84
1786380780,111.028,111.068,111.018,111.048,90
1786380840,111.048,111.081,111.029,111.081,74
1786380900,111.081,111.09,111.047,111.056,70
1786380960,111.056,111.087,111.031,111.053,85
1786381020,111.053,111.07,111.027,111.068,84
1786381080,111.068,111.085,111.044,111.06,85
1786381140,111.06,111.096,111.06,111.088,75
1786381200,111.088,111.097,111.043,111.068,77
1786381260,111.068,111.136,111.068,111.108,83
1786381320,111.108,111.21,111.103,111.182,89
1786381380,111.184,111.194,111.159,111.159,83
1786381440,111.159,111.226,111.142,111.221,77
1786381500,111.226,111.265,111.205,111.211,83
1786381560,111.209,111.294,111.207,111.291,77
1786381620,111.291,111.417,111.27,111.414,77
1786381680,111.412,111.419,111.387,111.393,73
1786381740,111.39,111.44,111.386,111.433,80
1786381800,111.428,111.476,111.419,111.429,78
1786381860,111.429,111.459,111.389,111.394,80
1786381920,111.394,111.455,111.379,111.455,85
1786381980,111.458,111.467,111.428,111.459,70
1786382040,111.459,111.514,111.459,111.48,71
1786382100,111.48,111.487,111.432,111.456,79
1786382160,111.456,111.515,111.456,111.496,78
1786382220,111.496,111.529,111.482,111.5,84
1786382280,111.496,111.538,111.447,111.538,91
1786382340,111.538,111.566,111.5,111.516,76
1786382400,111.516,111.544,111.51,111.536,75
1786382460,111.541,111.541,111.439,111.442,87
1786382520,111.446,111.522,111.433,111.522,85
1786382580,111.522,111.522,111.439,111.491,72
1786382640,111.491,111.52,111.439,111.518,88
1786382700,111.518,111.559,111.502,111.555,73
1786382760,111.555,111.62,111.544,111.611,82
1786382820,111.617,111.617,111.577,111.58,72
1786382880,111.58,111.623,111.576,111.597,85
1786382940,111.597,111.652,111.572,111.614,81
1786383000,111.614,111.645,111.578,111.639,86
1786383060,111.639,111.693,111.622,111.693,78
1786383120,111.693,111.728,111.673,111.717,82
1786383180,111.717,111.741,111.669,111.736,85
1786383240,111.736,111.754,111.695,111.695,85
1786383300,111.698,111.748,111.685,111.748,73
1786383360,111.748,111.819,111.74,111.792,79
1786383420,111.792,111.823,111.784,111.804,79
1786383480,111.804,111.853,111.793,111.853,83
1786383540,111.853,111.922,111.819,111.922,84
1786383600,111.925,111.97,111.898,111.97,81
1786383660,111.975,112.018,111.956,112.018,82
1786383720,112.018,112.041,111.976,112.006,80
1786383780,112.006,112.046,111.984,112.025,82
1786383840,112.023,112.034,111.977,112.008,83
1786383900,112.008,112.101,111.999,112.097,78
1786383960,112.097,112.121,112.084,112.084,82
1786384020,112.084,112.085,112.033,112.075,81
1786384080,112.075,112.078,111.981,111.989,82
1786384140,111.989,112.03,111.989,111.997,80
1786384200,111.995,112.053,111.995,112.044,84
1786384260,112.046,112.108,112.041,112.077,77
1786384320,112.064,112.109,112.051,112.086,76
1786384380,112.089,112.112,112.058,112.069,83
1786384440,112.069,112.089,112.047,112.064,82
1786384500,112.068,112.109,112.059,112.098,78
1786384560,112.098,112.103,112.06,112.075,89
1786384620,112.075,112.124,112.075,112.117,74
1786384680,112.119,112.13,112.065,112.083,78
1786384740,112.095,112.151,112.082,112.133,74
1786384800,112.133,112.136,112.103,112.111,77
1786384860,112.113,112.126,112.074,112.091,77
1786384920,112.091,112.097,112.055,112.06,78
1786384980,112.06,112.076,112.04,112.04,84
1786385040,112.04,112.069,112.016,112.024,83
1786385100,112.024,112.046,112.004,112.008,76
1786385160,112.004,112.004,111.924,111.944,75
1786385220,111.942,111.98,111.923,111.953,88
1786385280,111.953,111.963,111.924,111.946,88
1786385340,111.951,112.005,111.927,111.982,80
1786385400,111.982,112.0,111.949,112.0,82
1786385460,112.0,112.016,111.95,112.005,84
1786385520,112.005,112.008,111.924,111.941,79
1786385580,111.941,111.944,111.856,111.888,86
1786385640,111.888,111.898,111.843,111.845,84
1786385700,111.845,111.891,111.827,111.873,76
1786385760,111.875,111.888,111.822,111.829,84
1786385820,111.831,111.847,111.805,111.834,82
1786385880,111.837,111.868,111.827,111.858,79
1786385940,111.858,111.911,111.816,111.906,84
1786386000,111.906,111.936,111.906,111.917,77
1786386060,111.917,111.927,111.858,111.877,80
1786386120,111.877,111.887,111.847,111.86,91
1786386180,111.858,111.87,111.826,111.87,88
1786386240,111.87,111.877,111.833,111.866,75
1786386300,111.866,111.937,111.843,111.937,81
1786386360,111.937,111.937,111.892,111.892,76
1786386420,111.892,111.916,111.868,111.887,84
1786386480,111.89,111.892,111.857,111.869,73
1786386540,111.864,111.916,111.863,111.876,83
1786386600,111.876,111.896,111.818,111.853,74
1786386660,111.866,111.878,111.843,111.86,82
1786386720,111.852,111.877,111.838,111.85,77
1786386780,111.848,111.876,111.818,111.818,73
1786386840,111.809,111.816,111.789,111.807,72
1786386900,111.807,111.846,111.797,111.811,80
1786386960,111.811,111.819,111.762,111.778,72
1786387020,111.778,111.837,111.777,111.787,76
1786387080,111.787,111.96,111.787,111.96,88
1786387140,111.958,112.042,111.957,112.03,93
1786387200,112.03,112.05,112.011,112.027,82
1786387260,112.027,112.09,112.01,112.09,83
1786387320,112.09,112.113,112.062,112.066,91
1786387380,112.062,112.082,112.04,112.071,76
1786387440,112.071,112.101,112.026,112.079,80
1786387500,112.079,112.097,112.049,112.049,95
1786387560,112.055,112.075,112.042,112.056,76
1786387620,112.056,112.066,111.986,112.013,82
1786387680,112.013,112.049,112.003,112.031,84
1786387740,112.015,112.015,111.939,111.952,86
1786387800,111.952,112.012,111.95,111.981,80
1786387860,111.986,111.986,111.938,111.965,78
1786387920,111.965,111.965,111.901,111.956,76
1786387980,111.952,112.011,111.938,111.945,88
1786388040,111.945,111.965,111.917,111.941,71
1786388100,111.941,111.984,111.938,111.953,83
1786388160,111.943,112.04,111.934,112.04,95
1786388220,112.04,112.04,111.971,112.001,78
1786388280,112.001,112.043,111.987,112.038,87
1786388340,112.038,112.041,111.969,111.988,73
1786388400,111.988,112.025,111.974,112.014,74
1786388460,112.014,112.066,112.012,112.045,72
1786388520,112.045,112.053,111.965,111.994,86
1786388580,111.995,112.037,111.986,112.037,85
1786388640,112.037,112.07,112.016,112.058,83
1786388700,112.058,112.078,112.035,112.055,81
1786388760,112.051,112.127,112.044,112.127,83
1786388820,112.129,112.141,112.078,112.099,78
1786388880,112.099,112.144,112.099,112.113,89
1786388940,112.113,112.118,112.068,112.081,80
1786389000,112.081,112.087,112.046,112.056,83
1786389060,112.062,112.133,112.052,112.074,82
1786389120,112.072,112.081,112.046,112.046,76
1786389180,112.046,112.052,112.018,112.038,71
1786389240,112.038,112.061,111.995,112.059,83
1786389300,112.059,112.118,112.059,112.118,88
1786389360,112.114,112.182,112.108,112.137,84
1786389420,112.137,112.153,112.114,112.129,74
1786389480,112.129,112.135,112.085,112.126,92
1786389540,112.126,112.131,112.09,112.11,88
1786389600,112.107,112.196,112.09,112.194,92
1786389660,112.194,112.273,112.194,112.25,92
1786389720,112.244,112.249,112.183,112.221,87
1786389780,112.221,112.298,112.217,112.297,78
1786389840,112.297,112.35,112.28,112.333,81
1786389900,112.33,112.364,112.328,112.346,76
1786389960,112.346,112.364,112.329,112.342,86
1786390020,112.342,112.348,112.246,112.248,79
1786390080,112.248,112.251,112.212,112.224,72
1786390140,112.224,112.23,112.182,112.194,84
1786390200,112.194,112.269,112.186,112.259,82
1786390260,112.259,112.278,112.223,112.226,72
1786390320,112.226,112.281,112.221,112.276,92
1786390380,112.273,112.317,112.273,112.304,79
1786390440,112.317,112.353,112.28,112.28,85
1786390500,112.283,112.283,112.234,112.263,75
1786390560,112.261,112.348,112.259,112.346,74
1786390620,112.346,112.394,112.337,112.394,84
1786390680,112.391,112.496,112.382,112.496,83
1786390740,112.492,112.515,112.41,112.422,82
1786390800,112.422,112.436,112.41,112.419,82
1786390860,112.419,112.483,112.411,112.445,83
1786390920,112.448,112.473,112.407,112.411,81
1786390980,112.414,112.452,112.387,112.403,79
1786391040,112.403,112.419,112.385,112.405,76
1786391100,112.405,112.405,112.315,112.317,88
1786391160,112.317,112.351,112.301,112.338,79
1786391220,112.338,112.338,112.275,112.286,70
1786391280,112.286,112.343,112.28,112.319,77
1786391340,112.319,112.319,112.217,112.221,77
1786391400,112.221,112.278,112.206,112.278,73
1786391460,112.272,112.281,112.202,112.216,89
1786391520,112.218,112.223,112.195,112.202,71
1786391580,112.202,112.223,112.173,112.209,80
1786391640,112.207,112.226,112.182,112.211,84
1786391700,112.209,112.263,112.186,112.237,74
1786391760,112.237,112.243,112.199,112.219,80
1786391820,112.222,112.232,112.197,112.216,85
1786391880,112.213,112.236,112.209,112.222,86
1786391940,112.242,112.305,112.242,112.252,75
1786392000,112.252,112.296,112.235,112.29,69
1786392060,112.288,112.297,112.259,112.271,74
1786392120,112.266,112.266,112.22,112.239,77
1786392180,112.244,112.289,112.244,112.275,89
1786392240,112.275,112.289,112.245,112.286,82
1786392300,112.286,112.301,112.263,112.266,74
1786392360,112.268,112.268,112.19,112.199,76
1786392420,112.199,112.226,112.188,112.218,85
1786392480,112.216,112.229,112.164,112.172,81
1786392540,112.172,112.172,112.072,112.114,92
1786392600,112.114,112.139,112.104,112.133,73
1786392660,112.133,112.133,112.081,112.121,80
1786392720,112.121,112.151,112.079,112.151,84
1786392780,112.155,112.174,112.079,112.079,89
1786392840,112.079,112.08,112.043,112.046,68
1786392900,112.039,112.042,112.005,112.006,77
1786392960,112.009,112.01,111.956,111.96,82
1786393020,111.96,111.99,111.933,111.965,79
1786393080,111.962,111.976,111.928,111.939,80
1786393140,111.937,111.967,111.894,111.906,80
1786393200,111.903,111.935,111.886,111.909,79
1786393260,111.911,111.915,111.863,111.886,83
1786393320,111.888,111.888,111.838,111.873,80
1786393380,111.873,111.879,111.831,111.843,79
1786393440,111.843,111.898,111.839,111.864,83
1786393500,111.864,111.931,111.863,111.919,82
1786393560,111.919,111.953,111.891,111.894,79
1786393620,111.894,111.943,111.886,111.935,74
1786393680,111.935,111.971,111.93,111.931,85
1786393740,111.931,111.953,111.923,111.923,75
1786393800,111.923,111.965,111.915,111.919,81
1786393860,111.919,111.919,111.853,111.901,81
1786393920,111.901,111.939,111.84,111.923,83
1786393980,111.926,111.95,111.891,111.916,76
1786394040,111.907,112.005,111.899,111.997,78
1786394100,111.993,111.993,111.927,111.927,78
1786394160,111.925,111.936,111.899,111.932,79
1786394220,111.929,111.944,111.884,111.944,82
1786394280,111.949,111.952,111.919,111.931,76
1786394340,111.931,111.937,111.881,111.886,79
1786394400,111.886,111.925,111.86,111.898,78
1786394460,111.898,111.903,111.87,111.879,77
1786394520,111.879,111.879,111.783,111.783,74
1786394580,111.783,111.799,111.766,111.782,79
1786394640,111.782,111.79,111.702,111.703,78
1786394700,111.703,111.74,111.671,111.69,84
1786394760,111.69,111.69,111.652,111.673,90
1786394820,111.672,111.688,111.62,111.673,76
1786394880,111.673,111.683,111.604,111.605,78
1786394940,111.605,111.625,111.583,111.604,83
1786395000,111.602,111.618,111.548,111.56,86
1786395060,111.56,111.56,111.486,111.487,70
1786395120,111.487,111.546,111.487,111.518,76
1786395180,111.518,111.544,111.495,111.534,85
1786395240,111.554,111.588,111.548,111.587,81
1786395300,111.591,111.656,111.572,111.631,76
1786395360,111.622,111.622,111.584,111.606,75
1786395420,111.608,111.624,111.552,111.61,67
1786395480,111.612,111.619,111.564,111.579,78
1786395540,111.579,111.611,111.545,111.545,71
1786395600,111.545,111.545,111.49,111.515,80
1786395660,111.515,111.583,111.515,111.582,79
1786395720,111.587,111.617,111.577,111.592,79
1786395780,111.594,111.599,111.527,111.528,81
1786395840,111.534,111.534,111.387,111.387,79
1786395900,111.387,111.438,111.384,111.435,76
1786395960,111.435,111.44,111.379,111.381,78
1786396020,111.381,111.401,111.355,111.367,79
1786396080,111.365,111.427,111.35,111.427,81
1786396140,111.427,111.427,111.334,111.334,77
1786396200,111.334,111.422,111.318,111.397,83
1786396260,111.397,111.478,111.397,111.457,83
1786396320,111.452,111.457,111.405,111.417,82
1786396380,111.417,111.428,111.343,111.353,80
1786396440,111.347,111.347,111.303,111.306,78
1786396500,111.306,111.334,111.294,111.319,81
1786396560,111.324,111.399,111.324,111.397,80
1786396620,111.397,111.425,111.388,111.395,85
1786396680,111.395,111.46,111.394,111.46,84
1786396740,111.46,111.467,111.437,111.437,84
1786396800,111.437,111.441,111.387,111.398,68
1786396860,111.401,111.405,111.361,111.388,85
1786396920,111.39,111.416,111.324,111.336,86
1786396980,111.336,111.341,111.266,111.268,83
1786397040,111.268,111.344,111.246,111.32,78
1786397100,111.317,111.381,111.317,111.362,74
1786397160,111.36,111.373,111.327,111.347,75
1786397220,111.347,111.41,111.33,111.385,75
1786397280,111.385,111.389,111.338,111.382,84
1786397340,111.382,111.423,111.37,111.37,83
1786397400,111.372,111.4,111.338,111.398,73
1786397460,111.405,111.413,111.358,111.362,77
1786397520,111.362,111.411,111.362,111.409,78
1786397580,111.411,111.411,111.343,111.377,78
1786397640,111.377,111.411,111.377,111.39,78
1786397700,111.39,111.448,111.384,111.448,76
1786397760,111.448,111.459,111.411,111.433,83
1786397820,111.436,111.479,111.432,111.458,82
1786397880,111.458,111.488,111.419,111.468,86
1786397940,111.468,111.475,111.401,111.407,71
1786398000,111.407,111.421,111.374,111.378,77
1786398060,111.378,111.378,111.338,111.338,75
1786398120,111.338,111.387,111.327,111.376,81
1786398180,111.376,111.426,111.369,111.408,78
1786398240,111.405,111.408,111.369,111.395,72
1786398300,111.395,111.412,111.372,111.412,79
1786398360,111.409,111.426,111.347,111.349,82
1786398420,111.353,111.353,111.318,111.33,78
1786398480,111.332,111.36,111.328,111.35,73
1786398540,111.35,111.406,111.324,111.406,79
1786398600,111.409,111.492,111.406,111.486,72
1786398660,111.483,111.529,111.472,111.529,78
1786398720,111.532,111.532,111.477,111.496,88
1786398780,111.496,111.503,111.406,111.41,78
1786398840,111.41,111.519,111.41,111.515,81
1786398900,111.515,111.553,111.505,111.544,78
1786398960,111.544,111.587,111.522,111.524,75
1786399020,111.524,111.571,111.516,111.569,72
1786399080,111.569,111.592,111.513,111.525,76
1786399140,111.525,111.541,111.444,111.463,82
1786399200,111.468,111.494,111.441,111.489,89
1786399260,111.489,111.545,111.451,111.473,87
1786399320,111.475,111.475,111.435,111.468,76
1786399380,111.468,111.533,111.461,111.514,85
1786399440,111.514,111.54,111.487,111.51,84
1786399500,111.507,111.516,111.464,111.467,74
1786399560,111.473,111.489,111.402,111.402,78
1786399620,111.404,111.461,111.389,111.46,85
1786399680,111.46,111.505,111.455,111.482,74
1786399740,111.482,111.551,111.477,111.524,82
1786399800,111.524,111.524,111.461,111.461,74
1786399860,111.474,111.492,111.449,111.492,72
1786399920,111.492,111.537,111.463,111.532,78
1786399980,111.532,111.535,111.494,111.504,78
1786400040,111.504,111.545,111.501,111.534,82
1786400100,111.534,111.555,111.496,111.555,84
1786400160,111.555,111.557,111.502,111.548,81
1786400220,111.55,111.569,111.514,111.518,84
1786400280,111.516,111.541,111.495,111.495,90
1786400340,111.493,111.559,111.48,111.554,79
1786400400,111.557,111.557,111.523,111.537,76
1786400460,111.537,111.58,111.533,111.58,80
1786400520,111.58,111.693,111.58,111.693,81
1786400580,111.7,111.793,111.7,111.756,82
1786400640,111.749,111.78,111.726,111.756,77
1786400700,111.754,111.76,111.711,111.722,83
1786400760,111.722,111.759,111.7,111.748,84
1786400820,111.737,111.781,111.724,111.753,78
1786400880,111.746,111.746,111.661,111.671,81
1786400940,111.673,111.753,111.672,111.75,81
1786401000,111.75,111.774,111.732,111.76,76
1786401060,111.76,111.774,111.749,111.762,83
1786401120,111.762,111.766,111.723,111.73,82
1786401180,111.73,111.763,111.726,111.745,78
1786401240,111.745,111.759,111.718,111.725,71
1786401300,111.725,111.781,111.723,111.781,91
1786401360,111.781,111.802,111.752,111.802,66
1786401420,111.802,111.819,111.758,111.766,80
1786401480,111.766,111.826,111.734,111.795,78
1786401540,111.795,111.855,111.792,111.855,80
1786401600,111.847,111.86,111.83,111.839,83
1786401660,111.842,111.879,111.806,111.806,76
1786401720,111.806,111.856,111.806,111.849,85
1786401780,111.851,111.859,111.817,111.836,81
1786401840,111.839,111.857,111.791,111.835,81
1786401900,111.837,111.851,111.814,111.821,73
1786401960,111.823,111.832,111.793,111.795,81
1786402020,111.785,111.787,111.744,111.773,77
1786402080,111.777,111.78,111.704,111.716,79
1786402140,111.716,111.716,111.654,111.684,76
1786402200,111.684,111.7,111.663,111.677,82
1786402260,111.675,111.709,111.671,111.709,86
1786402320,111.709,111.77,111.697,111.77,88
1786402380,111.77,111.87,111.764,111.857,81
1786402440,111.857,111.907,111.847,111.875,80
1786402500,111.875,111.909,111.851,111.863,85
1786402560,111.863,111.893,111.837,111.842,83
1786402620,111.839,111.847,111.788,111.81,80
1786402680,111.806,111.82,111.787,111.82,82
1786402740,111.82,111.847,111.796,111.843,80
1786402800,111.843,111.873,111.813,111.851,83
1786402860,111.851,111.851,111.801,111.814,86
1786402920,111.817,111.822,111.747,111.751,81
1786402980,111.745,111.77,111.7,111.703,76
1786403040,111.7,111.762,111.674,111.762,85
1786403100,111.765,111.804,111.752,111.777,80
1786403160,111.777,111.792,111.729,111.74,81
1786403220,111.751,111.82,111.736,111.808,81
1786403280,111.808,111.884,111.787,111.861,80
1786403340,111.861,111.88,111.815,111.85,81
1786403400,111.85,111.944,111.828,111.936,82
1786403460,111.936,111.944,111.867,111.886,84
1786403520,111.886,111.953,111.883,111.928,81
1786403580,111.928,111.933,111.901,111.925,75
1786403640,111.925,111.925,111.874,111.894,78
1786403700,111.894,111.918,111.848,111.848,85
1786403760,111.848,111.856,111.822,111.833,81
1786403820,111.827,111.855,111.813,111.834,80
1786403880,111.837,111.883,111.837,111.873,81
1786403940,111.873,111.904,111.846,111.904,75
1786404000,111.906,111.907,111.859,111.876,82
1786404060,111.876,111.879,111.819,111.832,67
1786404120,111.832,111.835,111.79,111.809,85
1786404180,111.809,111.843,111.783,111.806,78
1786404240,111.806,111.832,111.784,111.808,83
1786404300,111.813,111.839,111.78,111.78,81
1786404360,111.78,111.814,111.771,111.794,77
1786404420,111.794,111.83,111.789,111.819,77
1786404480,111.819,111.858,111.805,111.851,80
1786404540,111.851,111.869,111.825,111.863,87
1786404600,111.863,111.863,111.822,111.841,80
1786404660,111.841,111.877,111.831,111.862,79
1786404720,111.862,111.862,111.796,111.818,84
1786404780,111.818,111.818,111.75,111.754,83
1786404840,111.751,111.775,111.731,111.771,81
1786404900,111.771,111.78,111.749,111.77,89
1786404960,111.77,111.836,111.768,111.827,80
1786405020,111.84,111.863,111.818,111.848,80
1786405080,111.846,111.875,111.803,111.811,86
1786405140,111.811,111.826,111.773,111.777,72
1786405200,111.777,111.795,111.737,111.744,78
1786405260,111.746,111.813,111.746,111.812,73
1786405320,111.812,111.84,111.802,111.817,75
1786405380,111.815,111.835,111.763,111.802,88
1786405440,111.802,111.869,111.773,111.869,83
1786405500,111.869,111.923,111.862,111.906,80
1786405560,111.906,111.911,111.826,111.841,78
1786405620,111.841,111.898,111.841,111.882,74
1786405680,111.882,111.914,111.877,111.912,69
1786405740,111.915,111.944,111.855,111.859,85
1786405800,111.859,111.914,111.846,111.85,82
1786405860,111.853,111.888,111.823,111.851,80
1786405920,111.851,111.887,111.82,111.84,86
1786405980,111.838,111.911,111.833,111.908,79
1786406040,111.908,111.974,111.908,111.926,86
1786406100,111.926,111.968,111.911,111.967,76
1786406160,111.971,111.974,111.919,111.972,84
1786406220,111.972,111.988,111.917,111.917,73
1786406280,111.904,111.952,111.899,111.952,81
1786406340,111.95,111.959,111.909,111.935,80
1786406400,111.932,111.966,111.926,111.966,79
1786406460,111.971,111.982,111.915,111.922,77
1786406520,111.926,111.932,111.88,111.883,81
1786406580,111.883,111.909,111.852,111.855,75
1786406640,111.855,111.865,111.802,111.819,68
1786406700,111.819,111.819,111.738,111.758,77
1786406760,111.755,111.795,111.755,111.793,83
1786406820,111.793,111.817,111.776,111.793,71
1786406880,111.79,111.797,111.736,111.736,74
1786406940,111.736,111.79,111.725,111.763,78
1786407000,111.763,111.844,111.755,111.822,76
1786407060,111.836,111.91,111.829,111.899,84
1786407120,111.899,111.908,111.856,111.892,83
1786407180,111.89,111.956,111.882,111.93,77
1786407240,111.93,111.945,111.906,111.911,77
1786407300,111.911,111.971,111.884,111.963,81
1786407360,111.961,112.002,111.952,111.97,82
1786407420,111.97,112.062,111.97,112.058,82
1786407480,112.06,112.12,112.053,112.12,74
1786407540,112.123,112.123,112.076,112.107,78
1786407600,112.107,112.119,112.086,112.093,81
1786407660,112.093,112.125,112.084,112.103,77
1786407720,112.103,112.107,112.07,112.104,74
1786407780,112.104,112.118,112.063,112.105,78
1786407840,112.108,112.119,112.054,112.054,85
1786407900,112.054,112.179,112.034,112.179,82
1786407960,112.173,112.196,112.153,112.186,83
1786408020,112.186,112.199,112.16,112.16,76
1786408080,112.16,112.181,112.123,112.131,69
1786408140,112.131,112.131,112.053,112.07,73
1786408200,112.073,112.127,112.067,112.124,83
1786408260,112.128,112.144,112.058,112.092,69
1786408320,112.09,112.094,112.026,112.044,84
1786408380,112.041,112.066,112.006,112.008,77
1786408440,112.008,112.021,111.982,111.987,89
1786408500,111.994,111.994,111.92,111.934,84
1786408560,111.936,111.995,111.935,111.976,79
1786408620,111.976,111.99,111.948,111.948,80
1786408680,111.95,111.95,111.909,111.92,83
1786408740,111.92,111.961,111.919,111.937,79
1786408800,111.937,111.954,111.911,111.911,76
1786408860,111.913,111.947,111.89,111.935,87
1786408920,111.939,111.975,111.922,111.971,82
1786408980,111.971,111.994,111.95,111.95,69
1786409040,111.95,112.007,111.936,111.939,87
1786409100,111.939,111.971,111.932,111.971,79
1786409160,111.971,112.003,111.96,111.983,72
1786409220,111.981,112.06,111.966,112.058,81
1786409280,112.058,112.073,112.03,112.032,83
1786409340,112.032,112.065,112.032,112.051,82
1786409400,112.053,112.115,112.053,112.115,84
1786409460,112.115,112.128,112.071,112.12,72
1786409520,112.123,112.137,112.083,112.119,74
1786409580,112.119,112.163,112.108,112.153,80
1786409640,112.153,112.188,112.118,112.121,77
1786409700,112.118,112.146,112.106,112.121,78
1786409760,112.117,112.121,112.027,112.036,89
1786409820,112.036,112.052,111.993,112.021,79
1786409880,112.024,112.029,111.988,112.008,88
1786409940,112.008,112.024,111.951,111.976,69
1786410000,111.976,112.006,111.948,111.979,75
1786410060,111.979,112.022,111.97,112.022,78
1786410120,112.022,112.024,111.979,111.992,77
1786410180,111.992,112.025,111.981,112.015,73
1786410240,112.008,112.017,111.947,111.974,82
1786410300,111.971,111.984,111.916,111.916,80
1786410360,111.916,111.928,111.878,111.908,83
1786410420,111.904,111.995,111.904,111.985,87
1786410480,111.985,112.106,111.98,112.083,84
1786410540,112.083,112.104,112.065,112.104,83
1786410600,112.099,112.138,112.085,112.115,78
1786410660,112.115,112.152,112.106,112.132,80
1786410720,112.132,112.166,112.121,112.129,82
1786410780,112.129,112.132,112.055,112.061,81
1786410840,112.061,112.127,112.061,112.115,83
1786410900,112.129,112.129,112.075,112.095,83
1786410960,112.095,112.106,112.069,112.082,70
1786411020,112.082,112.119,112.07,112.074,79
1786411080,112.074,112.121,112.054,112.104,76
1786411140,112.104,112.105,112.075,112.097,86
1786411200,112.097,112.097,112.014,112.036,71
1786411260,112.036,112.036,111.988,112.016,73
1786411320,112.019,112.055,112.014,112.047,81
1786411380,112.05,112.083,112.03,112.042,72
1786411440,112.035,112.046,111.966,111.969,84
1786411500,111.969,112.03,111.965,112.03,84
1786411560,112.03,112.061,112.023,112.05,73
1786411620,112.05,112.106,112.026,112.092,78
1786411680,112.092,112.113,112.086,112.089,70
1786411740,112.089,112.13,112.086,112.114,72
1786411800,112.11,112.123,112.062,112.095,81
1786411860,112.093,112.138,112.078,112.124,80
1786411920,112.124,112.124,112.069,112.088,78
1786411980,112.088,112.101,112.013,112.013,77
1786412040,112.016,112.023,111.978,111.995,76
1786412100,111.995,112.059,111.99,112.002,82
1786412160,112.002,112.043,111.99,112.031,80
1786412220,112.031,112.049,112.01,112.023,80
1786412280,112.023,112.049,111.994,112.012,70
1786412340,112.016,112.028,111.976,111.988,81
1786412400,111.985,112.031,111.98,112.031,79
1786412460,112.031,112.056,111.999,112.054,80
1786412520,112.054,112.133,112.054,112.122,83
1786412580,112.122,112.124,112.05,112.086,92
1786412640,112.09,112.134,112.09,112.098,77
1786412700,112.098,112.098,112.026,112.026,79
1786412760,112.026,112.037,111.987,112.022,76
1786412820,112.025,112.04,111.979,112.006,87
1786412880,112.002,112.018,111.983,111.998,89
1786412940,111.994,112.063,111.994,112.061,87
1786413000,112.061,112.077,112.025,112.025,72
1786413060,112.029,112.051,112.026,112.051,73
1786413120,112.051,112.056,111.996,112.002,86
1786413180,112.002,112.021,111.942,111.943,78
1786413240,111.943,111.96,111.915,111.926,78
1786413300,111.928,111.938,111.888,111.921,75
1786413360,111.921,111.95,111.902,111.931,78
1786413420,111.931,111.972,111.918,111.92,93
1786413480,111.92,111.961,111.917,111.93,74
1786413540,111.93,111.974,111.905,111.968,83
1786413600,111.968,112.031,111.961,112.002,81
1786413660,112.002,112.02,111.939,111.949,75
1786413720,111.952,111.97,111.903,111.927,86
1786413780,111.93,111.946,111.891,111.915,81
1786413840,111.915,111.917,111.864,111.888,70
1786413900,111.885,111.977,111.873,111.973,76
1786413960,111.959,111.979,111.941,111.96,85
1786414020,111.958,111.958,111.847,111.853,74
1786414080,111.856,111.881,111.836,111.845,84
1786414140,111.842,111.881,111.832,111.875,83
1786414200,111.875,111.939,111.872,111.916,83
1786414260,111.916,111.939,111.903,111.924,80
1786414320,111.924,111.96,111.913,111.946,74
1786414380,111.944,111.971,111.936,111.971,69
1786414440,111.975,111.991,111.941,111.975,84
1786414500,111.975,111.998,111.956,111.972,85
1786414560,111.972,111.98,111.944,111.974,78
1786414620,111.974,112.078,111.974,112.067,83
1786414680,112.071,112.079,112.037,112.05,81
1786414740,112.048,112.104,112.038,112.087,84
1786414800,112.087,112.087,112.003,112.005,73
1786414860,112.003,112.005,111.948,111.95,75
1786414920,111.953,111.972,111.935,111.953,86
1786414980,111.953,111.98,111.921,111.93,91
1786415040,111.93,111.945,111.91,111.914,76
1786415100,111.91,111.925,111.848,111.848,80
1786415160,111.85,111.904,111.849,111.904,77
1786415220,111.904,111.942,111.893,111.939,79
1786415280,111.939,112.001,111.934,111.994,77
1786415340,111.997,112.009,111.952,111.961,87
1786415400,111.961,111.965,111.918,111.926,86
1786415460,111.912,111.956,111.909,111.951,70
1786415520,111.951,111.98,111.931,111.976,82
1786415580,111.976,111.976,111.891,111.941,72
1786415640,111.941,111.97,111.908,111.97,78
1786415700,111.97,112.035,111.968,112.019,84
1786415760,112.028,112.068,112.009,112.015,83
1786415820,112.015,112.08,112.015,112.072,85
1786415880,112.064,112.08,112.039,112.076,81
1786415940,112.076,112.149,112.076,112.094,82
1786416000,112.091,112.091,112.056,112.057,84
1786416060,112.054,112.059,111.994,112.043,73
1786416120,112.04,112.095,112.037,112.062,70
1786416180,112.063,112.108,112.061,112.091,87
1786416240,112.089,112.121,112.088,112.102,73
1786416300,112.102,112.166,112.099,112.155,85
1786416360,112.155,112.179,112.128,112.128,76
1786416420,112.128,112.164,112.125,112.152,84
1786416480,112.152,112.18,112.126,112.152,76
1786416540,112.152,112.203,112.15,112.203,78
1786416600,112.203,112.262,112.18,112.262,83
1786416660,112.258,112.298,112.243,112.298,82
1786416720,112.298,112.345,112.279,112.342,68
1786416780,112.342,112.383,112.341,112.38,75
1786416840,112.38,112.394,112.356,112.365,82
1786416900,112.353,112.409,112.353,112.403,83
1786416960,112.403,112.438,112.397,112.397,80
1786417020,112.394,112.409,112.34,112.342,87
1786417080,112.342,112.381,112.327,112.357,83
1786417140,112.36,112.402,112.345,112.399,71
1786417200,112.399,112.479,112.366,112.47,75
1786417260,112.473,112.556,112.473,112.547,81
1786417320,112.547,112.567,112.475,112.5,71
1786417380,112.5,112.505,112.44,112.456,69
1786417440,112.456,112.508,112.417,112.508,78
1786417500,112.508,112.554,112.485,112.533,76
1786417560,112.533,112.559,112.526,112.545,82
1786417620,112.545,112.618,112.545,112.611,74
1786417680,112.611,112.674,112.61,112.662,79
1786417740,112.662,112.682,112.634,112.648,81
1786417800,112.63,112.643,112.625,112.633,76
1786417860,112.633,112.641,112.608,112.616,72
1786417920,112.613,112.632,112.582,112.591,80
1786417980,112.591,112.64,112.578,112.598,80
1786418040,112.603,112.606,112.574,112.575,78
1786418100,112.578,112.604,112.549,112.6,81
1786418160,112.6,112.64,112.598,112.626,85
1786418220,112.631,112.668,112.612,112.663,77
1786418280,112.663,112.69,112.623,112.651,79
1786418340,112.656,112.704,112.65,112.683,90
1786418400,112.685,112.729,112.654,112.729,77
1786418460,112.732,112.75,112.725,112.734,78
1786418520,112.734,112.777,112.704,112.76,79
1786418580,112.76,112.77,112.733,112.741,80
1786418640,112.746,112.77,112.724,112.754,72
1786418700,112.754,112.78,112.727,112.771,77
1786418760,112.771,112.811,112.736,112.78,87
1786418820,112.78,112.8,112.751,112.777,76
1786418880,112.777,112.837,112.77,112.813,83
1786418940,112.813,112.818,112.758,112.765,87
1786419000,112.765,112.814,112.756,112.798,86
1786419060,112.81,112.868,112.794,112.823,83
1786419120,112.823,112.913,112.814,112.902,80
1786419180,112.902,112.941,112.902,112.911,74
1786419240,112.908,112.911,112.879,112.889,72
1786419300,112.891,112.934,112.891,112.924,82
1786419360,112.921,112.923,112.862,112.877,80
1786419420,112.879,112.879,112.82,112.835,72
1786419480,112.838,112.913,112.829,112.838,78
1786419540,112.838,112.904,112.833,112.867,79
1786419600,112.867,112.899,112.842,112.899,83
1786419660,112.899,112.902,112.858,112.875,72
1786419720,112.875,112.953,112.87,112.95,72
1786419780,112.95,112.95,112.895,112.942,81
1786419840,112.942,112.948,112.881,112.881,83
1786419900,112.881,112.883,112.831,112.854,82
1786419960,112.854,112.899,112.845,112.881,87
1786420020,112.884,112.884,112.819,112.819,73
1786420080,112.819,112.828,112.776,112.782,89
1786420140,112.779,112.787,112.745,112.757,92
1786420200,112.757,112.783,112.745,112.78,80
1786420260,112.78,112.788,112.729,112.755,70
1786420320,112.747,112.799,112.721,112.768,82
1786420380,112.771,112.806,112.764,112.785,82
1786420440,112.782,112.79,112.754,112.79,83
1786420500,112.79,112.846,112.772,112.812,79
1786420560,112.814,112.825,112.792,112.824,90
1786420620,112.826,112.858,112.824,112.858,83
1786420680,112.858,112.97,112.858,112.962,86
1786420740,112.962,112.962,112.874,112.904,83
1786420800,112.904,112.904,112.8,112.804,80
1786420860,112.804,112.827,112.786,112.816,80
1786420920,112.816,112.843,112.799,112.809,74
1786420980,112.809,112.838,112.794,112.803,83
1786421040,112.803,112.883,112.794,112.858,84
1786421100,112.855,112.958,112.852,112.954,82
1786421160,112.954,113.017,112.945,112.988,83
1786421220,112.985,113.016,112.972,112.999,82
1786421280,112.999,113.075,112.999,113.065,79
1786421340,113.065,113.084,113.037,113.064,85
1786421400,113.066,113.066,112.976,113.007,72
1786421460,113.007,113.007,112.936,112.987,86
1786421520,112.983,112.983,112.919,112.937,72
1786421580,112.937,112.953,112.915,112.953,79
1786421640,112.955,113.0,112.924,112.997,88
1786421700,112.997,113.019,112.975,112.987,82
1786421760,112.987,113.009,112.94,112.943,79
1786421820,112.943,112.977,112.921,112.976,84
1786421880,112.976,112.985,112.941,112.981,74
1786421940,112.983,113.019,112.977,113.019,81
1786422000,113.014,113.026,112.979,112.99,78
1786422060,112.99,113.037,112.975,112.985,76
1786422120,112.987,113.0,112.935,112.937,83
1786422180,112.935,112.956,112.923,112.943,81
1786422240,112.943,112.977,112.913,112.974,82
1786422300,112.974,113.003,112.95,112.958,79
1786422360,112.958,113.016,112.953,113.006,77
1786422420,112.999,113.01,112.965,113.01,69
1786422480,113.013,113.029,113.0,113.029,85
1786422540,113.029,113.111,113.024,113.094,81
1786422600,113.092,113.138,113.088,113.138,74
1786422660,113.122,113.162,113.122,113.136,80
1786422720,113.136,113.136,113.038,113.045,77
1786422780,113.045,113.091,113.017,113.063,84
1786422840,113.063,113.116,113.059,113.073,71
1786422900,113.073,113.138,113.07,113.138,74
1786422960,113.128,113.133,113.061,113.094,77
1786423020,113.094,113.12,113.06,113.12,85
1786423080,113.116,113.198,113.116,113.198,72
1786423140,113.198,113.238,113.182,113.218,78
1786423200,113.218,113.265,113.199,113.21,76
1786423260,113.231,113.237,113.182,113.226,82
1786423320,113.226,113.272,113.226,113.233,88
1786423380,113.24,113.317,113.209,113.284,81
1786423440,113.284,113.312,113.264,113.311,82
1786423500,113.308,113.316,113.29,113.292,88
1786423560,113.29,113.332,113.263,113.33,84
1786423620,113.33,113.33,113.296,113.31,79
1786423680,113.31,113.332,113.284,113.322,81
1786423740,113.322,113.337,113.288,113.317,80
1786423800,113.317,113.358,113.312,113.353,76
1786423860,113.353,113.431,113.353,113.413,80
1786423920,113.413,113.427,113.375,113.412,75
1786423980,113.409,113.411,113.366,113.378,91
1786424040,113.378,113.397,113.293,113.309,89
1786424100,113.307,113.334,113.283,113.301,85
1786424160,113.301,113.322,113.232,113.232,74
1786424220,113.232,113.26,113.218,113.248,79
1786424280,113.248,113.285,113.231,113.274,79
1786424340,113.276,113.322,113.265,113.315,84
1786424400,113.315,113.347,113.286,113.347,77
1786424460,113.347,113.365,113.314,113.338,78
1786424520,113.338,113.358,113.33,113.331,76
1786424580,113.331,113.365,113.316,113.353,87
1786424640,113.356,113.38,113.342,113.342,82
1786424700,113.338,113.338,113.247,113.272,80
1786424760,113.272,113.303,113.219,113.243,86
1786424820,113.243,113.261,113.225,113.252,77
1786424880,113.252,113.265,113.234,113.255,81
1786424940,113.255,113.279,113.22,113.227,79
1786425000,113.227,113.236,113.156,113.197,88
1786425060,113.199,113.199,113.121,113.121,72
1786425120,113.123,113.153,113.102,113.112,82
1786425180,113.112,113.221,113.1,113.221,78
1786425240,113.221,113.279,113.209,113.217,74
1786425300,113.217,113.221,113.169,113.172,81
1786425360,113.175,113.219,113.164,113.212,74
1786425420,113.215,113.284,113.207,113.284,83
1786425480,113.286,113.308,113.27,113.292,81
1786425540,113.289,113.298,113.249,113.274,79
1786425600,113.277,113.277,113.228,113.228,78
1786425660,113.23,113.241,113.207,113.212,86
1786425720,113.209,113.317,113.206,113.317,83
1786425780,113.317,113.367,113.31,113.344,86
1786425840,113.344,113.37,113.328,113.362,81
1786425900,113.362,113.392,113.331,113.339,88
1786425960,113.339,113.409,113.339,113.366,83
1786426020,113.366,113.429,113.365,113.417,78
1786426080,113.417,113.442,113.408,113.425,78
1786426140,113.425,113.449,113.378,113.428,80
1786426200,113.428,113.46,113.409,113.427,78
1786426260,113.427,113.446,113.408,113.424,78
1786426320,113.424,113.424,113.385,113.41,73
1786426380,113.416,113.429,113.376,113.395,77
1786426440,113.392,113.432,113.383,113.383,75
1786426500,113.383,113.394,113.282,113.29,69
1786426560,113.29,113.35,113.28,113.328,82
1786426620,113.325,113.325,113.275,113.304,83
1786426680,113.312,113.317,113.251,113.273,88
1786426740,113.273,113.273,113.199,113.232,76
1786426800,113.232,113.281,113.21,113.278,80
1786426860,113.278,113.328,113.266,113.324,85
1786426920,113.324,113.325,113.24,113.24,65
1786426980,113.24,113.281,113.236,113.264,78
1786427040,113.259,113.259,113.199,113.206,85
1786427100,113.203,113.245,113.198,113.223,81
1786427160,113.216,113.274,113.207,113.251,79
1786427220,113.251,113.257,113.209,113.209,77
1786427280,113.209,113.253,113.174,113.179,82
1786427340,113.179,113.222,113.168,113.182,83
1786427400,113.177,113.236,113.177,113.223,72
1786427460,113.215,113.219,113.164,113.166,72
1786427520,113.163,113.213,113.148,113.199,83
1786427580,113.199,113.225,113.186,113.21,80
1786427640,113.208,113.208,113.127,113.127,78
1786427700,113.127,113.152,113.105,113.13,76
1786427760,113.13,113.188,113.127,113.177,78
1786427820,113.177,113.205,113.163,113.191,77
1786427880,113.191,113.227,113.165,113.165,78
1786427940,113.165,113.173,113.128,113.13,75
1786428000,113.132,113.184,113.132,113.181,82
1786428060,113.181,113.209,113.161,113.191,86
1786428120,113.191,113.21,113.166,113.206,74
1786428180,113.206,113.239,113.203,113.236,77
1786428240,113.236,113.273,113.23,113.267,73
1786428300,113.25,113.304,113.214,113.3,84
1786428360,113.3,113.308,113.253,113.253,80
1786428420,113.236,113.268,113.19,113.242,88
1786428480,113.245,113.303,113.232,113.285,79
1786428540,113.287,113.306,113.257,113.26,79
1786428600,113.272,113.306,113.256,113.303,88
1786428660,113.303,113.328,113.298,113.322,82
1786428720,113.322,113.375,113.304,113.31,93
1786428780,113.3,113.319,113.233,113.235,81
1786428840,113.232,113.312,113.219,113.29,87
1786428900,113.272,113.272,113.209,113.218,81
1786428960,113.218,113.218,113.159,113.176,88
1786429020,113.176,113.251,113.176,113.25,82
1786429080,113.25,113.295,113.238,113.283,86
1786429140,113.283,113.288,113.23,113.25,76
1786429200,113.25,113.25,113.173,113.183,83
1786429260,113.183,113.23,113.183,113.217,69
1786429320,113.214,113.266,113.202,113.265,79
1786429380,113.265,113.331,113.265,113.306,85
1786429440,113.303,113.338,113.283,113.315,81
1786429500,113.311,113.327,113.279,113.327,80
1786429560,113.327,113.405,113.325,113.392,73
1786429620,113.392,113.397,113.361,113.377,90
1786429680,113.377,113.416,113.37,113.41,79
1786429740,113.407,113.425,113.368,113.376,79
1786429800,113.378,113.397,113.352,113.379,78
1786429860,113.381,113.381,113.32,113.355,78
1786429920,113.355,113.396,113.333,113.382,84
1786429980,113.382,113.431,113.382,113.417,72
1786430040,113.417,113.425,113.349,113.389,75
1786430100,113.389,113.436,113.357,113.436,78
1786430160,113.436,113.495,113.412,113.465,78
1786430220,113.465,113.481,113.444,113.446,83
1786430280,113.44,113.468,113.429,113.455,82
1786430340,113.455,113.456,113.349,113.349,75
1786430400,113.349,113.365,113.307,113.309,73
1786430460,113.315,113.341,113.3,113.338,88
1786430520,113.338,113.366,113.319,113.333,80
1786430580,113.333,113.333,113.249,113.255,79
1786430640,113.255,113.307,113.252,113.297,75
1786430700,113.311,113.315,113.231,113.276,81
1786430760,113.28,113.3,113.258,113.274,83
1786430820,113.278,113.291,113.252,113.263,78
1786430880,113.263,113.271,113.226,113.231,80
1786430940,113.231,113.231,113.165,113.221,88
1786431000,113.221,113.275,113.213,113.225,75
1786431060,113.225,113.27,113.225,113.267,83
1786431120,113.267,113.27,113.198,113.198,83
1786431180,113.198,113.278,113.19,113.278,87
1786431240,113.278,113.314,113.241,113.303,77
1786431300,113.303,113.35,113.303,113.338,72
1786431360,113.342,113.398,113.34,113.379,84
1786431420,113.379,113.379,113.295,113.314,77
1786431480,113.314,113.373,113.314,113.35,77
1786431540,113.35,113.412,113.346,113.402,77
1786431600,113.405,113.425,113.384,113.425,80
1786431660,113.425,113.467,113.413,113.429,78
1786431720,113.425,113.476,113.425,113.437,75
1786431780,113.437,113.454,113.425,113.452,71
1786431840,113.45,113.453,113.416,113.427,78
1786431900,113.432,113.458,113.404,113.415,71
1786431960,113.415,113.433,113.393,113.412,82
1786432020,113.412,113.489,113.412,113.48,72
1786432080,113.48,113.507,113.453,113.486,76
1786432140,113.486,113.524,113.461,113.496,85
1786432200,113.496,113.569,113.486,113.569,78
1786432260,113.569,113.583,113.502,113.52,87
1786432320,113.522,113.561,113.505,113.541,79
1786432380,113.543,113.625,113.519,113.603,86
1786432440,113.603,113.658,113.597,113.652,80
1786432500,113.655,113.674,113.611,113.611,82
1786432560,113.611,113.615,113.576,113.608,84
1786432620,113.608,113.627,113.595,113.601,78
1786432680,113.608,113.608,113.519,113.519,87
1786432740,113.519,113.544,113.497,113.509,79
1786432800,113.506,113.524,113.437,113.445,72
1786432860,113.446,113.447,113.373,113.383,79
1786432920,113.383,113.416,113.355,113.398,91
1786432980,113.398,113.445,113.378,113.411,84
1786433040,113.411,113.417,113.352,113.414,85
1786433100,113.414,113.421,113.383,113.418,72
1786433160,113.418,113.431,113.373,113.386,76
1786433220,113.383,113.452,113.383,113.452,84
1786433280,113.45,113.508,113.427,113.473,83
1786433340,113.47,113.556,113.47,113.542,71
1786433400,113.542,113.548,113.508,113.545,83
1786433460,113.545,113.547,113.497,113.497,80
1786433520,113.497,113.511,113.45,113.495,86
1786433580,113.495,113.497,113.412,113.426,81
1786433640,113.426,113.428,113.366,113.414,82
1786433700,113.416,113.434,113.403,113.426,88
1786433760,113.421,113.506,113.395,113.433,88
1786433820,113.433,113.474,113.412,113.436,77
1786433880,113.436,113.484,113.429,113.468,82
1786433940,113.468,113.468,113.366,113.368,78
1786434000,113.368,113.438,113.337,113.418,84
1786434060,113.418,113.444,113.369,113.403,89
1786434120,113.403,113.403,113.371,113.379,77
1786434180,113.379,113.398,113.357,113.376,84
1786434240,113.384,113.393,113.335,113.37,83
1786434300,113.37,113.407,113.334,113.365,81
1786434360,113.365,113.372,113.339,113.365,80
1786434420,113.365,113.382,113.314,113.348,91
1786434480,113.348,113.389,113.342,113.365,76
1786434540,113.362,113.362,113.306,113.328,88
1786434600,113.338,113.344,113.304,113.332,73
1786434660,113.332,113.334,113.271,113.277,78
1786434720,113.275,113.284,113.203,113.205,80
1786434780,113.205,113.205,113.154,113.166,81
1786434840,113.168,113.245,113.166,113.245,86
1786434900,113.255,113.296,113.245,113.245,95
1786434960,113.245,113.277,113.195,113.195,86
1786435020,113.195,113.256,113.178,113.241,77
1786435080,113.241,113.3,113.237,113.297,82
1786435140,113.3,113.312,113.271,113.293,81
1786435200,113.293,113.296,113.263,113.284,78
1786435260,113.289,113.296,113.249,113.258,85
1786435320,113.258,113.331,113.248,113.294,79
1786435380,113.294,113.355,113.294,113.324,81
1786435440,113.324,113.324,113.235,113.241,75
1786435500,113.239,113.267,113.229,113.267,79
1786435560,113.269,113.304,113.25,113.3,78
1786435620,113.302,113.306,113.258,113.278,83
1786435680,113.261,113.316,113.261,113.316,71
1786435740,113.311,113.403,113.311,113.391,84
1786435800,113.389,113.446,113.387,113.43,79
1786435860,113.425,113.513,113.425,113.51,87
1786435920,113.51,113.53,113.483,113.505,76
1786435980,113.505,113.54,113.502,113.525,68
1786436040,113.525,113.538,113.499,113.5,79
1786436100,113.504,113.57,113.504,113.57,79
1786436160,113.57,113.643,113.551,113.614,81
1786436220,113.614,113.614,113.527,113.529,78
1786436280,113.529,113.544,113.472,113.531,82
1786436340,113.531,113.58,113.516,113.575,74
1786436400,113.575,113.61,113.569,113.601,81
1786436460,113.596,113.609,113.531,113.531,79
1786436520,113.529,113.577,113.52,113.549,81
1786436580,113.547,113.56,113.511,113.537,69
1786436640,113.534,113.584,113.53,113.584,78
1786436700,113.584,113.623,113.571,113.598,80
1786436760,113.598,113.598,113.555,113.572,76
1786436820,113.567,113.581,113.546,113.557,80
1786436880,113.557,113.557,113.489,113.515,77
1786436940,113.515,113.553,113.508,113.508,81
1786437000,113.525,113.591,113.516,113.582,75
1786437060,113.582,113.604,113.551,113.591,77
1786437120,113.591,113.661,113.591,113.604,81
1786437180,113.604,113.701,113.604,113.659,79
1786437240,113.659,113.705,113.659,113.694,78
1786437300,113.694,113.771,113.692,113.738,75
1786437360,113.738,113.758,113.706,113.708,80
1786437420,113.713,113.77,113.703,113.77,83
1786437480,113.77,113.771,113.695,113.697,82
1786437540,113.694,113.71,113.683,113.688,69
1786437600,113.688,113.706,113.639,113.669,86
1786437660,113.675,113.71,113.667,113.679,83
1786437720,113.679,113.69,113.644,113.682,79
1786437780,113.679,113.679,113.621,113.677,82
1786437840,113.679,113.716,113.664,113.708,82
1786437900,113.708,113.722,113.683,113.691,76
1786437960,113.691,113.695,113.645,113.659,77
1786438020,113.659,113.663,113.579,113.606,76
1786438080,113.607,113.607,113.555,113.559,76
1786438140,113.559,113.571,113.528,113.551,76
1786438200,113.551,113.555,113.478,113.481,76
1786438260,113.481,113.524,113.481,113.488,79
1786438320,113.488,113.512,113.467,113.509,77
1786438380,113.509,113.528,113.473,113.475,78
1786438440,113.475,113.505,113.446,113.463,79
1786438500,113.463,113.468,113.411,113.411,80
1786438560,113.411,113.515,113.401,113.51,77
1786438620,113.51,113.557,113.504,113.545,76
1786438680,113.549,113.598,113.526,113.57,82
1786438740,113.563,113.599,113.555,113.578,78
1786438800,113.589,113.602,113.539,113.6,85
1786438860,113.603,113.622,113.574,113.598,81
1786438920,113.592,113.619,113.585,113.617,84
1786438980,113.617,113.667,113.594,113.634,82
1786439040,113.634,113.641,113.602,113.613,84
1786439100,113.613,113.64,113.592,113.608,72
1786439160,113.608,113.639,113.598,113.626,77
1786439220,113.626,113.671,113.626,113.661,78
1786439280,113.661,113.661,113.595,113.612,80
1786439340,113.612,113.614,113.526,113.549,86
1786439400,113.549,113.597,113.519,113.54,88
1786439460,113.534,113.572,113.53,113.555,81
1786439520,113.55,113.55,113.468,113.468,82
1786439580,113.474,113.568,113.474,113.568,87
1786439640,113.568,113.613,113.543,113.61,80
1786439700,113.608,113.641,113.594,113.629,71
1786439760,113.629,113.647,113.58,113.646,72
1786439820,113.648,113.661,113.586,113.594,82
1786439880,113.594,113.6,113.557,113.579,70
1786439940,113.579,113.59,113.532,113.548,82
1786440000,113.548,113.586,113.54,113.559,79
1786440060,113.559,113.637,113.558,113.618,83
1786440120,113.618,113.669,113.614,113.657,70
1786440180,113.657,113.667,113.631,113.649,77
1786440240,113.649,113.684,113.643,113.661,78
1786440300,113.667,113.754,113.663,113.747,80
1786440360,113.745,113.757,113.663,113.668,76
1786440420,113.668,113.686,113.635,113.66,76
1786440480,113.663,113.73,113.653,113.726,85
1786440540,113.726,113.737,113.695,113.697,83
1786440600,113.697,113.754,113.695,113.745,87
1786440660,113.741,113.778,113.741,113.771,85
1786440720,113.773,113.815,113.753,113.753,81
1786440780,113.759,113.798,113.738,113.741,80
1786440840,113.741,113.774,113.734,113.767,81
1786440900,113.767,113.792,113.746,113.776,83
1786440960,113.776,113.804,113.767,113.778,79
1786441020,113.778,113.778,113.706,113.717,86
1786441080,113.717,113.72,113.654,113.655,80
1786441140,113.655,113.666,113.628,113.63,72
1786441200,113.63,113.639,113.605,113.639,73
1786441260,113.639,113.719,113.618,113.709,84
1786441320,113.709,113.773,113.699,113.767,83
1786441380,113.767,113.781,113.704,113.734,81
1786441440,113.734,113.769,113.725,113.749,78
1786441500,113.749,113.79,113.745,113.767,81
1786441560,113.767,113.778,113.712,113.751,76
1786441620,113.751,113.805,113.747,113.789,75
1786441680,113.789,113.826,113.783,113.808,84
1786441740,113.811,113.811,113.781,113.798,84
1786441800,113.796,113.796,113.714,113.738,73
1786441860,113.738,113.774,113.736,113.755,78
1786441920,113.757,113.857,113.748,113.837,73
1786441980,113.84,113.893,113.839,113.878,82
1786442040,113.878,113.962,113.873,113.962,76
1786442100,113.962,113.979,113.946,113.96,80
1786442160,113.96,113.979,113.91,113.911,83
1786442220,113.911,113.993,113.911,113.973,82
1786442280,113.976,114.001,113.968,113.99,80
1786442340,113.99,114.038,113.984,114.027,71
1786442400,114.027,114.165,114.0,114.162,82
1786442460,114.162,114.211,114.154,114.204,78
1786442520,114.204,114.234,114.19,114.228,78
1786442580,114.232,114.245,114.214,114.245,85
1786442640,114.242,114.262,114.213,114.231,75
1786442700,114.231,114.231,114.173,114.2,87
1786442760,114.204,114.214,114.129,114.141,79
1786442820,114.137,114.141,114.081,114.095,78
1786442880,114.086,114.095,114.058,114.074,81
1786442940,114.072,114.157,114.053,114.153,84
1786443000,114.155,114.187,114.124,114.155,76
1786443060,114.155,114.205,114.152,114.185,77
1786443120,114.185,114.207,114.134,114.142,79
1786443180,114.142,114.168,114.125,114.168,79
1786443240,114.168,114.18,114.141,114.152,68
1786443300,114.152,114.218,114.152,114.218,85
1786443360,114.218,114.222,114.184,114.204,73
1786443420,114.204,114.226,114.191,114.203,86
1786443480,114.203,114.238,114.193,114.207,71
1786443540,114.207,114.231,114.165,114.178,83
1786443600,114.181,114.222,114.173,114.182,73
1786443660,114.178,114.236,114.173,114.231,85
1786443720,114.236,114.243,114.175,114.199,79
1786443780,114.203,114.246,114.187,114.187,77
1786443840,114.185,114.198,114.122,114.161,82
1786443900,114.161,114.201,114.138,114.17,84
1786443960,114.17,114.173,114.066,114.077,71
1786444020,114.075,114.099,114.045,114.07,87
1786444080,114.07,114.105,114.047,114.047,77
1786444140,114.047,114.068,114.032,114.032,91
1786444200,114.032,114.097,114.015,114.079,80
1786444260,114.079,114.117,114.072,114.115,74
1786444320,114.115,114.13,114.095,114.101,89
1786444380,114.101,114.148,114.09,114.122,81
1786444440,114.122,114.134,114.082,114.099,74
1786444500,114.104,114.168,114.064,114.168,92
1786444560,114.172,114.309,114.172,114.308,86
1786444620,114.308,114.328,114.298,114.313,72
1786444680,114.319,114.357,114.313,114.352,88
1786444740,114.357,114.436,114.353,114.428,78
1786444800,114.42,114.462,114.412,114.444,77
1786444860,114.449,114.486,114.449,114.484,83
1786444920,114.486,114.497,114.447,114.469,81
1786444980,114.469,114.497,114.459,114.493,83
1786445040,114.5,114.504,114.435,114.437,74
1786445100,114.437,114.44,114.395,114.401,87
1786445160,114.401,114.47,114.398,114.46,78
1786445220,114.46,114.49,114.452,114.487,85
1786445280,114.487,114.511,114.45,114.455,81
1786445340,114.455,114.506,114.433,114.454,81
1786445400,114.451,114.469,114.424,114.452,79
1786445460,114.45,114.454,114.427,114.448,79
1786445520,114.452,114.484,114.426,114.465,81
1786445580,114.471,114.531,114.471,114.527,80
1786445640,114.525,114.543,114.517,114.523,85
1786445700,114.523,114.55,114.502,114.525,83
1786445760,114.52,114.527,114.473,114.505,72
1786445820,114.505,114.587,114.505,114.587,84
1786445880,114.585,114.605,114.562,114.562,74
1786445940,114.562,114.579,114.554,114.554,81
1786446000,114.554,114.573,114.548,114.559,79
1786446060,114.556,114.559,114.452,114.452,76
1786446120,114.452,114.522,114.448,114.522,74
1786446180,114.522,114.581,114.503,114.574,78
1786446240,114.574,114.631,114.574,114.607,83
1786446300,114.607,114.607,114.545,114.58,77
1786446360,114.582,114.61,114.575,114.606,77
1786446420,114.609,114.653,114.593,114.653,82
1786446480,114.653,114.673,114.651,114.651,69
1786446540,114.651,114.659,114.623,114.623,76
1786446600,114.623,114.633,114.548,114.548,73
1786446660,114.55,114.55,114.482,114.51,83
1786446720,114.515,114.548,114.492,114.504,81
1786446780,114.506,114.514,114.473,114.473,86
1786446840,114.473,114.534,114.469,114.506,76
1786446900,114.506,114.518,114.409,114.422,77
1786446960,114.42,114.474,114.417,114.445,68
1786447020,114.443,114.488,114.434,114.439,73
1786447080,114.439,114.469,114.412,114.454,77
1786447140,114.454,114.484,114.435,114.467,76
1786447200,114.467,114.538,114.459,114.507,85
1786447260,114.507,114.587,114.507,114.587,87
1786447320,114.591,114.613,114.575,114.576,72
1786447380,114.574,114.648,114.547,114.625,79
1786447440,114.625,114.717,114.622,114.717,85
1786447500,114.717,114.717,114.668,114.67,82
1786447560,114.673,114.71,114.634,114.645,86
1786447620,114.645,114.691,114.627,114.664,71
1786447680,114.664,114.674,114.584,114.597,81
1786447740,114.595,114.631,114.573,114.613,82
1786447800,114.608,114.694,114.598,114.671,81
1786447860,114.671,114.683,114.618,114.624,72
1786447920,114.624,114.629,114.566,114.57,80
1786447980,114.57,114.593,114.56,114.593,78
1786448040,114.59,114.63,114.585,114.619,74
1786448100,114.619,114.656,114.611,114.637,69
1786448160,114.637,114.641,114.571,114.575,80
1786448220,114.575,114.598,114.546,114.568,81
1786448280,114.568,114.618,114.563,114.568,79
1786448340,114.565,114.647,114.565,114.64,84
1786448400,114.635,114.684,114.63,114.668,83
1786448460,114.668,114.738,114.668,114.733,84
1786448520,114.733,114.745,114.708,114.72,72
1786448580,114.72,114.739,114.689,114.703,79
1786448640,114.705,114.761,114.692,114.739,69
1786448700,114.742,114.754,114.701,114.706,84
1786448760,114.706,114.733,114.687,114.704,81
1786448820,114.704,114.714,114.666,114.666,80
1786448880,114.666,114.696,114.638,114.674,78
1786448940,114.674,114.713,114.666,114.712,77
1786449000,114.71,114.766,114.707,114.731,77
1786449060,114.731,114.748,114.711,114.726,71
1786449120,114.726,114.737,114.688,114.69,74
1786449180,114.69,114.755,114.679,114.752,86
1786449240,114.752,114.832,114.738,114.822,86
1786449300,114.822,114.833,114.788,114.827,80
1786449360,114.827,114.892,114.827,114.889,77
1786449420,114.887,114.898,114.868,114.876,78
1786449480,114.876,114.882,114.838,114.838,78
1786449540,114.838,114.889,114.806,114.808,87
1786449600,114.808,114.81,114.734,114.749,89
1786449660,114.749,114.801,114.72,114.801,85
1786449720,114.801,114.877,114.801,114.877,71
1786449780,114.877,114.891,114.838,114.854,87
1786449840,114.851,114.899,114.848,114.899,77
1786449900,114.897,114.964,114.863,114.964,73
1786449960,114.961,114.998,114.954,114.973,83
1786450020,114.975,115.007,114.96,114.97,83
1786450080,114.97,114.984,114.926,114.935,77
1786450140,114.935,114.965,114.908,114.91,83
1786450200,114.91,114.91,114.864,114.886,69
1786450260,114.886,114.926,114.871,114.925,88
1786450320,114.928,114.964,114.907,114.912,75
1786450380,114.912,114.951,114.898,114.951,85
1786450440,114.951,114.951,114.878,114.889,84
1786450500,114.889,114.889,114.824,114.834,84
1786450560,114.834,114.899,114.818,114.894,87
1786450620,114.896,114.907,114.838,114.853,74
1786450680,114.853,114.884,114.852,114.872,79
1786450740,114.872,114.904,114.872,114.904,68
1786450800,114.907,114.907,114.849,114.882,85
1786450860,114.877,114.877,114.811,114.823,86
1786450920,114.825,114.835,114.79,114.794,77
1786450980,114.796,114.812,114.781,114.806,75
1786451040,114.804,114.811,114.708,114.719,70
1786451100,114.719,114.73,114.669,114.729,79
1786451160,114.729,114.755,114.702,114.741,87
1786451220,114.741,114.741,114.691,114.722,80
1786451280,114.731,114.82,114.719,114.82,83
1786451340,114.82,114.909,114.82,114.876,77
1786451400,114.876,114.913,114.849,114.869,82
1786451460,114.869,114.895,114.856,114.875,85
1786451520,114.875,114.908,114.848,114.872,85
1786451580,114.872,114.872,114.826,114.859,85
1786451640,114.861,114.985,114.861,114.97,84
1786451700,114.97,115.007,114.948,115.005,81
1786451760,115.002,115.032,114.996,115.006,88
1786451820,115.006,115.033,114.964,114.989,82
1786451880,114.979,114.999,114.92,114.971,82
1786451940,114.973,115.038,114.963,114.97,68
1786452000,114.969,115.001,114.956,114.977,78
1786452060,114.974,114.998,114.96,114.981,73
1786452120,114.981,115.0,114.949,114.966,77
1786452180,114.964,115.024,114.959,115.003,75
1786452240,115.003,115.056,114.978,115.021,83
1786452300,115.021,115.026,114.985,115.0,84
1786452360,115.0,115.03,114.983,115.024,89
1786452420,115.024,115.08,114.983,115.08,75
1786452480,115.08,115.134,115.073,115.132,76
1786452540,115.128,115.139,115.057,115.077,91
1786452600,115.077,115.084,115.043,115.072,82
1786452660,115.072,115.074,115.031,115.045,85
1786452720,115.039,115.06,115.021,115.052,84
1786452780,115.05,115.068,115.004,115.013,80
1786452840,115.005,115.012,114.97,115.009,82
1786452900,115.011,115.078,115.011,115.043,82
1786452960,115.043,115.073,115.007,115.053,85
1786453020,115.053,115.053,114.97,114.97,80
1786453080,114.97,114.984,114.94,114.984,78
1786453140,114.984,114.984,114.903,114.905,80
1786453200,114.905,114.941,114.895,114.906,79
1786453260,114.906,114.92,114.881,114.92,89
1786453320,114.92,114.968,114.92,114.961,81
1786453380,114.961,114.98,114.922,114.959,80
1786453440,114.959,114.988,114.954,114.964,74
1786453500,114.964,114.973,114.927,114.927,96
1786453560,114.93,114.93,114.872,114.877,83
1786453620,114.877,114.929,114.874,114.929,73
1786453680,114.929,114.942,114.889,114.938,82
1786453740,114.932,114.96,114.921,114.951,77
1786453800,114.951,114.982,114.925,114.961,86
1786453860,114.963,114.996,114.963,114.983,80
1786453920,114.983,115.046,114.981,115.041,85
1786453980,115.043,115.075,115.037,115.059,77
1786454040,115.055,115.087,115.053,115.059,78
1786454100,115.056,115.097,115.054,115.082,77
1786454160,115.082,115.13,115.075,115.094,87
1786454220,115.094,115.094,115.028,115.043,80
1786454280,115.043,115.073,115.034,115.068,79
1786454340,115.07,115.091,115.061,115.071,77
1786454400,115.075,115.075,114.993,115.041,74
1786454460,115.04,115.043,114.993,115.01,77
1786454520,115.01,115.086,115.01,115.054,81
1786454580,115.054,115.074,115.015,115.043,82
1786454640,115.052,115.062,115.026,115.027,77
1786454700,115.027,115.084,115.022,115.081,71
1786454760,115.084,115.111,115.044,115.104,75
1786454820,115.094,115.119,115.092,115.111,92
1786454880,115.111,115.134,115.056,115.06,142
1786454940,115.06,115.126,115.052,115.123,145
1786455000,115.126,115.184,115.116,115.18,140
1786455060,115.184,115.195,115.135,115.15,151
1786455120,115.15,115.15,115.09,115.096,148
1786455180,115.096,115.103,114.998,115.0,146
1786455240,115.0,115.075,114.999,115.033,145
1786455300,115.033,115.064,115.014,115.016,137
1786455360,115.016,115.018,114.945,114.955,136
1786455420,114.953,114.962,114.924,114.945,130
1786455480,114.945,114.964,114.913,114.933,139
