time,open,high,low,close,ticks
1786193820,0.9506,0.9508,0.9493,0.9502,86
1786193880,0.9502,0.9502,0.9482,0.9493,81
1786193940,0.9494,0.9514,0.9489,0.9514,81
1786194000,0.9514,0.9517,0.9482,0.9496,86
1786194060,0.9496,0.9503,0.9488,0.9489,80
1786194120,0.9489,0.9499,0.948,0.9482,78
1786194180,0.9482,0.9482,0.9462,0.9468,80
1786194240,0.9468,0.9476,0.9457,0.9465,77
1786194300,0.9466,0.9497,0.9456,0.9495,83
1786194360,0.9495,0.9498,0.948,0.948,77
1786194420,0.948,0.9495,0.9472,0.9495,76
1786194480,0.9495,0.9496,0.9476,0.9484,79
1786194540,0.9485,0.949,0.9477,0.9484,80
1786194600,0.9484,0.9488,0.9464,0.9464,69
1786194660,0.9464,0.9467,0.9432,0.9446,88
1786194720,0.9445,0.9445,0.9417,0.9422,76
1786194780,0.9422,0.944,0.9412,0.9439,77
1786194840,0.9439,0.9457,0.9431,0.9453,78
1786194900,0.9452,0.9452,0.943,0.9435,76
1786194960,0.9435,0.9448,0.9434,0.9442,79
1786195020,0.9442,0.9442,0.9423,0.9426,88
1786195080,0.9426,0.9444,0.9424,0.9429,76
1786195140,0.9429,0.9462,0.9425,0.9461,72
1786195200,0.9461,0.9478,0.9457,0.9469,83
1786195260,0.9469,0.9486,0.9464,0.9479,84
1786195320,0.9479,0.9484,0.9456,0.947,78
1786195380,0.947,0.9504,0.947,0.9504,83
1786195440,0.9503,0.9503,0.9483,0.9489,79
1786195500,0.9488,0.9492,0.9469,0.9472,79
1786195560,0.9471,0.9473,0.9457,0.9464,77
1786195620,0.9464,0.9473,0.945,0.9472,80
1786195680,0.9473,0.9487,0.9469,0.9478,79
1786195740,0.9483,0.9483,0.9449,0.9449,86
1786195800,0.9448,0.9448,0.9419,0.9444,87
1786195860,0.9443,0.9469,0.9441,0.9461,88
1786195920,0.946,0.9473,0.9458,0.9458,75
1786195980,0.9458,0.9459,0.9427,0.9433,80
1786196040,0.9433,0.9454,0.9424,0.943,92
1786196100,0.943,0.9437,0.942,0.9425,77
1786196160,0.9425,0.9431,0.9412,0.942,77
1786196220,0.942,0.9422,0.9408,0.9412,82
1786196280,0.9412,0.9414,0.9398,0.9408,69
1786196340,0.9407,0.9412,0.9393,0.9397,74
1786196400,0.9398,0.9407,0.9391,0.9396,73
1786196460,0.9398,0.941,0.9382,0.941,84
1786196520,0.941,0.9411,0.9381,0.9398,84
1786196580,0.9398,0.9409,0.9394,0.94,78
1786196640,0.9399,0.9423,0.9388,0.942,93
1786196700,0.942,0.9435,0.9419,0.9427,83
1786196760,0.9427,0.9435,0.9416,0.9433,77
1786196820,0.9433,0.9445,0.943,0.9435,84
1786196880,0.9436,0.9436,0.9421,0.9426,80
1786196940,0.942,0.9432,0.9415,0.9425,82
1786197000,0.9424,0.9441,0.9414,0.9441,70
1786197060,0.9441,0.9445,0.9433,0.9441,74
1786197120,0.9441,0.9447,0.9431,0.9437,74
1786197180,0.9437,0.9437,0.9397,0.9406,79
1786197240,0.9406,0.9407,0.9383,0.94,71
1786197300,0.94,0.9401,0.9382,0.9387,80
1786197360,0.9386,0.9397,0.9382,0.9394,69
1786197420,0.9394,0.94,0.9373,0.9396,80
1786197480,0.9396,0.9435,0.9382,0.9431,86
1786197540,0.9431,0.9445,0.9425,0.9445,79
1786197600,0.9445,0.9463,0.9439,0.9439,77
1786197660,0.9439,0.9451,0.9435,0.9438,80
1786197720,0.9435,0.9455,0.9435,0.9447,84
1786197780,0.9446,0.9456,0.9438,0.9453,85
1786197840,0.9454,0.9468,0.9452,0.9454,79
1786197900,0.9454,0.9466,0.9454,0.9462,86
1786197960,0.9463,0.9463,0.9431,0.9435,71
1786198020,0.9435,0.9443,0.9426,0.9443,74
1786198080,0.9443,0.9447,0.9422,0.9423,73
1786198140,0.9422,0.9437,0.9412,0.9437,83
1786198200,0.9437,0.945,0.9431,0.9433,84
1786198260,0.9432,0.9436,0.9404,0.9408,82
1786198320,0.9408,0.9421,0.9392,0.9398,83
1786198380,0.9398,0.9422,0.9396,0.941,74
1786198440,0.941,0.9427,0.94,0.9403,79
1786198500,0.9403,0.9415,0.9393,0.9411,81
1786198560,0.9411,0.9422,0.9393,0.9393,80
1786198620,0.9393,0.9415,0.9392,0.9415,88
1786198680,0.9415,0.9429,0.9404,0.9411,86
1786198740,0.9411,0.9418,0.9389,0.9394,75
1786198800,0.9395,0.9415,0.9391,0.941,75
1786198860,0.941,0.9444,0.9404,0.9442,81
1786198920,0.9442,0.946,0.9433,0.9434,84
1786198980,0.9435,0.9464,0.9431,0.9464,84
1786199040,0.9463,0.9477,0.9449,0.9457,87
1786199100,0.9456,0.9466,0.9442,0.9442,76
1786199160,0.9448,0.9452,0.9436,0.9445,90
1786199220,0.9445,0.9469,0.9435,0.9468,84
1786199280,0.9468,0.9487,0.9468,0.9483,80
1786199340,0.9483,0.9491,0.9468,0.949,83
1786199400,0.949,0.9501,0.9478,0.949,76
1786199460,0.949,0.9501,0.9484,0.9501,84
1786199520,0.9501,0.9502,0.9478,0.9494,80
1786199580,0.9494,0.9494,0.9477,0.9491,79
1786199640,0.9491,0.9513,0.9491,0.9511,75
1786199700,0.9511,0.9525,0.9503,0.9504,80
1786199760,0.9504,0.9505,0.9481,0.9481,77
1786199820,0.948,0.9511,0.9476,0.9511,87
1786199880,0.9511,0.9521,0.9506,0.9518,85
1786199940,0.952,0.9524,0.9495,0.9498,92
1786200000,0.9496,0.9512,0.9496,0.9506,76
1786200060,0.9506,0.9515,0.9503,0.951,84
1786200120,0.951,0.9526,0.9502,0.9517,81
1786200180,0.9518,0.9518,0.9498,0.9501,72
1786200240,0.9501,0.9507,0.9485,0.9502,82
1786200300,0.9502,0.9505,0.9488,0.9504,85
1786200360,0.9504,0.951,0.9492,0.9497,79
1786200420,0.9497,0.9501,0.9464,0.95,82
1786200480,0.95,0.9509,0.9492,0.9503,76
1786200540,0.9503,0.9507,0.9474,0.9499,79
1786200600,0.9499,0.95,0.9463,0.9468,78
1786200660,0.9469,0.9481,0.9456,0.9456,88
1786200720,0.9462,0.9473,0.9447,0.9473,79
1786200780,0.9474,0.9478,0.9451,0.9465,85
1786200840,0.9465,0.9478,0.9451,0.9476,92
1786200900,0.9477,0.9483,0.9468,0.9478,81
1786200960,0.9477,0.9492,0.9454,0.9476,85
1786201020,0.9477,0.9477,0.9461,0.9472,80
1786201080,0.9472,0.9478,0.9452,0.9458,84
1786201140,0.9457,0.9476,0.9457,0.9476,78
1786201200,0.9477,0.9486,0.9464,0.9481,84
1786201260,0.9481,0.9497,0.9472,0.9493,73
1786201320,0.9493,0.9494,0.9475,0.9485,73
1786201380,0.9485,0.9509,0.9485,0.9502,87
1786201440,0.9502,0.9518,0.9494,0.9501,83
1786201500,0.9501,0.9531,0.9493,0.9528,83
1786201560,0.9528,0.9534,0.9515,0.9524,84
1786201620,0.9524,0.9528,0.9509,0.9517,84
1786201680,0.9517,0.9535,0.9514,0.9533,85
1786201740,0.9534,0.9544,0.9528,0.9531,85
1786201800,0.953,0.9535,0.9521,0.9531,75
1786201860,0.9528,0.953,0.9519,0.953,78
1786201920,0.9529,0.9558,0.9523,0.9554,75
1786201980,0.9554,0.9563,0.9539,0.9541,77
1786202040,0.9548,0.9558,0.9548,0.9556,73
1786202100,0.956,0.9563,0.9538,0.9546,82
1786202160,0.9547,0.9549,0.9533,0.9534,80
1786202220,0.9535,0.9577,0.9529,0.9573,83
1786202280,0.9573,0.9579,0.9553,0.9568,74
1786202340,0.9566,0.957,0.9545,0.9546,77
1786202400,0.9546,0.9555,0.9537,0.954,76
1786202460,0.954,0.954,0.9516,0.9538,82
1786202520,0.9538,0.9543,0.9524,0.9531,81
1786202580,0.9531,0.9534,0.9518,0.952,72
1786202640,0.952,0.954,0.9514,0.9515,80
1786202700,0.9514,0.9527,0.9509,0.9509,72
1786202760,0.9509,0.9515,0.9499,0.9514,80
1786202820,0.9514,0.9517,0.9488,0.9493,84
1786202880,0.9494,0.9511,0.9494,0.9509,78
1786202940,0.9509,0.9523,0.9502,0.9509,82
1786203000,0.9509,0.952,0.9492,0.9495,81
1786203060,0.9494,0.9546,0.9493,0.9546,81
1786203120,0.9544,0.9556,0.9544,0.9553,83
1786203180,0.9553,0.96,0.9553,0.9597,85
1786203240,0.9597,0.9604,0.9569,0.9578,86
1786203300,0.9578,0.9578,0.9541,0.9541,83
1786203360,0.9541,0.956,0.9539,0.9559,81
1786203420,0.9559,0.9566,0.954,0.9544,79
1786203480,0.9544,0.9562,0.9532,0.954,78
1786203540,0.954,0.956,0.9539,0.9539,84
1786203600,0.9539,0.9546,0.9532,0.954,83
1786203660,0.9539,0.9551,0.9534,0.9537,77
1786203720,0.9537,0.954,0.9528,0.953,82
1786203780,0.9532,0.9556,0.9532,0.955,79
1786203840,0.9549,0.9554,0.9533,0.9554,91
1786203900,0.9554,0.9554,0.9536,0.9542,76
1786203960,0.9542,0.9546,0.9525,0.9542,79
1786204020,0.9543,0.9547,0.9521,0.9528,70
1786204080,0.953,0.9549,0.953,0.9544,83
1786204140,0.9543,0.9549,0.9532,0.9532,77
1786204200,0.9531,0.9532,0.9504,0.9506,75
1786204260,0.9506,0.9518,0.9506,0.9518,72
1786204320,0.9518,0.9524,0.9513,0.9515,75
1786204380,0.9516,0.9516,0.9487,0.9506,74
1786204440,0.9506,0.9521,0.9503,0.9517,77
1786204500,0.9517,0.9538,0.9508,0.9512,83
1786204560,0.9512,0.9515,0.9491,0.9493,89
1786204620,0.9493,0.9516,0.9493,0.9515,76
1786204680,0.9515,0.9545,0.9515,0.9545,80
1786204740,0.9545,0.9556,0.9536,0.9554,79
1786204800,0.9554,0.9566,0.9549,0.9551,81
1786204860,0.9551,0.956,0.9538,0.956,77
1786204920,0.9561,0.9562,0.9532,0.9534,81
1786204980,0.9533,0.9555,0.9523,0.9544,79
1786205040,0.9545,0.9557,0.9538,0.9542,73
1786205100,0.954,0.9543,0.9526,0.9538,84
1786205160,0.954,0.9557,0.9535,0.9536,76
1786205220,0.9537,0.9571,0.9537,0.9566,74
1786205280,0.9566,0.957,0.9545,0.9545,82
1786205340,0.9545,0.9545,0.9524,0.9532,81
1786205400,0.9535,0.9551,0.9533,0.955,71
1786205460,0.955,0.9559,0.9538,0.9541,82
1786205520,0.9541,0.9556,0.9538,0.9541,77
1786205580,0.9541,0.9561,0.9533,0.9546,85
1786205640,0.9546,0.9567,0.9544,0.9557,84
1786205700,0.9561,0.9589,0.9561,0.9582,75
1786205760,0.9581,0.9595,0.9567,0.9567,81
1786205820,0.9568,0.96,0.9568,0.9587,74
1786205880,0.9587,0.959,0.9564,0.9569,75
1786205940,0.9571,0.958,0.9563,0.9577,83
1786206000,0.9577,0.9579,0.9567,0.9572,84
1786206060,0.9569,0.9577,0.9556,0.9556,89
1786206120,0.9558,0.9572,0.9552,0.9564,85
1786206180,0.9564,0.9568,0.9535,0.9549,77
1786206240,0.9548,0.9552,0.9535,0.9552,78
1786206300,0.9552,0.956,0.9533,0.9554,77
1786206360,0.9553,0.956,0.9547,0.955,87
1786206420,0.955,0.9556,0.9525,0.953,82
1786206480,0.953,0.9534,0.9513,0.9513,81
1786206540,0.9513,0.9527,0.9497,0.9508,87
1786206600,0.9508,0.9512,0.9476,0.9489,71
1786206660,0.9489,0.9489,0.946,0.946,78
1786206720,0.946,0.9477,0.9454,0.9462,78
1786206780,0.9462,0.9469,0.9447,0.9459,77
1786206840,0.9459,0.9477,0.9452,0.9453,84
1786206900,0.9454,0.9457,0.9435,0.9436,83
1786206960,0.9435,0.9442,0.9424,0.9434,71
1786207020,0.9432,0.9459,0.9429,0.9454,75
1786207080,0.9454,0.9456,0.9442,0.9456,82
1786207140,0.9456,0.9472,0.9453,0.9466,84
1786207200,0.9466,0.9466,0.9434,0.9461,83
1786207260,0.946,0.9461,0.9433,0.9433,81
1786207320,0.9433,0.9444,0.9428,0.9437,83
1786207380,0.9438,0.9453,0.9421,0.9421,76
1786207440,0.9422,0.9429,0.9414,0.9425,84
1786207500,0.9425,0.9437,0.9412,0.9436,82
1786207560,0.9436,0.9442,0.941,0.9416,86
1786207620,0.9416,0.9437,0.9415,0.9425,72
1786207680,0.9425,0.9433,0.9417,0.9417,76
1786207740,0.9418,0.9442,0.9417,0.9436,72
1786207800,0.9436,0.9459,0.9427,0.9453,82
1786207860,0.9452,0.9471,0.9452,0.9461,80
1786207920,0.9461,0.9466,0.9444,0.9446,82
1786207980,0.9445,0.9464,0.9435,0.9464,89
1786208040,0.9464,0.9491,0.9464,0.9487,92
1786208100,0.9488,0.9502,0.9485,0.9488,84
1786208160,0.9488,0.9504,0.9471,0.9498,81
1786208220,0.9498,0.9525,0.9498,0.9523,82
1786208280,0.9523,0.9527,0.9515,0.9525,78
1786208340,0.9525,0.9526,0.95,0.95,79
1786208400,0.9501,0.9547,0.9496,0.9542,81
1786208460,0.954,0.9567,0.9533,0.9558,86
1786208520,0.9558,0.9565,0.9547,0.9554,71
1786208580,0.9554,0.9558,0.9542,0.9548,83
1786208640,0.9548,0.9553,0.9539,0.9547,79
1786208700,0.9547,0.9547,0.9525,0.9528,89
1786208760,0.9528,0.9529,0.9515,0.9518,84
1786208820,0.9521,0.9534,0.9512,0.953,85
1786208880,0.9533,0.9553,0.953,0.9553,71
1786208940,0.9553,0.9569,0.9547,0.9558,84
1786209000,0.9558,0.9565,0.9547,0.9547,79
1786209060,0.9546,0.9553,0.9518,0.9519,86
1786209120,0.952,0.9542,0.9519,0.9528,81
1786209180,0.9527,0.9544,0.9527,0.9538,71
1786209240,0.9537,0.9548,0.9532,0.9545,83
1786209300,0.9546,0.9558,0.9534,0.9551,80
1786209360,0.9551,0.9583,0.9542,0.9577,73
1786209420,0.9581,0.9581,0.9549,0.9557,83
1786209480,0.9556,0.9574,0.9553,0.9564,77
1786209540,0.9564,0.9571,0.9551,0.9552,82
1786209600,0.9552,0.956,0.9526,0.9534,79
1786209660,0.9534,0.954,0.952,0.9533,82
1786209720,0.9533,0.9546,0.9521,0.9537,78
1786209780,0.9536,0.9539,0.9522,0.9524,82
1786209840,0.9524,0.9559,0.9522,0.9557,80
1786209900,0.9558,0.9578,0.9554,0.9578,82
1786209960,0.9578,0.9588,0.9575,0.9579,73
1786210020,0.9579,0.9586,0.9571,0.9578,84
1786210080,0.9578,0.9583,0.9562,0.9583,73
1786210140,0.9583,0.9593,0.9573,0.9592,84
1786210200,0.9592,0.96,0.9574,0.9578,75
1786210260,0.9579,0.9588,0.957,0.9581,77
1786210320,0.9582,0.9583,0.9558,0.9558,87
1786210380,0.9557,0.9571,0.9551,0.9556,88
1786210440,0.9558,0.9582,0.9555,0.9582,87
1786210500,0.9581,0.9583,0.9555,0.9564,80
1786210560,0.9564,0.957,0.9552,0.9564,84
1786210620,0.9564,0.9575,0.9551,0.9568,76
1786210680,0.9568,0.9569,0.9532,0.9537,76
1786210740,0.9537,0.9562,0.9537,0.9544,82
1786210800,0.9542,0.9548,0.9527,0.9528,84
1786210860,0.9526,0.9543,0.9526,0.953,88
1786210920,0.953,0.9535,0.9515,0.952,81
1786210980,0.952,0.954,0.9515,0.9532,88
1786211040,0.9532,0.954,0.9526,0.9526,78
1786211100,0.9525,0.9528,0.9507,0.9522,82
1786211160,0.9522,0.9537,0.9517,0.9537,82
1786211220,0.9535,0.955,0.9532,0.9533,85
1786211280,0.9529,0.9541,0.9522,0.9523,76
1786211340,0.9522,0.9531,0.9515,0.952,71
1786211400,0.9523,0.9528,0.9496,0.9497,92
1786211460,0.9497,0.9514,0.9493,0.9514,73
1786211520,0.9507,0.9528,0.9504,0.9527,74
1786211580,0.9527,0.9527,0.9502,0.9504,75
1786211640,0.9504,0.951,0.9498,0.9499,77
1786211700,0.9499,0.9503,0.9487,0.9501,79
1786211760,0.9496,0.9502,0.9489,0.9498,80
1786211820,0.9498,0.9509,0.9485,0.9487,83
1786211880,0.9487,0.9514,0.9484,0.9513,75
1786211940,0.9513,0.9543,0.9511,0.9541,88
1786212000,0.9541,0.9551,0.9532,0.9533,84
1786212060,0.9533,0.954,0.9525,0.9527,74
1786212120,0.9526,0.9553,0.9521,0.9524,89
1786212180,0.9523,0.9543,0.9521,0.9543,79
1786212240,0.9543,0.9544,0.9525,0.9539,78
1786212300,0.954,0.9558,0.9534,0.955,86
1786212360,0.9548,0.9562,0.9537,0.9537,77
1786212420,0.9535,0.9547,0.9509,0.9512,87
1786212480,0.9511,0.9521,0.9503,0.9506,85
1786212540,0.9506,0.9508,0.9496,0.9499,82
1786212600,0.9499,0.9504,0.9479,0.948,75
1786212660,0.948,0.9509,0.9478,0.9505,70
1786212720,0.9505,0.9523,0.9501,0.9519,80
1786212780,0.9519,0.9528,0.9513,0.9515,78
1786212840,0.9515,0.953,0.9515,0.9527,80
1786212900,0.9527,0.9542,0.9521,0.9531,80
1786212960,0.9531,0.9532,0.9513,0.9516,74
1786213020,0.9516,0.9552,0.9512,0.9552,83
1786213080,0.9552,0.9572,0.9546,0.9572,83
1786213140,0.9572,0.9602,0.9568,0.959,83
1786213200,0.959,0.9606,0.957,0.957,86
1786213260,0.9569,0.959,0.9563,0.9565,75
1786213320,0.9571,0.9572,0.954,0.9549,81
1786213380,0.9549,0.9576,0.9549,0.9552,81
1786213440,0.9551,0.9579,0.9548,0.9578,73
1786213500,0.958,0.9582,0.9556,0.9557,83
1786213560,0.9556,0.9574,0.955,0.9572,88
1786213620,0.9571,0.9595,0.9565,0.9592,80
1786213680,0.9595,0.9613,0.9592,0.9613,85
1786213740,0.9612,0.9615,0.9592,0.9614,84
1786213800,0.9614,0.9633,0.9605,0.9615,79
1786213860,0.9615,0.9646,0.9614,0.9646,78
1786213920,0.9646,0.9656,0.9631,0.9643,86
1786213980,0.9643,0.9643,0.9628,0.9628,73
1786214040,0.9628,0.9634,0.9608,0.961,75
1786214100,0.961,0.9611,0.9586,0.9599,73
1786214160,0.9599,0.9605,0.9584,0.9603,76
1786214220,0.9602,0.9609,0.9591,0.9597,86
1786214280,0.9597,0.9599,0.9589,0.9593,76
1786214340,0.9593,0.9599,0.9576,0.9588,85
1786214400,0.9588,0.9601,0.958,0.9581,78
1786214460,0.9585,0.9597,0.9584,0.9593,88
1786214520,0.9592,0.9605,0.9588,0.9591,85
1786214580,0.9593,0.9614,0.9583,0.9614,76
1786214640,0.9615,0.9618,0.959,0.9609,72
1786214700,0.9607,0.9615,0.9593,0.9594,77
1786214760,0.9593,0.9607,0.9589,0.9599,67
1786214820,0.9599,0.9601,0.9583,0.9594,81
1786214880,0.9594,0.9597,0.9573,0.9574,83
1786214940,0.9574,0.9584,0.957,0.9574,78
1786215000,0.9574,0.9585,0.9565,0.9569,87
1786215060,0.9569,0.9601,0.9564,0.9601,80
1786215120,0.9601,0.9601,0.9565,0.9572,88
1786215180,0.9571,0.958,0.9555,0.9556,73
1786215240,0.9556,0.9572,0.9555,0.9557,83
1786215300,0.9557,0.9568,0.9554,0.9562,79
1786215360,0.9563,0.957,0.9555,0.9563,84
1786215420,0.9563,0.9576,0.9559,0.9571,81
1786215480,0.9571,0.9612,0.9565,0.9609,79
1786215540,0.9611,0.9617,0.9594,0.9614,83
1786215600,0.9619,0.964,0.9619,0.9639,80
1786215660,0.9638,0.9662,0.9635,0.9649,86
1786215720,0.9644,0.966,0.9641,0.9653,82
1786215780,0.9654,0.9682,0.9654,0.9672,80
1786215840,0.9672,0.9687,0.9672,0.9676,83
1786215900,0.9676,0.9687,0.9671,0.9679,74
1786215960,0.9679,0.9695,0.9675,0.9689,79
1786216020,0.9689,0.9705,0.9685,0.9693,83
1786216080,0.9692,0.9697,0.9679,0.9686,84
1786216140,0.9686,0.9709,0.9679,0.9679,77
1786216200,0.9679,0.9704,0.9676,0.9703,76
1786216260,0.9703,0.9703,0.9685,0.9697,80
1786216320,0.9697,0.9716,0.9688,0.9715,80
1786216380,0.9715,0.9718,0.97,0.9717,84
1786216440,0.9717,0.9735,0.9705,0.9729,78
1786216500,0.9729,0.975,0.9722,0.975,77
1786216560,0.9751,0.9785,0.9749,0.9785,84
1786216620,0.9785,0.9801,0.9785,0.9792,75
1786216680,0.9793,0.9808,0.9789,0.9802,75
1786216740,0.9803,0.9825,0.9797,0.982,90
1786216800,0.9819,0.9823,0.98,0.98,77
1786216860,0.98,0.9812,0.978,0.9811,80
1786216920,0.9811,0.9811,0.9791,0.9802,85
1786216980,0.9802,0.9824,0.9801,0.9824,78
1786217040,0.9824,0.9835,0.9817,0.9833,82
1786217100,0.9833,0.9836,0.9817,0.982,83
1786217160,0.982,0.9823,0.979,0.9798,74
1786217220,0.9798,0.9807,0.9784,0.9785,79
1786217280,0.9786,0.9812,0.9781,0.9806,77
1786217340,0.9807,0.9825,0.9804,0.981,86
1786217400,0.981,0.9823,0.9809,0.9821,72
1786217460,0.9823,0.9832,0.9813,0.9813,78
1786217520,0.9813,0.9813,0.9786,0.9799,77
1786217580,0.9801,0.9803,0.9793,0.98,79
1786217640,0.98,0.9805,0.9795,0.9797,79
1786217700,0.9797,0.9805,0.9779,0.9783,81
1786217760,0.978,0.9788,0.9765,0.9785,87
1786217820,0.9785,0.9808,0.9768,0.9803,78
1786217880,0.9803,0.981,0.9791,0.9801,81
1786217940,0.9802,0.9813,0.9796,0.98,76
1786218000,0.98,0.98,0.9757,0.9757,70
1786218060,0.9757,0.9761,0.9743,0.9754,80
1786218120,0.9754,0.9758,0.9746,0.9752,80
1786218180,0.9752,0.9757,0.9745,0.9752,85
1786218240,0.9753,0.9773,0.9753,0.9771,70
1786218300,0.9773,0.9776,0.9747,0.9748,78
1786218360,0.9748,0.9748,0.9719,0.9719,78
1786218420,0.9718,0.9738,0.9714,0.9738,66
1786218480,0.9738,0.9741,0.9711,0.972,73
1786218540,0.9721,0.9723,0.9709,0.971,80
1786218600,0.9709,0.9712,0.9698,0.9711,73
1786218660,0.9711,0.9725,0.9705,0.9718,74
1786218720,0.9718,0.9721,0.9692,0.9692,85
1786218780,0.9691,0.97,0.9684,0.97,72
1786218840,0.97,0.9714,0.969,0.9708,77
1786218900,0.9708,0.9716,0.9702,0.9703,79
1786218960,0.9702,0.9704,0.9677,0.9684,74
1786219020,0.9684,0.9686,0.967,0.968,82
1786219080,0.9681,0.9702,0.9681,0.97,78
1786219140,0.97,0.9724,0.9692,0.9714,74
1786219200,0.9714,0.9743,0.971,0.9742,75
1786219260,0.9742,0.9752,0.974,0.9746,78
1786219320,0.9746,0.9758,0.9741,0.9758,78
1786219380,0.9758,0.9772,0.9749,0.9768,83
1786219440,0.9768,0.9791,0.9763,0.9786,79
1786219500,0.9787,0.9814,0.9784,0.9814,70
1786219560,0.9814,0.9828,0.9794,0.9801,93
1786219620,0.9793,0.9811,0.9785,0.9807,77
1786219680,0.9809,0.9848,0.9802,0.9848,83
1786219740,0.9851,0.9867,0.9841,0.9862,79
1786219800,0.9862,0.9871,0.9847,0.9851,77
1786219860,0.9851,0.9859,0.9829,0.9856,76
1786219920,0.9856,0.9865,0.9844,0.9846,77
1786219980,0.9846,0.9874,0.9838,0.9873,85
1786220040,0.9873,0.9885,0.9869,0.9872,81
1786220100,0.9872,0.9886,0.9866,0.9878,82
1786220160,0.9878,0.9892,0.9876,0.9892,78
1786220220,0.9892,0.9892,0.9877,0.9878,83
1786220280,0.9878,0.9878,0.985,0.985,83
1786220340,0.9845,0.9847,0.9818,0.9831,75
1786220400,0.9831,0.986,0.983,0.9859,82
1786220460,0.9858,0.9874,0.9852,0.9857,83
1786220520,0.9859,0.9868,0.9847,0.9847,82
1786220580,0.9847,0.9873,0.9845,0.9873,83
1786220640,0.9871,0.9875,0.984,0.9841,74
1786220700,0.984,0.9841,0.9828,0.9829,78
1786220760,0.9827,0.9838,0.982,0.9836,80
1786220820,0.9836,0.9836,0.9821,0.9828,77
1786220880,0.9828,0.9828,0.9803,0.981,91
1786220940,0.9809,0.9835,0.9806,0.9826,81
1786221000,0.9826,0.9842,0.9823,0.9841,79
1786221060,0.9841,0.9848,0.9827,0.9827,73
1786221120,0.9827,0.984,0.9823,0.9835,73
1786221180,0.9835,0.9852,0.9825,0.9852,84
1786221240,0.9852,0.9857,0.9842,0.9842,82
1786221300,0.9842,0.9867,0.9839,0.9867,77
1786221360,0.9869,0.9871,0.9838,0.9841,81
1786221420,0.984,0.9856,0.9826,0.9839,82
1786221480,0.9841,0.9854,0.9837,0.984,80
1786221540,0.984,0.9873,0.984,0.9871,79
1786221600,0.9871,0.9883,0.9868,0.9871,75
1786221660,0.9871,0.9874,0.9859,0.9859,84
1786221720,0.9861,0.989,0.9861,0.9888,84
1786221780,0.9889,0.9891,0.9854,0.9864,79
1786221840,0.9864,0.9876,0.9857,0.9873,76
1786221900,0.9873,0.9889,0.9872,0.9889,78
1786221960,0.9888,0.989,0.9865,0.9866,89
1786222020,0.9863,0.9879,0.9859,0.9876,87
1786222080,0.9875,0.989,0.9871,0.9882,80
1786222140,0.9882,0.9917,0.9882,0.9916,77
1786222200,0.9916,0.9919,0.9907,0.9911,76
1786222260,0.9911,0.9921,0.9897,0.99,79
1786222320,0.9899,0.9911,0.9896,0.9911,71
1786222380,0.9909,0.992,0.9902,0.9917,77
1786222440,0.9918,0.9918,0.989,0.991,75
1786222500,0.991,0.9938,0.9908,0.9915,83
1786222560,0.9915,0.9926,0.9895,0.9921,92
1786222620,0.9921,0.9923,0.9892,0.9892,83
1786222680,0.9891,0.9891,0.9871,0.9887,81
1786222740,0.9887,0.989,0.9861,0.9868,81
1786222800,0.9867,0.9867,0.9842,0.9843,82
1786222860,0.9841,0.9867,0.983,0.9867,86
1786222920,0.9867,0.9887,0.9867,0.9879,79
1786222980,0.988,0.988,0.9866,0.9869,76
1786223040,0.9868,0.9892,0.9866,0.9889,88
1786223100,0.9891,0.9891,0.9861,0.9869,89
1786223160,0.9869,0.9877,0.9864,0.9872,69
1786223220,0.9872,0.9872,0.9838,0.9839,84
1786223280,0.9839,0.9859,0.9839,0.9851,82
1786223340,0.9851,0.9851,0.9827,0.9831,78
1786223400,0.9834,0.9849,0.9819,0.9837,91
1786223460,0.9837,0.9864,0.9824,0.9864,78
1786223520,0.9864,0.9868,0.9839,0.9842,75
1786223580,0.9842,0.9846,0.9818,0.9818,82
1786223640,0.9818,0.9818,0.9792,0.9815,82
1786223700,0.9816,0.9831,0.9814,0.9816,85
1786223760,0.9815,0.9827,0.9814,0.9821,73
1786223820,0.982,0.9862,0.982,0.9858,81
1786223880,0.9857,0.9857,0.9823,0.9827,76
1786223940,0.9828,0.9855,0.9827,0.9851,66
1786224000,0.9849,0.9866,0.9847,0.9859,81
1786224060,0.9859,0.9901,0.9859,0.99,77
1786224120,0.9901,0.9908,0.989,0.9904,85
1786224180,0.9904,0.9923,0.9902,0.9906,84
1786224240,0.9906,0.9928,0.9906,0.9916,81
1786224300,0.9916,0.9947,0.9916,0.9922,70
1786224360,0.9923,0.9923,0.9889,0.9893,74
1786224420,0.9891,0.99,0.9877,0.9877,79
1786224480,0.9876,0.9881,0.9865,0.9875,82
1786224540,0.9875,0.9883,0.9868,0.9876,81
1786224600,0.9876,0.9876,0.9855,0.9862,72
1786224660,0.9862,0.9913,0.9861,0.9913,84
1786224720,0.9913,0.9926,0.9893,0.9893,74
1786224780,0.9893,0.9893,0.987,0.9881,84
1786224840,0.988,0.9887,0.9851,0.9851,78
1786224900,0.9852,0.9864,0.9845,0.9859,84
1786224960,0.9859,0.9865,0.983,0.9837,80
1786225020,0.9837,0.9843,0.9828,0.9828,82
1786225080,0.983,0.9839,0.9805,0.9811,83
1786225140,0.981,0.9817,0.9798,0.9815,76
1786225200,0.9816,0.985,0.9814,0.9845,78
1786225260,0.9843,0.9845,0.9814,0.9829,79
1786225320,0.9829,0.9834,0.9822,0.9827,81
1786225380,0.9827,0.9839,0.9822,0.9826,84
1786225440,0.9824,0.9829,0.979,0.9794,83
1786225500,0.9794,0.9816,0.9793,0.9816,84
1786225560,0.9816,0.9822,0.9798,0.9822,96
1786225620,0.9822,0.9834,0.9818,0.9825,93
1786225680,0.9825,0.985,0.9819,0.9839,82
1786225740,0.9839,0.9839,0.981,0.9815,78
1786225800,0.9815,0.9821,0.9807,0.9814,75
1786225860,0.9816,0.9817,0.9805,0.9814,79
1786225920,0.9816,0.9834,0.9802,0.9823,88
1786225980,0.9823,0.9842,0.982,0.9838,78
1786226040,0.9837,0.9842,0.9823,0.9824,79
1786226100,0.9824,0.9831,0.9809,0.9809,87
1786226160,0.9808,0.9829,0.9808,0.9829,85
1786226220,0.9828,0.9832,0.9817,0.9823,85
1786226280,0.9823,0.9849,0.9822,0.9844,76
1786226340,0.9844,0.9853,0.9835,0.9838,79
1786226400,0.9837,0.9876,0.9837,0.9874,83
1786226460,0.9874,0.9907,0.9871,0.9903,84
1786226520,0.9903,0.9911,0.9885,0.9886,74
1786226580,0.9886,0.9899,0.9878,0.9899,86
1786226640,0.9899,0.9912,0.9895,0.9896,81
1786226700,0.9896,0.9929,0.9895,0.9922,75
1786226760,0.9922,0.9926,0.9904,0.9904,81
1786226820,0.9904,0.9913,0.9892,0.9893,83
1786226880,0.9892,0.9894,0.9842,0.9847,77
1786226940,0.9849,0.9862,0.9844,0.9862,74
1786227000,0.9861,0.9875,0.9853,0.9855,87
1786227060,0.9854,0.9867,0.9852,0.9864,84
1786227120,0.9864,0.9867,0.9833,0.9847,72
1786227180,0.9847,0.9854,0.9832,0.9839,78
1786227240,0.9839,0.9862,0.9837,0.9858,80
1786227300,0.9857,0.988,0.9851,0.9876,83
1786227360,0.9876,0.9886,0.9856,0.9858,86
1786227420,0.9858,0.9859,0.9801,0.9801,81
1786227480,0.9805,0.9818,0.9795,0.9796,87
1786227540,0.9796,0.9806,0.9777,0.9786,78
1786227600,0.9786,0.9789,0.9762,0.9779,82
1786227660,0.9779,0.9792,0.9777,0.9784,80
1786227720,0.9784,0.9787,0.9758,0.9774,88
1786227780,0.9774,0.9792,0.9769,0.9787,75
1786227840,0.9788,0.979,0.9759,0.9767,85
1786227900,0.9768,0.9776,0.9761,0.9762,76
1786227960,0.9763,0.9763,0.9736,0.9746,86
1786228020,0.9745,0.9775,0.9735,0.9763,83
1786228080,0.9761,0.977,0.9755,0.9767,79
1786228140,0.9768,0.9774,0.9746,0.9753,82
1786228200,0.9753,0.9781,0.975,0.9774,88
1786228260,0.9774,0.9779,0.9761,0.9766,81
1786228320,0.9766,0.9801,0.9763,0.9799,83
1786228380,0.9799,0.9803,0.9782,0.979,83
1786228440,0.9789,0.9797,0.9776,0.9788,83
1786228500,0.9789,0.9791,0.9759,0.9762,80
1786228560,0.9761,0.9769,0.9753,0.9756,73
1786228620,0.9756,0.9761,0.9746,0.9755,78
1786228680,0.9755,0.9772,0.9753,0.9756,73
1786228740,0.9756,0.978,0.9755,0.9778,85
1786228800,0.9778,0.9783,0.9769,0.977,79
1786228860,0.977,0.9794,0.9767,0.9793,77
1786228920,0.9793,0.9799,0.9768,0.977,78
1786228980,0.9772,0.9775,0.9759,0.977,85
1786229040,0.9767,0.9787,0.9758,0.9776,71
1786229100,0.9775,0.9783,0.9759,0.9777,89
1786229160,0.9777,0.9779,0.9767,0.9772,71
1786229220,0.9771,0.9783,0.9757,0.9762,85
1786229280,0.977,0.9789,0.9767,0.9773,85
1786229340,0.9774,0.9799,0.9773,0.9794,84
1786229400,0.9793,0.9795,0.9762,0.9762,83
1786229460,0.9761,0.9771,0.9754,0.976,83
1786229520,0.9762,0.978,0.9762,0.978,81
1786229580,0.9779,0.9783,0.9749,0.976,82
1786229640,0.976,0.9763,0.974,0.9748,82
1786229700,0.9748,0.9756,0.9739,0.975,81
1786229760,0.975,0.9759,0.9723,0.9737,86
1786229820,0.9737,0.9754,0.9737,0.9748,73
1786229880,0.9748,0.9751,0.9734,0.9737,77
1786229940,0.9737,0.9742,0.9713,0.9713,74
1786230000,0.9712,0.9738,0.9712,0.9731,81
1786230060,0.9729,0.9742,0.9713,0.9714,74
1786230120,0.9715,0.9721,0.9708,0.972,79
1786230180,0.972,0.9732,0.9713,0.9713,73
1786230240,0.9713,0.9725,0.9699,0.9715,83
1786230300,0.9716,0.9727,0.97,0.9726,82
1786230360,0.9726,0.9732,0.9717,0.9719,80
1786230420,0.9718,0.9719,0.97,0.9705,84
1786230480,0.9705,0.9705,0.9678,0.9698,76
1786230540,0.9699,0.9704,0.9666,0.9666,77
1786230600,0.9665,0.9667,0.9646,0.9646,76
1786230660,0.9645,0.966,0.9638,0.9657,74
1786230720,0.9657,0.9665,0.9648,0.9656,85
1786230780,0.9656,0.9659,0.9643,0.9656,87
1786230840,0.9656,0.9659,0.9635,0.9653,78
1786230900,0.9653,0.966,0.9647,0.9648,77
1786230960,0.9641,0.9655,0.9636,0.9653,81
1786231020,0.9652,0.9679,0.9651,0.9679,83
1786231080,0.9679,0.9684,0.9651,0.9653,81
1786231140,0.9653,0.9682,0.9643,0.9679,77
1786231200,0.9679,0.9679,0.9654,0.9663,78
1786231260,0.9663,0.9689,0.9663,0.9689,73
1786231320,0.969,0.9699,0.9674,0.9697,79
1786231380,0.9697,0.97,0.9681,0.9689,89
1786231440,0.9689,0.9713,0.9688,0.9706,78
1786231500,0.9708,0.9708,0.9685,0.9697,82
1786231560,0.9697,0.9701,0.968,0.9686,91
1786231620,0.9686,0.9686,0.9656,0.9656,75
1786231680,0.9655,0.9664,0.9643,0.9645,85
1786231740,0.9646,0.9657,0.9643,0.9656,84
1786231800,0.9655,0.9668,0.9652,0.9662,89
1786231860,0.9662,0.9687,0.966,0.9687,96
1786231920,0.9687,0.9707,0.9684,0.9706,79
1786231980,0.9705,0.9738,0.9695,0.9728,85
1786232040,0.9728,0.973,0.9683,0.9683,76
1786232100,0.9683,0.9683,0.9656,0.9666,78
1786232160,0.9666,0.9669,0.9642,0.965,79
1786232220,0.965,0.9672,0.9646,0.967,78
1786232280,0.967,0.9676,0.9658,0.9668,65
1786232340,0.9669,0.9692,0.9666,0.9673,72
1786232400,0.9673,0.9677,0.9659,0.9672,82
1786232460,0.9671,0.9687,0.9664,0.9683,87
1786232520,0.9689,0.9699,0.9683,0.9689,89
1786232580,0.9691,0.9692,0.9669,0.9688,79
1786232640,0.9687,0.972,0.9687,0.9707,79
1786232700,0.9707,0.9718,0.9693,0.9718,91
1786232760,0.9716,0.9734,0.9709,0.9709,78
1786232820,0.971,0.9713,0.9691,0.9703,86
1786232880,0.9703,0.9713,0.9682,0.971,83
1786232940,0.9709,0.9737,0.9704,0.9731,82
1786233000,0.9731,0.9748,0.9728,0.9739,84
1786233060,0.9739,0.9739,0.9708,0.9708,75
1786233120,0.9708,0.9714,0.9689,0.9697,77
1786233180,0.9697,0.972,0.9697,0.97,83
1786233240,0.97,0.9708,0.9694,0.9697,75
1786233300,0.9697,0.97,0.9685,0.9692,77
1786233360,0.969,0.9691,0.9658,0.9658,75
1786233420,0.9658,0.9668,0.9648,0.9668,81
1786233480,0.9667,0.9684,0.9651,0.9651,87
1786233540,0.9651,0.9664,0.9649,0.9653,83
1786233600,0.9655,0.9668,0.9655,0.9661,84
1786233660,0.9659,0.9674,0.9638,0.9638,80
1786233720,0.9638,0.964,0.9612,0.9633,74
1786233780,0.9635,0.9658,0.9629,0.9654,77
1786233840,0.9654,0.9673,0.9654,0.9667,81
1786233900,0.9665,0.9687,0.966,0.9686,84
1786233960,0.9686,0.9713,0.9686,0.9695,78
1786234020,0.9693,0.9698,0.9683,0.9687,79
1786234080,0.9687,0.9692,0.9677,0.9678,79
1786234140,0.9678,0.968,0.9662,0.9675,80
1786234200,0.9675,0.9676,0.9651,0.9659,86
1786234260,0.9659,0.9671,0.9641,0.9649,83
1786234320,0.9649,0.9659,0.9633,0.9637,74
1786234380,0.9636,0.9643,0.9627,0.9641,85
1786234440,0.9642,0.9646,0.9633,0.9644,79
1786234500,0.9645,0.9662,0.9636,0.9638,89
1786234560,0.9639,0.9668,0.9638,0.9667,79
1786234620,0.9667,0.967,0.964,0.964,77
1786234680,0.9641,0.9662,0.964,0.9656,67
1786234740,0.9656,0.9657,0.9621,0.9621,72
1786234800,0.9619,0.9624,0.9608,0.9619,75
1786234860,0.9619,0.9621,0.9599,0.9614,84
1786234920,0.9614,0.9623,0.9604,0.9611,81
1786234980,0.9611,0.9626,0.9603,0.9622,75
1786235040,0.9622,0.9623,0.9592,0.9593,72
1786235100,0.9593,0.9613,0.9591,0.9608,76
1786235160,0.9608,0.9622,0.9596,0.96,79
1786235220,0.96,0.9607,0.9588,0.9606,89
1786235280,0.9606,0.9617,0.9594,0.96,70
1786235340,0.96,0.9613,0.9587,0.961,76
1786235400,0.961,0.9639,0.961,0.9637,84
1786235460,0.9637,0.9668,0.9629,0.9665,85
1786235520,0.9667,0.9694,0.9663,0.969,83
1786235580,0.969,0.9694,0.9673,0.9676,77
1786235640,0.9676,0.9687,0.9649,0.9649,79
1786235700,0.9648,0.9656,0.9636,0.9647,78
1786235760,0.9648,0.9648,0.963,0.9636,72
1786235820,0.9633,0.9683,0.9633,0.9676,86
1786235880,0.9676,0.9685,0.9664,0.9665,83
1786235940,0.9663,0.97,0.9659,0.9694,88
1786236000,0.9694,0.9702,0.9686,0.9689,83
1786236060,0.969,0.9694,0.9681,0.9691,79
1786236120,0.9689,0.9727,0.9685,0.9725,77
1786236180,0.9725,0.9735,0.971,0.9723,79
1786236240,0.9723,0.9726,0.9698,0.9698,74
1786236300,0.9698,0.9704,0.9674,0.9676,94
1786236360,0.9676,0.9696,0.9675,0.9694,75
1786236420,0.9694,0.9704,0.9684,0.9694,80
1786236480,0.9694,0.9706,0.9687,0.97,86
1786236540,0.9701,0.971,0.97,0.9702,81
1786236600,0.9702,0.9704,0.9686,0.9697,79
1786236660,0.9698,0.9709,0.9684,0.9701,88
1786236720,0.9701,0.9715,0.9696,0.9696,77
1786236780,0.9695,0.9697,0.9655,0.9688,87
1786236840,0.9689,0.9697,0.9661,0.9662,83
1786236900,0.9663,0.9667,0.9648,0.9648,77
1786236960,0.9649,0.9649,0.9622,0.9633,78
1786237020,0.9631,0.9634,0.9608,0.9615,75
1786237080,0.9616,0.9624,0.9612,0.9616,75
1786237140,0.9616,0.962,0.9605,0.961,73
1786237200,0.961,0.9614,0.9579,0.9581,85
1786237260,0.9581,0.9602,0.9581,0.9601,72
1786237320,0.9601,0.9602,0.958,0.9591,81
1786237380,0.9591,0.9602,0.9565,0.9576,79
1786237440,0.9576,0.9593,0.9566,0.9571,76
1786237500,0.9571,0.9598,0.9565,0.9594,85
1786237560,0.9594,0.9601,0.9582,0.9595,83
1786237620,0.9592,0.9593,0.9552,0.9568,82
1786237680,0.9568,0.9581,0.9563,0.957,77
1786237740,0.957,0.957,0.9549,0.9566,85
1786237800,0.9565,0.9565,0.9538,0.9552,71
1786237860,0.9552,0.9582,0.9552,0.9575,80
1786237920,0.9575,0.9615,0.9567,0.96,82
1786237980,0.9599,0.9611,0.9593,0.9605,78
1786238040,0.9604,0.9615,0.9591,0.9604,78
1786238100,0.9604,0.963,0.9604,0.961,83
1786238160,0.9609,0.9611,0.9591,0.9599,84
1786238220,0.9598,0.9601,0.9577,0.958,84
1786238280,0.958,0.9613,0.9579,0.9611,92
1786238340,0.9611,0.9654,0.9608,0.9653,85
1786238400,0.9653,0.9678,0.9653,0.9666,86
1786238460,0.9666,0.9704,0.9666,0.9703,87
1786238520,0.9704,0.9713,0.9697,0.9699,78
1786238580,0.9696,0.9724,0.9693,0.9723,77
1786238640,0.9723,0.9727,0.9711,0.9718,81
1786238700,0.9718,0.9727,0.9701,0.9705,82
1786238760,0.9705,0.9742,0.9699,0.9736,74
1786238820,0.9736,0.9747,0.9725,0.9746,80
1786238880,0.9749,0.9752,0.9726,0.973,89
1786238940,0.973,0.9747,0.9728,0.9743,83
1786239000,0.9743,0.9748,0.9731,0.9739,80
1786239060,0.9739,0.9757,0.9734,0.9751,73
1786239120,0.9751,0.9764,0.9748,0.9756,74
1786239180,0.9756,0.9796,0.9756,0.9796,80
1786239240,0.9796,0.9812,0.9794,0.9794,84
1786239300,0.9795,0.9827,0.9795,0.981,76
1786239360,0.981,0.9812,0.9776,0.9779,75
1786239420,0.9779,0.9799,0.9765,0.9792,72
1786239480,0.9792,0.9813,0.9791,0.9807,84
1786239540,0.9807,0.9818,0.9803,0.9803,81
1786239600,0.9801,0.9832,0.9799,0.9829,74
1786239660,0.9829,0.984,0.9826,0.9836,76
1786239720,0.9836,0.9836,0.9809,0.9822,75
1786239780,0.9822,0.9833,0.9798,0.9798,85
1786239840,0.9798,0.9813,0.9794,0.9802,78
1786239900,0.9802,0.9807,0.9787,0.9802,90
1786239960,0.9807,0.9817,0.9794,0.9804,76
1786240020,0.9806,0.981,0.9783,0.9794,86
1786240080,0.9795,0.9795,0.976,0.976,85
1786240140,0.976,0.9769,0.9743,0.9761,85
1786240200,0.9761,0.9788,0.976,0.9787,79
1786240260,0.9783,0.9795,0.9771,0.9788,85
1786240320,0.9787,0.9787,0.9762,0.9766,81
1786240380,0.9766,0.9771,0.9757,0.9769,82
1786240440,0.9768,0.9781,0.9762,0.9777,79
1786240500,0.9777,0.9819,0.9777,0.9818,85
1786240560,0.9818,0.9822,0.9804,0.9806,83
1786240620,0.9806,0.9824,0.9804,0.9812,90
1786240680,0.9812,0.9819,0.9796,0.9802,85
1786240740,0.9802,0.9814,0.9786,0.9786,78
1786240800,0.9786,0.9793,0.9778,0.9782,75
1786240860,0.9782,0.9787,0.9766,0.9772,77
1786240920,0.9772,0.9784,0.9756,0.978,91
1786240980,0.9778,0.9782,0.974,0.974,75
1786241040,0.9741,0.9746,0.9712,0.9723,90
1786241100,0.9722,0.9752,0.9722,0.9752,78
1786241160,0.9751,0.9766,0.9746,0.9753,78
1786241220,0.9754,0.9763,0.9739,0.975,78
1786241280,0.9749,0.9752,0.9708,0.9717,74
1786241340,0.9717,0.9731,0.9716,0.9723,77
1786241400,0.9714,0.9725,0.9708,0.9723,76
1786241460,0.972,0.9724,0.9703,0.9722,88
1786241520,0.9723,0.9723,0.9704,0.9706,73
1786241580,0.9706,0.9716,0.9698,0.9705,80
1786241640,0.9705,0.9728,0.9704,0.9715,80
1786241700,0.9715,0.9719,0.9703,0.9704,83
1786241760,0.9704,0.9715,0.9693,0.9715,77
1786241820,0.9715,0.9731,0.9712,0.9713,89
1786241880,0.9713,0.9717,0.9699,0.9705,78
1786241940,0.9706,0.9707,0.968,0.9682,73
1786242000,0.9684,0.9689,0.9669,0.9686,87
1786242060,0.9687,0.9688,0.9655,0.9656,84
1786242120,0.9657,0.9659,0.964,0.9657,84
1786242180,0.9657,0.9681,0.9657,0.9661,84
1786242240,0.9661,0.9662,0.9631,0.9635,84
1786242300,0.9635,0.9652,0.9631,0.9648,76
1786242360,0.9647,0.9662,0.964,0.9662,74
1786242420,0.9662,0.969,0.9662,0.9686,84
1786242480,0.9686,0.9699,0.9673,0.9678,71
1786242540,0.9678,0.9702,0.9673,0.9695,83
1786242600,0.9695,0.9701,0.968,0.9693,83
1786242660,0.9693,0.9694,0.9672,0.9677,74
1786242720,0.9677,0.9691,0.9674,0.9687,73
1786242780,0.9687,0.972,0.9685,0.9716,76
1786242840,0.9716,0.9723,0.97,0.9703,77
1786242900,0.9703,0.9733,0.9701,0.9728,84
1786242960,0.9728,0.9729,0.9703,0.9705,86
1786243020,0.9706,0.9724,0.9706,0.9719,71
1786243080,0.9722,0.9728,0.9706,0.9725,80
1786243140,0.9726,0.9735,0.9713,0.9716,83
1786243200,0.9714,0.9725,0.9702,0.9715,90
1786243260,0.9715,0.9723,0.971,0.9715,72
1786243320,0.9716,0.9729,0.9715,0.9728,77
1786243380,0.9726,0.9764,0.9726,0.9763,81
1786243440,0.9763,0.9771,0.9751,0.9758,76
1786243500,0.9758,0.9774,0.9748,0.9773,75
1786243560,0.9773,0.9775,0.976,0.9764,77
1786243620,0.9764,0.9771,0.9752,0.9763,83
1786243680,0.9764,0.9765,0.975,0.9751,78
1786243740,0.9749,0.9753,0.9722,0.9722,77
1786243800,0.9722,0.9746,0.9717,0.9727,84
1786243860,0.9727,0.9728,0.9712,0.9728,79
1786243920,0.9728,0.9728,0.97,0.9708,69
1786243980,0.9708,0.9719,0.9697,0.9707,80
1786244040,0.9707,0.9724,0.9703,0.9723,76
1786244100,0.9723,0.9748,0.9721,0.9737,82
1786244160,0.9739,0.9741,0.9729,0.9736,81
1786244220,0.9738,0.9767,0.9736,0.9766,85
1786244280,0.9766,0.9782,0.976,0.9775,81
1786244340,0.9775,0.9782,0.9761,0.9779,73
1786244400,0.9781,0.981,0.9779,0.9795,74
1786244460,0.9795,0.9809,0.9787,0.9803,77
1786244520,0.9803,0.9809,0.9783,0.9796,81
1786244580,0.9795,0.9801,0.9774,0.9777,71
1786244640,0.9776,0.9789,0.9762,0.978,73
1786244700,0.9778,0.9788,0.9771,0.9788,94
1786244760,0.9788,0.9818,0.9788,0.9818,81
1786244820,0.9818,0.9833,0.9815,0.9832,69
1786244880,0.9832,0.9847,0.9825,0.9847,76
1786244940,0.9847,0.9858,0.9834,0.9856,80
1786245000,0.9856,0.9882,0.9855,0.9873,81
1786245060,0.9873,0.9901,0.9873,0.9895,76
1786245120,0.9895,0.9912,0.9888,0.99,84
1786245180,0.9902,0.9936,0.99,0.9929,76
1786245240,0.9929,0.994,0.9924,0.9933,81
1786245300,0.9932,0.9945,0.9926,0.9929,83
1786245360,0.993,0.9959,0.9928,0.9958,86
1786245420,0.9956,0.9971,0.9948,0.9968,79
1786245480,0.9968,0.997,0.9948,0.9948,82
1786245540,0.9947,0.9972,0.9939,0.9972,75
1786245600,0.9973,0.9981,0.9953,0.9959,82
1786245660,0.996,0.9988,0.9953,0.9987,81
1786245720,0.9988,1.0004,0.9986,1.0001,81
1786245780,1.0001,1.0004,0.9983,0.999,87
1786245840,0.999,0.9994,0.9976,0.9976,75
1786245900,0.9976,0.998,0.9943,0.9944,83
1786245960,0.9944,0.9946,0.9926,0.9933,84
1786246020,0.9933,0.9986,0.9933,0.9972,84
1786246080,0.9972,0.9986,0.9959,0.9986,76
1786246140,0.9986,0.9986,0.9965,0.9984,78
1786246200,0.9982,1.0008,0.9981,0.9998,78
1786246260,0.9998,1.0001,0.9975,0.9976,72
1786246320,0.9976,0.9995,0.997,0.9989,80
1786246380,0.9989,0.9997,0.9978,0.9995,71
1786246440,0.9997,1.0005,0.9975,0.9993,79
1786246500,0.9992,1.0002,0.9987,0.9996,77
1786246560,0.9996,1.0039,0.9996,1.0038,80
1786246620,1.0037,1.0073,1.0031,1.0073,85
1786246680,1.0073,1.0087,1.0073,1.0078,81
1786246740,1.0079,1.0108,1.0078,1.009,88
1786246800,1.009,1.0107,1.0087,1.0087,72
1786246860,1.0087,1.0087,1.0061,1.0076,69
1786246920,1.0076,1.0077,1.0061,1.0066,77
1786246980,1.0066,1.0067,1.0038,1.0051,85
1786247040,1.0048,1.0063,1.004,1.0059,80
1786247100,1.0058,1.0078,1.0057,1.0069,82
1786247160,1.0067,1.0071,1.0047,1.0056,78
1786247220,1.0054,1.0076,1.0053,1.0069,84
1786247280,1.0069,1.0118,1.0069,1.0114,77
1786247340,1.0114,1.0117,1.0104,1.0111,85
1786247400,1.0111,1.0144,1.0111,1.0142,76
1786247460,1.0142,1.0151,1.0133,1.0137,88
1786247520,1.0137,1.0143,1.0122,1.0127,84
1786247580,1.0126,1.0126,1.0089,1.01,77
1786247640,1.01,1.0109,1.0091,1.0109,84
1786247700,1.0109,1.0121,1.0105,1.0114,75
1786247760,1.0113,1.0142,1.0106,1.0131,89
1786247820,1.013,1.0152,1.013,1.015,77
1786247880,1.0148,1.0157,0.9258,0.9271,75
1786247940,0.9274,0.9285,0.9266,0.9275,81
1786248000,0.9275,0.9313,0.9272,0.9309,77
1786248060,0.9308,0.9358,0.9308,0.9357,92
1786248120,0.9351,0.9357,0.9325,0.9325,76
1786248180,0.9325,0.9358,0.9324,0.9343,84
1786248240,0.9343,0.9347,0.9332,0.9333,75
1786248300,0.9333,0.9333,0.9313,0.9324,77
1786248360,0.9324,0.9326,0.9297,0.9308,73
1786248420,0.9308,0.931,0.9281,0.9281,83
1786248480,0.9281,0.9297,0.9281,0.9286,80
1786248540,0.9286,0.9323,0.9283,0.9309,83
1786248600,0.9309,0.9326,0.9309,0.9316,81
1786248660,0.9316,0.9347,0.9316,0.934,82
1786248720,0.934,0.9346,0.9323,0.9329,81
1786248780,0.9329,0.934,0.9322,0.9322,83
1786248840,0.9322,0.9335,0.9312,0.9312,79
1786248900,0.9312,0.9336,0.9303,0.9303,75
1786248960,0.9303,0.9303,0.9283,0.9299,80
1786249020,0.9297,0.9306,0.9273,0.9273,72
1786249080,0.9273,0.9275,0.9256,0.9266,78
1786249140,0.9266,0.9271,0.9245,0.9252,86
1786249200,0.9252,0.9279,0.9242,0.9278,78
1786249260,0.9278,0.928,0.9256,0.9256,75
1786249320,0.9256,0.9261,0.9239,0.924,71
1786249380,0.924,0.9255,0.923,0.9247,79
1786249440,0.9246,0.9252,0.9228,0.9234,84
1786249500,0.9234,0.9244,0.9226,0.9232,88
1786249560,0.9232,0.9244,0.9228,0.9231,81
1786249620,0.923,0.9235,0.9219,0.9233,76
1786249680,0.9234,0.9253,0.9232,0.9252,76
1786249740,0.9252,0.9259,0.9243,0.9248,81
1786249800,0.9254,0.9262,0.9235,0.9235,82
1786249860,0.9235,0.9235,0.9208,0.9209,78
1786249920,0.9209,0.9215,0.9197,0.9203,82
1786249980,0.9203,0.9214,0.9194,0.9212,81
1786250040,0.9211,0.9225,0.921,0.9216,78
1786250100,0.9215,0.9225,0.9209,0.921,88
1786250160,0.921,0.9211,0.919,0.9204,77
1786250220,0.9204,0.9204,0.918,0.9189,78
1786250280,0.9189,0.9199,0.9182,0.9183,75
1786250340,0.9183,0.9204,0.9178,0.9192,84
1786250400,0.9192,0.9211,0.919,0.9201,82
1786250460,0.92,0.9221,0.9197,0.9219,69
1786250520,0.9219,0.9231,0.9216,0.9223,77
1786250580,0.9219,0.9221,0.9203,0.9221,82
1786250640,0.9221,0.925,0.9215,0.9248,81
1786250700,0.9248,0.9249,0.9233,0.9247,78
1786250760,0.9247,0.928,0.9247,0.9278,77
1786250820,0.9278,0.9311,0.927,0.9303,80
1786250880,0.9302,0.9317,0.9283,0.9311,86
1786250940,0.9311,0.9325,0.9309,0.9321,74
1786251000,0.932,0.9356,0.932,0.9346,72
1786251060,0.9348,0.9353,0.934,0.9353,83
1786251120,0.9352,0.9353,0.9333,0.9345,73
1786251180,0.9345,0.9363,0.9336,0.9356,84
1786251240,0.9356,0.9356,0.9334,0.9347,83
1786251300,0.9347,0.9348,0.9328,0.9344,81
1786251360,0.9344,0.9356,0.9342,0.9353,73
1786251420,0.9353,0.9357,0.9347,0.9356,72
1786251480,0.9356,0.9384,0.935,0.9379,77
1786251540,0.9382,0.9383,0.935,0.9356,77
1786251600,0.9356,0.9357,0.9334,0.9342,79
1786251660,0.9342,0.935,0.9336,0.9343,71
1786251720,0.9344,0.9344,0.9308,0.9311,79
1786251780,0.9311,0.9331,0.9306,0.9317,82
1786251840,0.9316,0.9331,0.9313,0.9326,80
1786251900,0.9326,0.9359,0.9326,0.9356,84
1786251960,0.9356,0.9376,0.9353,0.9356,77
1786252020,0.9355,0.9384,0.9352,0.938,76
1786252080,0.9379,0.9403,0.937,0.9396,85
1786252140,0.9396,0.9398,0.9379,0.9383,80
1786252200,0.9383,0.9389,0.9364,0.9368,91
1786252260,0.9368,0.9386,0.9359,0.9386,77
1786252320,0.9386,0.9404,0.9385,0.9397,73
1786252380,0.9397,0.9418,0.9396,0.9407,77
1786252440,0.9407,0.9419,0.9401,0.9401,75
1786252500,0.9401,0.9403,0.9368,0.9376,75
1786252560,0.9382,0.94,0.938,0.94,73
1786252620,0.9405,0.943,0.9405,0.943,85
1786252680,0.943,0.9446,0.942,0.9429,88
1786252740,0.9428,0.9468,0.9427,0.946,68
1786252800,0.9459,0.9468,0.9448,0.9458,76
1786252860,0.9457,0.9465,0.9453,0.946,85
1786252920,0.9462,0.9477,0.9462,0.9464,85
1786252980,0.9461,0.9482,0.946,0.9471,77
1786253040,0.9468,0.9472,0.9426,0.9435,84
1786253100,0.9436,0.9442,0.9414,0.9427,84
1786253160,0.9427,0.9436,0.9422,0.9422,83
1786253220,0.9422,0.9427,0.9415,0.9415,82
1786253280,0.9415,0.9435,0.9415,0.9433,82
1786253340,0.9433,0.9433,0.9408,0.9427,84
1786253400,0.9428,0.9431,0.941,0.9419,79
1786253460,0.9419,0.9424,0.9398,0.9408,85
1786253520,0.9408,0.9409,0.9382,0.9384,77
1786253580,0.9382,0.9382,0.9362,0.9366,77
1786253640,0.9366,0.937,0.9358,0.9364,74
1786253700,0.9364,0.938,0.9362,0.9374,88
1786253760,0.9373,0.9381,0.9371,0.9373,77
1786253820,0.9372,0.9372,0.9352,0.9356,79
1786253880,0.9356,0.9358,0.9335,0.9339,77
1786253940,0.9344,0.9366,0.934,0.936,87
1786254000,0.9359,0.9375,0.9356,0.9357,77
1786254060,0.9357,0.9377,0.9356,0.9368,70
1786254120,0.9361,0.9379,0.9361,0.9368,74
1786254180,0.9369,0.939,0.9357,0.936,83
1786254240,0.936,0.9377,0.9354,0.9359,83
1786254300,0.9359,0.9359,0.9335,0.934,88
1786254360,0.934,0.9354,0.9336,0.9353,74
1786254420,0.9353,0.9371,0.935,0.9368,82
1786254480,0.9368,0.9379,0.9364,0.9377,76
1786254540,0.9377,0.939,0.9374,0.9387,80
1786254600,0.9386,0.9394,0.938,0.9388,90
1786254660,0.9379,0.9402,0.9374,0.9402,83
1786254720,0.9402,0.9415,0.9396,0.9409,71
1786254780,0.9408,0.9426,0.9401,0.9422,75
1786254840,0.9422,0.9439,0.9421,0.943,85
1786254900,0.943,0.9448,0.9427,0.9443,73
1786254960,0.9442,0.9452,0.9437,0.9447,84
1786255020,0.9447,0.9448,0.9415,0.942,82
1786255080,0.942,0.943,0.9406,0.9414,80
1786255140,0.9415,0.9428,0.9408,0.9428,77
1786255200,0.9428,0.944,0.942,0.9439,77
1786255260,0.9439,0.9464,0.9439,0.9461,76
1786255320,0.9461,0.9486,0.9458,0.9479,84
1786255380,0.9479,0.9492,0.9474,0.9486,79
1786255440,0.9486,0.9486,0.9464,0.9479,91
1786255500,0.9482,0.9495,0.9463,0.9472,89
1786255560,0.9472,0.9481,0.9457,0.9474,76
1786255620,0.9475,0.9485,0.9471,0.9477,78
1786255680,0.9477,0.948,0.9459,0.9465,74
1786255740,0.9465,0.9465,0.9439,0.9444,79
1786255800,0.9443,0.9472,0.9439,0.9468,84
1786255860,0.947,0.9477,0.9448,0.9448,78
1786255920,0.9448,0.9457,0.9412,0.9413,75
1786255980,0.9413,0.942,0.94,0.9419,89
1786256040,0.9419,0.9439,0.941,0.9411,79
1786256100,0.9409,0.944,0.9407,0.9432,71
1786256160,0.9433,0.9444,0.942,0.9421,77
1786256220,0.9421,0.9445,0.9421,0.9445,77
1786256280,0.9445,0.9446,0.9413,0.9432,77
1786256340,0.9432,0.9444,0.9421,0.9443,84
1786256400,0.9443,0.9443,0.9416,0.9419,81
1786256460,0.9419,0.9467,0.9419,0.9463,80
1786256520,0.9461,0.9476,0.9448,0.9459,87
1786256580,0.9457,0.9472,0.9455,0.9462,74
1786256640,0.9463,0.9486,0.9461,0.9485,71
1786256700,0.9485,0.9505,0.9479,0.9484,82
1786256760,0.9484,0.9491,0.9461,0.9466,84
1786256820,0.9466,0.9473,0.9455,0.9471,76
1786256880,0.9471,0.9488,0.9463,0.9468,73
1786256940,0.947,0.9483,0.9463,0.9465,75
1786257000,0.9465,0.9477,0.9455,0.946,73
1786257060,0.946,0.947,0.9451,0.9466,83
1786257120,0.9464,0.9487,0.9464,0.9474,81
1786257180,0.9475,0.9491,0.9469,0.9485,85
1786257240,0.9485,0.9493,0.9475,0.9489,82
1786257300,0.9489,0.9502,0.9485,0.9502,76
1786257360,0.9502,0.9513,0.9495,0.9499,74
1786257420,0.95,0.9503,0.9462,0.9469,75
1786257480,0.9476,0.9486,0.9466,0.9484,83
1786257540,0.9484,0.9489,0.9468,0.9469,75
1786257600,0.9469,0.9505,0.9469,0.9505,76
1786257660,0.9505,0.9533,0.9504,0.9529,74
1786257720,0.9529,0.9565,0.9529,0.9565,84
1786257780,0.9566,0.9586,0.956,0.9585,73
1786257840,0.9592,0.9597,0.9574,0.9589,83
1786257900,0.959,0.9613,0.9584,0.9605,84
1786257960,0.9605,0.9612,0.9583,0.9584,79
1786258020,0.9585,0.9592,0.9576,0.9579,86
1786258080,0.9579,0.9604,0.9574,0.9598,74
1786258140,0.9599,0.9609,0.9596,0.9601,76
1786258200,0.9602,0.9621,0.9602,0.9612,73
1786258260,0.9612,0.9625,0.9609,0.9619,82
1786258320,0.9619,0.9634,0.961,0.961,86
1786258380,0.961,0.9625,0.9596,0.9598,86
1786258440,0.9598,0.9609,0.9592,0.9594,70
1786258500,0.9593,0.9599,0.9577,0.9599,89
1786258560,0.9599,0.9617,0.9584,0.9607,80
1786258620,0.9607,0.9608,0.9593,0.9593,69
1786258680,0.9593,0.961,0.959,0.9604,78
1786258740,0.9604,0.9606,0.9582,0.9593,80
1786258800,0.9593,0.9637,0.9589,0.9637,76
1786258860,0.9638,0.9661,0.9638,0.9659,77
1786258920,0.9659,0.9665,0.9634,0.9653,82
1786258980,0.9652,0.9654,0.9638,0.9651,74
1786259040,0.9649,0.9667,0.9648,0.9666,90
1786259100,0.9664,0.9665,0.9645,0.9658,81
1786259160,0.9658,0.9667,0.9652,0.9665,77
1786259220,0.9667,0.9696,0.9667,0.9695,80
1786259280,0.9695,0.9701,0.9684,0.9686,79
1786259340,0.9686,0.969,0.9666,0.9685,76
1786259400,0.9685,0.9703,0.9678,0.9702,78
1786259460,0.9702,0.9713,0.9699,0.9708,67
1786259520,0.9708,0.9716,0.9696,0.97,83
1786259580,0.97,0.9716,0.9697,0.97,73
1786259640,0.9699,0.9699,0.9678,0.968,76
1786259700,0.9681,0.9712,0.9681,0.971,78
1786259760,0.971,0.9715,0.9698,0.97,67
1786259820,0.9699,0.9709,0.9693,0.9699,81
1786259880,0.9697,0.9697,0.9647,0.9659,82
1786259940,0.9659,0.9682,0.9653,0.966,79
1786260000,0.966,0.9662,0.9651,0.966,76
1786260060,0.9669,0.968,0.9649,0.9651,82
1786260120,0.9651,0.9651,0.9641,0.9651,71
1786260180,0.9651,0.9651,0.9631,0.964,76
1786260240,0.964,0.964,0.9609,0.9616,91
1786260300,0.9616,0.9617,0.9591,0.9595,75
1786260360,0.9595,0.9635,0.959,0.9634,84
1786260420,0.9634,0.9646,0.962,0.9621,86
1786260480,0.9621,0.9626,0.9606,0.9615,70
1786260540,0.9616,0.9619,0.9598,0.96,85
1786260600,0.96,0.9615,0.9592,0.9604,81
1786260660,0.9604,0.9621,0.9597,0.9612,79
1786260720,0.9614,0.9623,0.9582,0.9586,84
1786260780,0.9585,0.9603,0.9582,0.9593,75
1786260840,0.9594,0.9597,0.9581,0.9585,83
1786260900,0.9585,0.959,0.957,0.9575,79
1786260960,0.9573,0.9584,0.9562,0.9562,88
1786261020,0.9563,0.9576,0.9555,0.9563,77
1786261080,0.9563,0.9591,0.9561,0.9589,90
1786261140,0.9598,0.9624,0.9598,0.9623,73
1786261200,0.9624,0.9624,0.9594,0.9596,83
1786261260,0.9595,0.9603,0.9574,0.9578,87
1786261320,0.9578,0.9581,0.9533,0.9535,79
1786261380,0.9535,0.9556,0.9527,0.9528,79
1786261440,0.9528,0.9543,0.9517,0.9529,82
1786261500,0.9528,0.9533,0.9517,0.9525,80
1786261560,0.9526,0.9528,0.9508,0.9512,78
1786261620,0.9512,0.9528,0.9509,0.9526,82
1786261680,0.9526,0.9535,0.9522,0.9533,77
1786261740,0.9533,0.9534,0.9513,0.9513,83
1786261800,0.9512,0.955,0.9504,0.9544,87
1786261860,0.9544,0.9547,0.9531,0.954,83
1786261920,0.954,0.9553,0.9536,0.9538,80
1786261980,0.9539,0.9573,0.9539,0.9572,81
1786262040,0.9572,0.959,0.957,0.9575,87
1786262100,0.9575,0.9595,0.9565,0.9587,87
1786262160,0.9588,0.9601,0.9583,0.9594,79
1786262220,0.9594,0.9603,0.9589,0.9597,80
1786262280,0.9597,0.961,0.959,0.9609,72
1786262340,0.9609,0.962,0.9603,0.962,80
1786262400,0.962,0.9643,0.962,0.9623,84
1786262460,0.9623,0.963,0.9603,0.9615,85
1786262520,0.9615,0.9655,0.9614,0.9654,76
1786262580,0.9654,0.9675,0.9654,0.9662,83
1786262640,0.9662,0.9689,0.9658,0.9686,76
1786262700,0.9686,0.9689,0.9676,0.9682,77
1786262760,0.9683,0.9683,0.9657,0.9657,72
1786262820,0.9657,0.9669,0.9646,0.9661,77
1786262880,0.9661,0.9671,0.9642,0.9645,82
1786262940,0.9645,0.967,0.9635,0.9667,80
1786263000,0.9668,0.9669,0.962,0.9637,78
1786263060,0.9637,0.9638,0.9604,0.961,77
1786263120,0.961,0.9618,0.9602,0.9615,83
1786263180,0.9616,0.9623,0.9608,0.9614,73
1786263240,0.9615,0.9616,0.9599,0.9608,79
1786263300,0.9608,0.9614,0.9569,0.9572,78
1786263360,0.9572,0.9597,0.9572,0.9596,85
1786263420,0.9596,0.9622,0.9595,0.9619,78
1786263480,0.9619,0.962,0.9605,0.9617,81
1786263540,0.9617,0.9624,0.9602,0.9605,79
1786263600,0.9605,0.9614,0.9604,0.961,75
1786263660,0.961,0.9632,0.9607,0.9623,91
1786263720,0.9623,0.9642,0.9617,0.9621,89
1786263780,0.9622,0.964,0.9612,0.9638,77
1786263840,0.9639,0.9663,0.9637,0.9662,81
1786263900,0.9662,0.9677,0.9658,0.9676,81
1786263960,0.9676,0.9688,0.9664,0.9682,84
1786264020,0.9682,0.9684,0.966,0.9669,73
1786264080,0.967,0.9686,0.9661,0.9685,83
1786264140,0.9685,0.9695,0.9678,0.9678,76
1786264200,0.9678,0.9693,0.9675,0.969,83
1786264260,0.9689,0.9704,0.9684,0.9698,89
1786264320,0.9698,0.9707,0.9689,0.9697,77
1786264380,0.9697,0.9704,0.9685,0.9701,68
1786264440,0.9701,0.9705,0.9693,0.9703,84
1786264500,0.9702,0.973,0.9701,0.973,92
1786264560,0.973,0.9731,0.9691,0.9704,82
1786264620,0.9704,0.9706,0.9693,0.9702,77
1786264680,0.9702,0.9722,0.9692,0.9709,87
1786264740,0.9709,0.9728,0.9695,0.9723,80
1786264800,0.9724,0.973,0.9697,0.9697,81
1786264860,0.9696,0.9724,0.9696,0.9723,82
1786264920,0.9724,0.9734,0.9712,0.9721,76
1786264980,0.972,0.972,0.9696,0.9702,74
1786265040,0.9704,0.9726,0.9701,0.9718,76
1786265100,0.9718,0.9729,0.9713,0.9723,83
1786265160,0.9722,0.9725,0.9699,0.971,87
1786265220,0.9711,0.972,0.9688,0.9698,86
1786265280,0.9696,0.9742,0.9696,0.9741,79
1786265340,0.9741,0.9747,0.9717,0.9729,84
1786265400,0.9729,0.9733,0.9709,0.9711,77
1786265460,0.9711,0.9711,0.969,0.9694,75
1786265520,0.9694,0.9713,0.9686,0.9703,75
1786265580,0.9703,0.9704,0.9689,0.9703,74
1786265640,0.9703,0.9721,0.9691,0.9698,78
1786265700,0.9698,0.9699,0.9655,0.9657,79
1786265760,0.9657,0.9659,0.9636,0.9649,80
1786265820,0.965,0.9661,0.9634,0.9646,84
1786265880,0.9646,0.9653,0.9639,0.9645,78
1786265940,0.9645,0.965,0.9627,0.9628,79
1786266000,0.9631,0.9656,0.9628,0.9655,90
1786266060,0.9658,0.9665,0.9648,0.9648,77
1786266120,0.9648,0.9648,0.9629,0.9638,80
1786266180,0.9639,0.9664,0.9633,0.9649,80
1786266240,0.9649,0.9655,0.9626,0.9634,79
1786266300,0.9634,0.9635,0.9625,0.9635,73
1786266360,0.9635,0.9635,0.9612,0.962,78
1786266420,0.962,0.9633,0.9617,0.9628,80
1786266480,0.9628,0.9631,0.9617,0.9623,74
1786266540,0.9623,0.963,0.9615,0.9624,78
1786266600,0.9624,0.9626,0.9593,0.9605,88
1786266660,0.9605,0.9636,0.9603,0.9632,73
1786266720,0.9633,0.9633,0.9597,0.9597,76
1786266780,0.96,0.96,0.957,0.957,90
1786266840,0.9577,0.9591,0.9568,0.959,81
1786266900,0.9591,0.9594,0.958,0.9593,81
1786266960,0.9594,0.9604,0.9588,0.9603,79
1786267020,0.9604,0.9609,0.9586,0.959,87
1786267080,0.9591,0.9592,0.9579,0.9581,77
1786267140,0.9572,0.9572,0.9549,0.9554,78
1786267200,0.9554,0.9558,0.9533,0.9533,78
1786267260,0.9533,0.9537,0.9517,0.9519,73
1786267320,0.9519,0.9537,0.9517,0.9535,75
1786267380,0.9535,0.9552,0.9534,0.9551,74
1786267440,0.9551,0.9585,0.9551,0.9583,87
1786267500,0.9583,0.9601,0.9582,0.9597,78
1786267560,0.9597,0.961,0.9597,0.9599,78
1786267620,0.9599,0.9632,0.9597,0.9614,82
1786267680,0.9614,0.9619,0.9602,0.9614,80
1786267740,0.9615,0.9626,0.9611,0.9626,78
1786267800,0.9627,0.9641,0.9627,0.9634,82
1786267860,0.9635,0.9652,0.9632,0.9642,85
1786267920,0.9642,0.9644,0.9621,0.9621,78
1786267980,0.962,0.9625,0.9604,0.9611,81
1786268040,0.9611,0.9623,0.9606,0.9613,73
1786268100,0.961,0.9614,0.9595,0.9597,84
1786268160,0.9598,0.9608,0.9585,0.96,77
1786268220,0.96,0.9607,0.9581,0.9581,88
1786268280,0.9582,0.9594,0.9573,0.9585,72
1786268340,0.9583,0.9602,0.958,0.9583,78
1786268400,0.9583,0.9593,0.9565,0.9567,80
1786268460,0.9567,0.958,0.9555,0.9564,77
1786268520,0.9564,0.9573,0.9555,0.9555,90
1786268580,0.9555,0.9567,0.9546,0.9566,79
1786268640,0.9567,0.9585,0.9545,0.9545,80
1786268700,0.9545,0.9569,0.9541,0.9566,76
1786268760,0.9567,0.9601,0.9567,0.9593,80
1786268820,0.9594,0.9598,0.9587,0.9595,77
1786268880,0.9595,0.9599,0.9572,0.9574,78
1786268940,0.9574,0.9594,0.9572,0.9589,80
1786269000,0.9589,0.9595,0.9573,0.9587,77
1786269060,0.9586,0.9587,0.9564,0.9569,83
1786269120,0.9569,0.9575,0.956,0.9561,74
1786269180,0.9562,0.9586,0.9561,0.9583,81
1786269240,0.9585,0.96,0.9575,0.9589,83
1786269300,0.959,0.9607,0.9572,0.9585,88
1786269360,0.9583,0.9583,0.957,0.9576,85
1786269420,0.9576,0.9587,0.9572,0.9581,75
1786269480,0.9581,0.961,0.9578,0.9603,81
1786269540,0.9603,0.962,0.9602,0.962,85
1786269600,0.962,0.9633,0.9604,0.963,69
1786269660,0.963,0.9642,0.9617,0.9617,72
1786269720,0.9615,0.9618,0.9602,0.9607,82
1786269780,0.9608,0.9631,0.9607,0.9627,69
1786269840,0.9627,0.9635,0.9621,0.9632,82
1786269900,0.9632,0.9655,0.9625,0.965,85
1786269960,0.965,0.9681,0.9642,0.9681,81
1786270020,0.9681,0.9695,0.9671,0.9681,81
1786270080,0.9682,0.9686,0.9666,0.9673,85
1786270140,0.9673,0.9673,0.9652,0.9662,80
1786270200,0.9661,0.968,0.9653,0.968,82
1786270260,0.9681,0.9684,0.9672,0.9677,85
1786270320,0.9676,0.9687,0.966,0.966,85
1786270380,0.966,0.9665,0.9628,0.964,84
1786270440,0.964,0.964,0.9614,0.9614,82
1786270500,0.9614,0.9629,0.96,0.9628,81
1786270560,0.9628,0.9637,0.961,0.963,77
1786270620,0.963,0.9654,0.9627,0.9645,79
1786270680,0.9645,0.9669,0.9645,0.9667,80
1786270740,0.9666,0.9682,0.966,0.966,77
1786270800,0.966,0.9687,0.966,0.9673,82
1786270860,0.9673,0.97,0.9672,0.9698,77
1786270920,0.9698,0.9713,0.9692,0.9706,74
1786270980,0.9706,0.9725,0.9698,0.9722,88
1786271040,0.9722,0.9744,0.9715,0.9715,72
1786271100,0.9714,0.9729,0.9713,0.9724,82
1786271160,0.9723,0.9733,0.9714,0.9728,85
1786271220,0.9723,0.9723,0.9691,0.9697,83
1786271280,0.9697,0.9707,0.969,0.9694,79
1786271340,0.9694,0.9713,0.9694,0.9707,82
1786271400,0.9707,0.9711,0.9666,0.9666,84
1786271460,0.9666,0.9679,0.9663,0.9663,76
1786271520,0.9663,0.9669,0.9635,0.9657,77
1786271580,0.9658,0.9684,0.9655,0.9677,76
1786271640,0.9678,0.9689,0.9673,0.9678,82
1786271700,0.9678,0.9704,0.9677,0.9677,70
1786271760,0.9677,0.9706,0.9675,0.9705,80
1786271820,0.9705,0.9738,0.9696,0.9732,83
1786271880,0.9732,0.9748,0.973,0.973,79
1786271940,0.973,0.973,0.9709,0.9725,76
1786272000,0.9725,0.9738,0.9709,0.9712,70
1786272060,0.971,0.9713,0.9694,0.9696,82
1786272120,0.9696,0.9698,0.9669,0.9678,85
1786272180,0.9679,0.9684,0.9675,0.9678,72
1786272240,0.9677,0.9682,0.9664,0.9666,83
1786272300,0.9665,0.9672,0.9655,0.966,84
1786272360,0.9657,0.9676,0.9657,0.9676,86
1786272420,0.9676,0.9691,0.9673,0.968,74
1786272480,0.968,0.9693,0.9672,0.9672,78
1786272540,0.9672,0.9675,0.9648,0.9671,73
1786272600,0.9668,0.9671,0.9642,0.9644,80
1786272660,0.9644,0.9662,0.9644,0.9656,69
1786272720,0.9656,0.9656,0.9622,0.9631,77
1786272780,0.9631,0.9668,0.9628,0.9668,86
1786272840,0.9668,0.9691,0.9668,0.9691,79
1786272900,0.9691,0.9694,0.9672,0.9682,85
1786272960,0.9682,0.9696,0.966,0.9666,85
1786273020,0.967,0.967,0.9649,0.9654,77
1786273080,0.9654,0.9654,0.9614,0.9616,88
1786273140,0.9616,0.9633,0.9616,0.9618,80
1786273200,0.9617,0.9634,0.9615,0.9621,86
1786273260,0.9621,0.9633,0.9618,0.9625,77
1786273320,0.9625,0.9644,0.9618,0.9633,79
1786273380,0.9633,0.9641,0.9617,0.9626,82
1786273440,0.9626,0.9645,0.9622,0.9645,76
1786273500,0.9645,0.9651,0.9629,0.9629,90
1786273560,0.9631,0.9645,0.9623,0.9645,80
1786273620,0.9645,0.9648,0.9611,0.9616,78
1786273680,0.9616,0.9619,0.9599,0.9616,89
1786273740,0.9616,0.9638,0.9613,0.9638,90
1786273800,0.9638,0.9645,0.9629,0.9637,81
1786273860,0.9639,0.9643,0.9631,0.9639,71
1786273920,0.964,0.9689,0.9638,0.9689,76
1786273980,0.9689,0.9711,0.9688,0.9693,79
1786274040,0.9693,0.9694,0.9659,0.966,75
1786274100,0.966,0.9675,0.9648,0.9648,80
1786274160,0.9646,0.9672,0.9642,0.966,83
1786274220,0.9658,0.9665,0.9653,0.9665,84
1786274280,0.9667,0.9681,0.9655,0.9671,78
1786274340,0.9671,0.9671,0.965,0.9654,82
1786274400,0.9656,0.9658,0.9649,0.9655,79
1786274460,0.9654,0.9661,0.9647,0.9652,80
1786274520,0.9652,0.9653,0.9625,0.9625,75
1786274580,0.9625,0.965,0.9625,0.9641,74
1786274640,0.964,0.966,0.9637,0.9649,80
1786274700,0.9649,0.9654,0.9628,0.9642,83
1786274760,0.9642,0.9642,0.9617,0.9621,82
1786274820,0.9621,0.9635,0.9598,0.9604,74
1786274880,0.9604,0.9639,0.9598,0.962,78
1786274940,0.9619,0.9634,0.9606,0.9609,88
1786275000,0.961,0.9626,0.9599,0.9622,81
1786275060,0.9622,0.9624,0.96,0.961,71
1786275120,0.961,0.9613,0.9565,0.9567,73
1786275180,0.9567,0.9574,0.9556,0.9566,77
1786275240,0.9565,0.9598,0.956,0.9579,85
1786275300,0.958,0.9587,0.9571,0.9571,79
1786275360,0.9571,0.9594,0.9558,0.9594,82
1786275420,0.9593,0.9622,0.9593,0.9604,83
1786275480,0.9604,0.9619,0.96,0.961,75
1786275540,0.961,0.9615,0.96,0.9608,79
1786275600,0.9608,0.9618,0.9602,0.9605,77
1786275660,0.9605,0.9614,0.9597,0.9597,80
1786275720,0.9597,0.9605,0.958,0.9593,88
1786275780,0.9593,0.9607,0.9591,0.9604,80
1786275840,0.9604,0.9609,0.9581,0.9585,62
1786275900,0.9585,0.9596,0.958,0.9586,84
1786275960,0.9586,0.9601,0.9575,0.9595,73
1786276020,0.9595,0.9598,0.9583,0.9586,77
1786276080,0.9586,0.9599,0.9569,0.9598,77
1786276140,0.96,0.9605,0.959,0.959,77
1786276200,0.9588,0.9618,0.9588,0.9618,90
1786276260,0.9618,0.962,0.9606,0.9607,72
1786276320,0.9608,0.9621,0.9603,0.9614,79
1786276380,0.9614,0.9621,0.9602,0.9602,71
1786276440,0.9602,0.9624,0.9597,0.9622,79
1786276500,0.9616,0.9618,0.9599,0.9602,78
1786276560,0.9602,0.9607,0.9598,0.9601,84
1786276620,0.9601,0.9613,0.9593,0.9603,77
1786276680,0.9603,0.9626,0.9599,0.9618,84
1786276740,0.9618,0.9635,0.9612,0.9635,85
1786276800,0.9635,0.9644,0.962,0.9632,74
1786276860,0.9632,0.9643,0.963,0.9635,74
1786276920,0.9635,0.9663,0.9632,0.9663,78
1786276980,0.9662,0.9669,0.9654,0.9658,82
1786277040,0.9659,0.9667,0.9653,0.966,88
1786277100,0.966,0.9663,0.9621,0.9631,79
1786277160,0.9631,0.9652,0.9629,0.9646,77
1786277220,0.9647,0.9651,0.9631,0.9647,77
1786277280,0.9646,0.9655,0.9638,0.9648,79
1786277340,0.9648,0.968,0.9648,0.9673,87
1786277400,0.9672,0.9674,0.9641,0.9643,87
1786277460,0.9642,0.9658,0.9642,0.9654,78
1786277520,0.9654,0.9657,0.9632,0.9656,79
1786277580,0.9655,0.9668,0.9644,0.9668,82
1786277640,0.9668,0.9694,0.9668,0.9683,76
1786277700,0.9683,0.9686,0.9674,0.9676,69
1786277760,0.9676,0.9699,0.9659,0.9668,90
1786277820,0.9668,0.969,0.9666,0.9678,75
1786277880,0.9678,0.9702,0.9677,0.9696,75
1786277940,0.9696,0.97,0.9677,0.9698,80
1786278000,0.9698,0.9708,0.9692,0.9692,76
1786278060,0.9692,0.9692,0.9672,0.9688,82
1786278120,0.969,0.9696,0.9672,0.9694,75
1786278180,0.9696,0.9727,0.969,0.9716,86
1786278240,0.9715,0.9735,0.9715,0.9723,77
1786278300,0.9725,0.9737,0.9714,0.9717,77
1786278360,0.9717,0.9722,0.97,0.9715,86
1786278420,0.9714,0.9718,0.9679,0.9679,80
1786278480,0.9678,0.9702,0.9671,0.9689,78
1786278540,0.969,0.9706,0.9688,0.9704,78
1786278600,0.9708,0.9709,0.9671,0.9671,75
1786278660,0.9671,0.9673,0.9635,0.9636,69
1786278720,0.9635,0.9641,0.9629,0.964,82
1786278780,0.9639,0.9652,0.9631,0.9648,77
1786278840,0.9648,0.9654,0.9625,0.9629,83
1786278900,0.9629,0.963,0.9619,0.9625,77
1786278960,0.9625,0.963,0.961,0.9614,79
1786279020,0.9614,0.9619,0.9588,0.9601,93
1786279080,0.9602,0.9607,0.9593,0.9601,68
1786279140,0.9601,0.9609,0.9586,0.9586,78
1786279200,0.9587,0.9605,0.9582,0.9596,86
1786279260,0.9596,0.96,0.9571,0.9575,77
1786279320,0.9575,0.9586,0.9562,0.9563,68
1786279380,0.9563,0.9567,0.9547,0.9563,78
1786279440,0.9563,0.9566,0.9551,0.9562,77
1786279500,0.9562,0.9579,0.9561,0.9576,74
1786279560,0.9576,0.9576,0.9557,0.9561,84
1786279620,0.9561,0.9564,0.9541,0.9553,75
1786279680,0.9559,0.9576,0.955,0.9575,82
1786279740,0.9573,0.9578,0.9562,0.9578,81
1786279800,0.9576,0.9592,0.9574,0.9587,78
1786279860,0.9585,0.959,0.9575,0.9589,85
1786279920,0.9589,0.9595,0.9575,0.9585,90
1786279980,0.9585,0.9601,0.9577,0.9594,74
1786280040,0.9594,0.9617,0.9594,0.961,78
1786280100,0.961,0.9634,0.9609,0.962,93
1786280160,0.9619,0.9629,0.9604,0.9615,79
1786280220,0.9615,0.9629,0.9602,0.9628,73
1786280280,0.9628,0.9642,0.9625,0.9642,72
1786280340,0.9646,0.966,0.9643,0.9657,79
1786280400,0.9657,0.966,0.965,0.9655,77
1786280460,0.9655,0.9662,0.9646,0.9652,84
1786280520,0.9653,0.9664,0.9649,0.9662,83
1786280580,0.9662,0.97,0.9657,0.97,86
1786280640,0.9698,0.9701,0.9679,0.9696,73
1786280700,0.9697,0.9709,0.9697,0.9709,84
1786280760,0.9709,0.9714,0.9699,0.9711,83
1786280820,0.9713,0.9741,0.971,0.9741,71
1786280880,0.9744,0.9753,0.9727,0.975,85
1786280940,0.9749,0.9752,0.9735,0.9735,81
1786281000,0.9735,0.9735,0.971,0.9711,72
1786281060,0.9711,0.9715,0.9699,0.97,90
1786281120,0.97,0.9706,0.9695,0.9701,79
1786281180,0.9701,0.9736,0.9697,0.9734,83
1786281240,0.9732,0.9734,0.9701,0.971,76
1786281300,0.9709,0.973,0.97,0.97,83
1786281360,0.97,0.9706,0.968,0.9702,80
1786281420,0.9702,0.9705,0.9686,0.9695,83
1786281480,0.9695,0.9707,0.9691,0.9698,75
1786281540,0.97,0.9724,0.9695,0.9718,73
1786281600,0.9719,0.9736,0.9713,0.973,82
1786281660,0.9732,0.9738,0.9722,0.9732,85
1786281720,0.9731,0.9736,0.97,0.9701,80
1786281780,0.97,0.9709,0.9684,0.9686,90
1786281840,0.9686,0.9695,0.9675,0.9681,74
1786281900,0.9682,0.9713,0.9682,0.971,80
1786281960,0.971,0.9722,0.9707,0.9719,79
1786282020,0.9719,0.9729,0.9712,0.9728,81
1786282080,0.9728,0.9739,0.9717,0.9726,84
1786282140,0.9726,0.9756,0.9723,0.9742,78
1786282200,0.9742,0.9764,0.9735,0.9762,86
1786282260,0.9761,0.9776,0.9756,0.9776,79
1786282320,0.9776,0.9807,0.9765,0.9805,83
1786282380,0.9805,0.9814,0.9791,0.98,77
1786282440,0.98,0.9801,0.9773,0.9779,78
1786282500,0.9781,0.9781,0.9765,0.9766,81
1786282560,0.9766,0.9769,0.9753,0.9758,81
1786282620,0.9759,0.9791,0.9755,0.9772,81
1786282680,0.9771,0.9783,0.9752,0.977,93
1786282740,0.9769,0.9771,0.9719,0.9719,72
1786282800,0.972,0.975,0.9712,0.9749,85
1786282860,0.9748,0.976,0.9742,0.9743,77
1786282920,0.9741,0.976,0.9735,0.9753,79
1786282980,0.9753,0.9754,0.9736,0.975,82
1786283040,0.975,0.9753,0.9706,0.9709,77
1786283100,0.9709,0.9718,0.9679,0.9684,82
1786283160,0.9684,0.9717,0.968,0.9709,85
1786283220,0.9709,0.9714,0.9692,0.9701,77
1786283280,0.9701,0.972,0.9697,0.972,84
1786283340,0.972,0.9744,0.9711,0.9742,75
1786283400,0.9742,0.9747,0.9731,0.9741,81
1786283460,0.9741,0.976,0.974,0.9749,78
1786283520,0.9748,0.9765,0.9748,0.9763,71
1786283580,0.9763,0.9769,0.9745,0.9756,87
1786283640,0.9757,0.9765,0.9731,0.9733,81
1786283700,0.9733,0.9741,0.9724,0.9725,80
1786283760,0.9719,0.9719,0.9692,0.9696,77
1786283820,0.9696,0.9713,0.9686,0.9713,75
1786283880,0.9713,0.9713,0.97,0.9709,74
1786283940,0.9711,0.9724,0.971,0.9712,84
1786284000,0.9712,0.9721,0.9708,0.9712,82
1786284060,0.9712,0.9731,0.9704,0.9708,83
1786284120,0.9708,0.9708,0.9687,0.969,82
1786284180,0.969,0.9696,0.9676,0.9683,87
1786284240,0.9683,0.9693,0.9676,0.9687,70
1786284300,0.9687,0.9694,0.9678,0.9678,75
1786284360,0.9678,0.9693,0.9675,0.9677,78
1786284420,0.9677,0.9703,0.9676,0.9684,80
1786284480,0.9685,0.9689,0.9659,0.9666,82
1786284540,0.9667,0.968,0.9653,0.9662,81
1786284600,0.9662,0.9669,0.9636,0.9636,65
1786284660,0.9637,0.9648,0.9637,0.9645,81
1786284720,0.9646,0.9657,0.9641,0.9654,83
1786284780,0.9655,0.9672,0.9644,0.9656,79
1786284840,0.966,0.9669,0.9649,0.9649,73
1786284900,0.9649,0.9657,0.9645,0.9654,76
1786284960,0.965,0.9671,0.9638,0.9665,82
1786285020,0.9665,0.9665,0.9639,0.9639,68
1786285080,0.9639,0.964,0.9618,0.9619,80
1786285140,0.9619,0.9632,0.9609,0.9632,78
1786285200,0.9631,0.9645,0.9622,0.9625,86
1786285260,0.9625,0.9646,0.9625,0.9645,76
1786285320,0.9645,0.9645,0.9606,0.9616,81
1786285380,0.9616,0.9623,0.9602,0.9605,75
1786285440,0.9607,0.9609,0.9586,0.9599,84
1786285500,0.9598,0.9609,0.9592,0.9605,76
1786285560,0.9607,0.9629,0.9607,0.9626,77
1786285620,0.9629,0.9641,0.9629,0.9634,72
1786285680,0.9635,0.9649,0.9627,0.9642,81
1786285740,0.964,0.9675,0.9638,0.9666,89
1786285800,0.9667,0.9694,0.9661,0.9694,86
1786285860,0.9693,0.9701,0.9684,0.9689,82
1786285920,0.9687,0.9712,0.9686,0.9703,79
1786285980,0.9702,0.9703,0.9685,0.9687,83
1786286040,0.9687,0.9699,0.968,0.969,87
1786286100,0.9692,0.9718,0.9689,0.9707,80
1786286160,0.9707,0.971,0.9688,0.9688,79
1786286220,0.9688,0.9718,0.9686,0.9718,75
1786286280,0.9718,0.9735,0.9716,0.9719,81
1786286340,0.9719,0.9724,0.9707,0.9715,85
1786286400,0.9715,0.974,0.9713,0.974,74
1786286460,0.974,0.9749,0.9724,0.9741,83
1786286520,0.9741,0.9754,0.974,0.9751,84
1786286580,0.9748,0.9753,0.9735,0.9747,87
1786286640,0.9746,0.9768,0.9743,0.9767,92
1786286700,0.9767,0.978,0.9766,0.9773,80
1786286760,0.9773,0.9829,0.9773,0.9818,83
1786286820,0.9818,0.9825,0.9807,0.981,74
1786286880,0.981,0.9815,0.9798,0.9798,82
1786286940,0.9798,0.9805,0.9781,0.9787,83
1786287000,0.9787,0.9793,0.9774,0.9774,85
1786287060,0.9774,0.9784,0.9749,0.9781,76
1786287120,0.9781,0.9794,0.9769,0.9779,81
1786287180,0.9779,0.9783,0.9745,0.9746,81
1786287240,0.9746,0.9766,0.9738,0.9741,77
1786287300,0.9741,0.9747,0.9717,0.9726,82
1786287360,0.9726,0.9745,0.972,0.9745,70
1786287420,0.9747,0.9765,0.9746,0.9765,81
1786287480,0.9763,0.9779,0.976,0.9768,74
1786287540,0.9767,0.9767,0.9745,0.9752,82
1786287600,0.9752,0.9754,0.9735,0.9742,78
1786287660,0.9743,0.9751,0.9741,0.9746,85
1786287720,0.9747,0.9753,0.9736,0.9737,81
1786287780,0.9736,0.9736,0.9705,0.9715,79
1786287840,0.9715,0.9736,0.9713,0.9732,82
1786287900,0.9733,0.9738,0.9715,0.9721,67
1786287960,0.9721,0.9732,0.9719,0.9727,72
1786288020,0.9728,0.9752,0.9724,0.9746,86
1786288080,0.9745,0.9754,0.9733,0.9737,82
1786288140,0.9737,0.9742,0.9722,0.9722,81
1786288200,0.9722,0.9734,0.9687,0.9691,81
1786288260,0.9691,0.9708,0.9688,0.9702,81
1786288320,0.9702,0.9723,0.9702,0.9718,76
1786288380,0.9718,0.9742,0.9716,0.9742,76
1786288440,0.9742,0.9773,0.9742,0.977,85
1786288500,0.977,0.9771,0.974,0.9758,82
1786288560,0.9758,0.9761,0.9736,0.9737,89
1786288620,0.9737,0.9738,0.9706,0.9708,70
1786288680,0.971,0.9715,0.9694,0.9708,82
1786288740,0.9707,0.9713,0.9694,0.9701,72
1786288800,0.9702,0.971,0.9696,0.97,73
1786288860,0.9701,0.9714,0.9695,0.9701,91
1786288920,0.9701,0.973,0.9701,0.9715,78
1786288980,0.9714,0.9715,0.9693,0.97,77
1786289040,0.9702,0.9716,0.9698,0.9706,87
1786289100,0.9708,0.9724,0.9702,0.9703,85
1786289160,0.9703,0.9725,0.9701,0.9723,77
1786289220,0.9723,0.9727,0.9699,0.9708,82
1786289280,0.9708,0.9712,0.9692,0.9697,82
1786289340,0.9705,0.971,0.9696,0.9702,89
1786289400,0.9702,0.9702,0.9655,0.9656,88
1786289460,0.9656,0.966,0.9641,0.9652,80
1786289520,0.9652,0.9657,0.9627,0.9629,85
1786289580,0.9629,0.9629,0.9604,0.9614,70
1786289640,0.9614,0.9619,0.959,0.9598,80
1786289700,0.9598,0.9601,0.9578,0.958,77
1786289760,0.9581,0.9582,0.9558,0.9578,78
1786289820,0.9577,0.9578,0.9563,0.9565,86
1786289880,0.9565,0.9587,0.9556,0.9557,84
1786289940,0.9559,0.9577,0.9551,0.9577,80
1786290000,0.9576,0.9605,0.9576,0.9593,85
1786290060,0.9592,0.9602,0.9586,0.9598,76
1786290120,0.9598,0.9614,0.9594,0.9611,75
1786290180,0.9611,0.9621,0.9597,0.9598,84
1786290240,0.9598,0.9606,0.9576,0.9587,84
1786290300,0.9587,0.959,0.9561,0.9573,87
1786290360,0.9573,0.9599,0.9573,0.959,76
1786290420,0.959,0.959,0.9569,0.9571,72
1786290480,0.9571,0.9572,0.955,0.9565,83
1786290540,0.9565,0.9583,0.9563,0.9577,77
1786290600,0.9577,0.9591,0.9567,0.9588,75
1786290660,0.9587,0.9588,0.9573,0.9584,84
1786290720,0.9585,0.959,0.9555,0.9561,89
1786290780,0.956,0.9569,0.9554,0.9564,69
1786290840,0.9565,0.9581,0.9565,0.9566,87
1786290900,0.956,0.9566,0.9553,0.9559,79
1786290960,0.9558,0.9569,0.9548,0.9569,78
1786291020,0.9568,0.9594,0.9565,0.9594,87
1786291080,0.9595,0.9601,0.9572,0.958,82
1786291140,0.958,0.9597,0.9577,0.9592,76
1786291200,0.9592,0.9596,0.9583,0.9586,80
1786291260,0.9586,0.9607,0.9586,0.9604,80
1786291320,0.9604,0.9617,0.96,0.96,78
1786291380,0.96,0.9616,0.9585,0.96,79
1786291440,0.96,0.962,0.959,0.9618,83
1786291500,0.9618,0.9638,0.9616,0.9633,81
1786291560,0.963,0.9639,0.9616,0.9617,84
1786291620,0.9619,0.962,0.959,0.9602,81
1786291680,0.9601,0.9602,0.9577,0.9581,74
1786291740,0.9581,0.9585,0.9564,0.9565,90
1786291800,0.9566,0.9566,0.9548,0.9548,81
1786291860,0.9548,0.9554,0.9536,0.9552,77
1786291920,0.9553,0.9566,0.9548,0.9552,84
1786291980,0.9551,0.9563,0.9544,0.9555,71
1786292040,0.9554,0.9561,0.9545,0.9552,86
1786292100,0.9553,0.9553,0.9531,0.9532,78
1786292160,0.9532,0.9553,0.9524,0.9553,74
1786292220,0.9553,0.9556,0.9528,0.9528,83
1786292280,0.9527,0.9527,0.951,0.9515,84
1786292340,0.9515,0.9527,0.9506,0.9519,78
1786292400,0.9519,0.9524,0.9503,0.9524,79
1786292460,0.9524,0.9534,0.9507,0.9508,84
1786292520,0.9509,0.9514,0.9501,0.9512,83
1786292580,0.9511,0.9511,0.949,0.9504,84
1786292640,0.9503,0.9533,0.9491,0.9533,78
1786292700,0.9534,0.9536,0.9524,0.9528,75
1786292760,0.952,0.9539,0.9517,0.9533,81
1786292820,0.9533,0.9537,0.9507,0.9507,79
1786292880,0.9507,0.9507,0.9482,0.949,87
1786292940,0.9489,0.9493,0.9476,0.9484,85
1786293000,0.9485,0.9489,0.9464,0.9474,82
1786293060,0.9474,0.9479,0.9458,0.9459,73
1786293120,0.9461,0.9462,0.9443,0.9448,80
1786293180,0.9448,0.9448,0.9433,0.9435,79
1786293240,0.9435,0.9441,0.9421,0.9426,75
1786293300,0.9426,0.9444,0.9421,0.9439,86
1786293360,0.9439,0.9474,0.9435,0.947,89
1786293420,0.947,0.947,0.9448,0.9457,75
1786293480,0.9457,0.947,0.9454,0.946,77
1786293540,0.946,0.9468,0.9429,0.9431,87
1786293600,0.9433,0.9446,0.9427,0.9446,73
1786293660,0.9447,0.9465,0.9435,0.9461,80
1786293720,0.9462,0.9466,0.9453,0.9463,83
1786293780,0.9462,0.9483,0.9459,0.9479,74
1786293840,0.9478,0.9504,0.9477,0.9504,77
1786293900,0.9502,0.9512,0.9481,0.9492,90
1786293960,0.9491,0.9498,0.9482,0.9495,84
1786294020,0.9495,0.9501,0.9488,0.9492,80
1786294080,0.9494,0.9504,0.9484,0.9498,91
1786294140,0.9498,0.9503,0.9469,0.948,76
1786294200,0.948,0.9481,0.9464,0.9466,82
1786294260,0.9466,0.948,0.9464,0.9478,72
1786294320,0.9478,0.9489,0.945,0.9456,84
1786294380,0.9456,0.9472,0.9449,0.9461,83
1786294440,0.9461,0.9467,0.9448,0.9454,74
1786294500,0.9448,0.946,0.9432,0.9441,81
1786294560,0.9441,0.9456,0.9434,0.9437,82
1786294620,0.9437,0.9462,0.9431,0.9458,84
1786294680,0.9458,0.9458,0.9424,0.9457,86
1786294740,0.9457,0.9457,0.9414,0.9414,75
1786294800,0.9412,0.9431,0.9411,0.9422,82
1786294860,0.9422,0.9424,0.9397,0.9397,82
1786294920,0.9397,0.9409,0.9385,0.939,86
1786294980,0.9392,0.9409,0.9384,0.9404,83
1786295040,0.9405,0.9408,0.9395,0.9404,83
1786295100,0.9404,0.9406,0.938,0.938,77
1786295160,0.938,0.9385,0.9357,0.9362,78
1786295220,0.9362,0.9368,0.9356,0.9365,79
1786295280,0.9365,0.9367,0.9352,0.9367,87
1786295340,0.9367,0.9371,0.9339,0.9344,86
1786295400,0.9344,0.9352,0.9336,0.9346,86
1786295460,0.9343,0.9345,0.9312,0.9315,78
1786295520,0.9315,0.9333,0.9307,0.9333,72
1786295580,0.9334,0.9343,0.9323,0.9328,75
1786295640,0.9328,0.9332,0.9318,0.9328,74
1786295700,0.9328,0.9344,0.9327,0.9335,78
1786295760,0.9336,0.9338,0.9315,0.9317,83
1786295820,0.9317,0.9322,0.93,0.932,71
1786295880,0.9319,0.9325,0.9308,0.9312,86
1786295940,0.9312,0.9343,0.9312,0.9336,84
1786296000,0.9337,0.9337,0.9318,0.9329,70
1786296060,0.9329,0.9341,0.9317,0.9329,76
1786296120,0.9327,0.9348,0.9327,0.9341,80
1786296180,0.9341,0.9385,0.934,0.9383,85
1786296240,0.9383,0.9384,0.9353,0.9357,86
1786296300,0.9357,0.936,0.9344,0.9359,78
1786296360,0.9359,0.9364,0.9333,0.9335,89
1786296420,0.9335,0.9337,0.932,0.9331,74
1786296480,0.933,0.9336,0.9309,0.9336,88
1786296540,0.9337,0.936,0.9334,0.936,82
1786296600,0.936,0.937,0.9351,0.9354,78
1786296660,0.9354,0.9371,0.9349,0.9357,76
1786296720,0.9357,0.9362,0.9342,0.9359,83
1786296780,0.936,0.9366,0.9345,0.936,76
1786296840,0.9359,0.94,0.9359,0.9399,82
1786296900,0.9399,0.9406,0.9388,0.9396,74
1786296960,0.9396,0.9396,0.938,0.939,88
1786297020,0.9391,0.9405,0.9386,0.9392,82
1786297080,0.9393,0.9405,0.9392,0.9396,76
1786297140,0.9397,0.9408,0.9389,0.9406,79
1786297200,0.9406,0.9412,0.9395,0.9403,86
1786297260,0.9403,0.9421,0.938,0.938,80
1786297320,0.938,0.9403,0.9373,0.9395,71
1786297380,0.9395,0.942,0.939,0.9411,73
1786297440,0.9409,0.9412,0.9372,0.9373,84
1786297500,0.9373,0.9375,0.9343,0.9345,72
1786297560,0.9345,0.9366,0.934,0.9354,67
1786297620,0.9355,0.9357,0.9342,0.9347,89
1786297680,0.9347,0.9363,0.9347,0.9358,78
1786297740,0.9359,0.9394,0.9357,0.9394,74
1786297800,0.9394,0.9431,0.9393,0.9431,70
1786297860,0.9431,0.9442,0.9416,0.9422,81
1786297920,0.9421,0.9421,0.9409,0.9411,89
1786297980,0.9411,0.9435,0.9407,0.9431,82
1786298040,0.9434,0.9434,0.9409,0.942,79
1786298100,0.942,0.9441,0.942,0.944,76
1786298160,0.944,0.944,0.9412,0.9431,80
1786298220,0.9431,0.9432,0.9412,0.9421,77
1786298280,0.9421,0.943,0.9403,0.942,79
1786298340,0.942,0.9425,0.9408,0.941,81
1786298400,0.941,0.9426,0.9408,0.9425,83
1786298460,0.9425,0.9429,0.9402,0.9409,78
1786298520,0.9409,0.9425,0.9408,0.9415,87
1786298580,0.9415,0.942,0.9401,0.9402,77
1786298640,0.9402,0.9414,0.9388,0.9392,73
1786298700,0.939,0.9409,0.9383,0.9383,86
1786298760,0.9384,0.9391,0.9378,0.9386,81
1786298820,0.9385,0.9388,0.9369,0.9385,74
1786298880,0.9385,0.9399,0.9382,0.9399,79
1786298940,0.9398,0.942,0.9393,0.9416,70
1786299000,0.9417,0.9441,0.941,0.9439,81
1786299060,0.9437,0.945,0.9429,0.943,81
1786299120,0.9431,0.9454,0.9428,0.9447,83
1786299180,0.9448,0.9452,0.9416,0.942,84
1786299240,0.942,0.9454,0.942,0.9452,76
1786299300,0.9452,0.9462,0.9442,0.9452,77
1786299360,0.945,0.9458,0.9436,0.9455,85
1786299420,0.9454,0.9466,0.9452,0.9462,77
1786299480,0.9462,0.9471,0.9435,0.9437,80
1786299540,0.9437,0.9443,0.942,0.9424,84
1786299600,0.9424,0.9445,0.9424,0.9445,85
1786299660,0.9445,0.9445,0.9414,0.9421,85
1786299720,0.9419,0.9419,0.9395,0.9408,84
1786299780,0.941,0.9418,0.9401,0.9404,76
1786299840,0.9404,0.9415,0.9392,0.9395,87
1786299900,0.9397,0.9406,0.9388,0.9403,86
1786299960,0.9403,0.9403,0.9389,0.9394,77
1786300020,0.9394,0.941,0.9394,0.941,82
1786300080,0.9412,0.9436,0.941,0.943,83
1786300140,0.943,0.9453,0.9429,0.9433,77
1786300200,0.9433,0.9443,0.943,0.9434,79
1786300260,0.944,0.9442,0.9419,0.9439,85
1786300320,0.9439,0.9453,0.9439,0.9452,83
1786300380,0.9452,0.9462,0.944,0.9461,81
1786300440,0.9461,0.9467,0.9452,0.9458,81
1786300500,0.9458,0.9482,0.9455,0.9473,77
1786300560,0.9473,0.9483,0.946,0.9469,86
1786300620,0.9469,0.9477,0.9445,0.9462,79
1786300680,0.9462,0.9467,0.9455,0.9458,78
1786300740,0.946,0.946,0.9438,0.9438,84
1786300800,0.9441,0.9442,0.9427,0.9427,77
1786300860,0.9427,0.9436,0.9418,0.9429,78
1786300920,0.9427,0.9428,0.9408,0.9418,87
1786300980,0.9418,0.9437,0.9412,0.9436,77
1786301040,0.9437,0.9441,0.9429,0.943,78
1786301100,0.943,0.9442,0.9421,0.9421,78
1786301160,0.9421,0.9425,0.9404,0.9414,83
1786301220,0.941,0.9436,0.9406,0.943,83
1786301280,0.943,0.9459,0.943,0.9438,79
1786301340,0.9438,0.9461,0.9431,0.9461,82
1786301400,0.9461,0.9468,0.9443,0.9443,76
1786301460,0.9443,0.945,0.9431,0.9445,75
1786301520,0.9445,0.9447,0.9428,0.9444,89
1786301580,0.9444,0.9463,0.9441,0.9459,80
1786301640,0.9459,0.9461,0.9446,0.9454,84
1786301700,0.9455,0.9467,0.9448,0.9465,84
1786301760,0.9464,0.9468,0.9443,0.9445,73
1786301820,0.9444,0.9452,0.9425,0.9427,76
1786301880,0.9425,0.9447,0.9418,0.9447,80
1786301940,0.9447,0.9462,0.9436,0.9462,69
1786302000,0.946,0.9471,0.9437,0.9442,81
1786302060,0.9443,0.9456,0.9432,0.9453,76
1786302120,0.9453,0.9471,0.9449,0.9469,84
1786302180,0.947,0.9472,0.945,0.9454,87
1786302240,0.9454,0.9472,0.9449,0.9459,81
1786302300,0.9459,0.948,0.9459,0.9468,81
1786302360,0.9469,0.9478,0.9457,0.9462,86
1786302420,0.9462,0.9465,0.9454,0.946,67
1786302480,0.946,0.9495,0.9459,0.9484,88
1786302540,0.9484,0.9501,0.9482,0.9486,78
1786302600,0.9486,0.949,0.9469,0.948,77
1786302660,0.948,0.9487,0.9464,0.9465,83
1786302720,0.9465,0.9485,0.9459,0.9466,80
1786302780,0.9467,0.9469,0.9444,0.9463,85
1786302840,0.9463,0.9469,0.9459,0.9467,82
1786302900,0.9467,0.9489,0.9463,0.9484,80
1786302960,0.9484,0.9488,0.9468,0.9476,68
1786303020,0.9475,0.9483,0.9457,0.9459,76
1786303080,0.946,0.947,0.9448,0.9448,72
1786303140,0.9449,0.947,0.9449,0.9464,82
1786303200,0.9464,0.9483,0.9464,0.9481,79
1786303260,0.9482,0.9493,0.9474,0.9474,82
1786303320,0.9476,0.9481,0.9455,0.9462,84
1786303380,0.9461,0.9461,0.9442,0.9461,86
1786303440,0.9461,0.949,0.9461,0.9484,85
1786303500,0.9484,0.9484,0.946,0.9472,77
1786303560,0.9472,0.9477,0.9462,0.9462,78
1786303620,0.9463,0.9483,0.945,0.9477,83
1786303680,0.9479,0.9484,0.9463,0.9482,80
1786303740,0.9483,0.9497,0.9472,0.9495,83
1786303800,0.9495,0.9501,0.9469,0.9477,79
1786303860,0.9477,0.9521,0.9477,0.9516,81
1786303920,0.9516,0.9538,0.9516,0.9519,90
1786303980,0.9519,0.9536,0.9519,0.9535,81
1786304040,0.9538,0.9558,0.9534,0.9551,82
1786304100,0.9551,0.9553,0.9539,0.9539,75
1786304160,0.9539,0.9564,0.9539,0.9562,83
1786304220,0.9564,0.9564,0.9538,0.955,84
1786304280,0.9551,0.9568,0.9543,0.9543,82
1786304340,0.9543,0.9554,0.9533,0.9533,80
1786304400,0.9533,0.9536,0.9515,0.9524,81
1786304460,0.9522,0.953,0.9509,0.9518,79
1786304520,0.9518,0.9518,0.9492,0.9493,72
1786304580,0.9491,0.9518,0.9487,0.9511,78
1786304640,0.9513,0.9519,0.9507,0.9508,84
1786304700,0.9508,0.9532,0.9505,0.9527,79
1786304760,0.9527,0.9544,0.9521,0.9533,83
1786304820,0.9533,0.9535,0.9515,0.9532,74
1786304880,0.9532,0.9549,0.9532,0.954,76
1786304940,0.954,0.9556,0.953,0.9546,89
1786305000,0.9548,0.9557,0.9535,0.9545,75
1786305060,0.9545,0.9574,0.9544,0.9573,75
1786305120,0.9564,0.9569,0.955,0.9561,86
1786305180,0.9561,0.9586,0.9555,0.9578,84
1786305240,0.9578,0.9585,0.9567,0.9583,80
1786305300,0.9581,0.9585,0.9567,0.9569,80
1786305360,0.957,0.9574,0.9544,0.9548,82
1786305420,0.9546,0.9553,0.9532,0.9545,74
1786305480,0.9545,0.9548,0.9533,0.9538,76
1786305540,0.9538,0.9546,0.9534,0.9534,80
1786305600,0.9534,0.9546,0.952,0.9541,81
1786305660,0.9541,0.9554,0.9536,0.954,86
1786305720,0.954,0.956,0.953,0.956,82
1786305780,0.956,0.957,0.9555,0.9566,89
1786305840,0.9566,0.957,0.9545,0.9557,82
1786305900,0.9557,0.9564,0.9541,0.9551,77
1786305960,0.9551,0.956,0.9542,0.9553,84
1786306020,0.9557,0.9583,0.9556,0.9576,81
1786306080,0.9575,0.9613,0.9575,0.9613,80
1786306140,0.9612,0.9631,0.961,0.9626,79
1786306200,0.9626,0.9648,0.9626,0.9645,80
1786306260,0.9647,0.9663,0.9639,0.9655,80
1786306320,0.9655,0.9691,0.9652,0.9691,76
1786306380,0.9692,0.9698,0.9675,0.9689,85
1786306440,0.9689,0.9696,0.9674,0.968,83
1786306500,0.968,0.9682,0.9666,0.9667,84
1786306560,0.9667,0.9677,0.9667,0.9671,88
1786306620,0.9671,0.9677,0.9658,0.9659,73
1786306680,0.9659,0.9661,0.9634,0.9643,80
1786306740,0.9643,0.9673,0.9641,0.9663,75
1786306800,0.9663,0.9667,0.9643,0.9645,92
1786306860,0.9645,0.9675,0.9645,0.9669,89
1786306920,0.9669,0.9671,0.9653,0.9664,80
1786306980,0.9664,0.969,0.9664,0.9683,75
1786307040,0.9683,0.969,0.9677,0.9681,81
1786307100,0.9681,0.9688,0.9673,0.9688,80
1786307160,0.9688,0.9699,0.9688,0.9689,76
1786307220,0.9689,0.9704,0.9685,0.9699,74
1786307280,0.9699,0.9713,0.9698,0.9704,77
1786307340,0.9704,0.9705,0.9661,0.9661,70
1786307400,0.9661,0.9672,0.9651,0.9653,74
1786307460,0.9653,0.9655,0.9628,0.9644,89
1786307520,0.9644,0.9677,0.9643,0.9673,80
1786307580,0.967,0.968,0.9657,0.9676,84
1786307640,0.9675,0.9693,0.9672,0.9682,81
1786307700,0.9681,0.9683,0.9666,0.9677,71
1786307760,0.9679,0.968,0.9662,0.968,75
1786307820,0.968,0.969,0.9675,0.9682,84
1786307880,0.9682,0.9708,0.9682,0.969,81
1786307940,0.969,0.969,0.9661,0.9664,77
1786308000,0.9664,0.9683,0.9662,0.968,90
1786308060,0.968,0.968,0.9651,0.9657,82
1786308120,0.9655,0.9655,0.9636,0.9645,86
1786308180,0.9645,0.9648,0.9621,0.9622,85
1786308240,0.9622,0.9646,0.9621,0.9636,72
1786308300,0.9636,0.9639,0.9602,0.9616,87
1786308360,0.9617,0.9624,0.9611,0.9611,72
1786308420,0.9611,0.9613,0.9585,0.9588,78
1786308480,0.9588,0.9589,0.9565,0.958,80
1786308540,0.9579,0.9579,0.9546,0.9546,71
1786308600,0.9546,0.9563,0.9546,0.956,77
1786308660,0.956,0.9575,0.9559,0.9572,79
1786308720,0.9573,0.9573,0.9534,0.9535,72
1786308780,0.9534,0.9541,0.9522,0.9528,75
1786308840,0.9528,0.9529,0.9517,0.9521,75
1786308900,0.9521,0.9522,0.9497,0.9499,83
1786308960,0.9499,0.9504,0.9478,0.9489,71
1786309020,0.9492,0.9495,0.9483,0.9484,79
1786309080,0.9484,0.9484,0.945,0.945,79
1786309140,0.945,0.9495,0.9449,0.9494,87
1786309200,0.9494,0.9494,0.9476,0.9485,80
1786309260,0.9485,0.9488,0.9469,0.9473,80
1786309320,0.9473,0.9476,0.9456,0.9462,85
1786309380,0.9464,0.9471,0.9446,0.9462,87
1786309440,0.9463,0.9477,0.9459,0.9468,83
1786309500,0.9466,0.9479,0.9457,0.9467,79
1786309560,0.9467,0.9479,0.9456,0.9461,77
1786309620,0.9462,0.9484,0.946,0.9471,73
1786309680,0.9471,0.9471,0.9447,0.9458,81
1786309740,0.9459,0.9463,0.9448,0.9463,71
1786309800,0.9461,0.9477,0.944,0.9445,79
1786309860,0.9445,0.9445,0.9409,0.9411,71
1786309920,0.9408,0.9415,0.9378,0.9381,74
1786309980,0.9381,0.9395,0.937,0.938,77
1786310040,0.938,0.9405,0.9375,0.9402,79
1786310100,0.9402,0.942,0.9398,0.9419,86
1786310160,0.9419,0.9423,0.9404,0.9412,83
1786310220,0.9412,0.944,0.9401,0.9423,82
1786310280,0.9423,0.9432,0.9417,0.942,69
1786310340,0.942,0.9422,0.9396,0.9397,74
1786310400,0.9398,0.9423,0.9397,0.9418,83
1786310460,0.9418,0.9418,0.9395,0.94,83
1786310520,0.9399,0.9411,0.939,0.9405,82
1786310580,0.9405,0.9405,0.9379,0.9379,83
1786310640,0.9379,0.9388,0.9363,0.9365,75
1786310700,0.9366,0.9388,0.9366,0.9385,88
1786310760,0.9386,0.9389,0.9359,0.9362,82
1786310820,0.936,0.9365,0.9328,0.9332,80
1786310880,0.9332,0.9338,0.9322,0.9333,83
1786310940,0.9332,0.935,0.9325,0.9349,85
1786311000,0.9349,0.9362,0.9346,0.9352,79
1786311060,0.9352,0.9404,0.9352,0.9392,81
1786311120,0.9391,0.9393,0.9368,0.9368,72
1786311180,0.9368,0.937,0.9353,0.9363,72
1786311240,0.9363,0.9376,0.9332,0.9336,76
1786311300,0.9336,0.937,0.9335,0.9362,84
1786311360,0.9362,0.9365,0.9351,0.9357,77
1786311420,0.9357,0.9373,0.9357,0.9368,80
1786311480,0.9369,0.938,0.936,0.9375,75
1786311540,0.9375,0.9383,0.9362,0.9377,74
1786311600,0.9378,0.939,0.9369,0.9381,82
1786311660,0.9381,0.9384,0.9365,0.9365,84
1786311720,0.9366,0.9392,0.9366,0.9382,84
1786311780,0.9379,0.94,0.9378,0.9399,73
1786311840,0.9395,0.9405,0.939,0.9396,80
1786311900,0.9396,0.9432,0.9391,0.9432,77
1786311960,0.9432,0.9438,0.9425,0.9434,79
1786312020,0.9433,0.9439,0.9425,0.9435,80
1786312080,0.9429,0.9434,0.9423,0.9429,88
1786312140,0.9429,0.9429,0.9414,0.9421,81
1786312200,0.9421,0.9449,0.9421,0.9443,77
1786312260,0.9443,0.9458,0.9443,0.9452,87
1786312320,0.9452,0.9473,0.9445,0.9458,87
1786312380,0.9458,0.9469,0.9448,0.9467,78
1786312440,0.947,0.9505,0.947,0.9505,85
1786312500,0.9505,0.951,0.9492,0.9498,76
1786312560,0.9498,0.9511,0.9492,0.9503,75
1786312620,0.95,0.9539,0.95,0.9532,86
1786312680,0.9533,0.9544,0.9527,0.9543,73
1786312740,0.954,0.955,0.9535,0.955,78
1786312800,0.955,0.9565,0.9534,0.9535,83
1786312860,0.9535,0.9536,0.9516,0.9517,76
1786312920,0.9518,0.953,0.951,0.951,75
1786312980,0.9507,0.9529,0.9501,0.9527,78
1786313040,0.9527,0.955,0.9527,0.9541,84
1786313100,0.954,0.9548,0.9516,0.9547,82
1786313160,0.9548,0.9607,0.9542,0.9606,84
1786313220,0.9606,0.9625,0.9596,0.9607,74
1786313280,0.9607,0.9612,0.9597,0.9605,79
1786313340,0.9605,0.9606,0.9573,0.9573,81
1786313400,0.9573,0.9596,0.9567,0.9567,81
1786313460,0.9567,0.9581,0.9567,0.9576,86
1786313520,0.9576,0.9581,0.956,0.9563,87
1786313580,0.9563,0.9588,0.956,0.9584,76
1786313640,0.9585,0.9587,0.957,0.9573,77
1786313700,0.9574,0.9583,0.9556,0.9557,75
1786313760,0.9557,0.9557,0.9513,0.9513,76
1786313820,0.9513,0.9544,0.9513,0.9544,86
1786313880,0.9549,0.9556,0.9528,0.9531,74
1786313940,0.9531,0.9557,0.9525,0.9554,80
1786314000,0.9555,0.9556,0.953,0.9545,84
1786314060,0.9546,0.9546,0.9518,0.9521,87
1786314120,0.952,0.9535,0.9504,0.9504,83
1786314180,0.9503,0.9519,0.9475,0.9484,81
1786314240,0.9484,0.9518,0.9476,0.9516,82
1786314300,0.9516,0.9539,0.9501,0.9538,80
1786314360,0.9538,0.9542,0.9518,0.9526,80
1786314420,0.9526,0.9548,0.9521,0.9543,90
1786314480,0.9543,0.9559,0.954,0.9557,82
1786314540,0.9557,0.9571,0.9551,0.957,75
1786314600,0.9569,0.9577,0.9551,0.9558,80
1786314660,0.9558,0.9566,0.9543,0.9551,82
1786314720,0.9551,0.9566,0.9547,0.9549,82
1786314780,0.9549,0.9549,0.9525,0.9544,80
1786314840,0.9544,0.9545,0.9523,0.9523,82
1786314900,0.9523,0.9548,0.9515,0.9547,79
1786314960,0.9548,0.9554,0.9524,0.9525,87
1786315020,0.9524,0.9538,0.9516,0.9529,83
1786315080,0.953,0.953,0.95,0.9516,84
1786315140,0.9517,0.9518,0.9502,0.9508,83
1786315200,0.9508,0.9514,0.9495,0.9496,83
1786315260,0.9495,0.9495,0.9472,0.9483,83
1786315320,0.9485,0.9496,0.9475,0.9476,76
1786315380,0.9475,0.9496,0.9467,0.9496,81
1786315440,0.9496,0.9509,0.9476,0.948,88
1786315500,0.948,0.9485,0.9465,0.9466,82
1786315560,0.9466,0.9487,0.9465,0.9467,85
1786315620,0.9467,0.9467,0.9434,0.9439,75
1786315680,0.9443,0.9473,0.9439,0.9466,87
1786315740,0.9467,0.9472,0.9457,0.9469,82
1786315800,0.9469,0.9475,0.9426,0.9437,90
1786315860,0.9437,0.9451,0.9432,0.9439,81
1786315920,0.9439,0.9473,0.9432,0.9473,70
1786315980,0.9473,0.9477,0.9468,0.947,76
1786316040,0.9471,0.9488,0.947,0.9481,93
1786316100,0.9481,0.9485,0.9452,0.9468,82
1786316160,0.9468,0.9469,0.9448,0.9454,84
1786316220,0.9453,0.9457,0.9442,0.9448,77
1786316280,0.9448,0.9451,0.9429,0.9442,89
1786316340,0.9442,0.9444,0.9413,0.9413,83
1786316400,0.9414,0.9416,0.9402,0.9415,70
1786316460,0.9415,0.9432,0.9409,0.9416,82
1786316520,0.9416,0.9418,0.9395,0.9399,81
1786316580,0.9399,0.9399,0.937,0.9379,81
1786316640,0.9379,0.9396,0.9371,0.9382,80
1786316700,0.9384,0.9388,0.9367,0.9369,81
1786316760,0.9371,0.9379,0.9348,0.9349,83
1786316820,0.9348,0.935,0.9334,0.9339,92
1786316880,0.934,0.936,0.934,0.9359,85
1786316940,0.9359,0.937,0.9349,0.9349,88
1786317000,0.9349,0.9367,0.9347,0.9362,80
1786317060,0.9362,0.939,0.9362,0.9365,82
1786317120,0.9364,0.939,0.9359,0.9381,74
1786317180,0.9381,0.9394,0.9372,0.9374,91
1786317240,0.9376,0.9388,0.9363,0.9377,86
1786317300,0.9379,0.9394,0.9367,0.9385,75
1786317360,0.9384,0.939,0.9369,0.9377,79
1786317420,0.9378,0.9384,0.9365,0.9369,82
1786317480,0.9367,0.9392,0.9367,0.9382,86
1786317540,0.9382,0.9395,0.9376,0.9378,88
1786317600,0.9378,0.939,0.9371,0.9372,75
1786317660,0.9372,0.9376,0.9345,0.9355,88
1786317720,0.9355,0.9369,0.9352,0.9361,75
1786317780,0.9362,0.9397,0.9361,0.9394,80
1786317840,0.9394,0.9417,0.9392,0.9414,80
1786317900,0.9414,0.9445,0.9412,0.944,84
1786317960,0.944,0.9457,0.9435,0.9457,72
1786318020,0.9457,0.9475,0.9455,0.9469,81
1786318080,0.9469,0.9481,0.9455,0.9458,83
1786318140,0.9459,0.9476,0.9453,0.9476,81
1786318200,0.9472,0.951,0.9471,0.9509,89
1786318260,0.9508,0.9538,0.9507,0.9537,85
1786318320,0.9536,0.9538,0.9524,0.9526,74
1786318380,0.9528,0.9558,0.952,0.9556,81
1786318440,0.9556,0.9558,0.9545,0.9545,81
1786318500,0.9546,0.9554,0.9513,0.9515,76
1786318560,0.9515,0.9517,0.9493,0.9505,78
1786318620,0.9505,0.953,0.9495,0.9522,87
1786318680,0.9522,0.9537,0.9522,0.953,77
1786318740,0.953,0.9562,0.9529,0.9539,82
1786318800,0.9539,0.9577,0.9538,0.9577,79
1786318860,0.9577,0.9584,0.9569,0.9577,80
1786318920,0.9577,0.9597,0.9573,0.959,78
1786318980,0.959,0.9593,0.9574,0.9583,88
1786319040,0.9583,0.9593,0.9566,0.957,77
1786319100,0.9569,0.958,0.9553,0.9576,80
1786319160,0.9575,0.9585,0.9572,0.9572,81
1786319220,0.9572,0.9587,0.9562,0.9569,79
1786319280,0.9569,0.9574,0.9554,0.9556,86
1786319340,0.9556,0.9569,0.9553,0.9562,82
1786319400,0.9562,0.9617,0.9561,0.9617,72
1786319460,0.9617,0.9622,0.9611,0.9613,76
1786319520,0.9614,0.9615,0.959,0.9591,79
1786319580,0.9591,0.9602,0.9588,0.9593,85
1786319640,0.9594,0.96,0.9583,0.959,74
1786319700,0.959,0.9601,0.9577,0.959,79
1786319760,0.9586,0.9603,0.9585,0.9588,81
1786319820,0.9586,0.9607,0.9586,0.9605,81
1786319880,0.9605,0.9625,0.9603,0.9614,86
1786319940,0.9614,0.962,0.9604,0.9613,82
1786320000,0.9613,0.9649,0.9612,0.9638,83
1786320060,0.9638,0.9643,0.9625,0.9641,89
1786320120,0.9643,0.9647,0.9619,0.9634,81
1786320180,0.9634,0.9656,0.9634,0.9656,84
1786320240,0.9657,0.9658,0.9615,0.9615,82
1786320300,0.9615,0.9645,0.9615,0.9634,77
1786320360,0.9633,0.9639,0.9618,0.9622,85
1786320420,0.9623,0.9624,0.958,0.9586,79
1786320480,0.9586,0.9601,0.9577,0.9601,80
1786320540,0.96,0.962,0.96,0.9611,73
1786320600,0.9607,0.9635,0.9599,0.9631,86
1786320660,0.963,0.9638,0.9611,0.9619,85
1786320720,0.962,0.963,0.9607,0.9608,76
1786320780,0.9608,0.962,0.9596,0.9598,78
1786320840,0.9598,0.9599,0.9588,0.9594,73
1786320900,0.9594,0.9596,0.9574,0.9591,87
1786320960,0.9591,0.9602,0.9588,0.9589,71
1786321020,0.9589,0.9606,0.9588,0.9595,77
1786321080,0.9595,0.9619,0.9592,0.9619,78
1786321140,0.9619,0.963,0.9604,0.9626,84
1786321200,0.9624,0.9656,0.9624,0.9643,76
1786321260,0.9643,0.9646,0.9615,0.9621,82
1786321320,0.9619,0.9633,0.9603,0.9612,76
1786321380,0.9612,0.9618,0.9589,0.9617,75
1786321440,0.9617,0.9618,0.9601,0.9607,78
1786321500,0.9606,0.9619,0.9603,0.9612,81
1786321560,0.9612,0.9619,0.9594,0.9619,80
1786321620,0.9618,0.9625,0.9603,0.9609,82
1786321680,0.9609,0.9617,0.9605,0.9612,78
1786321740,0.9612,0.9612,0.9585,0.9586,73
1786321800,0.9587,0.9598,0.9573,0.9579,85
1786321860,0.9579,0.9598,0.9573,0.9573,84
1786321920,0.9574,0.9589,0.9573,0.9573,85
1786321980,0.9573,0.9573,0.9544,0.9544,79
1786322040,0.9544,0.9555,0.954,0.9555,80
1786322100,0.9555,0.9562,0.955,0.9555,71
1786322160,0.9555,0.9586,0.9546,0.958,84
1786322220,0.958,0.9604,0.9578,0.9596,86
1786322280,0.9597,0.9606,0.9577,0.9603,90
1786322340,0.9602,0.9627,0.96,0.9624,74
1786322400,0.9624,0.9636,0.9623,0.9632,82
1786322460,0.9631,0.964,0.9624,0.9634,83
1786322520,0.9633,0.9634,0.962,0.9632,76
1786322580,0.9633,0.9642,0.9619,0.9619,80
1786322640,0.9619,0.9639,0.9614,0.963,78
1786322700,0.9629,0.9658,0.9628,0.9658,82
1786322760,0.9658,0.9678,0.9653,0.9664,83
1786322820,0.9664,0.9704,0.9664,0.9693,80
1786322880,0.9693,0.9693,0.9664,0.9682,71
1786322940,0.9681,0.9683,0.9667,0.9675,73
1786323000,0.9675,0.969,0.966,0.9686,81
1786323060,0.9686,0.9709,0.9685,0.9706,77
1786323120,0.9706,0.9716,0.9699,0.9714,92
1786323180,0.9714,0.973,0.9707,0.971,75
1786323240,0.971,0.9711,0.9689,0.9689,82
1786323300,0.9689,0.9722,0.9688,0.9716,69
1786323360,0.9715,0.9717,0.9684,0.9697,71
1786323420,0.9696,0.9702,0.9691,0.9694,74
1786323480,0.9693,0.9733,0.969,0.973,84
1786323540,0.973,0.9737,0.9709,0.9713,78
1786323600,0.9714,0.9727,0.9707,0.9718,73
1786323660,0.9719,0.9756,0.9715,0.9752,79
1786323720,0.9754,0.9755,0.9729,0.9731,78
1786323780,0.9731,0.9733,0.9715,0.9731,75
1786323840,0.9726,0.9753,0.9722,0.975,84
1786323900,0.975,0.9776,0.9748,0.9771,85
1786323960,0.9779,0.9783,0.9754,0.9757,84
1786324020,0.9757,0.977,0.9742,0.9755,78
1786324080,0.9755,0.9781,0.9755,0.9774,78
1786324140,0.9774,0.9794,0.9772,0.9778,75
1786324200,0.9778,0.9779,0.9763,0.9763,89
1786324260,0.9763,0.9774,0.9752,0.9772,81
1786324320,0.9774,0.9775,0.9737,0.9752,85
1786324380,0.9755,0.9775,0.9747,0.9774,73
1786324440,0.9769,0.9788,0.9759,0.9773,81
1786324500,0.9772,0.9777,0.9747,0.9774,89
1786324560,0.9772,0.9773,0.9753,0.9766,81
1786324620,0.9766,0.9796,0.9766,0.9794,74
1786324680,0.9794,0.9814,0.9793,0.9811,77
1786324740,0.981,0.9814,0.979,0.9791,85
1786324800,0.979,0.9806,0.9783,0.9796,83
1786324860,0.9796,0.9831,0.9793,0.9819,77
1786324920,0.9819,0.9822,0.9795,0.9797,83
1786324980,0.9797,0.9797,0.9771,0.9773,76
1786325040,0.9773,0.9782,0.9763,0.9775,77
1786325100,0.9773,0.9791,0.9762,0.9791,83
1786325160,0.9791,0.9806,0.9787,0.9793,77
1786325220,0.9793,0.981,0.979,0.9793,89
1786325280,0.9793,0.9801,0.9776,0.9781,76
1786325340,0.978,0.9794,0.9761,0.9764,84
1786325400,0.9766,0.9785,0.9759,0.9768,73
1786325460,0.9768,0.9768,0.9743,0.9743,84
1786325520,0.9741,0.9756,0.9735,0.9756,79
1786325580,0.9756,0.9762,0.9732,0.9732,78
1786325640,0.9732,0.9745,0.9726,0.9731,70
1786325700,0.9731,0.9746,0.9717,0.972,86
1786325760,0.972,0.9721,0.9688,0.9693,82
1786325820,0.9693,0.9708,0.9674,0.9682,86
1786325880,0.9682,0.9683,0.9651,0.9653,80
1786325940,0.9651,0.9681,0.965,0.9681,78
1786326000,0.9679,0.9694,0.9676,0.9684,88
1786326060,0.9685,0.9703,0.9675,0.9675,82
1786326120,0.9674,0.969,0.9674,0.9683,67
1786326180,0.9683,0.9697,0.966,0.9662,79
1786326240,0.9662,0.9665,0.9638,0.9638,71
1786326300,0.9638,0.9641,0.9615,0.9618,75
1786326360,0.9617,0.9632,0.9609,0.9631,80
1786326420,0.9632,0.9632,0.9616,0.9623,76
1786326480,0.9623,0.9623,0.9591,0.9591,82
1786326540,0.9591,0.9596,0.9577,0.9583,68
1786326600,0.9583,0.9595,0.9571,0.9582,85
1786326660,0.9582,0.9599,0.9572,0.9597,74
1786326720,0.9597,0.9597,0.9577,0.9585,87
1786326780,0.9585,0.959,0.9571,0.9575,76
1786326840,0.9574,0.9608,0.9574,0.9607,73
1786326900,0.9609,0.9641,0.9608,0.9641,89
1786326960,0.9642,0.9648,0.9632,0.9632,85
1786327020,0.9637,0.965,0.9616,0.9645,79
1786327080,0.9645,0.9666,0.9643,0.9652,72
1786327140,0.9652,0.9657,0.9624,0.9625,83
1786327200,0.9625,0.9639,0.9623,0.9627,72
1786327260,0.9627,0.9633,0.9617,0.9622,77
1786327320,0.9622,0.9628,0.9593,0.9599,81
1786327380,0.96,0.96,0.9557,0.9558,88
1786327440,0.9558,0.9571,0.9548,0.9568,86
1786327500,0.9568,0.9572,0.9542,0.9548,79
1786327560,0.9548,0.9555,0.9535,0.954,82
1786327620,0.954,0.9541,0.9516,0.9516,81
1786327680,0.9517,0.9517,0.9483,0.949,80
1786327740,0.949,0.951,0.9488,0.9507,80
1786327800,0.9508,0.9531,0.9505,0.9518,81
1786327860,0.9517,0.9533,0.9505,0.9533,79
1786327920,0.9538,0.9556,0.9538,0.954,91
1786327980,0.9537,0.9537,0.9509,0.9516,81
1786328040,0.9512,0.9525,0.9508,0.9522,80
1786328100,0.9515,0.9523,0.9498,0.95,73
1786328160,0.9496,0.95,0.9475,0.9486,82
1786328220,0.9486,0.9499,0.9484,0.9499,77
1786328280,0.9499,0.9524,0.9489,0.9491,79
1786328340,0.9494,0.952,0.9493,0.9513,84
1786328400,0.9513,0.9524,0.9492,0.9492,77
1786328460,0.9492,0.9497,0.9481,0.9487,86
1786328520,0.9487,0.9496,0.9481,0.9485,81
1786328580,0.9485,0.9506,0.948,0.9481,76
1786328640,0.9481,0.949,0.947,0.9478,81
1786328700,0.9478,0.9491,0.9459,0.9461,84
1786328760,0.9461,0.9475,0.9461,0.9465,87
1786328820,0.9464,0.9496,0.9464,0.9496,81
1786328880,0.9495,0.9502,0.9486,0.9486,81
1786328940,0.9486,0.9488,0.9469,0.9485,82
1786329000,0.9486,0.9486,0.9436,0.9437,84
1786329060,0.9436,0.9442,0.9419,0.942,75
1786329120,0.942,0.9426,0.94,0.941,77
1786329180,0.941,0.9437,0.9408,0.9434,87
1786329240,0.9434,0.9447,0.9429,0.9441,78
1786329300,0.9438,0.9485,0.9438,0.9479,78
1786329360,0.9478,0.9489,0.9469,0.947,86
1786329420,0.947,0.9483,0.9462,0.9466,78
1786329480,0.9466,0.9477,0.9461,0.9469,74
1786329540,0.9469,0.949,0.9461,0.949,93
1786329600,0.949,0.9494,0.9473,0.9477,68
1786329660,0.9477,0.9487,0.9475,0.9478,82
1786329720,0.9478,0.9502,0.9477,0.9496,81
1786329780,0.9496,0.9496,0.9455,0.9457,89
1786329840,0.9456,0.9462,0.9443,0.9445,79
1786329900,0.9443,0.9443,0.9419,0.9427,75
1786329960,0.9427,0.9434,0.9424,0.9427,75
1786330020,0.9428,0.9459,0.9416,0.945,85
1786330080,0.945,0.9462,0.9442,0.945,79
1786330140,0.945,0.9466,0.9446,0.9462,76
1786330200,0.946,0.9488,0.946,0.9479,78
1786330260,0.9479,0.948,0.9463,0.948,86
1786330320,0.948,0.949,0.9465,0.9484,80
1786330380,0.9485,0.9496,0.9476,0.9491,76
1786330440,0.9492,0.9492,0.9457,0.9462,76
1786330500,0.9462,0.9495,0.9462,0.9484,73
1786330560,0.9484,0.9497,0.9482,0.9484,75
1786330620,0.9484,0.9494,0.9479,0.9487,71
1786330680,0.9487,0.9513,0.9487,0.9511,82
1786330740,0.9511,0.9543,0.9503,0.9534,77
1786330800,0.9534,0.9547,0.9507,0.9508,87
1786330860,0.951,0.9524,0.9491,0.9524,88
1786330920,0.9524,0.9526,0.9498,0.95,88
1786330980,0.9496,0.9498,0.9487,0.9491,75
1786331040,0.949,0.9515,0.9478,0.9515,82
1786331100,0.9515,0.9542,0.9513,0.9536,77
1786331160,0.9536,0.9555,0.953,0.9543,86
1786331220,0.9543,0.9545,0.9518,0.9522,81
1786331280,0.9522,0.9531,0.9515,0.9531,76
1786331340,0.9532,0.9547,0.9529,0.953,77
1786331400,0.953,0.9534,0.9516,0.952,81
1786331460,0.952,0.9538,0.9515,0.9529,82
1786331520,0.9529,0.9548,0.9526,0.9531,81
1786331580,0.9531,0.955,0.9531,0.954,76
1786331640,0.954,0.9541,0.9526,0.9537,82
1786331700,0.9537,0.9552,0.9527,0.9539,85
1786331760,0.9539,0.9545,0.9515,0.9523,83
1786331820,0.9523,0.9525,0.9502,0.9518,85
1786331880,0.9518,0.9531,0.9502,0.9503,76
1786331940,0.9501,0.9509,0.9465,0.9465,76
1786332000,0.9465,0.9469,0.9446,0.9469,70
1786332060,0.9468,0.9488,0.9461,0.9484,81
1786332120,0.9482,0.9497,0.9472,0.9496,82
1786332180,0.9494,0.9498,0.9485,0.949,74
1786332240,0.9491,0.9492,0.9464,0.9464,75
1786332300,0.9463,0.9466,0.9434,0.9436,87
1786332360,0.9434,0.9439,0.9416,0.9437,85
1786332420,0.9437,0.944,0.9408,0.941,68
1786332480,0.9411,0.9417,0.939,0.941,79
1786332540,0.9406,0.9406,0.938,0.9381,87
1786332600,0.9381,0.9381,0.9347,0.9358,88
1786332660,0.9358,0.9371,0.9356,0.9367,76
1786332720,0.9367,0.9391,0.9364,0.9391,73
1786332780,0.9391,0.9417,0.9382,0.9406,82
1786332840,0.9406,0.9406,0.9371,0.9373,80
1786332900,0.9373,0.9375,0.9359,0.9368,85
1786332960,0.9367,0.9372,0.9353,0.9355,79
1786333020,0.9355,0.936,0.9337,0.9351,78
1786333080,0.935,0.9369,0.9339,0.9369,69
1786333140,0.9368,0.9384,0.9359,0.9371,74
1786333200,0.9371,0.9376,0.9361,0.9372,74
1786333260,0.9372,0.9382,0.9363,0.9379,88
1786333320,0.9383,0.9388,0.9373,0.9376,82
1786333380,0.937,0.9391,0.937,0.9391,78
1786333440,0.9393,0.9406,0.9377,0.9392,79
1786333500,0.9392,0.9392,0.9367,0.9374,74
1786333560,0.9377,0.9387,0.9368,0.9377,76
1786333620,0.9378,0.9398,0.9376,0.9384,77
1786333680,0.9384,0.9389,0.9371,0.9381,80
1786333740,0.9381,0.9406,0.9378,0.9405,81
1786333800,0.9405,0.9411,0.9396,0.9397,86
1786333860,0.9397,0.9413,0.9394,0.9396,75
1786333920,0.9396,0.9408,0.939,0.9406,76
1786333980,0.9406,0.9408,0.9381,0.9388,81
1786334040,0.9389,0.9416,0.9382,0.9413,82
1786334100,0.9413,0.9425,0.9382,0.9402,85
1786334160,0.94,0.9414,0.9392,0.9404,79
1786334220,0.9404,0.9424,0.9404,0.9418,85
1786334280,0.9418,0.9424,0.9393,0.9405,86
1786334340,0.9404,0.9413,0.9401,0.9413,75
1786334400,0.9413,0.9421,0.9406,0.9409,85
1786334460,0.9409,0.9427,0.9409,0.9423,70
1786334520,0.9424,0.9433,0.9412,0.9412,83
1786334580,0.9412,0.9421,0.9403,0.941,83
1786334640,0.941,0.944,0.9405,0.9423,76
1786334700,0.9421,0.9439,0.9421,0.9433,79
1786334760,0.9433,0.9463,0.9429,0.9454,83
1786334820,0.9454,0.9471,0.9446,0.947,88
1786334880,0.947,0.9484,0.9455,0.9459,99
1786334940,0.9459,0.9479,0.9455,0.9474,84
1786335000,0.9474,0.9495,0.9469,0.9494,71
1786335060,0.9494,0.9503,0.9476,0.95,78
1786335120,0.95,0.9518,0.949,0.9498,88
1786335180,0.9495,0.9522,0.9492,0.9496,82
1786335240,0.9495,0.9514,0.9495,0.9498,85
1786335300,0.9497,0.9534,0.9497,0.9532,80
1786335360,0.9532,0.955,0.9527,0.9548,79
1786335420,0.9549,0.9553,0.9535,0.9553,81
1786335480,0.955,0.957,0.954,0.9566,84
1786335540,0.9565,0.957,0.9552,0.956,77
1786335600,0.956,0.9592,0.9558,0.9576,81
1786335660,0.9574,0.9602,0.9573,0.9602,78
1786335720,0.9602,0.9602,0.9577,0.9577,81
1786335780,0.9577,0.9584,0.9564,0.9568,85
1786335840,0.9568,0.9574,0.956,0.9571,76
1786335900,0.9571,0.9574,0.9546,0.9563,71
1786335960,0.9563,0.9563,0.9532,0.9541,69
1786336020,0.9541,0.9554,0.9526,0.9553,70
1786336080,0.9554,0.9556,0.9533,0.954,81
1786336140,0.9542,0.9542,0.9499,0.9508,84
1786336200,0.951,0.9527,0.951,0.9527,75
1786336260,0.9528,0.9553,0.9518,0.955,75
1786336320,0.955,0.9571,0.9549,0.9555,74
1786336380,0.9555,0.9561,0.9548,0.956,88
1786336440,0.956,0.957,0.956,0.956,84
1786336500,0.9558,0.9561,0.9547,0.955,79
1786336560,0.955,0.958,0.955,0.9579,83
1786336620,0.958,0.9583,0.9569,0.9569,86
1786336680,0.9569,0.9577,0.9537,0.9549,84
1786336740,0.9549,0.9561,0.9546,0.9557,76
1786336800,0.9557,0.958,0.9556,0.958,80
1786336860,0.958,0.959,0.9564,0.9587,82
1786336920,0.9587,0.9592,0.9583,0.9588,70
1786336980,0.9588,0.959,0.957,0.9571,73
1786337040,0.9571,0.9586,0.9565,0.9579,77
1786337100,0.9578,0.9593,0.957,0.9586,82
1786337160,0.9584,0.9608,0.958,0.9608,76
1786337220,0.9609,0.9612,0.9577,0.9581,74
1786337280,0.9581,0.9591,0.9569,0.9574,87
1786337340,0.9575,0.9632,0.9574,0.9627,83
1786337400,0.9627,0.9641,0.9619,0.9639,88
1786337460,0.9639,0.9652,0.9638,0.9641,93
1786337520,0.9642,0.9664,0.9636,0.9657,82
1786337580,0.9655,0.968,0.9643,0.9679,83
1786337640,0.9677,0.9687,0.9655,0.9656,73
1786337700,0.9656,0.9668,0.964,0.9645,79
1786337760,0.9645,0.966,0.962,0.962,80
1786337820,0.9623,0.9645,0.9621,0.9637,86
1786337880,0.9637,0.9645,0.9631,0.9643,80
1786337940,0.9643,0.9663,0.9637,0.9639,83
1786338000,0.9639,0.965,0.9632,0.9643,77
1786338060,0.9643,0.965,0.9636,0.964,84
1786338120,0.964,0.9642,0.9619,0.9619,79
1786338180,0.9619,0.9625,0.9607,0.9624,72
1786338240,0.9623,0.9631,0.9612,0.9615,77
1786338300,0.9615,0.9625,0.9583,0.9583,92
1786338360,0.9583,0.9612,0.9575,0.961,78
1786338420,0.961,0.9622,0.9604,0.962,75
1786338480,0.962,0.9634,0.9612,0.9613,80
1786338540,0.9613,0.9614,0.9583,0.9598,87
1786338600,0.9599,0.9607,0.959,0.9597,81
1786338660,0.9597,0.9605,0.9579,0.9588,77
1786338720,0.9589,0.9613,0.9587,0.9607,76
1786338780,0.9606,0.963,0.9603,0.9623,74
1786338840,0.9621,0.9621,0.9594,0.9595,77
1786338900,0.9596,0.9612,0.9586,0.9591,72
1786338960,0.9591,0.9594,0.9567,0.9579,80
1786339020,0.9579,0.9589,0.957,0.9589,78
1786339080,0.959,0.9613,0.9585,0.9607,85
1786339140,0.9606,0.9613,0.9597,0.9605,83
1786339200,0.9605,0.9627,0.9602,0.9619,82
1786339260,0.9619,0.9637,0.9617,0.9634,85
1786339320,0.9634,0.9649,0.9633,0.9642,75
1786339380,0.9642,0.9647,0.9619,0.9631,85
1786339440,0.9632,0.9646,0.9614,0.9614,83
1786339500,0.9615,0.9636,0.9611,0.9619,75
1786339560,0.9622,0.9634,0.9607,0.9607,81
1786339620,0.9607,0.9607,0.9581,0.9591,82
1786339680,0.9591,0.9601,0.9583,0.9598,75
1786339740,0.9596,0.9631,0.959,0.963,78
1786339800,0.963,0.9637,0.9623,0.9629,84
1786339860,0.9631,0.9667,0.9629,0.9657,88
1786339920,0.9654,0.9674,0.9637,0.9637,80
1786339980,0.9636,0.9638,0.9622,0.9635,78
1786340040,0.9635,0.9639,0.9593,0.9595,80
1786340100,0.9594,0.961,0.9588,0.9597,77
1786340160,0.96,0.9603,0.9586,0.9589,82
1786340220,0.9589,0.9589,0.9536,0.9547,76
1786340280,0.9547,0.9571,0.9543,0.9544,76
1786340340,0.9544,0.9544,0.9514,0.9522,76
1786340400,0.9525,0.9534,0.9508,0.9529,87
1786340460,0.9529,0.954,0.952,0.9536,81
1786340520,0.9536,0.9562,0.9526,0.9538,79
1786340580,0.9538,0.9541,0.9525,0.9525,72
1786340640,0.9526,0.9528,0.9492,0.9492,81
1786340700,0.9492,0.952,0.9492,0.9502,80
1786340760,0.9503,0.9503,0.9458,0.9465,84
1786340820,0.9467,0.9482,0.9448,0.9475,80
1786340880,0.9475,0.9493,0.9466,0.9489,76
1786340940,0.949,0.949,0.9473,0.9473,76
1786341000,0.9473,0.9488,0.9465,0.9484,74
1786341060,0.9484,0.9518,0.9484,0.9513,84
1786341120,0.9513,0.9536,0.9513,0.9531,85
1786341180,0.9531,0.9547,0.9525,0.9527,68
1786341240,0.9527,0.9534,0.9522,0.9525,70
1786341300,0.9525,0.9526,0.9507,0.951,70
1786341360,0.951,0.9511,0.9489,0.949,71
1786341420,0.9491,0.9496,0.9476,0.9477,89
1786341480,0.9477,0.9482,0.9442,0.9442,78
1786341540,0.9442,0.9445,0.9418,0.9422,86
1786341600,0.9423,0.9441,0.9422,0.9441,74
1786341660,0.9441,0.9453,0.9435,0.9445,76
1786341720,0.9445,0.9445,0.9429,0.9438,79
1786341780,0.9439,0.9457,0.9427,0.9457,82
1786341840,0.9458,0.9472,0.945,0.9453,83
1786341900,0.9453,0.9463,0.9443,0.9463,72
1786341960,0.9463,0.9481,0.9455,0.948,89
1786342020,0.9481,0.9496,0.9474,0.9496,80
1786342080,0.9496,0.9524,0.9495,0.9519,74
1786342140,0.9519,0.9545,0.9513,0.9543,78
1786342200,0.9543,0.9543,0.9522,0.9534,85
1786342260,0.9534,0.9541,0.9507,0.9507,84
1786342320,0.9507,0.9528,0.9502,0.952,89
1786342380,0.9524,0.9541,0.9522,0.9541,87
1786342440,0.9541,0.9574,0.9541,0.9569,82
1786342500,0.9569,0.9569,0.9553,0.9553,76
1786342560,0.9555,0.9557,0.9507,0.9507,82
1786342620,0.9507,0.9507,0.9458,0.9461,88
1786342680,0.9462,0.9503,0.9462,0.9496,82
1786342740,0.9495,0.9498,0.9484,0.949,75
1786342800,0.9491,0.9496,0.948,0.9485,70
1786342860,0.9485,0.9494,0.9472,0.9489,89
1786342920,0.9489,0.95,0.9474,0.9479,77
1786342980,0.9479,0.9479,0.9459,0.9468,75
1786343040,0.9468,0.9476,0.9457,0.9472,79
1786343100,0.9472,0.9499,0.9468,0.9496,77
1786343160,0.9496,0.9499,0.9479,0.9486,85
1786343220,0.9486,0.9509,0.9482,0.9505,73
1786343280,0.9505,0.9528,0.9502,0.952,76
1786343340,0.952,0.9529,0.9512,0.9525,80
1786343400,0.9524,0.9533,0.952,0.9533,69
1786343460,0.9532,0.9539,0.9522,0.9528,80
1786343520,0.9528,0.9545,0.9524,0.9543,70
1786343580,0.9543,0.9548,0.9535,0.9539,72
1786343640,0.9539,0.9563,0.9539,0.9546,76
1786343700,0.9546,0.9547,0.9529,0.9539,75
1786343760,0.9539,0.9564,0.9537,0.955,80
1786343820,0.955,0.9557,0.9525,0.9525,64
1786343880,0.9526,0.9533,0.9514,0.9526,80
1786343940,0.9525,0.9538,0.9522,0.9529,89
1786344000,0.9529,0.9536,0.9515,0.9534,84
1786344060,0.9535,0.9538,0.9513,0.9521,68
1786344120,0.9522,0.9523,0.9512,0.952,80
1786344180,0.952,0.953,0.9515,0.9526,79
1786344240,0.9526,0.9543,0.9524,0.9543,74
1786344300,0.9543,0.9555,0.9539,0.9551,82
1786344360,0.9551,0.9562,0.9543,0.9548,84
1786344420,0.9548,0.9551,0.9541,0.9549,80
1786344480,0.9549,0.9558,0.9544,0.9544,73
1786344540,0.9544,0.9562,0.9541,0.9553,79
1786344600,0.9553,0.9556,0.9537,0.9552,84
1786344660,0.9552,0.9576,0.9552,0.9573,80
1786344720,0.9567,0.9574,0.956,0.9573,86
1786344780,0.9572,0.9582,0.957,0.9575,74
1786344840,0.9575,0.9576,0.9557,0.9565,80
1786344900,0.9566,0.9595,0.9566,0.9595,71
1786344960,0.9595,0.9601,0.9569,0.9601,84
1786345020,0.9601,0.9607,0.958,0.9599,84
1786345080,0.9598,0.962,0.9596,0.9602,83
1786345140,0.9601,0.9611,0.9597,0.9599,84
1786345200,0.9599,0.9607,0.9583,0.9583,63
1786345260,0.9583,0.9588,0.9573,0.9573,69
1786345320,0.9573,0.9575,0.9559,0.9563,87
1786345380,0.9564,0.9568,0.9546,0.9546,82
1786345440,0.9546,0.9548,0.9532,0.954,74
1786345500,0.954,0.9542,0.9525,0.9526,81
1786345560,0.9526,0.953,0.9513,0.9517,78
1786345620,0.9517,0.955,0.9514,0.955,84
1786345680,0.955,0.9564,0.9539,0.9552,89
1786345740,0.9552,0.9553,0.9519,0.9531,78
1786345800,0.9531,0.9535,0.9503,0.9512,88
1786345860,0.9512,0.9523,0.9505,0.9519,74
1786345920,0.9521,0.9546,0.9516,0.9538,74
1786345980,0.9539,0.9539,0.9519,0.9523,80
1786346040,0.9523,0.955,0.9521,0.9544,75
1786346100,0.9544,0.9544,0.9516,0.9516,82
1786346160,0.9516,0.9527,0.951,0.9519,74
1786346220,0.9519,0.9537,0.9517,0.952,80
1786346280,0.952,0.9546,0.952,0.9527,83
1786346340,0.9527,0.9544,0.9521,0.9537,74
1786346400,0.9538,0.9547,0.9533,0.9538,87
1786346460,0.9539,0.9548,0.9521,0.9528,88
1786346520,0.9528,0.9531,0.9504,0.951,82
1786346580,0.951,0.951,0.9492,0.9493,77
1786346640,0.9493,0.9518,0.9479,0.9513,95
1786346700,0.9514,0.952,0.9505,0.9506,90
1786346760,0.9508,0.9538,0.9507,0.9534,75
1786346820,0.9535,0.9545,0.9523,0.9528,80
1786346880,0.9529,0.9538,0.9509,0.9512,78
1786346940,0.9512,0.9523,0.9509,0.9512,82
1786347000,0.9514,0.9518,0.9497,0.9515,77
1786347060,0.9514,0.9526,0.9506,0.9522,90
1786347120,0.9522,0.9534,0.9521,0.9523,78
1786347180,0.9523,0.9527,0.9503,0.9504,82
1786347240,0.9504,0.9514,0.9498,0.9514,72
1786347300,0.9514,0.9529,0.9513,0.9529,80
1786347360,0.953,0.9531,0.9513,0.9518,77
1786347420,0.9518,0.9524,0.9506,0.9508,88
1786347480,0.9508,0.9512,0.9487,0.949,77
1786347540,0.949,0.95,0.9477,0.9481,84
1786347600,0.9481,0.9485,0.946,0.9465,77
1786347660,0.9465,0.9469,0.9459,0.9463,83
1786347720,0.9465,0.9467,0.9447,0.9462,80
1786347780,0.9462,0.9475,0.9459,0.9467,76
1786347840,0.9466,0.9467,0.9445,0.9454,83
1786347900,0.9452,0.9458,0.9423,0.9426,80
1786347960,0.9426,0.9428,0.9398,0.9415,70
1786348020,0.9416,0.9422,0.9399,0.9408,93
1786348080,0.9406,0.9437,0.9406,0.9426,81
1786348140,0.9424,0.9431,0.9392,0.9399,82
1786348200,0.9399,0.9415,0.9389,0.9406,86
1786348260,0.9405,0.9417,0.9396,0.9396,83
1786348320,0.9396,0.9404,0.9375,0.9375,85
1786348380,0.9375,0.9389,0.937,0.9386,84
1786348440,0.9386,0.9398,0.9369,0.9394,93
1786348500,0.9394,0.9406,0.9375,0.9377,84
1786348560,0.9377,0.9396,0.9377,0.9385,77
1786348620,0.9384,0.9392,0.9366,0.9368,72
1786348680,0.9368,0.9387,0.9366,0.9387,80
1786348740,0.9387,0.9391,0.937,0.9375,79
1786348800,0.9376,0.939,0.9365,0.939,79
1786348860,0.939,0.9391,0.9372,0.9381,83
1786348920,0.938,0.9381,0.9363,0.9368,75
1786348980,0.9368,0.9376,0.9354,0.9356,75
1786349040,0.9356,0.936,0.9333,0.9338,76
1786349100,0.9336,0.9339,0.9315,0.932,87
1786349160,0.932,0.9348,0.9316,0.9345,77
1786349220,0.9345,0.935,0.9331,0.9334,76
1786349280,0.9336,0.9338,0.9307,0.9307,83
1786349340,0.9307,0.9317,0.93,0.9308,73
1786349400,0.9308,0.9324,0.9293,0.9296,76
1786349460,0.9296,0.9299,0.928,0.9294,84
1786349520,0.9294,0.9294,0.9266,0.9268,76
1786349580,0.9277,0.9278,0.9263,0.927,77
1786349640,0.927,0.9286,0.9268,0.9282,79
1786349700,0.9282,0.9284,0.9234,0.9235,81
1786349760,0.9243,0.9243,0.9211,0.9213,77
1786349820,0.9213,0.9224,0.9196,0.9196,68
1786349880,0.9196,0.9196,0.918,0.9185,76
1786349940,0.9185,0.919,0.917,0.917,85
1786350000,0.9171,0.9187,0.9166,0.9184,75
1786350060,0.9183,0.9186,0.9159,0.9161,72
1786350120,0.9162,0.9162,0.9115,0.912,80
1786350180,0.9117,0.9141,0.9116,0.9137,79
1786350240,0.9136,0.9152,0.9126,0.9127,83
1786350300,0.9127,0.9139,0.9115,0.9123,70
1786350360,0.9123,0.9135,0.911,0.9133,78
1786350420,0.9133,0.9155,0.9128,0.9146,82
1786350480,0.9148,0.9151,0.9136,0.9145,85
1786350540,0.9145,0.9145,0.913,0.9132,80
1786350600,0.9132,0.9132,0.91,0.9101,75
1786350660,0.9101,0.9114,0.9096,0.9101,84
1786350720,0.9101,0.9107,0.9086,0.9098,83
1786350780,0.9098,0.9103,0.9086,0.9103,79
1786350840,0.9103,0.9104,0.9081,0.9087,86
1786350900,0.9087,0.9098,0.908,0.9096,82
1786350960,0.9095,0.9102,0.9085,0.9102,78
1786351020,0.91,0.911,0.9097,0.911,80
1786351080,0.9111,0.9113,0.9097,0.9112,85
1786351140,0.9112,0.9112,0.9077,0.9094,77
1786351200,0.9094,0.9095,0.908,0.9086,81
1786351260,0.9085,0.909,0.9069,0.9083,81
1786351320,0.9083,0.9111,0.9076,0.9098,83
1786351380,0.9098,0.91,0.9078,0.9093,78
1786351440,0.9093,0.9093,0.9073,0.908,76
1786351500,0.9081,0.9091,0.907,0.9091,73
1786351560,0.9091,0.9092,0.9074,0.9077,78
1786351620,0.9077,0.9098,0.9068,0.9092,76
1786351680,0.9092,0.9098,0.9076,0.9097,78
1786351740,0.9096,0.9105,0.9089,0.9096,77
1786351800,0.9096,0.91,0.9065,0.9072,76
1786351860,0.9072,0.9103,0.9072,0.91,69
1786351920,0.9101,0.913,0.9097,0.9124,87
1786351980,0.9125,0.9152,0.9115,0.915,83
1786352040,0.9149,0.9151,0.9119,0.9134,85
1786352100,0.9133,0.9143,0.9126,0.914,79
1786352160,0.9139,0.9149,0.9119,0.9122,85
1786352220,0.9122,0.9153,0.9121,0.9128,77
1786352280,0.9127,0.9153,0.9124,0.9153,79
1786352340,0.9153,0.9167,0.915,0.9161,85
1786352400,0.9161,0.9208,0.9155,0.9203,82
1786352460,0.9204,0.9214,0.92,0.921,81
1786352520,0.921,0.9242,0.9209,0.9232,84
1786352580,0.9232,0.9246,0.9227,0.9243,79
1786352640,0.9243,0.9243,0.9218,0.9224,80
1786352700,0.9224,0.9244,0.9224,0.9237,85
1786352760,0.9236,0.9239,0.9221,0.9238,83
1786352820,0.9238,0.9256,0.9227,0.9256,86
1786352880,0.9255,0.9262,0.9243,0.9261,72
1786352940,0.9262,0.9283,0.9253,0.9271,76
1786353000,0.9271,0.9307,0.927,0.9304,81
1786353060,0.9306,0.9323,0.9298,0.9322,79
1786353120,0.9319,0.9355,0.9318,0.9351,76
1786353180,0.9356,0.9378,0.935,0.9378,88
1786353240,0.9378,0.9397,0.9372,0.9387,83
1786353300,0.9387,0.9394,0.9382,0.9388,81
1786353360,0.9388,0.9395,0.9379,0.9394,75
1786353420,0.9394,0.9398,0.938,0.9389,84
1786353480,0.9389,0.9419,0.9388,0.9414,82
1786353540,0.9414,0.9438,0.9414,0.9428,81
1786353600,0.9428,0.943,0.9409,0.9418,81
1786353660,0.9418,0.9436,0.9415,0.9436,78
1786353720,0.9435,0.9445,0.9428,0.9433,75
1786353780,0.9432,0.9459,0.9432,0.945,91
1786353840,0.9451,0.9457,0.9425,0.9426,81
1786353900,0.9427,0.9433,0.941,0.9412,81
1786353960,0.9411,0.9427,0.9406,0.9425,80
1786354020,0.9426,0.943,0.941,0.9424,80
1786354080,0.9423,0.9434,0.9421,0.9434,84
1786354140,0.9434,0.9449,0.9421,0.9449,81
1786354200,0.945,0.946,0.9441,0.9457,81
1786354260,0.9457,0.9463,0.9449,0.9452,75
1786354320,0.9452,0.946,0.9445,0.946,78
1786354380,0.946,0.9461,0.9432,0.9438,87
1786354440,0.9438,0.9443,0.9429,0.943,79
1786354500,0.943,0.9437,0.9415,0.9419,80
1786354560,0.9419,0.9422,0.9399,0.9422,85
1786354620,0.9422,0.9461,0.9422,0.9457,76
1786354680,0.9457,0.9461,0.9445,0.9458,84
1786354740,0.9458,0.9463,0.9445,0.9457,78
1786354800,0.9457,0.9463,0.9453,0.9461,71
1786354860,0.9461,0.9477,0.9461,0.9476,76
1786354920,0.9476,0.9498,0.9475,0.9488,83
1786354980,0.9486,0.9486,0.9467,0.9473,82
1786355040,0.9477,0.9492,0.9467,0.9484,85
1786355100,0.9484,0.9493,0.9475,0.9482,89
1786355160,0.9482,0.9482,0.9457,0.9465,71
1786355220,0.9465,0.9465,0.9441,0.9448,82
1786355280,0.9448,0.9479,0.9445,0.9477,79
1786355340,0.9477,0.9499,0.9474,0.9489,84
1786355400,0.9489,0.9491,0.9449,0.9451,81
1786355460,0.9451,0.9475,0.9442,0.9475,75
1786355520,0.9475,0.9483,0.9474,0.9477,82
1786355580,0.9477,0.9496,0.9476,0.9495,82
1786355640,0.9495,0.9495,0.9476,0.9476,79
1786355700,0.9476,0.9488,0.9458,0.9458,79
1786355760,0.9458,0.9474,0.945,0.945,85
1786355820,0.9451,0.9462,0.9451,0.9459,87
1786355880,0.9459,0.9476,0.945,0.945,74
1786355940,0.945,0.9474,0.944,0.9472,77
1786356000,0.9472,0.9472,0.9453,0.9467,72
1786356060,0.9467,0.9467,0.9453,0.946,71
1786356120,0.9462,0.9495,0.9462,0.9494,76
1786356180,0.9495,0.9499,0.9474,0.9476,79
1786356240,0.9476,0.95,0.9475,0.95,81
1786356300,0.9501,0.9522,0.9498,0.9511,78
1786356360,0.951,0.9516,0.949,0.9491,81
1786356420,0.9491,0.9493,0.9473,0.948,81
1786356480,0.948,0.9515,0.948,0.9511,75
1786356540,0.9511,0.952,0.9483,0.9485,77
1786356600,0.9485,0.9492,0.9476,0.9488,92
1786356660,0.9493,0.9509,0.9489,0.9493,80
1786356720,0.9493,0.9498,0.9478,0.9484,78
1786356780,0.9482,0.9507,0.9474,0.9505,77
1786356840,0.9504,0.9508,0.9491,0.9508,82
1786356900,0.9508,0.9513,0.949,0.9509,79
1786356960,0.9509,0.9517,0.9499,0.9504,84
1786357020,0.9499,0.9502,0.9469,0.9469,77
1786357080,0.9469,0.9469,0.9442,0.9456,77
1786357140,0.9453,0.948,0.9452,0.9468,83
1786357200,0.9468,0.9476,0.9431,0.9445,88
1786357260,0.9445,0.9453,0.9431,0.9453,84
1786357320,0.9454,0.9454,0.9423,0.9424,77
1786357380,0.9425,0.944,0.942,0.944,87
1786357440,0.944,0.9442,0.9429,0.9433,78
1786357500,0.9433,0.9459,0.9425,0.9457,74
1786357560,0.9457,0.9467,0.9441,0.9466,81
1786357620,0.9466,0.9503,0.9465,0.9501,77
1786357680,0.9493,0.9505,0.9484,0.9489,80
1786357740,0.9489,0.9492,0.9471,0.948,67
1786357800,0.948,0.951,0.9479,0.9506,82
1786357860,0.9506,0.9512,0.9489,0.9489,90
1786357920,0.9491,0.9504,0.9482,0.9503,83
1786357980,0.95,0.9529,0.9496,0.9524,84
1786358040,0.9524,0.9529,0.9518,0.9524,72
1786358100,0.9524,0.953,0.951,0.9514,82
1786358160,0.9516,0.9524,0.9502,0.9502,79
1786358220,0.9501,0.9512,0.9497,0.9498,76
1786358280,0.9499,0.9508,0.9484,0.9488,88
1786358340,0.9488,0.9509,0.9486,0.9498,77
1786358400,0.9499,0.951,0.9495,0.9503,79
1786358460,0.9503,0.9518,0.9482,0.9517,73
1786358520,0.9517,0.9535,0.9517,0.9528,79
1786358580,0.9528,0.9535,0.9518,0.9532,76
1786358640,0.9532,0.9536,0.9516,0.9527,74
1786358700,0.9527,0.9541,0.9525,0.9529,75
1786358760,0.9529,0.955,0.9529,0.9547,84
1786358820,0.9547,0.9568,0.9539,0.9548,78
1786358880,0.9549,0.9568,0.9544,0.9566,81
1786358940,0.9569,0.9577,0.9549,0.9551,80
1786359000,0.9551,0.9585,0.9551,0.9583,85
1786359060,0.9581,0.9586,0.9568,0.9578,82
1786359120,0.9577,0.9595,0.9571,0.9582,80
1786359180,0.9582,0.9594,0.958,0.9585,79
1786359240,0.9585,0.9588,0.9558,0.9566,72
1786359300,0.9566,0.957,0.9556,0.9559,76
1786359360,0.9559,0.9566,0.9529,0.9529,90
1786359420,0.9528,0.9535,0.9507,0.9508,81
1786359480,0.9504,0.9523,0.9501,0.9511,86
1786359540,0.951,0.9516,0.9494,0.9505,92
1786359600,0.9505,0.9515,0.9498,0.9505,81
1786359660,0.9505,0.9514,0.9498,0.9514,79
1786359720,0.9514,0.9558,0.9511,0.9558,76
1786359780,0.9558,0.9568,0.9545,0.9559,87
1786359840,0.9558,0.9565,0.9545,0.9556,78
1786359900,0.9556,0.9579,0.9556,0.9562,87
1786359960,0.9563,0.957,0.9551,0.9562,81
1786360020,0.956,0.9582,0.956,0.958,84
1786360080,0.958,0.9582,0.9558,0.9573,71
1786360140,0.9573,0.9592,0.9573,0.9588,76
1786360200,0.9588,0.96,0.9588,0.9596,76
1786360260,0.9595,0.9598,0.9561,0.9561,86
1786360320,0.9566,0.9573,0.9561,0.9568,83
1786360380,0.9568,0.9604,0.955,0.9604,79
1786360440,0.9602,0.9614,0.9602,0.9612,74
1786360500,0.9612,0.9612,0.9594,0.9594,80
1786360560,0.9595,0.9616,0.9595,0.9609,83
1786360620,0.9609,0.9638,0.9601,0.9628,86
1786360680,0.9628,0.9638,0.9625,0.9631,76
1786360740,0.9631,0.9633,0.9624,0.9626,80
1786360800,0.9627,0.9627,0.96,0.9621,77
1786360860,0.9619,0.9625,0.9611,0.9619,79
1786360920,0.962,0.9624,0.9606,0.9619,75
1786360980,0.9619,0.9632,0.9604,0.963,87
1786361040,0.963,0.9653,0.963,0.9644,82
1786361100,0.9645,0.9664,0.9645,0.9657,88
1786361160,0.9657,0.9671,0.965,0.9671,71
1786361220,0.967,0.9672,0.9656,0.9665,81
1786361280,0.9664,0.9669,0.9637,0.9638,74
1786361340,0.9636,0.9637,0.9601,0.9603,75
1786361400,0.9603,0.9611,0.9593,0.961,84
1786361460,0.9611,0.9617,0.9603,0.9603,78
1786361520,0.9603,0.9609,0.9595,0.9607,78
1786361580,0.9607,0.963,0.96,0.9628,83
1786361640,0.9628,0.967,0.961,0.9666,90
1786361700,0.9666,0.9678,0.9652,0.9675,80
1786361760,0.9675,0.968,0.9656,0.9666,77
1786361820,0.9667,0.9672,0.9652,0.9653,82
1786361880,0.9653,0.9659,0.9646,0.9646,79
1786361940,0.9645,0.9666,0.9629,0.9654,83
1786362000,0.9652,0.9654,0.9632,0.9648,77
1786362060,0.9648,0.9698,0.9647,0.9698,76
1786362120,0.9698,0.9717,0.9687,0.9699,76
1786362180,0.9697,0.9706,0.969,0.969,72
1786362240,0.969,0.9706,0.9682,0.9698,73
1786362300,0.9698,0.97,0.968,0.968,72
1786362360,0.9679,0.9699,0.9678,0.9689,80
1786362420,0.969,0.9716,0.969,0.9705,76
1786362480,0.9705,0.9705,0.9679,0.9686,84
1786362540,0.9686,0.97,0.9683,0.9693,86
1786362600,0.9693,0.9695,0.9668,0.9668,77
1786362660,0.9668,0.9668,0.9624,0.9627,85
1786362720,0.9627,0.9628,0.9597,0.9607,90
1786362780,0.9607,0.9619,0.9606,0.9615,83
1786362840,0.9615,0.9627,0.961,0.9618,83
1786362900,0.9619,0.9621,0.9601,0.9612,88
1786362960,0.961,0.9614,0.9596,0.9603,75
1786363020,0.9603,0.9605,0.9556,0.9565,86
1786363080,0.9565,0.9565,0.9539,0.9545,80
1786363140,0.9544,0.9561,0.9541,0.9556,91
1786363200,0.9551,0.9575,0.9549,0.9574,83
1786363260,0.9574,0.9576,0.9558,0.9561,75
1786363320,0.956,0.9567,0.9557,0.9563,82
1786363380,0.956,0.9573,0.9546,0.9565,91
1786363440,0.9566,0.9575,0.9563,0.9567,82
1786363500,0.9567,0.9596,0.9566,0.9572,76
1786363560,0.9572,0.9606,0.9567,0.9606,75
1786363620,0.9606,0.9613,0.9594,0.9596,79
1786363680,0.9596,0.9613,0.9594,0.9604,81
1786363740,0.9604,0.9624,0.9598,0.9618,84
1786363800,0.9617,0.9637,0.961,0.9631,74
1786363860,0.9633,0.9646,0.9622,0.9627,77
1786363920,0.9627,0.9639,0.9626,0.9631,72
1786363980,0.9631,0.9649,0.9628,0.9649,74
1786364040,0.9649,0.9649,0.962,0.9623,78
1786364100,0.9623,0.9636,0.9598,0.96,84
1786364160,0.96,0.9608,0.9592,0.9593,83
1786364220,0.9595,0.9604,0.9579,0.9579,89
1786364280,0.9579,0.9584,0.9565,0.9582,77
1786364340,0.9582,0.9586,0.9565,0.9581,82
1786364400,0.9581,0.9593,0.9577,0.9588,81
1786364460,0.9587,0.9606,0.9585,0.9602,83
1786364520,0.96,0.9602,0.957,0.9576,73
1786364580,0.9576,0.9589,0.9566,0.9567,83
1786364640,0.9567,0.9593,0.9567,0.9588,77
1786364700,0.9588,0.9595,0.9567,0.9582,80
1786364760,0.9582,0.9586,0.9574,0.9584,80
1786364820,0.9584,0.9603,0.958,0.9583,76
1786364880,0.9584,0.959,0.9571,0.9588,84
1786364940,0.9589,0.9618,0.9587,0.9614,78
1786365000,0.9612,0.9614,0.9581,0.9587,80
1786365060,0.9587,0.9591,0.9554,0.9557,80
1786365120,0.9557,0.9561,0.9538,0.954,81
1786365180,0.9539,0.9567,0.9539,0.9559,77
1786365240,0.9559,0.956,0.9521,0.9524,63
1786365300,0.9524,0.9526,0.951,0.9523,71
1786365360,0.9523,0.9533,0.9518,0.9532,74
1786365420,0.9531,0.9543,0.9528,0.9542,82
1786365480,0.9543,0.9551,0.9529,0.9541,80
1786365540,0.9541,0.956,0.9541,0.9554,72
1786365600,0.9554,0.9554,0.9495,0.9508,80
1786365660,0.9508,0.9527,0.95,0.9512,87
1786365720,0.9512,0.9512,0.9489,0.9494,80
1786365780,0.9495,0.9519,0.9495,0.9505,79
1786365840,0.9505,0.9527,0.9505,0.9517,76
1786365900,0.9517,0.9528,0.9513,0.9517,86
1786365960,0.9517,0.9518,0.9495,0.9495,77
1786366020,0.9495,0.9507,0.9481,0.949,82
1786366080,0.949,0.9491,0.9472,0.9489,78
1786366140,0.949,0.9515,0.9478,0.9514,83
1786366200,0.9514,0.9521,0.95,0.9513,77
1786366260,0.9509,0.9536,0.9507,0.9533,77
1786366320,0.9533,0.9552,0.9532,0.9539,85
1786366380,0.9537,0.9539,0.951,0.9522,83
1786366440,0.9523,0.9538,0.9523,0.9538,88
1786366500,0.9539,0.9582,0.9534,0.9582,84
1786366560,0.9579,0.9587,0.9566,0.9575,86
1786366620,0.9575,0.9581,0.9568,0.9574,71
1786366680,0.9574,0.9587,0.9565,0.9586,79
1786366740,0.9588,0.9589,0.9576,0.9582,79
1786366800,0.958,0.9582,0.956,0.9572,83
1786366860,0.9572,0.9572,0.9541,0.9551,83
1786366920,0.9551,0.9579,0.9551,0.9578,73
1786366980,0.9578,0.9585,0.9569,0.9569,74
1786367040,0.9569,0.9576,0.9559,0.9561,78
1786367100,0.9561,0.9574,0.9545,0.9553,78
1786367160,0.9553,0.9564,0.9545,0.9562,84
1786367220,0.9562,0.9571,0.9558,0.9558,74
1786367280,0.9557,0.9574,0.9557,0.9568,75
1786367340,0.9568,0.9596,0.9568,0.9591,79
1786367400,0.9593,0.9603,0.9593,0.9603,86
1786367460,0.9602,0.9604,0.9575,0.9585,80
1786367520,0.9583,0.9592,0.9579,0.9584,84
1786367580,0.9585,0.9611,0.9583,0.9611,73
1786367640,0.9611,0.9623,0.9599,0.9602,85
1786367700,0.9602,0.9612,0.9595,0.9601,80
1786367760,0.9601,0.9621,0.9599,0.9608,75
1786367820,0.9608,0.9608,0.9589,0.9607,82
1786367880,0.9607,0.9626,0.9606,0.9613,82
1786367940,0.9613,0.9617,0.9585,0.9597,72
1786368000,0.9598,0.9598,0.9587,0.9596,79
1786368060,0.9595,0.9595,0.9577,0.958,87
1786368120,0.9581,0.9592,0.9573,0.959,80
1786368180,0.9591,0.9591,0.9575,0.959,86
1786368240,0.959,0.9596,0.9577,0.9578,84
1786368300,0.9578,0.958,0.9568,0.9573,75
1786368360,0.9572,0.9575,0.9555,0.9563,86
1786368420,0.9564,0.9584,0.9555,0.9574,84
1786368480,0.9576,0.9595,0.9571,0.9576,77
1786368540,0.9576,0.9589,0.9567,0.9568,87
1786368600,0.9568,0.9571,0.9554,0.9556,81
1786368660,0.9556,0.9569,0.9541,0.9543,67
1786368720,0.9543,0.9565,0.9542,0.956,77
1786368780,0.956,0.9564,0.9541,0.9551,86
1786368840,0.9551,0.9576,0.9544,0.9544,76
1786368900,0.9544,0.9556,0.9529,0.9531,83
1786368960,0.9532,0.9537,0.9521,0.9521,87
1786369020,0.952,0.9529,0.9513,0.9515,77
1786369080,0.9515,0.9518,0.9491,0.9499,75
1786369140,0.9497,0.9497,0.9476,0.9491,82
1786369200,0.9491,0.9493,0.9478,0.9483,81
1786369260,0.9485,0.9486,0.9465,0.9469,72
1786369320,0.947,0.9527,0.947,0.9518,75
1786369380,0.9519,0.9545,0.9518,0.9545,79
1786369440,0.9549,0.9549,0.9528,0.9533,84
1786369500,0.9533,0.9545,0.9502,0.9502,74
1786369560,0.9504,0.9518,0.9484,0.9484,68
1786369620,0.9488,0.9495,0.9476,0.9493,73
1786369680,0.9494,0.9498,0.9469,0.9487,81
1786369740,0.9487,0.9504,0.9484,0.9488,86
1786369800,0.9488,0.9497,0.9476,0.9484,78
1786369860,0.9484,0.95,0.9484,0.9493,77
1786369920,0.9493,0.9521,0.9491,0.9515,77
1786369980,0.9516,0.9516,0.9501,0.9513,84
1786370040,0.9514,0.9519,0.9498,0.9514,78
1786370100,0.9514,0.9522,0.9506,0.9506,74
1786370160,0.9506,0.9521,0.9501,0.951,70
1786370220,0.951,0.9529,0.9508,0.9526,82
1786370280,0.9526,0.9526,0.9504,0.9516,75
1786370340,0.9516,0.9535,0.951,0.9527,89
1786370400,0.9527,0.9563,0.9523,0.9563,80
1786370460,0.9561,0.9562,0.9538,0.9538,84
1786370520,0.9536,0.9536,0.9512,0.9514,82
1786370580,0.9513,0.9513,0.9496,0.9513,75
1786370640,0.9513,0.9523,0.9505,0.9508,75
1786370700,0.9509,0.9515,0.9502,0.9508,89
1786370760,0.9508,0.951,0.9479,0.9505,80
1786370820,0.9505,0.9509,0.9488,0.949,70
1786370880,0.949,0.9496,0.9478,0.9488,87
1786370940,0.9488,0.9489,0.947,0.9478,80
1786371000,0.9481,0.949,0.9477,0.9487,84
1786371060,0.9486,0.9518,0.9486,0.9518,74
1786371120,0.9519,0.9526,0.9508,0.952,81
1786371180,0.952,0.9533,0.9514,0.9515,80
1786371240,0.9515,0.9535,0.9514,0.9527,81
1786371300,0.9532,0.9559,0.9527,0.9557,82
1786371360,0.9556,0.9565,0.9544,0.9556,78
1786371420,0.9554,0.9572,0.955,0.9572,77
1786371480,0.9572,0.9575,0.9555,0.9557,72
1786371540,0.9558,0.957,0.9547,0.9556,82
1786371600,0.9556,0.9562,0.9538,0.9548,82
1786371660,0.9547,0.9577,0.9546,0.9576,71
1786371720,0.9576,0.9584,0.9558,0.9563,85
1786371780,0.9563,0.9571,0.9545,0.9551,82
1786371840,0.9551,0.9571,0.9551,0.9563,77
1786371900,0.9563,0.9565,0.9518,0.9519,69
1786371960,0.9519,0.9522,0.9509,0.9509,75
1786372020,0.9509,0.9539,0.9508,0.9518,88
1786372080,0.9518,0.9542,0.9516,0.9528,82
1786372140,0.9528,0.9543,0.9516,0.9542,85
1786372200,0.9542,0.9543,0.9521,0.9525,67
1786372260,0.9525,0.9535,0.9512,0.9515,74
1786372320,0.9515,0.9544,0.9514,0.9532,83
1786372380,0.9533,0.9534,0.9515,0.9527,80
1786372440,0.9528,0.9528,0.9515,0.9516,86
1786372500,0.9516,0.9516,0.9482,0.9485,83
1786372560,0.9484,0.9487,0.9469,0.9478,88
1786372620,0.9477,0.9478,0.9456,0.9458,79
1786372680,0.9456,0.9471,0.9452,0.9452,79
1786372740,0.9452,0.9452,0.9425,0.9427,86
1786372800,0.9427,0.9436,0.9419,0.9423,83
1786372860,0.9426,0.9428,0.9409,0.9412,83
1786372920,0.9412,0.9432,0.9399,0.9428,77
1786372980,0.9428,0.9436,0.9417,0.9433,78
1786373040,0.9433,0.9453,0.9432,0.9444,91
1786373100,0.9444,0.9446,0.943,0.9436,78
1786373160,0.9437,0.9452,0.943,0.9448,82
1786373220,0.9449,0.9451,0.9428,0.9433,76
1786373280,0.9433,0.9435,0.9412,0.9416,76
1786373340,0.9415,0.9434,0.9415,0.9428,73
1786373400,0.9429,0.9429,0.9416,0.942,71
1786373460,0.9418,0.9424,0.9399,0.9405,79
1786373520,0.9405,0.9407,0.9386,0.9403,83
1786373580,0.9403,0.9413,0.9395,0.9403,75
1786373640,0.9404,0.9406,0.9387,0.9395,81
1786373700,0.9394,0.9408,0.9386,0.9399,76
1786373760,0.9399,0.94,0.938,0.9391,76
1786373820,0.9391,0.9413,0.9391,0.9409,83
1786373880,0.9408,0.9422,0.9402,0.9408,74
1786373940,0.9408,0.9414,0.9382,0.9382,88
1786374000,0.9382,0.9387,0.9378,0.9387,89
1786374060,0.9387,0.9401,0.938,0.9392,75
1786374120,0.9392,0.9405,0.9386,0.9399,78
1786374180,0.94,0.9431,0.9399,0.9402,81
1786374240,0.9405,0.9414,0.9382,0.9395,85
1786374300,0.9395,0.9409,0.9388,0.9409,81
1786374360,0.9409,0.9438,0.9409,0.943,79
1786374420,0.9429,0.943,0.9402,0.9414,77
1786374480,0.9414,0.9431,0.9412,0.9415,86
1786374540,0.9415,0.9448,0.9412,0.9441,76
1786374600,0.9441,0.9442,0.9417,0.9417,73
1786374660,0.9418,0.9441,0.9418,0.9429,97
1786374720,0.9429,0.9433,0.9416,0.9423,70
1786374780,0.9425,0.9429,0.9409,0.941,84
1786374840,0.941,0.9432,0.941,0.943,78
1786374900,0.943,0.9441,0.9425,0.9438,73
1786374960,0.9438,0.9473,0.9438,0.9461,86
1786375020,0.9461,0.9483,0.9455,0.9479,79
1786375080,0.9479,0.9482,0.9443,0.9448,77
1786375140,0.9449,0.9462,0.9445,0.9456,78
1786375200,0.9454,0.9466,0.9454,0.9461,82
1786375260,0.946,0.9474,0.9455,0.9464,69
1786375320,0.9464,0.9465,0.9446,0.9446,68
1786375380,0.9445,0.9446,0.9431,0.9435,84
1786375440,0.9433,0.9442,0.942,0.942,77
1786375500,0.9421,0.9434,0.941,0.9429,76
1786375560,0.9429,0.9443,0.9428,0.9433,87
1786375620,0.9432,0.9432,0.9413,0.9429,81
1786375680,0.9429,0.943,0.9397,0.9398,76
1786375740,0.9398,0.9406,0.9384,0.9384,81
1786375800,0.9384,0.942,0.938,0.942,77
1786375860,0.942,0.9448,0.942,0.943,73
1786375920,0.943,0.9444,0.9426,0.9441,86
1786375980,0.9441,0.9443,0.9429,0.9437,72
1786376040,0.9437,0.9457,0.9437,0.9457,74
1786376100,0.9457,0.946,0.9447,0.9452,78
1786376160,0.9452,0.9452,0.9432,0.945,88
1786376220,0.9452,0.9467,0.9439,0.9456,81
1786376280,0.9457,0.9465,0.942,0.942,73
1786376340,0.9419,0.9423,0.9368,0.9369,80
1786376400,0.9369,0.9403,0.9369,0.9402,72
1786376460,0.9402,0.9421,0.9399,0.9406,80
1786376520,0.9403,0.9432,0.94,0.9426,76
1786376580,0.9427,0.9448,0.9422,0.9448,80
1786376640,0.9443,0.9469,0.9443,0.9467,74
1786376700,0.947,0.9472,0.9455,0.9459,66
1786376760,0.9459,0.9459,0.9424,0.943,81
1786376820,0.943,0.9432,0.9399,0.9399,79
1786376880,0.9399,0.9401,0.9379,0.9393,79
1786376940,0.9393,0.9397,0.9372,0.9381,82
1786377000,0.9381,0.9382,0.9368,0.937,75
1786377060,0.937,0.938,0.9362,0.9363,72
1786377120,0.9363,0.9377,0.9358,0.9373,85
1786377180,0.9378,0.9396,0.9378,0.9386,74
1786377240,0.9385,0.9385,0.9366,0.9382,82
1786377300,0.9381,0.9395,0.9377,0.9389,72
1786377360,0.939,0.9402,0.9373,0.9401,90
1786377420,0.9401,0.943,0.9401,0.9429,82
1786377480,0.9426,0.9442,0.9426,0.9434,82
1786377540,0.9433,0.9446,0.9424,0.9425,73
1786377600,0.9424,0.9456,0.9424,0.9441,80
1786377660,0.9443,0.9463,0.9439,0.9462,77
1786377720,0.9462,0.9488,0.9458,0.9484,86
1786377780,0.9484,0.9485,0.9456,0.947,69
1786377840,0.947,0.9494,0.9461,0.9494,79
1786377900,0.9494,0.9499,0.9479,0.9489,79
1786377960,0.9489,0.9498,0.9488,0.9491,78
1786378020,0.9491,0.9517,0.9491,0.9504,86
1786378080,0.9506,0.9542,0.9506,0.9537,90
1786378140,0.9537,0.9547,0.9527,0.9544,73
1786378200,0.9544,0.9551,0.952,0.954,72
1786378260,0.954,0.954,0.9527,0.9538,85
1786378320,0.9538,0.9539,0.9521,0.9534,79
1786378380,0.9533,0.9552,0.9533,0.9551,86
1786378440,0.9552,0.9556,0.9533,0.9546,85
1786378500,0.9547,0.9576,0.9539,0.9573,76
1786378560,0.9571,0.9583,0.9566,0.9572,79
1786378620,0.9571,0.9581,0.9542,0.9542,88
1786378680,0.9541,0.9547,0.9535,0.9539,82
1786378740,0.9541,0.9541,0.9504,0.9506,75
1786378800,0.9506,0.9506,0.9472,0.9475,79
1786378860,0.9475,0.9508,0.947,0.9498,88
1786378920,0.9498,0.9504,0.9488,0.9496,81
1786378980,0.9496,0.9501,0.9484,0.9495,71
1786379040,0.9496,0.9498,0.9483,0.9494,84
1786379100,0.9494,0.9511,0.9489,0.9508,86
1786379160,0.9514,0.9519,0.9494,0.9513,79
1786379220,0.9513,0.9521,0.9509,0.9516,72
1786379280,0.9516,0.9539,0.9515,0.9521,83
1786379340,0.9521,0.9533,0.9521,0.9531,79
1786379400,0.9531,0.9541,0.9524,0.9541,83
1786379460,0.954,0.9552,0.9532,0.9544,73
1786379520,0.9542,0.9558,0.9536,0.9543,89
1786379580,0.9543,0.9553,0.9525,0.9549,83
1786379640,0.9549,0.9575,0.9542,0.9575,88
1786379700,0.9575,0.959,0.956,0.959,83
1786379760,0.9589,0.9594,0.9579,0.9582,78
1786379820,0.9582,0.96,0.9577,0.9594,84
1786379880,0.9594,0.9595,0.958,0.9587,78
1786379940,0.9587,0.9592,0.957,0.9585,80
1786380000,0.9585,0.9586,0.956,0.956,78
1786380060,0.9562,0.9575,0.9547,0.9569,85
1786380120,0.9569,0.9586,0.9562,0.9568,90
1786380180,0.9567,0.958,0.9558,0.9559,76
1786380240,0.9559,0.9589,0.9557,0.9567,81
1786380300,0.9567,0.9587,0.9561,0.9583,90
1786380360,0.9583,0.9622,0.9583,0.9622,84
1786380420,0.9622,0.9629,0.9615,0.962,71
1786380480,0.9621,0.9627,0.9615,0.9626,75
1786380540,0.9626,0.9643,0.9626,0.964,85
1786380600,0.9639,0.9649,0.9622,0.9636,86
1786380660,0.9627,0.9649,0.9615,0.9649,86
1786380720,0.9648,0.965,0.9639,0.9645,79
1786380780,0.9645,0.9668,0.9641,0.9667,72
1786380840,0.9667,0.9692,0.9667,0.9688,78
1786380900,0.9688,0.9697,0.968,0.9689,70
1786380960,0.9689,0.9699,0.9683,0.9698,84
1786381020,0.9698,0.9719,0.9698,0.9707,82
1786381080,0.9708,0.9708,0.968,0.9686,76
1786381140,0.9687,0.9693,0.9674,0.9682,75
1786381200,0.9682,0.9683,0.9664,0.9665,81
1786381260,0.9665,0.9679,0.9665,0.9676,86
1786381320,0.9679,0.9682,0.967,0.9673,76
1786381380,0.9673,0.97,0.9673,0.9696,84
1786381440,0.9698,0.9709,0.9684,0.9697,82
1786381500,0.9697,0.9697,0.9673,0.9682,81
1786381560,0.9683,0.9713,0.9683,0.9711,74
1786381620,0.9711,0.9723,0.9696,0.972,76
1786381680,0.9723,0.973,0.971,0.973,86
1786381740,0.973,0.9741,0.9718,0.9741,75
1786381800,0.9743,0.9745,0.9722,0.9738,88
1786381860,0.9738,0.9739,0.9722,0.9723,83
1786381920,0.9723,0.9723,0.9701,0.9712,88
1786381980,0.9711,0.9718,0.9697,0.9699,84
1786382040,0.9699,0.9722,0.9691,0.972,73
1786382100,0.9719,0.9745,0.9715,0.9735,76
1786382160,0.9735,0.9735,0.9715,0.9722,74
1786382220,0.9722,0.9726,0.9702,0.9708,81
1786382280,0.9707,0.9731,0.9707,0.9718,86
1786382340,0.9717,0.9756,0.9716,0.9754,81
1786382400,0.9753,0.9764,0.9736,0.9737,83
1786382460,0.974,0.9744,0.9705,0.9705,78
1786382520,0.9702,0.972,0.9698,0.9718,82
1786382580,0.9718,0.974,0.9711,0.974,73
1786382640,0.974,0.9756,0.9738,0.9751,83
1786382700,0.9752,0.9789,0.9744,0.9789,82
1786382760,0.9789,0.9789,0.9766,0.9771,76
1786382820,0.9771,0.9774,0.9759,0.977,83
1786382880,0.977,0.978,0.9768,0.9773,79
1786382940,0.9773,0.9779,0.9752,0.9756,89
1786383000,0.9756,0.9783,0.9756,0.9781,81
1786383060,0.9781,0.9794,0.977,0.9774,84
1786383120,0.9774,0.9774,0.9749,0.9754,86
1786383180,0.9754,0.9757,0.9742,0.9752,77
1786383240,0.9752,0.9752,0.9732,0.9742,72
1786383300,0.9739,0.9739,0.9722,0.9727,80
1786383360,0.9727,0.9755,0.9714,0.9755,89
1786383420,0.9755,0.9755,0.9735,0.9736,77
1786383480,0.9735,0.9744,0.9729,0.9739,87
1786383540,0.9741,0.9744,0.9712,0.9712,83
1786383600,0.9717,0.9717,0.9683,0.97,75
1786383660,0.9699,0.97,0.9678,0.9679,81
1786383720,0.9679,0.9708,0.9679,0.9698,85
1786383780,0.9698,0.9706,0.9686,0.9704,76
1786383840,0.9702,0.971,0.9693,0.9709,74
1786383900,0.9709,0.9722,0.9707,0.9709,78
1786383960,0.9709,0.9733,0.9708,0.9729,80
1786384020,0.9729,0.9744,0.9725,0.974,73
1786384080,0.974,0.9744,0.9733,0.9742,85
1786384140,0.9742,0.9758,0.9737,0.9756,74
1786384200,0.9756,0.9756,0.9722,0.9735,79
1786384260,0.9735,0.9735,0.9707,0.9707,79
1786384320,0.9705,0.9712,0.9699,0.9703,70
1786384380,0.9704,0.972,0.9698,0.9709,82
1786384440,0.9701,0.9704,0.9687,0.9697,81
1786384500,0.9697,0.9701,0.9684,0.9698,83
1786384560,0.9698,0.9701,0.9679,0.9681,83
1786384620,0.9681,0.9697,0.9661,0.9662,83
1786384680,0.9662,0.9677,0.9655,0.9657,80
1786384740,0.9666,0.9666,0.9641,0.9644,92
1786384800,0.9647,0.9657,0.9638,0.964,72
1786384860,0.9638,0.9642,0.9617,0.9617,84
1786384920,0.9617,0.9637,0.9617,0.9627,78
1786384980,0.9627,0.9633,0.9611,0.9611,77
1786385040,0.9611,0.9627,0.9609,0.9609,67
1786385100,0.9606,0.9623,0.9601,0.9616,84
1786385160,0.9608,0.9621,0.959,0.9592,89
1786385220,0.9593,0.9594,0.9578,0.9581,79
1786385280,0.9581,0.9588,0.9572,0.958,67
1786385340,0.9579,0.9579,0.9536,0.9536,81
1786385400,0.9536,0.9547,0.9529,0.954,82
1786385460,0.954,0.9545,0.9525,0.953,85
1786385520,0.9531,0.9543,0.9525,0.9537,78
1786385580,0.9537,0.9538,0.9517,0.9532,84
1786385640,0.9531,0.9541,0.9528,0.9538,80
1786385700,0.9538,0.9575,0.9536,0.9558,69
1786385760,0.956,0.9568,0.954,0.9568,88
1786385820,0.9567,0.959,0.9567,0.9584,84
1786385880,0.9583,0.9583,0.9564,0.9579,72
1786385940,0.9579,0.9609,0.9576,0.9607,82
1786386000,0.9607,0.9609,0.9589,0.959,82
1786386060,0.959,0.9607,0.9584,0.9603,88
1786386120,0.9604,0.9637,0.9604,0.9637,78
1786386180,0.9637,0.9654,0.9634,0.9653,83
1786386240,0.9653,0.9677,0.965,0.9672,92
1786386300,0.9672,0.9699,0.967,0.9693,80
1786386360,0.9693,0.9739,0.9689,0.9738,81
1786386420,0.9738,0.9756,0.9736,0.9753,75
1786386480,0.9754,0.9766,0.9752,0.9766,80
1786386540,0.9765,0.9784,0.9756,0.9781,87
1786386600,0.9781,0.9782,0.975,0.9751,82
1786386660,0.9751,0.977,0.9749,0.9759,84
1786386720,0.9762,0.9797,0.9762,0.9789,78
1786386780,0.979,0.9796,0.9779,0.9781,79
1786386840,0.9789,0.9793,0.9774,0.9779,80
1786386900,0.9779,0.9783,0.9765,0.9774,74
1786386960,0.9774,0.9782,0.9764,0.9769,80
1786387020,0.9769,0.979,0.9768,0.9789,89
1786387080,0.9789,0.9796,0.978,0.979,70
1786387140,0.9788,0.9795,0.9766,0.9767,74
1786387200,0.9767,0.9789,0.9765,0.9787,77
1786387260,0.9787,0.9795,0.9772,0.9774,79
1786387320,0.9775,0.9775,0.9738,0.9739,80
1786387380,0.9739,0.9739,0.9711,0.9712,81
1786387440,0.9712,0.9724,0.971,0.971,74
1786387500,0.9711,0.9734,0.9699,0.9734,81
1786387560,0.9733,0.9733,0.9714,0.972,92
1786387620,0.972,0.9724,0.9692,0.9694,80
1786387680,0.9694,0.9699,0.9677,0.9678,83
1786387740,0.9681,0.9701,0.9676,0.9678,87
1786387800,0.9676,0.9706,0.9671,0.9692,81
1786387860,0.9692,0.9695,0.9672,0.9673,83
1786387920,0.9673,0.9678,0.9653,0.9659,74
1786387980,0.9659,0.9662,0.9645,0.9652,82
1786388040,0.9652,0.967,0.9645,0.9666,80
1786388100,0.9666,0.9677,0.9659,0.9674,86
1786388160,0.9675,0.9686,0.9672,0.9685,84
1786388220,0.9685,0.971,0.9671,0.971,76
1786388280,0.971,0.9719,0.9707,0.9718,70
1786388340,0.9718,0.9729,0.9715,0.9723,78
1786388400,0.9723,0.9735,0.972,0.9721,80
1786388460,0.9721,0.9737,0.9715,0.9723,76
1786388520,0.9723,0.9757,0.9718,0.9753,82
1786388580,0.9753,0.9753,0.9722,0.9732,77
1786388640,0.9733,0.9782,0.9733,0.9774,83
1786388700,0.9773,0.9788,0.9765,0.9766,88
1786388760,0.9768,0.9775,0.9754,0.9761,79
1786388820,0.9761,0.9776,0.9759,0.9771,72
1786388880,0.9772,0.9783,0.975,0.9765,81
1786388940,0.9765,0.9782,0.976,0.9776,81
1786389000,0.9776,0.9783,0.9769,0.9777,78
1786389060,0.9775,0.9779,0.9757,0.9761,76
1786389120,0.9757,0.9758,0.9742,0.9743,84
1786389180,0.9743,0.975,0.9738,0.9745,75
1786389240,0.9745,0.9773,0.9745,0.9769,92
1786389300,0.9769,0.9772,0.9752,0.9752,71
1786389360,0.9752,0.9766,0.9741,0.9741,78
1786389420,0.9741,0.9757,0.9715,0.9742,81
1786389480,0.9739,0.9742,0.969,0.9691,82
1786389540,0.9692,0.9712,0.969,0.9699,89
1786389600,0.9699,0.9701,0.9672,0.9672,76
1786389660,0.9672,0.9681,0.9666,0.9681,69
1786389720,0.9682,0.97,0.9671,0.9677,79
1786389780,0.9676,0.968,0.9658,0.9674,81
1786389840,0.9673,0.9679,0.966,0.966,83
1786389900,0.9659,0.9662,0.965,0.9659,77
1786389960,0.966,0.9665,0.9629,0.9632,80
1786390020,0.9632,0.9638,0.9604,0.9636,92
1786390080,0.9636,0.9648,0.9629,0.9644,79
1786390140,0.9644,0.965,0.9633,0.9649,90
1786390200,0.9649,0.9656,0.9636,0.9636,88
1786390260,0.9636,0.9658,0.9634,0.9656,75
1786390320,0.9656,0.9668,0.9651,0.9653,76
1786390380,0.9654,0.967,0.9643,0.9643,76
1786390440,0.9641,0.9641,0.9616,0.9622,85
1786390500,0.9622,0.9642,0.9617,0.9638,80
1786390560,0.9634,0.9635,0.9613,0.9619,71
1786390620,0.962,0.9622,0.9582,0.9595,80
1786390680,0.9593,0.9615,0.9586,0.959,88
1786390740,0.9589,0.959,0.9569,0.9575,74
1786390800,0.9575,0.9586,0.9572,0.9584,77
1786390860,0.9585,0.9595,0.9574,0.9594,82
1786390920,0.9595,0.9611,0.9592,0.9609,70
1786390980,0.9608,0.9628,0.9608,0.9628,80
1786391040,0.963,0.9649,0.963,0.9649,79
1786391100,0.9649,0.9683,0.9645,0.9682,83
1786391160,0.9682,0.9692,0.9677,0.9684,74
1786391220,0.9684,0.9701,0.9682,0.97,84
1786391280,0.97,0.9706,0.9694,0.9697,80
1786391340,0.9697,0.9715,0.9693,0.9715,79
1786391400,0.9716,0.9732,0.971,0.972,81
1786391460,0.9722,0.9743,0.9715,0.9741,82
1786391520,0.9744,0.9744,0.973,0.9738,83
1786391580,0.9738,0.9742,0.9719,0.9721,79
1786391640,0.9721,0.9732,0.9713,0.972,78
1786391700,0.972,0.9722,0.9697,0.9708,89
1786391760,0.9707,0.9708,0.9684,0.969,78
1786391820,0.9691,0.9695,0.9681,0.9684,86
1786391880,0.9679,0.9689,0.9657,0.9664,86
1786391940,0.9663,0.9665,0.9618,0.9622,81
1786392000,0.9624,0.9657,0.9619,0.9655,80
1786392060,0.9654,0.9661,0.9635,0.9636,78
1786392120,0.9636,0.9665,0.9632,0.9664,77
1786392180,0.9657,0.9658,0.9624,0.963,77
1786392240,0.963,0.9635,0.9602,0.9612,86
1786392300,0.9612,0.9625,0.9611,0.9612,84
1786392360,0.9617,0.962,0.9588,0.9588,82
1786392420,0.9589,0.9593,0.9557,0.9559,80
1786392480,0.9558,0.9572,0.9558,0.957,78
1786392540,0.957,0.9588,0.957,0.9582,75
1786392600,0.9582,0.9583,0.9571,0.9579,74
1786392660,0.9579,0.9596,0.9577,0.9586,68
1786392720,0.9587,0.9588,0.9555,0.9567,77
1786392780,0.9566,0.9568,0.9546,0.9552,80
1786392840,0.9555,0.9569,0.9553,0.9553,82
1786392900,0.9552,0.9558,0.9544,0.9551,75
1786392960,0.9552,0.9558,0.9526,0.953,81
1786393020,0.9529,0.9529,0.9506,0.9506,74
1786393080,0.9508,0.953,0.9502,0.953,80
1786393140,0.9529,0.954,0.9519,0.9523,77
1786393200,0.9524,0.9531,0.9519,0.9519,79
1786393260,0.952,0.9526,0.9506,0.9511,83
1786393320,0.9511,0.9543,0.9511,0.9539,77
1786393380,0.9538,0.9557,0.9536,0.9543,83
1786393440,0.9543,0.9543,0.9531,0.9541,69
1786393500,0.9541,0.9555,0.9531,0.9551,78
1786393560,0.9551,0.956,0.9546,0.9551,77
1786393620,0.9551,0.9565,0.9543,0.9543,81
1786393680,0.9543,0.955,0.9528,0.9536,83
1786393740,0.9536,0.9539,0.9516,0.9528,90
1786393800,0.9527,0.9536,0.9518,0.9518,79
1786393860,0.9518,0.953,0.9507,0.9507,75
1786393920,0.9507,0.9511,0.9491,0.9507,83
1786393980,0.9507,0.9536,0.9502,0.9532,81
1786394040,0.953,0.9535,0.9506,0.9506,79
1786394100,0.9506,0.9522,0.9501,0.9509,74
1786394160,0.951,0.9521,0.9489,0.9489,82
1786394220,0.949,0.9517,0.9488,0.9516,83
1786394280,0.9515,0.9515,0.9492,0.95,80
1786394340,0.95,0.9504,0.9478,0.948,79
1786394400,0.948,0.9503,0.948,0.9498,72
1786394460,0.9498,0.9512,0.9494,0.9496,80
1786394520,0.9496,0.9526,0.9487,0.9523,84
1786394580,0.9523,0.9528,0.95,0.95,73
1786394640,0.95,0.9537,0.9499,0.953,78
1786394700,0.953,0.9553,0.9528,0.9535,81
1786394760,0.9532,0.9567,0.9528,0.9563,87
1786394820,0.9562,0.9564,0.9534,0.9535,79
1786394880,0.9533,0.9533,0.9506,0.9514,81
1786394940,0.9515,0.9515,0.9493,0.9513,70
1786395000,0.9514,0.9522,0.9505,0.9505,78
1786395060,0.9506,0.9526,0.9506,0.9515,82
1786395120,0.9515,0.9515,0.9486,0.9489,74
1786395180,0.949,0.9523,0.9486,0.9521,80
1786395240,0.9519,0.9524,0.9504,0.9504,70
1786395300,0.9504,0.9527,0.9499,0.95,81
1786395360,0.95,0.9525,0.9497,0.9516,89
1786395420,0.9521,0.9527,0.9475,0.9477,80
1786395480,0.9477,0.9494,0.9469,0.9476,75
1786395540,0.9476,0.9478,0.9456,0.9462,78
1786395600,0.9462,0.9475,0.9458,0.9473,80
1786395660,0.9473,0.9477,0.9443,0.9455,84
1786395720,0.9453,0.9465,0.9444,0.9454,77
1786395780,0.9453,0.9478,0.9435,0.9476,84
1786395840,0.9476,0.9499,0.9474,0.9497,86
1786395900,0.9497,0.9521,0.9495,0.9506,75
1786395960,0.9506,0.9513,0.9486,0.9502,84
1786396020,0.9502,0.9502,0.948,0.948,83
1786396080,0.948,0.9489,0.9439,0.9445,86
1786396140,0.9444,0.9444,0.9429,0.9433,87
1786396200,0.9431,0.9431,0.9409,0.9426,77
1786396260,0.9426,0.9441,0.9412,0.9412,80
1786396320,0.9412,0.942,0.9396,0.9404,79
1786396380,0.9403,0.9408,0.9385,0.9385,82
1786396440,0.9379,0.9381,0.9361,0.9369,84
1786396500,0.9369,0.9401,0.9368,0.94,78
1786396560,0.9399,0.9411,0.9394,0.9395,77
1786396620,0.9395,0.9396,0.9362,0.938,81
1786396680,0.938,0.9393,0.9367,0.9377,82
1786396740,0.9377,0.941,0.9377,0.9401,87
1786396800,0.9401,0.9407,0.9381,0.9381,83
1786396860,0.9382,0.9387,0.935,0.9358,80
1786396920,0.9358,0.9358,0.9333,0.9348,77
1786396980,0.9348,0.936,0.9346,0.9353,82
1786397040,0.9353,0.9367,0.935,0.9365,81
1786397100,0.9366,0.9392,0.9366,0.9379,79
1786397160,0.9379,0.9389,0.9365,0.9374,82
1786397220,0.9374,0.9379,0.9368,0.9374,75
1786397280,0.9375,0.9392,0.9373,0.9389,78
1786397340,0.939,0.94,0.9381,0.9397,82
1786397400,0.9397,0.9405,0.9381,0.939,81
1786397460,0.9391,0.9413,0.9389,0.9408,73
1786397520,0.9408,0.9429,0.9408,0.9424,76
1786397580,0.9426,0.9426,0.9394,0.9402,80
1786397640,0.9402,0.9425,0.9389,0.9424,79
1786397700,0.9424,0.9426,0.9398,0.9409,82
1786397760,0.9409,0.9411,0.938,0.9399,81
1786397820,0.9398,0.9406,0.9389,0.9404,89
1786397880,0.9404,0.9414,0.9393,0.9396,82
1786397940,0.9396,0.9401,0.9361,0.9373,76
1786398000,0.9373,0.9395,0.937,0.9387,81
1786398060,0.9387,0.9411,0.9378,0.9403,81
1786398120,0.9403,0.9409,0.9379,0.9379,79
1786398180,0.9379,0.9422,0.9377,0.9415,89
1786398240,0.9415,0.942,0.9386,0.939,84
1786398300,0.939,0.9398,0.9376,0.9385,74
1786398360,0.9382,0.9391,0.937,0.9384,82
1786398420,0.9383,0.939,0.9359,0.9371,79
1786398480,0.9369,0.9374,0.9336,0.9342,75
1786398540,0.9343,0.9366,0.934,0.9363,76
1786398600,0.9363,0.938,0.9358,0.9361,83
1786398660,0.936,0.9362,0.9341,0.9352,88
1786398720,0.9352,0.9362,0.9336,0.9338,83
1786398780,0.9338,0.9338,0.9306,0.931,80
1786398840,0.931,0.931,0.9295,0.9295,73
1786398900,0.9294,0.9299,0.9283,0.9292,80
1786398960,0.9292,0.9302,0.9276,0.9294,82
1786399020,0.9294,0.931,0.9291,0.9305,80
1786399080,0.9305,0.9312,0.929,0.9295,78
1786399140,0.9295,0.9309,0.9292,0.9306,79
1786399200,0.9305,0.9317,0.9296,0.9311,87
1786399260,0.9311,0.9322,0.9295,0.9298,84
1786399320,0.9299,0.9312,0.9281,0.9287,83
1786399380,0.9288,0.9303,0.9279,0.9292,83
1786399440,0.9292,0.93,0.9281,0.9295,84
1786399500,0.9296,0.9317,0.9296,0.9301,83
1786399560,0.93,0.9318,0.93,0.9313,71
1786399620,0.9313,0.9324,0.9306,0.9315,73
1786399680,0.9315,0.9329,0.9311,0.9322,86
1786399740,0.9321,0.9328,0.9304,0.9327,72
1786399800,0.933,0.9339,0.9312,0.9312,81
1786399860,0.9315,0.9335,0.9315,0.9322,73
1786399920,0.9322,0.9326,0.9314,0.9314,78
1786399980,0.9314,0.9322,0.9306,0.932,78
1786400040,0.932,0.9362,0.932,0.9361,87
1786400100,0.9361,0.9377,0.9343,0.9343,80
1786400160,0.9343,0.9343,0.9322,0.9323,92
1786400220,0.9325,0.9337,0.9316,0.9335,71
1786400280,0.9335,0.936,0.9327,0.9358,69
1786400340,0.9357,0.9368,0.9338,0.9343,80
1786400400,0.9342,0.9351,0.9334,0.9338,81
1786400460,0.9338,0.9378,0.9332,0.9376,79
1786400520,0.9373,0.9373,0.9351,0.9354,86
1786400580,0.9354,0.9364,0.9346,0.9363,83
1786400640,0.9364,0.9375,0.9358,0.9366,85
1786400700,0.9366,0.9376,0.9356,0.9374,88
1786400760,0.9375,0.9379,0.9361,0.9369,78
1786400820,0.9373,0.9389,0.9369,0.9369,87
1786400880,0.9368,0.9378,0.9345,0.9346,81
1786400940,0.9347,0.9349,0.9329,0.9333,86
1786401000,0.9333,0.935,0.9329,0.935,76
1786401060,0.935,0.9352,0.9333,0.9344,86
1786401120,0.9344,0.935,0.933,0.933,81
1786401180,0.933,0.9339,0.9323,0.9336,72
1786401240,0.9336,0.9348,0.933,0.9333,83
1786401300,0.9336,0.9345,0.9329,0.9331,81
1786401360,0.9331,0.9333,0.9312,0.9318,83
1786401420,0.9318,0.9339,0.9316,0.933,80
1786401480,0.933,0.9341,0.9323,0.9336,79
1786401540,0.9339,0.9344,0.9324,0.9336,91
1786401600,0.9338,0.9346,0.9329,0.9331,78
1786401660,0.9327,0.9337,0.932,0.9334,82
1786401720,0.9333,0.9352,0.9333,0.9346,82
1786401780,0.9346,0.9374,0.9342,0.9353,79
1786401840,0.9353,0.9367,0.9348,0.9366,84
1786401900,0.9366,0.9402,0.9363,0.94,71
1786401960,0.9401,0.9406,0.9385,0.9389,84
1786402020,0.9388,0.9402,0.9387,0.9395,79
1786402080,0.9395,0.9402,0.9384,0.9399,82
1786402140,0.9399,0.94,0.9376,0.9395,95
1786402200,0.9395,0.9395,0.9381,0.9384,83
1786402260,0.9382,0.9391,0.936,0.9364,87
1786402320,0.9365,0.9396,0.9363,0.9396,85
1786402380,0.9396,0.9407,0.939,0.9403,88
1786402440,0.9403,0.9426,0.9403,0.9424,81
1786402500,0.9424,0.9427,0.9403,0.9411,80
1786402560,0.9411,0.9426,0.9394,0.9426,83
1786402620,0.942,0.942,0.9403,0.9411,83
1786402680,0.9411,0.9428,0.9401,0.9402,78
1786402740,0.9402,0.9402,0.9378,0.9393,77
1786402800,0.9391,0.9419,0.9383,0.9419,85
1786402860,0.9419,0.9422,0.9394,0.9398,84
1786402920,0.9399,0.9414,0.9395,0.9412,86
1786402980,0.9413,0.9413,0.937,0.9385,82
1786403040,0.9386,0.9387,0.9361,0.9364,75
1786403100,0.9364,0.9378,0.9333,0.9335,84
1786403160,0.9335,0.9353,0.9325,0.9325,71
1786403220,0.9326,0.9335,0.9301,0.9301,79
1786403280,0.9301,0.9304,0.9272,0.9283,69
1786403340,0.9283,0.9306,0.9283,0.9294,83
1786403400,0.9294,0.9308,0.929,0.9293,76
1786403460,0.9293,0.93,0.9285,0.9289,79
1786403520,0.9289,0.9298,0.9279,0.9298,81
1786403580,0.9298,0.9309,0.9294,0.93,76
1786403640,0.9299,0.9307,0.9294,0.9304,79
1786403700,0.9304,0.9327,0.9301,0.9318,81
1786403760,0.9317,0.9323,0.931,0.9312,78
1786403820,0.9312,0.9324,0.931,0.9319,77
1786403880,0.9318,0.9321,0.9293,0.9301,86
1786403940,0.9302,0.9302,0.9286,0.93,77
1786404000,0.93,0.931,0.9294,0.9309,82
1786404060,0.9309,0.9316,0.9294,0.9316,80
1786404120,0.9316,0.933,0.9313,0.9328,88
1786404180,0.9327,0.9328,0.9313,0.9313,79
1786404240,0.9313,0.9335,0.931,0.9318,94
1786404300,0.9317,0.9321,0.9304,0.9304,77
1786404360,0.9304,0.9304,0.9278,0.9286,78
1786404420,0.9286,0.9337,0.9284,0.9337,80
1786404480,0.9337,0.935,0.9337,0.935,74
1786404540,0.935,0.9357,0.9325,0.9355,74
1786404600,0.9355,0.9368,0.935,0.9358,71
1786404660,0.9358,0.9368,0.9341,0.9366,81
1786404720,0.9366,0.9382,0.9353,0.9382,76
1786404780,0.9383,0.9398,0.9383,0.9394,81
1786404840,0.9393,0.94,0.9382,0.9383,79
1786404900,0.9383,0.9424,0.9381,0.9416,82
1786404960,0.9419,0.9431,0.9405,0.9418,88
1786405020,0.9418,0.9456,0.9418,0.945,90
1786405080,0.9451,0.9455,0.944,0.9453,80
1786405140,0.9453,0.9453,0.9431,0.9431,73
1786405200,0.9432,0.9434,0.9416,0.9416,80
1786405260,0.9416,0.9416,0.9376,0.9378,71
1786405320,0.9378,0.9384,0.9366,0.9368,80
1786405380,0.9368,0.9391,0.9358,0.9389,89
1786405440,0.9389,0.9393,0.937,0.9393,77
1786405500,0.9393,0.9398,0.938,0.9388,76
1786405560,0.9388,0.9422,0.9388,0.9417,79
1786405620,0.9417,0.9427,0.9408,0.9411,82
1786405680,0.9411,0.9411,0.9387,0.9396,91
1786405740,0.9397,0.941,0.9388,0.9401,80
1786405800,0.9403,0.9407,0.9395,0.9399,81
1786405860,0.9399,0.9405,0.9393,0.9401,71
1786405920,0.9401,0.9401,0.9381,0.9388,73
1786405980,0.9389,0.9403,0.9385,0.9403,77
1786406040,0.9403,0.9405,0.9387,0.9396,64
1786406100,0.9398,0.9423,0.9387,0.9417,87
1786406160,0.9418,0.9422,0.9409,0.9419,70
1786406220,0.9419,0.9425,0.94,0.9408,89
1786406280,0.9408,0.9429,0.9405,0.9406,79
1786406340,0.9407,0.9419,0.9402,0.9408,75
1786406400,0.9407,0.9412,0.9388,0.9412,80
1786406460,0.9415,0.9423,0.9403,0.9421,71
1786406520,0.9422,0.9426,0.9403,0.9404,77
1786406580,0.9404,0.9429,0.9397,0.9425,78
1786406640,0.9425,0.9428,0.9408,0.9411,82
1786406700,0.9411,0.9416,0.9375,0.9385,78
1786406760,0.9384,0.9389,0.9367,0.9373,81
1786406820,0.9373,0.9392,0.9367,0.9383,86
1786406880,0.9388,0.9402,0.9383,0.9397,79
1786406940,0.9398,0.9406,0.9384,0.9393,80
1786407000,0.9392,0.9394,0.9127,0.916,85
1786407060,0.916,0.9174,0.9155,0.9173,81
1786407120,0.9173,0.9173,0.9131,0.9133,73
1786407180,0.9134,0.915,0.9126,0.9128,81
1786407240,0.9128,0.9147,0.9124,0.9146,86
1786407300,0.9143,0.9144,0.9135,0.9139,87
1786407360,0.9139,0.9145,0.9124,0.9126,84
1786407420,0.9126,0.9139,0.9125,0.9134,76
1786407480,0.9136,0.9148,0.9128,0.9148,84
1786407540,0.9148,0.9162,0.9138,0.9156,81
1786407600,0.9158,0.9163,0.9141,0.915,73
1786407660,0.915,0.915,0.9129,0.9129,77
1786407720,0.9129,0.9152,0.9129,0.9143,75
1786407780,0.9143,0.9165,0.9138,0.9158,71
1786407840,0.9157,0.9191,0.9154,0.9181,88
1786407900,0.9179,0.9184,0.9169,0.9177,77
1786407960,0.9179,0.9196,0.9152,0.9155,87
1786408020,0.9155,0.9157,0.9137,0.9141,77
1786408080,0.9141,0.9154,0.9135,0.914,77
1786408140,0.9141,0.9179,0.9141,0.9174,80
1786408200,0.9174,0.9181,0.9168,0.9168,84
1786408260,0.9168,0.9168,0.9134,0.9148,80
1786408320,0.9148,0.9153,0.9139,0.9149,75
1786408380,0.9149,0.9166,0.9141,0.9148,74
1786408440,0.9146,0.9154,0.9122,0.9132,85
1786408500,0.9132,0.916,0.9123,0.9159,78
1786408560,0.9157,0.9176,0.9157,0.9176,77
1786408620,0.9175,0.9176,0.9164,0.9172,90
1786408680,0.9169,0.9169,0.915,0.9165,78
1786408740,0.9165,0.9189,0.9165,0.9175,82
1786408800,0.9175,0.9177,0.9166,0.9168,71
1786408860,0.9167,0.9167,0.915,0.9154,82
1786408920,0.9154,0.9154,0.913,0.913,83
1786408980,0.913,0.9148,0.9127,0.9127,79
1786409040,0.9127,0.913,0.9088,0.909,94
1786409100,0.909,0.9122,0.9087,0.9115,86
1786409160,0.9115,0.913,0.9098,0.9099,85
1786409220,0.91,0.9101,0.9071,0.9072,74
1786409280,0.9072,0.9096,0.9071,0.9094,81
1786409340,0.9092,0.9097,0.9073,0.9097,78
1786409400,0.9097,0.9112,0.9091,0.9107,78
1786409460,0.9105,0.9105,0.9083,0.909,82
1786409520,0.909,0.9107,0.9089,0.909,82
1786409580,0.909,0.909,0.9077,0.9079,79
1786409640,0.9079,0.9083,0.9066,0.9075,84
1786409700,0.9076,0.9094,0.9075,0.9084,81
1786409760,0.9085,0.9085,0.9068,0.9081,78
1786409820,0.908,0.9087,0.9067,0.907,83
1786409880,0.9067,0.9091,0.9064,0.9084,80
1786409940,0.9084,0.9084,0.9066,0.908,77
1786410000,0.908,0.908,0.9047,0.9047,78
1786410060,0.9047,0.9077,0.9038,0.9077,86
1786410120,0.9077,0.9093,0.9071,0.9091,86
1786410180,0.9091,0.9098,0.9085,0.9096,81
1786410240,0.9096,0.9101,0.9077,0.9088,85
1786410300,0.9089,0.9103,0.9086,0.9098,73
1786410360,0.91,0.9106,0.9089,0.9089,75
1786410420,0.9089,0.9094,0.9071,0.9071,83
1786410480,0.907,0.9095,0.9069,0.9094,72
1786410540,0.9094,0.9113,0.909,0.9094,70
1786410600,0.9094,0.9101,0.9081,0.9087,75
1786410660,0.9088,0.9108,0.9085,0.9096,80
1786410720,0.9095,0.9106,0.9089,0.9095,76
1786410780,0.9096,0.9118,0.9095,0.9115,76
1786410840,0.9113,0.9124,0.9105,0.9123,79
1786410900,0.9123,0.9129,0.9109,0.9121,88
1786410960,0.9123,0.9142,0.9115,0.9132,74
1786411020,0.9132,0.9138,0.9099,0.9104,84
1786411080,0.9104,0.9122,0.9104,0.912,76
1786411140,0.912,0.912,0.9087,0.9089,79
1786411200,0.9089,0.9114,0.9088,0.9111,80
1786411260,0.9111,0.9114,0.9093,0.9101,82
1786411320,0.9101,0.9114,0.9101,0.9107,80
1786411380,0.9107,0.9141,0.9107,0.914,76
1786411440,0.9141,0.915,0.9128,0.9147,71
1786411500,0.9147,0.915,0.912,0.912,78
1786411560,0.912,0.9138,0.912,0.9123,78
1786411620,0.9123,0.9132,0.9118,0.9131,82
1786411680,0.9133,0.9139,0.9106,0.9111,77
1786411740,0.9113,0.9116,0.9081,0.9086,81
1786411800,0.9086,0.9092,0.9079,0.9089,79
1786411860,0.9091,0.9095,0.906,0.9066,71
1786411920,0.9068,0.9088,0.9067,0.9077,85
1786411980,0.9078,0.9086,0.9066,0.9067,75
1786412040,0.9066,0.9073,0.9056,0.9057,87
1786412100,0.9057,0.9062,0.9024,0.9025,80
1786412160,0.9025,0.9037,0.9005,0.9015,78
1786412220,0.9015,0.902,0.9011,0.9014,69
1786412280,0.9014,0.9021,0.8994,0.8994,83
1786412340,0.8993,0.8993,0.8973,0.899,81
1786412400,0.899,0.8997,0.8976,0.8994,77
1786412460,0.8994,0.9025,0.8993,0.9019,88
1786412520,0.9019,0.9031,0.9003,0.9004,78
1786412580,0.9007,0.9038,0.9001,0.9038,89
1786412640,0.9037,0.9049,0.9025,0.9042,81
1786412700,0.9044,0.9044,0.9029,0.9042,73
1786412760,0.9041,0.9044,0.9019,0.9025,86
1786412820,0.9025,0.9031,0.9003,0.9017,73
1786412880,0.9017,0.902,0.9006,0.9018,79
1786412940,0.9019,0.9021,0.9004,0.9015,78
1786413000,0.9015,0.903,0.9009,0.9026,84
1786413060,0.9026,0.9039,0.9017,0.9026,75
1786413120,0.9026,0.9026,0.8988,0.8989,81
1786413180,0.8989,0.9039,0.8986,0.9038,77
1786413240,0.9038,0.9047,0.9033,0.9043,84
1786413300,0.9043,0.9043,0.9012,0.9012,77
1786413360,0.9012,0.9031,0.901,0.9015,77
1786413420,0.9015,0.9018,0.8991,0.8996,84
1786413480,0.8996,0.8996,0.8973,0.898,84
1786413540,0.898,0.8993,0.8973,0.899,82
1786413600,0.899,0.9026,0.8987,0.9005,87
1786413660,0.9005,0.9011,0.8992,0.8995,76
1786413720,0.8996,0.8997,0.8983,0.899,81
1786413780,0.8991,0.9012,0.8985,0.8988,84
1786413840,0.8988,0.8998,0.8979,0.8981,76
1786413900,0.8983,0.8983,0.8967,0.8972,77
1786413960,0.8972,0.899,0.8968,0.8983,77
1786414020,0.8983,0.8995,0.8977,0.8986,75
1786414080,0.8986,0.8989,0.8949,0.8957,88
1786414140,0.8956,0.8985,0.8955,0.8982,79
1786414200,0.8982,0.8982,0.8954,0.8956,70
1786414260,0.8956,0.8963,0.8945,0.8948,74
1786414320,0.8948,0.8954,0.8936,0.8948,74
1786414380,0.8947,0.8959,0.8935,0.8959,86
1786414440,0.8958,0.8973,0.8943,0.8964,88
1786414500,0.8964,0.8969,0.8945,0.8946,82
1786414560,0.8946,0.8961,0.8929,0.8929,71
1786414620,0.8929,0.8953,0.8917,0.8953,74
1786414680,0.8955,0.8966,0.8937,0.8957,81
1786414740,0.8957,0.8976,0.8949,0.8976,84
1786414800,0.8977,0.8978,0.8957,0.8958,67
1786414860,0.8958,0.8968,0.8955,0.8963,77
1786414920,0.8964,0.8967,0.8948,0.8964,82
1786414980,0.8965,0.8971,0.8931,0.8932,71
1786415040,0.8934,0.8942,0.8929,0.8938,71
1786415100,0.8939,0.8946,0.8932,0.8942,84
1786415160,0.8943,0.8947,0.8927,0.8932,78
1786415220,0.8932,0.8932,0.8905,0.8909,84
1786415280,0.8909,0.8945,0.8904,0.8933,78
1786415340,0.8933,0.8954,0.8932,0.8935,85
1786415400,0.8935,0.8935,0.8922,0.8924,83
1786415460,0.8924,0.8948,0.8912,0.8936,82
1786415520,0.8936,0.8948,0.8928,0.8944,81
1786415580,0.8944,0.8964,0.8942,0.8948,83
1786415640,0.8948,0.8964,0.8946,0.8947,72
1786415700,0.8947,0.8953,0.894,0.8947,85
1786415760,0.8947,0.8951,0.894,0.8941,75
1786415820,0.894,0.8964,0.8935,0.8963,82
1786415880,0.8963,0.8977,0.8956,0.8957,79
1786415940,0.8957,0.8971,0.8957,0.8968,89
1786416000,0.8967,0.8974,0.8956,0.8956,84
1786416060,0.8956,0.8966,0.8952,0.8966,79
1786416120,0.8964,0.8973,0.8954,0.8965,75
1786416180,0.8966,0.8981,0.8943,0.895,87
1786416240,0.8951,0.8961,0.8941,0.8944,86
1786416300,0.8943,0.896,0.8931,0.8932,79
1786416360,0.8932,0.8942,0.8925,0.8939,78
1786416420,0.8939,0.8947,0.8912,0.8917,83
1786416480,0.8917,0.8928,0.8915,0.8918,67
1786416540,0.8918,0.8918,0.8885,0.8898,80
1786416600,0.8898,0.8898,0.8873,0.8879,74
1786416660,0.8879,0.8883,0.8854,0.8856,83
1786416720,0.8857,0.8881,0.8855,0.8873,76
1786416780,0.8874,0.89,0.887,0.889,82
1786416840,0.8892,0.8893,0.8872,0.8872,78
1786416900,0.8872,0.8878,0.8857,0.887,87
1786416960,0.8871,0.8874,0.8857,0.8865,87
1786417020,0.8863,0.8881,0.8856,0.8881,77
1786417080,0.8881,0.8914,0.888,0.8913,81
1786417140,0.8913,0.894,0.8912,0.893,74
1786417200,0.8928,0.8939,0.8915,0.8916,86
1786417260,0.8914,0.8914,0.89,0.8912,77
1786417320,0.8912,0.8912,0.8887,0.8891,83
1786417380,0.8891,0.8915,0.8891,0.8908,82
1786417440,0.8908,0.8918,0.8893,0.8895,88
1786417500,0.8895,0.8906,0.8892,0.8895,82
1786417560,0.8895,0.8921,0.8892,0.8912,81
1786417620,0.8912,0.8932,0.8911,0.893,84
1786417680,0.893,0.893,0.8907,0.8922,80
1786417740,0.8922,0.8933,0.8907,0.8933,78
1786417800,0.8933,0.8946,0.8932,0.8938,72
1786417860,0.8937,0.8943,0.8925,0.8927,77
1786417920,0.8927,0.8933,0.8908,0.8909,76
1786417980,0.8909,0.8919,0.8892,0.8919,80
1786418040,0.8918,0.892,0.8898,0.8908,88
1786418100,0.8907,0.8917,0.89,0.89,85
1786418160,0.89,0.8904,0.8893,0.8897,87
1786418220,0.8897,0.8918,0.8892,0.891,82
1786418280,0.891,0.8923,0.8902,0.891,85
1786418340,0.8912,0.8923,0.8909,0.8911,76
1786418400,0.8909,0.8919,0.8886,0.8896,90
1786418460,0.8897,0.8902,0.8876,0.8896,78
1786418520,0.8896,0.8897,0.8883,0.8885,84
1786418580,0.8885,0.8893,0.8879,0.8883,82
1786418640,0.8882,0.8925,0.8882,0.8923,76
1786418700,0.8921,0.8928,0.89,0.89,78
1786418760,0.89,0.8915,0.8896,0.8899,78
1786418820,0.8899,0.8903,0.888,0.8892,83
1786418880,0.8892,0.8896,0.8867,0.8873,73
1786418940,0.8873,0.8878,0.8863,0.8867,78
1786419000,0.8866,0.8867,0.8837,0.8837,80
1786419060,0.8836,0.8836,0.881,0.8815,85
1786419120,0.8814,0.8829,0.8811,0.8821,76
1786419180,0.8821,0.8826,0.8794,0.8794,77
1786419240,0.8794,0.8806,0.8781,0.8783,74
1786419300,0.8783,0.879,0.8746,0.8756,76
1786419360,0.8756,0.8759,0.8735,0.8758,96
1786419420,0.8757,0.8758,0.8732,0.8736,87
1786419480,0.8736,0.8741,0.8724,0.8741,81
1786419540,0.8741,0.8757,0.8733,0.8757,73
1786419600,0.8757,0.8759,0.8733,0.8747,74
1786419660,0.8747,0.8752,0.873,0.8735,89
1786419720,0.8735,0.8737,0.8715,0.8715,74
1786419780,0.8715,0.8717,0.8666,0.8666,85
1786419840,0.8666,0.8683,0.866,0.8668,83
1786419900,0.8668,0.8669,0.8647,0.8666,83
1786419960,0.8666,0.8674,0.8653,0.8671,78
1786420020,0.8671,0.8685,0.8665,0.868,78
1786420080,0.8681,0.8684,0.866,0.867,79
1786420140,0.8668,0.8698,0.8666,0.8681,92
1786420200,0.8684,0.8691,0.8662,0.8672,86
1786420260,0.8672,0.8689,0.867,0.8684,76
1786420320,0.8684,0.8708,0.868,0.8703,75
1786420380,0.8701,0.8735,0.8699,0.873,84
1786420440,0.873,0.873,0.8694,0.8694,82
1786420500,0.8695,0.8728,0.8692,0.8728,92
1786420560,0.8727,0.8742,0.8718,0.8738,78
1786420620,0.8738,0.8743,0.8729,0.8738,73
1786420680,0.8738,0.8754,0.8736,0.8748,84
1786420740,0.8748,0.8749,0.8729,0.8729,68
1786420800,0.8729,0.8735,0.8719,0.8733,84
1786420860,0.8733,0.8752,0.872,0.8751,80
1786420920,0.8751,0.8766,0.873,0.873,85
1786420980,0.873,0.8765,0.873,0.8765,76
1786421040,0.8765,0.8786,0.8763,0.8778,87
1786421100,0.8778,0.8806,0.8778,0.8804,85
1786421160,0.8807,0.8813,0.8793,0.8793,90
1786421220,0.8793,0.8804,0.8787,0.8792,84
1786421280,0.8792,0.8816,0.8787,0.8816,87
1786421340,0.8816,0.8823,0.8806,0.8807,83
1786421400,0.8808,0.8828,0.8806,0.8828,71
1786421460,0.8828,0.8844,0.8826,0.8838,81
1786421520,0.8838,0.8842,0.8819,0.8831,89
1786421580,0.8831,0.8839,0.8822,0.8823,76
1786421640,0.8823,0.8825,0.8801,0.8812,73
1786421700,0.8812,0.8817,0.8798,0.8816,87
1786421760,0.8816,0.883,0.8808,0.8822,77
1786421820,0.8822,0.8858,0.8819,0.8858,87
1786421880,0.8858,0.8864,0.8849,0.885,80
1786421940,0.885,0.8865,0.8835,0.886,76
1786422000,0.886,0.8864,0.8841,0.8844,77
1786422060,0.8844,0.8865,0.8841,0.8865,87
1786422120,0.8865,0.8874,0.8846,0.8849,90
1786422180,0.8849,0.8849,0.8818,0.8822,74
1786422240,0.8822,0.8832,0.8809,0.8809,74
1786422300,0.8809,0.8817,0.8806,0.8816,85
1786422360,0.8816,0.8845,0.8811,0.8838,79
1786422420,0.8838,0.8848,0.8829,0.8844,80
1786422480,0.8844,0.8853,0.8836,0.8839,73
1786422540,0.884,0.8849,0.882,0.8824,80
1786422600,0.8825,0.8869,0.882,0.8866,81
1786422660,0.8867,0.8868,0.8847,0.8859,85
1786422720,0.8859,0.8859,0.8847,0.885,82
1786422780,0.885,0.8885,0.8848,0.888,76
1786422840,0.888,0.8885,0.8871,0.8874,82
1786422900,0.8874,0.8876,0.8851,0.8858,83
1786422960,0.8858,0.8862,0.8815,0.8818,78
1786423020,0.8822,0.8836,0.8819,0.8825,81
1786423080,0.8826,0.8844,0.8825,0.8842,79
1786423140,0.884,0.8842,0.8818,0.8829,89
1786423200,0.8828,0.8854,0.8826,0.8854,67
1786423260,0.8853,0.8866,0.8846,0.8847,76
1786423320,0.8848,0.8861,0.8845,0.8852,87
1786423380,0.8853,0.8855,0.8834,0.8853,88
1786423440,0.8853,0.8853,0.8835,0.884,64
1786423500,0.8841,0.8841,0.8812,0.8821,79
1786423560,0.8819,0.8825,0.8805,0.8805,74
1786423620,0.8808,0.8819,0.8804,0.881,79
1786423680,0.881,0.8833,0.8806,0.8819,79
1786423740,0.8819,0.8825,0.881,0.8814,84
1786423800,0.8814,0.8838,0.8812,0.8836,71
1786423860,0.8836,0.8842,0.8823,0.8828,82
1786423920,0.8828,0.8832,0.8809,0.8832,85
1786423980,0.8832,0.886,0.883,0.8855,86
1786424040,0.8853,0.8858,0.884,0.8842,84
1786424100,0.8842,0.8865,0.8842,0.8856,79
1786424160,0.8856,0.8866,0.8847,0.8847,90
1786424220,0.8847,0.8855,0.8839,0.8851,73
1786424280,0.8851,0.887,0.8851,0.887,76
1786424340,0.8871,0.8882,0.8837,0.8842,83
1786424400,0.8843,0.886,0.8839,0.885,86
1786424460,0.8849,0.8859,0.8837,0.8837,80
1786424520,0.8837,0.8856,0.8827,0.8845,82
1786424580,0.8845,0.8861,0.8838,0.8842,79
1786424640,0.8845,0.8852,0.882,0.8852,83
1786424700,0.8851,0.8855,0.883,0.8841,81
1786424760,0.8841,0.8865,0.884,0.8864,82
1786424820,0.8864,0.89,0.8849,0.89,84
1786424880,0.89,0.8934,0.8898,0.893,85
1786424940,0.893,0.8938,0.8916,0.8931,78
1786425000,0.8932,0.895,0.8932,0.8941,87
1786425060,0.8941,0.8952,0.8933,0.8951,85
1786425120,0.8951,0.8959,0.8935,0.8943,80
1786425180,0.8943,0.8948,0.8935,0.8944,83
1786425240,0.8944,0.8962,0.8941,0.8959,76
1786425300,0.8959,0.8968,0.892,0.892,91
1786425360,0.8919,0.8974,0.8919,0.8972,88
1786425420,0.8972,0.8988,0.8965,0.8976,80
1786425480,0.8977,0.8982,0.8957,0.8964,93
1786425540,0.8963,0.8975,0.8956,0.8969,87
1786425600,0.8969,0.8976,0.8954,0.8971,83
1786425660,0.897,0.8972,0.8952,0.8954,86
1786425720,0.8955,0.8987,0.8952,0.8982,79
1786425780,0.8982,0.8988,0.8969,0.8976,80
1786425840,0.8976,0.8983,0.8969,0.8972,86
1786425900,0.8972,0.8975,0.8959,0.8966,86
1786425960,0.8966,0.8977,0.8961,0.8969,78
1786426020,0.8969,0.8969,0.8952,0.8958,71
1786426080,0.896,0.8976,0.8958,0.8973,82
1786426140,0.8972,0.9008,0.8964,0.9003,78
1786426200,0.9003,0.9013,0.8968,0.8978,81
1786426260,0.8978,0.8995,0.8973,0.8986,79
1786426320,0.8986,0.8992,0.8959,0.8964,80
1786426380,0.8964,0.8966,0.8942,0.895,82
1786426440,0.8951,0.899,0.895,0.8988,85
1786426500,0.8988,0.8999,0.8988,0.8989,71
1786426560,0.8989,0.9012,0.8989,0.9005,80
1786426620,0.9001,0.9002,0.8968,0.8982,79
1786426680,0.8982,0.8991,0.8945,0.8952,85
1786426740,0.8952,0.8969,0.8951,0.8961,86
1786426800,0.8961,0.8961,0.8922,0.8923,91
1786426860,0.8923,0.8925,0.8908,0.8909,78
1786426920,0.8909,0.8919,0.8878,0.8879,85
1786426980,0.8878,0.8896,0.8877,0.888,87
1786427040,0.8883,0.8892,0.8874,0.8883,77
1786427100,0.8884,0.8912,0.8884,0.8908,74
1786427160,0.8906,0.8914,0.8895,0.8897,83
1786427220,0.8897,0.8902,0.8881,0.8881,75
1786427280,0.8881,0.8909,0.888,0.8906,86
1786427340,0.8906,0.8923,0.8904,0.8919,81
1786427400,0.8917,0.8934,0.891,0.8918,84
1786427460,0.8918,0.8918,0.8897,0.89,84
1786427520,0.89,0.8927,0.8899,0.8924,74
1786427580,0.8924,0.8928,0.8906,0.8916,79
1786427640,0.8917,0.8936,0.8916,0.8921,81
1786427700,0.892,0.8934,0.8918,0.8919,71
1786427760,0.8918,0.8933,0.8914,0.8928,74
1786427820,0.8928,0.8951,0.8926,0.8942,72
1786427880,0.8942,0.8969,0.8935,0.8959,82
1786427940,0.8959,0.8967,0.8941,0.8945,78
1786428000,0.8945,0.8948,0.8922,0.8941,84
1786428060,0.8941,0.8944,0.8922,0.8941,87
1786428120,0.8941,0.8957,0.8937,0.8953,78
1786428180,0.8953,0.898,0.895,0.8973,82
1786428240,0.8973,0.8993,0.8964,0.8992,85
1786428300,0.8993,0.8993,0.897,0.8973,88
1786428360,0.8972,0.8985,0.8961,0.8978,85
1786428420,0.898,0.899,0.8973,0.8983,84
1786428480,0.8983,0.8987,0.8963,0.8965,75
1786428540,0.8967,0.8977,0.8964,0.897,77
1786428600,0.8971,0.8982,0.896,0.8973,86
1786428660,0.8973,0.8974,0.8926,0.8931,91
1786428720,0.8931,0.8936,0.8916,0.8919,75
1786428780,0.8918,0.8922,0.8901,0.8907,84
1786428840,0.8907,0.891,0.8871,0.8886,81
1786428900,0.8886,0.8893,0.8876,0.8878,79
1786428960,0.8878,0.8892,0.8865,0.889,79
1786429020,0.889,0.8915,0.8884,0.8904,72
1786429080,0.8904,0.8914,0.889,0.8896,74
1786429140,0.8896,0.8912,0.8892,0.8912,75
1786429200,0.8912,0.8913,0.8884,0.8887,70
1786429260,0.8884,0.8889,0.8868,0.8878,87
1786429320,0.8878,0.8878,0.886,0.8863,79
1786429380,0.8863,0.8877,0.8849,0.8855,76
1786429440,0.8855,0.8856,0.8834,0.8846,80
1786429500,0.8845,0.8882,0.8836,0.8882,77
1786429560,0.8882,0.8899,0.8872,0.8899,78
1786429620,0.8899,0.8899,0.8881,0.8886,78
1786429680,0.8886,0.8895,0.8862,0.8866,77
1786429740,0.8866,0.8885,0.8866,0.8882,79
1786429800,0.8883,0.889,0.8871,0.8884,79
1786429860,0.8883,0.8893,0.8878,0.8883,75
1786429920,0.8883,0.8905,0.8881,0.8905,90
1786429980,0.8905,0.8913,0.8886,0.89,82
1786430040,0.89,0.8912,0.8895,0.8906,87
1786430100,0.8906,0.8908,0.8898,0.8907,69
1786430160,0.8907,0.8907,0.8892,0.8906,77
1786430220,0.8905,0.8934,0.8905,0.8924,79
1786430280,0.8924,0.8937,0.891,0.891,78
1786430340,0.8909,0.8937,0.8907,0.8933,86
1786430400,0.8931,0.8947,0.8921,0.8932,82
1786430460,0.8932,0.8952,0.8927,0.8948,81
1786430520,0.8948,0.8953,0.8922,0.8927,77
1786430580,0.8928,0.893,0.8918,0.8926,79
1786430640,0.8926,0.8935,0.8925,0.893,81
1786430700,0.893,0.8938,0.8913,0.8916,81
1786430760,0.8917,0.8953,0.8916,0.8953,80
1786430820,0.8954,0.8956,0.8929,0.8942,86
1786430880,0.8941,0.896,0.8932,0.8953,76
1786430940,0.8953,0.8962,0.8948,0.8953,75
1786431000,0.8953,0.8965,0.8948,0.8962,74
1786431060,0.8962,0.8967,0.8948,0.895,86
1786431120,0.895,0.8969,0.8944,0.8958,74
1786431180,0.8958,0.897,0.895,0.8959,74
1786431240,0.8957,0.8961,0.8941,0.8944,79
1786431300,0.8944,0.8945,0.891,0.893,81
1786431360,0.8931,0.8938,0.8924,0.8929,79
1786431420,0.893,0.8931,0.8905,0.8905,78
1786431480,0.8905,0.8911,0.8892,0.8897,77
1786431540,0.8896,0.8909,0.8895,0.8902,69
1786431600,0.8903,0.8905,0.8875,0.8883,85
1786431660,0.8883,0.8904,0.8882,0.8901,77
1786431720,0.8902,0.892,0.889,0.8917,81
1786431780,0.8917,0.8917,0.8896,0.8896,80
1786431840,0.8896,0.8896,0.8882,0.8885,76
1786431900,0.8884,0.8887,0.8866,0.8875,77
1786431960,0.8875,0.8879,0.8863,0.8874,76
1786432020,0.8874,0.8901,0.8874,0.8899,76
1786432080,0.8899,0.8925,0.8895,0.8922,69
1786432140,0.8922,0.895,0.8915,0.8949,80
1786432200,0.8947,0.8949,0.8924,0.8938,73
1786432260,0.8938,0.8951,0.8935,0.8947,84
1786432320,0.8947,0.8947,0.8915,0.892,71
1786432380,0.892,0.892,0.886,0.886,73
1786432440,0.886,0.8868,0.8847,0.885,78
1786432500,0.885,0.8854,0.8835,0.8845,79
1786432560,0.8845,0.8881,0.8845,0.8881,72
1786432620,0.8882,0.8896,0.8879,0.8881,81
1786432680,0.8882,0.891,0.8881,0.8898,78
1786432740,0.8898,0.8938,0.8891,0.8937,81
1786432800,0.8936,0.8936,0.8908,0.8919,74
1786432860,0.892,0.8938,0.8919,0.8937,80
1786432920,0.8937,0.8949,0.8929,0.8937,78
1786432980,0.8937,0.8941,0.8906,0.8906,82
1786433040,0.8906,0.8918,0.8893,0.8918,78
1786433100,0.8918,0.8931,0.891,0.8919,79
1786433160,0.8919,0.892,0.8879,0.8901,81
1786433220,0.8901,0.8918,0.8888,0.8894,83
1786433280,0.8894,0.8912,0.8884,0.8884,76
1786433340,0.8884,0.8902,0.8874,0.8891,76
1786433400,0.8891,0.8897,0.8881,0.889,76
1786433460,0.889,0.8893,0.8866,0.8889,86
1786433520,0.8887,0.8901,0.8877,0.8894,84
1786433580,0.8893,0.8916,0.8889,0.8914,73
1786433640,0.8915,0.8934,0.8905,0.8906,79
1786433700,0.8905,0.8907,0.8877,0.888,77
1786433760,0.8879,0.8879,0.8866,0.8872,79
1786433820,0.8877,0.8879,0.8851,0.8853,82
1786433880,0.8853,0.886,0.8844,0.8845,74
1786433940,0.8845,0.8846,0.8806,0.8816,80
1786434000,0.8816,0.8832,0.8816,0.8829,83
1786434060,0.8829,0.8852,0.8824,0.8838,82
1786434120,0.8838,0.8866,0.8835,0.886,68
1786434180,0.8861,0.887,0.8844,0.8859,83
1786434240,0.8859,0.8873,0.8847,0.8848,87
1786434300,0.8848,0.8887,0.8847,0.8873,83
1786434360,0.8873,0.888,0.886,0.886,76
1786434420,0.886,0.887,0.8851,0.8864,82
1786434480,0.8864,0.8905,0.8864,0.8902,81
1786434540,0.8902,0.891,0.8896,0.8901,79
1786434600,0.8901,0.8916,0.8898,0.89,76
1786434660,0.89,0.8918,0.8891,0.8917,79
1786434720,0.892,0.8929,0.8912,0.8918,77
1786434780,0.8918,0.8936,0.8913,0.8913,84
1786434840,0.8913,0.894,0.8913,0.8932,88
1786434900,0.8931,0.8942,0.8929,0.8942,80
1786434960,0.8942,0.8947,0.8935,0.8939,71
1786435020,0.8939,0.8939,0.891,0.8925,80
1786435080,0.8925,0.8932,0.8916,0.8921,77
1786435140,0.8922,0.8947,0.892,0.8937,79
1786435200,0.8943,0.8983,0.894,0.8978,79
1786435260,0.8975,0.8986,0.897,0.8985,81
1786435320,0.8988,0.8989,0.896,0.8974,92
1786435380,0.8974,0.8994,0.896,0.8992,81
1786435440,0.8992,0.8993,0.8965,0.8968,80
1786435500,0.8968,0.8971,0.8956,0.8967,83
1786435560,0.8967,0.8998,0.8961,0.8996,70
1786435620,0.8994,0.9007,0.8988,0.9007,86
1786435680,0.9006,0.9044,0.9004,0.9037,89
1786435740,0.9036,0.9036,0.9018,0.902,77
1786435800,0.9019,0.9021,0.8998,0.9009,87
1786435860,0.9008,0.9013,0.8996,0.9007,88
1786435920,0.9006,0.9031,0.9,0.9013,73
1786435980,0.9013,0.9034,0.9013,0.9034,89
1786436040,0.9034,0.906,0.9027,0.905,71
1786436100,0.9051,0.9062,0.9044,0.906,84
1786436160,0.9059,0.907,0.9041,0.9067,76
1786436220,0.9067,0.9086,0.9066,0.9081,82
1786436280,0.9081,0.9114,0.9078,0.9107,81
1786436340,0.9107,0.9117,0.9101,0.9104,86
1786436400,0.9104,0.9114,0.9096,0.9102,87
1786436460,0.9102,0.913,0.9101,0.9124,87
1786436520,0.9124,0.915,0.9124,0.914,81
1786436580,0.9141,0.9141,0.9121,0.914,77
1786436640,0.9141,0.9147,0.9132,0.9144,79
1786436700,0.9144,0.9151,0.913,0.9133,75
1786436760,0.9133,0.9136,0.9111,0.9115,81
1786436820,0.9114,0.9122,0.9099,0.9119,79
1786436880,0.912,0.9129,0.9107,0.9126,87
1786436940,0.9126,0.9126,0.91,0.9106,89
1786437000,0.9108,0.9112,0.909,0.9099,81
1786437060,0.9096,0.9146,0.9096,0.9142,71
1786437120,0.9142,0.9153,0.9133,0.9141,89
1786437180,0.9141,0.9146,0.9127,0.9141,88
1786437240,0.9141,0.9142,0.9099,0.9107,78
1786437300,0.9107,0.9107,0.9089,0.9103,85
1786437360,0.9099,0.9102,0.9082,0.9085,81
1786437420,0.9083,0.9114,0.9077,0.9103,82
1786437480,0.9104,0.9123,0.9104,0.9123,84
1786437540,0.9124,0.9138,0.9123,0.9138,76
1786437600,0.9139,0.915,0.913,0.9137,78
1786437660,0.9138,0.9155,0.9135,0.9148,87
1786437720,0.9148,0.9164,0.9144,0.9164,75
1786437780,0.9161,0.9188,0.9155,0.9187,87
1786437840,0.9192,0.9201,0.9179,0.9201,79
1786437900,0.92,0.92,0.9174,0.9177,68
1786437960,0.9175,0.9184,0.9157,0.9158,85
1786438020,0.9158,0.9163,0.9123,0.9141,83
1786438080,0.9142,0.9147,0.9133,0.9144,76
1786438140,0.9144,0.9165,0.9133,0.9161,79
1786438200,0.9161,0.9169,0.9149,0.915,81
1786438260,0.915,0.919,0.9148,0.9183,87
1786438320,0.9183,0.9187,0.9172,0.9185,83
1786438380,0.9185,0.9187,0.917,0.9185,73
1786438440,0.9185,0.9202,0.9183,0.9184,79
1786438500,0.9185,0.919,0.9173,0.9177,71
1786438560,0.9178,0.919,0.9156,0.9176,91
1786438620,0.9177,0.9187,0.917,0.917,74
1786438680,0.9169,0.9182,0.9168,0.9176,77
1786438740,0.9176,0.9204,0.9169,0.9202,80
1786438800,0.9202,0.9214,0.9191,0.9209,91
1786438860,0.9208,0.9218,0.9192,0.9199,79
1786438920,0.9199,0.9208,0.9194,0.9194,78
1786438980,0.9193,0.9197,0.9163,0.9164,74
1786439040,0.9164,0.9165,0.9126,0.9161,82
1786439100,0.9161,0.9169,0.9148,0.9159,81
1786439160,0.9159,0.9166,0.9136,0.9155,86
1786439220,0.9155,0.9167,0.9151,0.9152,74
1786439280,0.9152,0.9153,0.9133,0.9133,82
1786439340,0.9133,0.9134,0.912,0.9128,82
1786439400,0.9129,0.9129,0.9089,0.9091,86
1786439460,0.9092,0.9098,0.9077,0.9084,81
1786439520,0.9082,0.9109,0.9079,0.9091,80
1786439580,0.9091,0.9125,0.9091,0.9104,71
1786439640,0.9104,0.911,0.9094,0.911,80
1786439700,0.9108,0.9112,0.908,0.9099,86
1786439760,0.9098,0.9107,0.9064,0.9067,81
1786439820,0.9065,0.9107,0.906,0.9095,87
1786439880,0.9095,0.9096,0.9079,0.9081,74
1786439940,0.9081,0.9089,0.9074,0.9087,73
1786440000,0.9088,0.9088,0.9059,0.9087,82
1786440060,0.9087,0.9116,0.9083,0.9116,79
1786440120,0.9116,0.9124,0.9107,0.9108,75
1786440180,0.9108,0.9113,0.9086,0.9105,74
1786440240,0.9105,0.9109,0.9092,0.9092,86
1786440300,0.9091,0.9094,0.9077,0.9085,76
1786440360,0.9086,0.9099,0.9081,0.9098,72
1786440420,0.9098,0.91,0.9077,0.9094,79
1786440480,0.9095,0.9101,0.9076,0.9085,73
1786440540,0.9085,0.9096,0.9076,0.9085,79
1786440600,0.9085,0.9089,0.907,0.907,82
1786440660,0.907,0.9073,0.9057,0.9069,79
1786440720,0.907,0.9084,0.907,0.9081,75
1786440780,0.908,0.9119,0.908,0.9118,70
1786440840,0.9114,0.9114,0.9093,0.9097,74
1786440900,0.9097,0.9111,0.9094,0.9107,85
1786440960,0.9108,0.9123,0.9101,0.9117,78
1786441020,0.9117,0.9124,0.9092,0.9092,86
1786441080,0.9092,0.9106,0.9086,0.9102,86
1786441140,0.9102,0.911,0.9093,0.9093,82
1786441200,0.9093,0.9122,0.909,0.9114,76
1786441260,0.9114,0.9125,0.9112,0.9124,81
1786441320,0.9123,0.9135,0.9106,0.9133,82
1786441380,0.9133,0.9143,0.9111,0.9112,84
1786441440,0.9111,0.9116,0.9104,0.9107,86
1786441500,0.9104,0.9129,0.9103,0.9113,82
1786441560,0.9113,0.9125,0.9101,0.9104,76
1786441620,0.9104,0.912,0.9092,0.9118,85
1786441680,0.9118,0.9119,0.9096,0.9103,80
1786441740,0.9103,0.9141,0.9103,0.9141,78
1786441800,0.9141,0.9158,0.913,0.9136,82
1786441860,0.9136,0.9158,0.9134,0.9157,82
1786441920,0.9159,0.918,0.9159,0.9171,75
1786441980,0.9173,0.9189,0.9172,0.9189,79
1786442040,0.9189,0.9198,0.9187,0.9189,81
1786442100,0.9189,0.9204,0.9184,0.9201,84
1786442160,0.9201,0.9202,0.9185,0.9185,83
1786442220,0.9185,0.9201,0.9179,0.9179,85
1786442280,0.9183,0.9191,0.9174,0.9183,80
1786442340,0.9184,0.9184,0.9144,0.9152,81
1786442400,0.9152,0.9155,0.9128,0.9135,76
1786442460,0.9135,0.9135,0.912,0.9123,69
1786442520,0.9123,0.9123,0.9099,0.9107,77
1786442580,0.9107,0.9117,0.9096,0.9103,80
1786442640,0.9103,0.9122,0.9098,0.9118,78
1786442700,0.9118,0.9118,0.9084,0.9084,78
1786442760,0.9084,0.9104,0.9078,0.9097,80
1786442820,0.9097,0.9112,0.9095,0.9107,82
1786442880,0.9109,0.9139,0.9105,0.9139,79
1786442940,0.914,0.9141,0.9119,0.9132,89
1786443000,0.9132,0.9137,0.9112,0.9132,85
1786443060,0.9132,0.9144,0.9126,0.914,90
1786443120,0.914,0.9141,0.9116,0.9116,81
1786443180,0.9116,0.9125,0.911,0.9124,79
1786443240,0.9127,0.9137,0.9119,0.9134,89
1786443300,0.9134,0.9158,0.9133,0.9146,87
1786443360,0.9146,0.917,0.9144,0.9162,74
1786443420,0.9162,0.9184,0.916,0.9173,79
1786443480,0.9173,0.9173,0.9136,0.9136,82
1786443540,0.9136,0.9141,0.912,0.9121,87
1786443600,0.912,0.9127,0.9105,0.9114,77
1786443660,0.9114,0.9132,0.911,0.912,78
1786443720,0.912,0.9149,0.9115,0.9146,79
1786443780,0.9146,0.9157,0.9139,0.9139,91
1786443840,0.9139,0.9148,0.9135,0.9145,82
1786443900,0.9145,0.9163,0.9145,0.9146,73
1786443960,0.9146,0.9146,0.913,0.913,87
1786444020,0.9129,0.9148,0.9121,0.9146,85
1786444080,0.9146,0.9178,0.9146,0.9167,78
1786444140,0.9169,0.9193,0.9169,0.9193,78
1786444200,0.9193,0.9205,0.9186,0.9198,86
1786444260,0.9198,0.9198,0.9183,0.9189,78
1786444320,0.9189,0.919,0.9167,0.9168,78
1786444380,0.9168,0.9194,0.9167,0.9174,85
1786444440,0.9173,0.918,0.9166,0.917,72
1786444500,0.9171,0.9187,0.9166,0.9173,80
1786444560,0.9174,0.9177,0.9149,0.915,80
1786444620,0.9152,0.9152,0.9111,0.9112,81
1786444680,0.9113,0.9141,0.9113,0.9135,79
1786444740,0.9134,0.9136,0.911,0.9116,82
1786444800,0.912,0.9142,0.912,0.9133,79
1786444860,0.9132,0.9141,0.913,0.9136,80
1786444920,0.9138,0.9144,0.9127,0.9133,84
1786444980,0.9133,0.9145,0.9124,0.9145,76
1786445040,0.9143,0.9154,0.9133,0.9149,80
1786445100,0.9149,0.9159,0.9135,0.9136,85
1786445160,0.9136,0.9146,0.9123,0.9133,77
1786445220,0.9133,0.9139,0.9121,0.9125,77
1786445280,0.9125,0.9128,0.9093,0.9094,72
1786445340,0.9094,0.91,0.9076,0.9083,85
1786445400,0.9083,0.911,0.9082,0.9107,85
1786445460,0.9107,0.9127,0.9104,0.9106,87
1786445520,0.9106,0.9106,0.9078,0.9082,75
1786445580,0.9083,0.9101,0.9079,0.909,72
1786445640,0.909,0.9101,0.9076,0.9087,85
1786445700,0.9086,0.9114,0.9078,0.9113,81
1786445760,0.9113,0.913,0.9095,0.9103,81
1786445820,0.9103,0.9105,0.9089,0.9089,78
1786445880,0.909,0.9093,0.9066,0.907,82
1786445940,0.9069,0.9077,0.9057,0.906,78
1786446000,0.906,0.9062,0.9046,0.9049,74
1786446060,0.905,0.905,0.9036,0.9047,82
1786446120,0.9047,0.9063,0.9045,0.9046,75
1786446180,0.9046,0.9048,0.9024,0.9029,82
1786446240,0.9029,0.9037,0.9016,0.9031,79
1786446300,0.9031,0.905,0.903,0.9049,82
1786446360,0.905,0.9052,0.9011,0.9017,93
1786446420,0.9017,0.9026,0.901,0.9011,78
1786446480,0.901,0.9013,0.899,0.8993,73
1786446540,0.8994,0.9021,0.8994,0.9007,83
1786446600,0.9007,0.9016,0.8987,0.9001,78
1786446660,0.9004,0.9046,0.8995,0.9041,86
1786446720,0.9042,0.9044,0.9016,0.902,76
1786446780,0.9018,0.9032,0.8997,0.9003,81
1786446840,0.9003,0.9046,0.9003,0.9042,85
1786446900,0.904,0.904,0.9015,0.9031,82
1786446960,0.903,0.9039,0.9007,0.9011,81
1786447020,0.901,0.9012,0.8986,0.8989,88
1786447080,0.8989,0.9006,0.8989,0.9005,82
1786447140,0.9005,0.9014,0.899,0.9012,75
1786447200,0.9012,0.9019,0.9003,0.9012,83
1786447260,0.9012,0.9026,0.9008,0.9012,70
1786447320,0.9012,0.9018,0.8991,0.8991,84
1786447380,0.8992,0.8992,0.8975,0.8982,73
1786447440,0.898,0.8983,0.8958,0.8963,84
1786447500,0.8964,0.8988,0.8956,0.8988,77
1786447560,0.8987,0.9023,0.8987,0.9023,81
1786447620,0.9024,0.9029,0.9006,0.9018,81
1786447680,0.9022,0.9036,0.9016,0.9029,75
1786447740,0.9029,0.9036,0.9019,0.9031,75
1786447800,0.9031,0.9041,0.9022,0.9035,78
1786447860,0.9036,0.9047,0.903,0.9038,82
1786447920,0.9037,0.9048,0.9016,0.902,84
1786447980,0.9019,0.9027,0.9012,0.9013,84
1786448040,0.9011,0.902,0.9005,0.902,76
1786448100,0.902,0.9035,0.9017,0.9019,80
1786448160,0.9019,0.9019,0.8993,0.8995,78
1786448220,0.8995,0.8999,0.8985,0.8986,79
1786448280,0.8986,0.9009,0.8986,0.8995,83
1786448340,0.8995,0.9011,0.899,0.9001,84
1786448400,0.9002,0.9023,0.8994,0.9014,78
1786448460,0.9015,0.9016,0.9004,0.9006,75
1786448520,0.9006,0.9006,0.8974,0.8974,82
1786448580,0.8974,0.8996,0.8974,0.8983,81
1786448640,0.8981,0.899,0.8966,0.8986,72
1786448700,0.8985,0.8999,0.8967,0.8975,79
1786448760,0.8975,0.8984,0.8972,0.898,77
1786448820,0.8981,0.9009,0.8978,0.8995,78
1786448880,0.8998,0.9026,0.8998,0.9025,79
1786448940,0.9023,0.9036,0.9016,0.9031,81
1786449000,0.9031,0.904,0.9015,0.9029,81
1786449060,0.9032,0.9034,0.9021,0.9031,73
1786449120,0.9031,0.9031,0.9,0.9015,80
1786449180,0.9015,0.9023,0.9006,0.9021,79
1786449240,0.9021,0.9022,0.8995,0.8997,81
1786449300,0.8997,0.9023,0.8996,0.9022,77
1786449360,0.9022,0.9022,0.9001,0.9019,78
1786449420,0.9019,0.9021,0.8995,0.9001,68
1786449480,0.9001,0.9004,0.8985,0.899,86
1786449540,0.899,0.8999,0.8974,0.8976,90
1786449600,0.8976,0.8976,0.8957,0.8972,85
1786449660,0.8971,0.8983,0.8969,0.8971,85
1786449720,0.897,0.898,0.8958,0.8961,83
1786449780,0.8962,0.8972,0.8952,0.8971,82
1786449840,0.8971,0.8981,0.8963,0.898,83
1786449900,0.898,0.8996,0.8979,0.8993,79
1786449960,0.8993,0.9004,0.8987,0.8987,83
1786450020,0.8987,0.9015,0.8987,0.9012,76
1786450080,0.9014,0.9023,0.8998,0.8998,77
1786450140,0.8998,0.9011,0.8995,0.8997,83
1786450200,0.8997,0.9014,0.8996,0.8999,80
1786450260,0.8999,0.9017,0.8995,0.9017,76
1786450320,0.9016,0.9038,0.9016,0.9038,79
1786450380,0.9038,0.9063,0.9034,0.9054,85
1786450440,0.9054,0.9062,0.9041,0.9045,84
1786450500,0.9045,0.9062,0.9039,0.9058,84
1786450560,0.9058,0.9064,0.9039,0.9046,85
1786450620,0.9046,0.9049,0.9032,0.904,90
1786450680,0.904,0.9042,0.9007,0.9008,86
1786450740,0.9008,0.9008,0.8985,0.8996,78
1786450800,0.8998,0.9001,0.8978,0.8978,76
1786450860,0.8982,0.8987,0.8967,0.8969,86
1786450920,0.8969,0.8978,0.8959,0.8967,82
1786450980,0.8967,0.8971,0.8951,0.8957,76
1786451040,0.8962,0.8965,0.8945,0.8958,80
1786451100,0.8958,0.8964,0.8942,0.8957,84
1786451160,0.8957,0.8971,0.8954,0.8962,77
1786451220,0.8962,0.8962,0.8946,0.8956,68
1786451280,0.8956,0.896,0.8932,0.8933,80
1786451340,0.8933,0.8934,0.8905,0.8928,74
1786451400,0.8928,0.8928,0.8881,0.8882,89
1786451460,0.8882,0.8891,0.8875,0.8875,84
1786451520,0.8875,0.888,0.8861,0.887,84
1786451580,0.887,0.8882,0.886,0.8874,77
1786451640,0.8872,0.8881,0.8858,0.8858,76
1786451700,0.8858,0.8858,0.8836,0.8839,82
1786451760,0.8837,0.8848,0.8835,0.8838,79
1786451820,0.8838,0.8866,0.8834,0.8854,79
1786451880,0.8854,0.8872,0.8854,0.8872,83
1786451940,0.8871,0.8901,0.8871,0.8887,73
1786452000,0.8887,0.8901,0.8883,0.8898,80
1786452060,0.8897,0.8898,0.8881,0.8887,69
1786452120,0.8887,0.8898,0.8883,0.8895,84
1786452180,0.8895,0.8912,0.889,0.8901,77
1786452240,0.8901,0.8902,0.8859,0.8869,83
1786452300,0.8869,0.888,0.8862,0.8877,79
1786452360,0.8877,0.8886,0.8875,0.8884,87
1786452420,0.8884,0.8927,0.8884,0.8921,77
1786452480,0.8921,0.8931,0.8915,0.8922,80
1786452540,0.8923,0.8933,0.8913,0.8913,83
1786452600,0.8914,0.893,0.891,0.892,79
1786452660,0.892,0.8921,0.8897,0.8903,71
1786452720,0.8901,0.8926,0.8898,0.8922,78
1786452780,0.8922,0.8926,0.8894,0.8903,82
1786452840,0.8903,0.8905,0.8884,0.889,79
1786452900,0.8888,0.8891,0.8873,0.8873,68
1786452960,0.8873,0.8876,0.8862,0.8869,79
1786453020,0.8869,0.8896,0.8869,0.8882,80
1786453080,0.8882,0.8882,0.8849,0.885,73
1786453140,0.885,0.8857,0.8838,0.8847,86
1786453200,0.8847,0.8854,0.8833,0.8845,76
1786453260,0.8845,0.8857,0.8841,0.8846,67
1786453320,0.8846,0.8846,0.8827,0.8835,87
1786453380,0.8835,0.8857,0.8834,0.8848,84
1786453440,0.8855,0.8861,0.8849,0.8851,78
1786453500,0.8854,0.8856,0.8844,0.8847,76
1786453560,0.8848,0.888,0.8838,0.8873,83
1786453620,0.8873,0.8884,0.8866,0.8884,78
1786453680,0.8884,0.891,0.8884,0.8902,75
1786453740,0.8904,0.8913,0.8902,0.8905,77
1786453800,0.8904,0.8939,0.8904,0.8937,75
1786453860,0.8936,0.8963,0.8935,0.896,79
1786453920,0.896,0.8966,0.8949,0.8951,79
1786453980,0.8953,0.8954,0.8932,0.8938,77
1786454040,0.8938,0.8946,0.8915,0.8925,81
1786454100,0.8925,0.8946,0.8923,0.8938,82
1786454160,0.8938,0.8941,0.8913,0.8932,79
1786454220,0.8932,0.8934,0.8908,0.8927,71
1786454280,0.8927,0.8928,0.891,0.8917,81
1786454340,0.8919,0.8919,0.8904,0.8914,75
1786454400,0.8914,0.893,0.8902,0.8925,73
1786454460,0.8922,0.8927,0.8905,0.8918,72
1786454520,0.8919,0.8924,0.8905,0.8907,81
1786454580,0.8907,0.8917,0.8894,0.8899,70
1786454640,0.8899,0.8902,0.8881,0.8887,80
1786454700,0.8887,0.8899,0.8882,0.8896,79
1786454760,0.8889,0.8903,0.8886,0.8886,78
1786454820,0.8885,0.8898,0.8883,0.8893,78
1786454880,0.8891,0.89,0.8879,0.8885,79
1786454940,0.8884,0.8899,0.8876,0.888,84
1786455000,0.8878,0.8916,0.8874,0.8916,80
1786455060,0.8913,0.8925,0.8907,0.8924,79
1786455120,0.8924,0.8957,0.8917,0.8942,88
1786455180,0.8922,0.8929,0.8922,0.8929,33
1786455240,0.8929,0.8938,0.8918,0.8938,137
1786455300,0.8938,0.8958,0.8928,0.8949,140
1786455360,0.8949,0.8967,0.8948,0.8953,136
1786455420,0.8953,0.8995,0.8953,0.8988,134
1786455480,0.8988,0.8999,0.8976,0.8998,135
1786455540,0.8998,0.9009,0.8989,0.8996,131
1786455600,0.8997,0.8999,0.8971,0.8986,140
