time,open,high,low,close,ticks
1786193940,0.20601,0.20617,0.20599,0.20605,83
1786194000,0.20605,0.20634,0.2059,0.20631,88
1786194060,0.20631,0.20635,0.20599,0.206,77
1786194120,0.206,0.20624,0.20596,0.20621,79
1786194180,0.20621,0.20635,0.20616,0.20633,74
1786194240,0.20633,0.20648,0.20623,0.20643,78
1786194300,0.20642,0.20664,0.20642,0.20654,81
1786194360,0.20652,0.20652,0.20636,0.20638,84
1786194420,0.20638,0.20651,0.20637,0.20638,79
1786194480,0.20638,0.20647,0.20634,0.20641,86
1786194540,0.20641,0.20647,0.2063,0.20632,75
1786194600,0.20628,0.20634,0.20614,0.20621,90
1786194660,0.2062,0.20643,0.2062,0.20621,74
1786194720,0.20621,0.20622,0.2061,0.20616,77
1786194780,0.20616,0.20631,0.20601,0.20631,73
1786194840,0.20631,0.20639,0.20623,0.20635,79
1786194900,0.20642,0.20654,0.20632,0.20642,80
1786194960,0.20638,0.20671,0.20633,0.20654,81
1786195020,0.20654,0.20655,0.20623,0.20634,82
1786195080,0.20634,0.20666,0.20631,0.20646,87
1786195140,0.20646,0.20646,0.20607,0.20616,77
1786195200,0.20616,0.20658,0.20615,0.20654,85
1786195260,0.20654,0.20682,0.20654,0.20674,69
1786195320,0.20673,0.20679,0.20661,0.20672,88
1786195380,0.20672,0.20672,0.20639,0.20646,80
1786195440,0.20646,0.20662,0.20645,0.20655,74
1786195500,0.20655,0.2067,0.20654,0.20666,80
1786195560,0.20665,0.20686,0.20665,0.20678,80
1786195620,0.20679,0.20687,0.20661,0.20668,81
1786195680,0.20667,0.20673,0.20658,0.20667,79
1786195740,0.20672,0.20677,0.20665,0.20675,76
1786195800,0.20675,0.20706,0.20674,0.20699,87
1786195860,0.20699,0.20722,0.20694,0.20719,76
1786195920,0.20719,0.20748,0.20718,0.2073,80
1786195980,0.20729,0.2075,0.20723,0.2075,89
1786196040,0.2075,0.2075,0.20709,0.20711,85
1786196100,0.20711,0.20717,0.2069,0.20702,82
1786196160,0.20702,0.20702,0.20671,0.20678,79
1786196220,0.20678,0.20683,0.20666,0.20675,80
1786196280,0.20675,0.20705,0.20675,0.20704,78
1786196340,0.20704,0.20706,0.20687,0.20693,85
1786196400,0.20693,0.20701,0.20677,0.2068,72
1786196460,0.2068,0.2068,0.20645,0.20648,85
1786196520,0.20648,0.20658,0.20646,0.20647,73
1786196580,0.20647,0.20651,0.20635,0.20643,73
1786196640,0.20643,0.20654,0.20642,0.20651,79
1786196700,0.2065,0.20662,0.20647,0.20651,85
1786196760,0.2065,0.2066,0.20647,0.20649,84
1786196820,0.20648,0.20658,0.20634,0.20634,83
1786196880,0.20633,0.20644,0.20622,0.20627,82
1786196940,0.20628,0.20642,0.20621,0.20636,79
1786197000,0.20635,0.20639,0.20584,0.20593,75
1786197060,0.20592,0.20593,0.20575,0.20575,84
1786197120,0.20575,0.20598,0.20575,0.20588,87
1786197180,0.20588,0.20617,0.20588,0.20615,78
1786197240,0.20615,0.2063,0.20606,0.20606,75
1786197300,0.20606,0.2063,0.20603,0.20629,75
1786197360,0.20632,0.20641,0.20617,0.20617,73
1786197420,0.20617,0.20625,0.20609,0.20624,81
1786197480,0.20624,0.20645,0.20622,0.20633,82
1786197540,0.20633,0.20635,0.20611,0.20621,79
1786197600,0.20621,0.20631,0.2061,0.20631,76
1786197660,0.20632,0.20643,0.2062,0.20641,74
1786197720,0.20641,0.20654,0.2063,0.20633,76
1786197780,0.20633,0.2064,0.20622,0.20628,82
1786197840,0.20627,0.20639,0.20617,0.20633,90
1786197900,0.20633,0.20649,0.20628,0.20635,84
1786197960,0.20634,0.20648,0.20623,0.20647,86
1786198020,0.20647,0.2065,0.20603,0.20609,77
1786198080,0.20609,0.2063,0.20609,0.2063,84
1786198140,0.2063,0.20641,0.20622,0.20636,89
1786198200,0.20636,0.20654,0.20635,0.20652,81
1786198260,0.20653,0.20653,0.20617,0.20625,79
1786198320,0.20625,0.20639,0.20622,0.20634,71
1786198380,0.20634,0.20656,0.20634,0.20648,77
1786198440,0.20648,0.20655,0.20606,0.20612,80
1786198500,0.20612,0.20621,0.20591,0.20603,74
1786198560,0.20603,0.20603,0.20584,0.20599,75
1786198620,0.20599,0.20632,0.20596,0.20619,79
1786198680,0.20619,0.2062,0.20588,0.20592,84
1786198740,0.20591,0.20626,0.20591,0.20623,82
1786198800,0.20623,0.20633,0.20617,0.20631,72
1786198860,0.20631,0.20631,0.206,0.20605,75
1786198920,0.20605,0.20625,0.20604,0.2062,78
1786198980,0.2062,0.20652,0.20619,0.20647,77
1786199040,0.20647,0.20662,0.20643,0.20652,76
1786199100,0.20651,0.20663,0.2063,0.2063,73
1786199160,0.2063,0.20637,0.20614,0.20633,74
1786199220,0.20633,0.20647,0.20625,0.20633,86
1786199280,0.20633,0.20677,0.20633,0.20659,76
1786199340,0.20659,0.20671,0.20644,0.20651,86
1786199400,0.20651,0.20655,0.20633,0.20651,84
1786199460,0.20651,0.20651,0.20634,0.20646,89
1786199520,0.20646,0.20676,0.20635,0.20673,72
1786199580,0.20673,0.20695,0.20672,0.2069,79
1786199640,0.2069,0.20702,0.20669,0.20669,85
1786199700,0.20669,0.20692,0.20669,0.20675,78
1786199760,0.20677,0.20677,0.20658,0.20666,83
1786199820,0.20666,0.2067,0.20653,0.20661,78
1786199880,0.20662,0.20677,0.20641,0.20641,87
1786199940,0.20641,0.20642,0.20618,0.20619,73
1786200000,0.20619,0.20623,0.20612,0.20614,75
1786200060,0.20614,0.20635,0.20612,0.20628,87
1786200120,0.20625,0.20635,0.20613,0.20613,87
1786200180,0.20613,0.20624,0.20609,0.20621,85
1786200240,0.20621,0.20623,0.20577,0.20577,82
1786200300,0.20577,0.20586,0.20573,0.20582,74
1786200360,0.20582,0.20588,0.20571,0.20584,78
1786200420,0.20584,0.20589,0.20566,0.2057,72
1786200480,0.2057,0.20578,0.20554,0.20571,87
1786200540,0.20571,0.20578,0.20561,0.20572,80
1786200600,0.20572,0.20577,0.20552,0.20566,94
1786200660,0.20563,0.20576,0.20556,0.20575,77
1786200720,0.20573,0.20574,0.20537,0.20556,76
1786200780,0.20556,0.20579,0.20556,0.20566,82
1786200840,0.20566,0.20573,0.20555,0.20555,69
1786200900,0.20555,0.20559,0.20543,0.20556,88
1786200960,0.20554,0.20557,0.20541,0.20555,77
1786201020,0.20554,0.20558,0.20546,0.20548,81
1786201080,0.20549,0.2056,0.20531,0.2056,86
1786201140,0.2056,0.20565,0.20539,0.20563,81
1786201200,0.20564,0.20564,0.20551,0.20554,74
1786201260,0.20554,0.2056,0.2054,0.20543,75
1786201320,0.20543,0.20546,0.20533,0.20537,71
1786201380,0.20536,0.20542,0.2052,0.20527,75
1786201440,0.20527,0.20539,0.2052,0.20523,78
1786201500,0.20523,0.2053,0.20502,0.2053,78
1786201560,0.2053,0.20543,0.20521,0.20538,86
1786201620,0.20538,0.20548,0.20531,0.20531,82
1786201680,0.20531,0.20534,0.20507,0.20509,81
1786201740,0.20509,0.20512,0.20496,0.20504,82
1786201800,0.20506,0.2052,0.20495,0.20497,85
1786201860,0.20496,0.20513,0.20492,0.2051,81
1786201920,0.20509,0.20529,0.20506,0.20517,72
1786201980,0.20516,0.20536,0.20516,0.20528,76
1786202040,0.20531,0.20533,0.20511,0.20515,81
1786202100,0.20515,0.20519,0.20489,0.20489,80
1786202160,0.20489,0.20499,0.2048,0.20485,77
1786202220,0.20487,0.20508,0.20485,0.20508,81
1786202280,0.20509,0.20514,0.20493,0.20502,78
1786202340,0.20501,0.20501,0.20483,0.20488,79
1786202400,0.20488,0.20499,0.20479,0.20493,74
1786202460,0.20493,0.20504,0.20483,0.20491,83
1786202520,0.20491,0.20507,0.20486,0.20489,79
1786202580,0.20489,0.20507,0.20477,0.205,81
1786202640,0.20501,0.20513,0.20493,0.20513,67
1786202700,0.20514,0.20528,0.20513,0.20522,76
1786202760,0.20522,0.20529,0.20516,0.20525,80
1786202820,0.20523,0.20528,0.20496,0.20496,73
1786202880,0.20494,0.20529,0.20494,0.20507,77
1786202940,0.20507,0.20508,0.20485,0.20488,76
1786203000,0.20488,0.20505,0.20488,0.205,72
1786203060,0.20501,0.20504,0.20469,0.20469,76
1786203120,0.20465,0.20476,0.20459,0.2046,73
1786203180,0.2046,0.20472,0.2045,0.20455,77
1786203240,0.20455,0.20458,0.20441,0.2045,84
1786203300,0.2045,0.20471,0.20449,0.20469,76
1786203360,0.2047,0.20477,0.2046,0.20469,86
1786203420,0.20469,0.205,0.20468,0.205,82
1786203480,0.205,0.20529,0.20492,0.20529,84
1786203540,0.20529,0.20557,0.20528,0.20556,81
1786203600,0.20556,0.20563,0.20537,0.20537,81
1786203660,0.20537,0.2055,0.20537,0.20537,77
1786203720,0.20538,0.20542,0.20524,0.20533,75
1786203780,0.20532,0.20536,0.20509,0.20515,79
1786203840,0.20516,0.20529,0.20511,0.20524,78
1786203900,0.20526,0.20535,0.20519,0.20531,76
1786203960,0.2053,0.20532,0.20505,0.20508,81
1786204020,0.20507,0.2053,0.20506,0.20521,83
1786204080,0.20522,0.20533,0.2051,0.20527,79
1786204140,0.20527,0.20546,0.20526,0.20545,88
1786204200,0.20547,0.20574,0.20544,0.20571,83
1786204260,0.20571,0.20588,0.20565,0.20588,82
1786204320,0.20588,0.20602,0.20586,0.20598,85
1786204380,0.20598,0.20599,0.20581,0.20588,81
1786204440,0.20588,0.20612,0.20583,0.20611,82
1786204500,0.20611,0.20616,0.20597,0.20598,86
1786204560,0.20598,0.2064,0.20598,0.20615,78
1786204620,0.20615,0.20623,0.20603,0.20603,78
1786204680,0.20603,0.20603,0.20583,0.20587,90
1786204740,0.20587,0.20591,0.20553,0.20553,83
1786204800,0.20552,0.20582,0.2055,0.20579,77
1786204860,0.20579,0.20583,0.20551,0.20553,75
1786204920,0.20552,0.20563,0.2054,0.20548,77
1786204980,0.20548,0.20562,0.20543,0.20554,81
1786205040,0.20554,0.20565,0.20543,0.20549,81
1786205100,0.20548,0.20565,0.20534,0.20551,80
1786205160,0.20551,0.20584,0.20551,0.20574,76
1786205220,0.20573,0.20579,0.20551,0.20556,83
1786205280,0.20556,0.20563,0.20543,0.20558,88
1786205340,0.20558,0.20565,0.20512,0.20512,82
1786205400,0.20514,0.20533,0.20509,0.2053,70
1786205460,0.2053,0.2053,0.2051,0.20514,79
1786205520,0.20514,0.20517,0.2049,0.20503,87
1786205580,0.20503,0.20517,0.2049,0.20509,85
1786205640,0.20509,0.20538,0.20506,0.20533,80
1786205700,0.20534,0.20541,0.20528,0.20538,79
1786205760,0.20538,0.20543,0.20531,0.20536,72
1786205820,0.20536,0.20563,0.20532,0.20562,91
1786205880,0.20563,0.20592,0.20554,0.20592,85
1786205940,0.20592,0.20599,0.20586,0.20599,76
1786206000,0.20599,0.20619,0.20592,0.20616,76
1786206060,0.20617,0.20633,0.20617,0.20618,79
1786206120,0.20617,0.20633,0.20609,0.20629,81
1786206180,0.20628,0.20667,0.20623,0.20664,79
1786206240,0.20664,0.20673,0.20651,0.2066,80
1786206300,0.20658,0.20659,0.20641,0.20658,88
1786206360,0.20659,0.20665,0.2065,0.20663,77
1786206420,0.20663,0.20667,0.20634,0.20636,79
1786206480,0.20636,0.20657,0.20635,0.20642,71
1786206540,0.20642,0.20667,0.20642,0.20652,80
1786206600,0.20652,0.20665,0.20644,0.20661,84
1786206660,0.20661,0.2067,0.20625,0.20625,82
1786206720,0.20625,0.20682,0.20624,0.20681,84
1786206780,0.2068,0.20693,0.20672,0.20683,72
1786206840,0.20682,0.20688,0.20673,0.20674,76
1786206900,0.20674,0.20684,0.20666,0.20678,72
1786206960,0.20678,0.20678,0.20643,0.20644,76
1786207020,0.20642,0.20652,0.2064,0.20648,85
1786207080,0.20648,0.20648,0.20626,0.20643,77
1786207140,0.20642,0.20659,0.20634,0.20648,83
1786207200,0.20647,0.20647,0.20615,0.20622,85
1786207260,0.20622,0.20638,0.20609,0.20609,76
1786207320,0.2061,0.20616,0.20598,0.20611,77
1786207380,0.20612,0.20627,0.20612,0.20613,85
1786207440,0.20617,0.2062,0.20585,0.2059,88
1786207500,0.2059,0.20608,0.20577,0.20577,73
1786207560,0.20577,0.20593,0.20575,0.20591,82
1786207620,0.20591,0.20605,0.20583,0.20605,83
1786207680,0.20605,0.2063,0.20598,0.20628,77
1786207740,0.20627,0.20637,0.20614,0.20617,78
1786207800,0.20617,0.20629,0.20617,0.20627,70
1786207860,0.20628,0.20668,0.20628,0.20668,73
1786207920,0.20668,0.20684,0.20667,0.20678,79
1786207980,0.20678,0.20705,0.20673,0.20704,79
1786208040,0.20704,0.20737,0.20704,0.20716,87
1786208100,0.20716,0.20722,0.20707,0.20707,83
1786208160,0.20709,0.20729,0.20705,0.20723,76
1786208220,0.20723,0.20724,0.207,0.20701,74
1786208280,0.20701,0.2071,0.20664,0.20665,81
1786208340,0.20665,0.2069,0.20665,0.20687,85
1786208400,0.20686,0.20688,0.20675,0.20684,77
1786208460,0.20685,0.20687,0.20643,0.20643,85
1786208520,0.20643,0.20647,0.20627,0.2063,78
1786208580,0.2063,0.20647,0.20624,0.20643,77
1786208640,0.20643,0.20643,0.20629,0.20642,81
1786208700,0.20642,0.20669,0.20639,0.20667,73
1786208760,0.20668,0.20676,0.20662,0.2067,84
1786208820,0.20669,0.20675,0.20661,0.2067,79
1786208880,0.20669,0.20719,0.20661,0.20716,90
1786208940,0.20716,0.20721,0.20701,0.20702,74
1786209000,0.20702,0.20709,0.20675,0.20678,80
1786209060,0.20678,0.20691,0.2066,0.20674,81
1786209120,0.20674,0.20685,0.20658,0.20669,80
1786209180,0.2067,0.20682,0.20665,0.20665,73
1786209240,0.20665,0.20669,0.20653,0.20656,78
1786209300,0.20655,0.20665,0.20636,0.2064,87
1786209360,0.20639,0.20643,0.20627,0.20642,85
1786209420,0.20642,0.20662,0.20642,0.20657,83
1786209480,0.20657,0.20674,0.20641,0.2067,79
1786209540,0.2067,0.20697,0.2067,0.20682,82
1786209600,0.20682,0.20684,0.20658,0.20658,79
1786209660,0.20658,0.20675,0.20646,0.20652,86
1786209720,0.20652,0.20663,0.20642,0.20647,76
1786209780,0.20647,0.2067,0.20644,0.2067,81
1786209840,0.2067,0.20673,0.20642,0.20648,73
1786209900,0.20648,0.20663,0.20646,0.20652,60
1786209960,0.20652,0.20675,0.20652,0.20673,77
1786210020,0.20673,0.20683,0.20644,0.20645,90
1786210080,0.20644,0.20661,0.20628,0.20661,83
1786210140,0.20661,0.20693,0.20661,0.20662,81
1786210200,0.20663,0.20678,0.20661,0.20661,81
1786210260,0.20661,0.20681,0.20656,0.20679,77
1786210320,0.20679,0.20687,0.20671,0.20684,68
1786210380,0.20686,0.207,0.20672,0.20698,73
1786210440,0.20698,0.20698,0.20645,0.20645,82
1786210500,0.20644,0.20648,0.20616,0.20616,79
1786210560,0.20616,0.20625,0.2061,0.20617,75
1786210620,0.20617,0.20623,0.20576,0.2058,81
1786210680,0.2058,0.20595,0.20572,0.20584,73
1786210740,0.20582,0.20601,0.20579,0.20599,77
1786210800,0.20597,0.20601,0.20588,0.20594,77
1786210860,0.20594,0.20625,0.20594,0.20621,75
1786210920,0.20621,0.20621,0.206,0.20609,80
1786210980,0.20609,0.20642,0.20607,0.20629,76
1786211040,0.20629,0.20636,0.20609,0.20613,76
1786211100,0.20613,0.20638,0.20613,0.20637,86
1786211160,0.20637,0.20637,0.20619,0.20631,80
1786211220,0.2063,0.20652,0.20622,0.20634,94
1786211280,0.20635,0.20648,0.20615,0.20621,83
1786211340,0.20623,0.20673,0.20623,0.20664,82
1786211400,0.20665,0.20701,0.20664,0.20698,80
1786211460,0.20698,0.20702,0.20678,0.20682,78
1786211520,0.20681,0.20686,0.20675,0.20683,79
1786211580,0.20683,0.20683,0.20668,0.20682,82
1786211640,0.20682,0.20713,0.20682,0.20698,74
1786211700,0.20698,0.20716,0.20687,0.20689,68
1786211760,0.20689,0.207,0.20687,0.20698,89
1786211820,0.20698,0.20706,0.20687,0.20687,77
1786211880,0.20687,0.20698,0.2068,0.20693,83
1786211940,0.20693,0.20697,0.20682,0.2069,81
1786212000,0.2069,0.207,0.20676,0.20677,86
1786212060,0.20677,0.20683,0.2066,0.20664,72
1786212120,0.20664,0.20672,0.20646,0.20646,91
1786212180,0.20646,0.20655,0.20636,0.20644,85
1786212240,0.20645,0.20656,0.20635,0.20641,81
1786212300,0.20641,0.20652,0.20631,0.20645,89
1786212360,0.20645,0.2066,0.20634,0.20652,79
1786212420,0.20651,0.20674,0.20643,0.20674,76
1786212480,0.20674,0.20695,0.2067,0.20693,82
1786212540,0.20694,0.20694,0.20655,0.20658,81
1786212600,0.20657,0.20665,0.2064,0.20647,78
1786212660,0.20647,0.20667,0.20637,0.20667,86
1786212720,0.20667,0.2069,0.20662,0.20674,79
1786212780,0.20674,0.20695,0.20671,0.20689,78
1786212840,0.20689,0.20702,0.20686,0.20699,72
1786212900,0.20699,0.20703,0.20676,0.20677,78
1786212960,0.20677,0.207,0.20666,0.20694,88
1786213020,0.20695,0.20707,0.20683,0.207,82
1786213080,0.20696,0.20699,0.20679,0.20679,80
1786213140,0.20679,0.20698,0.20668,0.20698,78
1786213200,0.20699,0.2071,0.20686,0.20688,88
1786213260,0.20688,0.20696,0.20681,0.20686,82
1786213320,0.20686,0.20721,0.20683,0.20718,83
1786213380,0.20718,0.20733,0.20716,0.20723,75
1786213440,0.20723,0.20741,0.20718,0.2073,85
1786213500,0.2073,0.20734,0.20707,0.20713,78
1786213560,0.20712,0.20721,0.20705,0.20721,74
1786213620,0.20721,0.20751,0.20717,0.20738,78
1786213680,0.20739,0.20745,0.20721,0.20745,78
1786213740,0.20746,0.20778,0.20745,0.20778,86
1786213800,0.20778,0.20799,0.20777,0.20788,83
1786213860,0.20788,0.20797,0.20772,0.20773,74
1786213920,0.20773,0.20787,0.20767,0.20772,82
1786213980,0.20772,0.20773,0.20757,0.2077,86
1786214040,0.2077,0.20786,0.20768,0.20773,84
1786214100,0.20773,0.20791,0.20766,0.20774,85
1786214160,0.20773,0.2079,0.20769,0.20778,87
1786214220,0.20777,0.20783,0.20761,0.20779,82
1786214280,0.20778,0.20792,0.20776,0.20776,80
1786214340,0.20776,0.2078,0.20755,0.20773,80
1786214400,0.20771,0.20772,0.20749,0.20754,78
1786214460,0.20754,0.20756,0.20727,0.20738,82
1786214520,0.20738,0.20764,0.20736,0.20764,86
1786214580,0.20764,0.20765,0.20749,0.20757,78
1786214640,0.20758,0.20764,0.20745,0.2076,91
1786214700,0.20761,0.20785,0.20757,0.20782,72
1786214760,0.20782,0.20836,0.2078,0.20835,87
1786214820,0.20835,0.20849,0.20829,0.20843,81
1786214880,0.20843,0.20851,0.20822,0.20822,81
1786214940,0.20822,0.20839,0.20815,0.20834,85
1786215000,0.20834,0.20838,0.20819,0.20823,73
1786215060,0.20823,0.20848,0.20816,0.20847,81
1786215120,0.20845,0.20847,0.20813,0.20821,77
1786215180,0.20822,0.20854,0.20822,0.20846,87
1786215240,0.20846,0.20863,0.20839,0.20862,78
1786215300,0.20862,0.20879,0.20852,0.20877,81
1786215360,0.20878,0.20896,0.20873,0.20885,82
1786215420,0.20884,0.20884,0.20872,0.20874,77
1786215480,0.20874,0.20886,0.20867,0.20879,77
1786215540,0.20879,0.20879,0.20851,0.20857,74
1786215600,0.20859,0.20861,0.20847,0.20859,76
1786215660,0.2086,0.20869,0.20854,0.20863,79
1786215720,0.20861,0.20865,0.20848,0.20849,73
1786215780,0.20848,0.20848,0.20828,0.2084,79
1786215840,0.2084,0.20859,0.2083,0.20856,77
1786215900,0.20856,0.20856,0.20839,0.2085,86
1786215960,0.2085,0.20862,0.20849,0.20859,65
1786216020,0.20858,0.20859,0.20836,0.20838,86
1786216080,0.20838,0.20853,0.20833,0.20836,79
1786216140,0.20836,0.20841,0.20828,0.20838,88
1786216200,0.20838,0.20846,0.20832,0.20844,80
1786216260,0.20844,0.20885,0.20844,0.20885,79
1786216320,0.20885,0.20901,0.20867,0.20898,77
1786216380,0.20898,0.20907,0.20891,0.20898,86
1786216440,0.20898,0.20899,0.20882,0.20882,85
1786216500,0.20882,0.20884,0.20865,0.20873,83
1786216560,0.20873,0.20931,0.20873,0.20924,78
1786216620,0.20925,0.20938,0.2092,0.20933,88
1786216680,0.2093,0.2093,0.20897,0.20897,68
1786216740,0.20898,0.20906,0.2089,0.209,92
1786216800,0.20898,0.20919,0.20884,0.20884,77
1786216860,0.20884,0.20894,0.20881,0.2089,81
1786216920,0.2089,0.20913,0.20883,0.20913,75
1786216980,0.20913,0.20929,0.20896,0.20929,83
1786217040,0.20929,0.20942,0.20926,0.20926,80
1786217100,0.20926,0.20935,0.20921,0.20924,72
1786217160,0.20924,0.20934,0.20914,0.20931,85
1786217220,0.20931,0.20934,0.20917,0.20917,70
1786217280,0.20917,0.20925,0.209,0.20903,77
1786217340,0.20898,0.20905,0.20886,0.20902,80
1786217400,0.20902,0.20922,0.20893,0.20916,82
1786217460,0.20916,0.20925,0.20911,0.20925,77
1786217520,0.20926,0.20937,0.20917,0.20936,74
1786217580,0.20937,0.20949,0.2093,0.20944,79
1786217640,0.20944,0.20974,0.20942,0.20968,78
1786217700,0.20968,0.20974,0.20948,0.20974,74
1786217760,0.20974,0.2099,0.20969,0.20969,82
1786217820,0.20969,0.2097,0.20939,0.20939,83
1786217880,0.20939,0.2094,0.20917,0.2093,82
1786217940,0.2093,0.20938,0.209,0.20904,81
1786218000,0.20904,0.20905,0.20886,0.20896,82
1786218060,0.20896,0.20904,0.20873,0.20873,77
1786218120,0.20873,0.20896,0.20873,0.20889,75
1786218180,0.20889,0.209,0.20872,0.20899,78
1786218240,0.20899,0.20901,0.20878,0.20899,82
1786218300,0.20898,0.20899,0.20886,0.20892,96
1786218360,0.20892,0.20905,0.20886,0.20901,78
1786218420,0.20901,0.20926,0.20893,0.20924,73
1786218480,0.20923,0.20924,0.20904,0.20916,81
1786218540,0.20916,0.20918,0.20898,0.20899,74
1786218600,0.20899,0.20919,0.20897,0.20904,74
1786218660,0.20903,0.20906,0.20889,0.20899,87
1786218720,0.20891,0.20921,0.20891,0.209,81
1786218780,0.20901,0.20912,0.20897,0.20905,81
1786218840,0.20904,0.20923,0.20891,0.20923,76
1786218900,0.20923,0.20927,0.20905,0.20915,81
1786218960,0.20911,0.20917,0.2089,0.20901,81
1786219020,0.209,0.20908,0.20894,0.20908,80
1786219080,0.20908,0.2091,0.20895,0.20905,71
1786219140,0.20905,0.20913,0.20895,0.209,90
1786219200,0.209,0.20907,0.20888,0.20906,80
1786219260,0.20906,0.2091,0.2088,0.20882,80
1786219320,0.20882,0.20891,0.2087,0.20891,81
1786219380,0.20893,0.20933,0.2089,0.20932,77
1786219440,0.20933,0.20956,0.20929,0.20956,69
1786219500,0.20959,0.20987,0.20951,0.20976,78
1786219560,0.20977,0.20981,0.20961,0.20963,80
1786219620,0.20963,0.20994,0.2096,0.20984,78
1786219680,0.20983,0.20996,0.20982,0.20987,72
1786219740,0.20986,0.20986,0.20953,0.2097,81
1786219800,0.20971,0.20972,0.20946,0.20947,69
1786219860,0.20945,0.20965,0.20942,0.20958,81
1786219920,0.20958,0.20962,0.20946,0.20953,81
1786219980,0.20953,0.20966,0.20953,0.20959,79
1786220040,0.20959,0.20969,0.20941,0.20968,77
1786220100,0.20968,0.20968,0.20947,0.20957,72
1786220160,0.20957,0.20979,0.20957,0.20979,93
1786220220,0.20979,0.20989,0.20953,0.20955,85
1786220280,0.20955,0.2097,0.20949,0.20965,77
1786220340,0.20965,0.20984,0.20957,0.20981,79
1786220400,0.20981,0.20983,0.20957,0.20973,77
1786220460,0.20971,0.21007,0.20971,0.21006,78
1786220520,0.21005,0.21005,0.20984,0.20984,86
1786220580,0.20984,0.20995,0.20983,0.20987,81
1786220640,0.20993,0.21004,0.20967,0.20968,87
1786220700,0.20968,0.20984,0.20964,0.20975,72
1786220760,0.20973,0.20974,0.20961,0.20969,79
1786220820,0.20968,0.20988,0.20968,0.20978,78
1786220880,0.20978,0.20981,0.20962,0.20968,83
1786220940,0.20968,0.20972,0.20955,0.20971,73
1786221000,0.20971,0.20972,0.20949,0.20968,77
1786221060,0.20968,0.20993,0.20967,0.20984,83
1786221120,0.20984,0.21004,0.20982,0.20992,77
1786221180,0.20992,0.21007,0.20989,0.20998,83
1786221240,0.20998,0.21003,0.20987,0.20996,80
1786221300,0.20997,0.21009,0.20993,0.20995,80
1786221360,0.20996,0.20996,0.20964,0.20969,88
1786221420,0.20966,0.20986,0.20961,0.20985,90
1786221480,0.20985,0.20989,0.20967,0.2097,85
1786221540,0.2097,0.20978,0.20964,0.20964,76
1786221600,0.20964,0.2097,0.20945,0.20958,74
1786221660,0.2096,0.20961,0.2092,0.20922,84
1786221720,0.20922,0.20947,0.2092,0.20936,77
1786221780,0.20937,0.20961,0.20927,0.20956,84
1786221840,0.20957,0.2096,0.20933,0.20956,86
1786221900,0.20955,0.20958,0.2094,0.20945,80
1786221960,0.20945,0.20946,0.20923,0.20931,80
1786222020,0.20929,0.20938,0.20918,0.20933,75
1786222080,0.20935,0.20952,0.20931,0.20938,82
1786222140,0.20938,0.20993,0.20938,0.20993,82
1786222200,0.20993,0.21022,0.20988,0.21022,80
1786222260,0.21023,0.21026,0.21009,0.21009,84
1786222320,0.21009,0.21013,0.20985,0.20999,88
1786222380,0.20999,0.21031,0.20999,0.21005,84
1786222440,0.21006,0.21019,0.20991,0.2101,83
1786222500,0.2101,0.21012,0.20998,0.21008,77
1786222560,0.21008,0.21019,0.20997,0.21012,77
1786222620,0.21012,0.21012,0.20991,0.20996,78
1786222680,0.20996,0.20996,0.20968,0.20986,77
1786222740,0.20986,0.20988,0.20957,0.20957,82
1786222800,0.20958,0.20967,0.20916,0.20923,82
1786222860,0.20922,0.20926,0.20909,0.20923,82
1786222920,0.20923,0.2093,0.20913,0.20928,72
1786222980,0.20926,0.20932,0.20909,0.20917,79
1786223040,0.20918,0.20925,0.20905,0.20916,81
1786223100,0.20916,0.20943,0.20914,0.20943,92
1786223160,0.20943,0.20958,0.20932,0.20948,85
1786223220,0.20948,0.20952,0.2093,0.20931,81
1786223280,0.20931,0.20933,0.20915,0.20931,80
1786223340,0.20932,0.20942,0.20923,0.20927,76
1786223400,0.20928,0.20936,0.20915,0.20923,79
1786223460,0.20923,0.20949,0.2091,0.20912,83
1786223520,0.20912,0.20914,0.20886,0.20888,79
1786223580,0.20888,0.20888,0.20862,0.20862,80
1786223640,0.20862,0.20874,0.20855,0.2087,89
1786223700,0.2087,0.2087,0.20844,0.20846,81
1786223760,0.20847,0.20849,0.20817,0.20835,84
1786223820,0.20834,0.20835,0.20797,0.20801,73
1786223880,0.20801,0.20835,0.20797,0.20834,85
1786223940,0.20834,0.20834,0.20806,0.20806,73
1786224000,0.20804,0.20804,0.20793,0.20804,78
1786224060,0.20801,0.20808,0.20788,0.20797,77
1786224120,0.20796,0.20802,0.20791,0.20792,69
1786224180,0.20792,0.20815,0.20792,0.20815,79
1786224240,0.20815,0.20819,0.20805,0.20809,80
1786224300,0.20809,0.20816,0.20791,0.20803,73
1786224360,0.20804,0.20825,0.20804,0.2081,83
1786224420,0.20812,0.20841,0.20812,0.20841,77
1786224480,0.20841,0.20843,0.20825,0.2083,72
1786224540,0.20831,0.20849,0.20831,0.20849,77
1786224600,0.20849,0.20858,0.20823,0.20843,81
1786224660,0.20843,0.20847,0.20834,0.20836,81
1786224720,0.20836,0.2084,0.20811,0.20828,76
1786224780,0.20824,0.20826,0.20773,0.2078,80
1786224840,0.20782,0.20799,0.20781,0.20793,71
1786224900,0.20794,0.20821,0.20794,0.20812,82
1786224960,0.20812,0.20821,0.20782,0.20787,70
1786225020,0.20788,0.20803,0.20788,0.20803,77
1786225080,0.20803,0.2082,0.208,0.20811,84
1786225140,0.20811,0.20818,0.20803,0.20815,87
1786225200,0.20816,0.20832,0.20808,0.20827,85
1786225260,0.20827,0.20829,0.20809,0.2081,83
1786225320,0.2081,0.20812,0.20799,0.20807,67
1786225380,0.20807,0.20824,0.20806,0.20816,79
1786225440,0.20813,0.20815,0.20778,0.20778,74
1786225500,0.20778,0.20781,0.20752,0.20753,85
1786225560,0.20753,0.20767,0.2074,0.20766,82
1786225620,0.20766,0.20789,0.20761,0.2078,82
1786225680,0.2078,0.20786,0.20769,0.20781,85
1786225740,0.20781,0.20786,0.20768,0.20771,82
1786225800,0.20772,0.20801,0.20772,0.208,84
1786225860,0.208,0.20814,0.20783,0.20786,80
1786225920,0.20787,0.20792,0.20778,0.20784,66
1786225980,0.20784,0.20791,0.20769,0.20771,75
1786226040,0.20771,0.20785,0.20751,0.20754,89
1786226100,0.2076,0.20763,0.20726,0.20726,73
1786226160,0.20729,0.20743,0.20729,0.20734,87
1786226220,0.20735,0.20749,0.20731,0.20732,72
1786226280,0.2073,0.20732,0.20699,0.20701,71
1786226340,0.207,0.20717,0.20699,0.20717,70
1786226400,0.20712,0.2072,0.20699,0.20699,82
1786226460,0.20698,0.20711,0.2069,0.20706,80
1786226520,0.20706,0.20719,0.20697,0.20713,83
1786226580,0.20713,0.20729,0.20702,0.20703,82
1786226640,0.20703,0.20717,0.20693,0.20715,84
1786226700,0.20715,0.20722,0.20686,0.20688,92
1786226760,0.20688,0.20688,0.20654,0.20664,80
1786226820,0.20664,0.20685,0.20663,0.20684,80
1786226880,0.20684,0.20686,0.20672,0.20676,74
1786226940,0.20676,0.20676,0.20662,0.20666,69
1786227000,0.20667,0.20686,0.20666,0.20686,86
1786227060,0.20685,0.2069,0.20662,0.20665,81
1786227120,0.20665,0.20684,0.20659,0.20665,78
1786227180,0.20665,0.2067,0.20648,0.20649,82
1786227240,0.20647,0.20656,0.20604,0.20612,76
1786227300,0.20612,0.20635,0.20611,0.2062,73
1786227360,0.20617,0.20633,0.20617,0.20626,85
1786227420,0.20626,0.20628,0.20608,0.20613,81
1786227480,0.20614,0.20625,0.20611,0.20616,97
1786227540,0.20618,0.20619,0.20579,0.20585,84
1786227600,0.20585,0.20587,0.20561,0.20571,78
1786227660,0.20571,0.20574,0.20564,0.20568,89
1786227720,0.20568,0.20571,0.20545,0.20546,74
1786227780,0.20546,0.20547,0.20524,0.20532,75
1786227840,0.20532,0.20556,0.20532,0.20551,73
1786227900,0.20551,0.20558,0.20542,0.20553,84
1786227960,0.20557,0.20568,0.2054,0.20543,79
1786228020,0.20543,0.20546,0.20534,0.20539,77
1786228080,0.20539,0.20548,0.20533,0.20542,73
1786228140,0.2054,0.2056,0.2054,0.20547,86
1786228200,0.20546,0.20556,0.20533,0.20551,86
1786228260,0.20551,0.20553,0.20531,0.20539,82
1786228320,0.20538,0.20542,0.20522,0.20534,78
1786228380,0.20533,0.20544,0.20531,0.20544,68
1786228440,0.20544,0.2057,0.20544,0.20565,76
1786228500,0.20565,0.20593,0.20562,0.20563,82
1786228560,0.20563,0.20571,0.20555,0.20565,85
1786228620,0.20565,0.20573,0.2055,0.20555,78
1786228680,0.20555,0.20567,0.20555,0.20563,70
1786228740,0.20563,0.20576,0.20545,0.20545,77
1786228800,0.20545,0.20551,0.20535,0.20543,79
1786228860,0.20543,0.20546,0.20528,0.20534,85
1786228920,0.20536,0.20537,0.20485,0.20501,85
1786228980,0.20501,0.20511,0.20494,0.20505,84
1786229040,0.20506,0.20516,0.20502,0.20512,74
1786229100,0.20511,0.2052,0.20498,0.20518,70
1786229160,0.20518,0.20518,0.2048,0.2048,84
1786229220,0.20479,0.20498,0.20468,0.20489,84
1786229280,0.20489,0.20504,0.20486,0.20493,78
1786229340,0.20493,0.20506,0.20485,0.20506,84
1786229400,0.20507,0.2052,0.20493,0.2052,77
1786229460,0.2052,0.20536,0.20519,0.20533,84
1786229520,0.20533,0.20533,0.20512,0.20512,79
1786229580,0.20513,0.20542,0.20512,0.20542,78
1786229640,0.20542,0.20556,0.20542,0.20546,69
1786229700,0.20546,0.20563,0.20546,0.20555,83
1786229760,0.20555,0.2059,0.20551,0.20579,74
1786229820,0.20579,0.20593,0.20576,0.20593,71
1786229880,0.20593,0.20601,0.20584,0.20591,82
1786229940,0.20591,0.2062,0.2059,0.20605,83
1786230000,0.20605,0.20626,0.20599,0.20621,78
1786230060,0.20621,0.20646,0.20618,0.20639,80
1786230120,0.20639,0.20645,0.20624,0.20626,75
1786230180,0.20626,0.20668,0.20626,0.2066,77
1786230240,0.2066,0.20686,0.2066,0.20677,69
1786230300,0.20676,0.20685,0.20659,0.20669,81
1786230360,0.20668,0.20684,0.20661,0.20666,84
1786230420,0.20666,0.20671,0.20652,0.20665,79
1786230480,0.20664,0.20667,0.20651,0.20663,80
1786230540,0.20665,0.20677,0.20651,0.20651,74
1786230600,0.20648,0.20665,0.20647,0.20655,68
1786230660,0.20657,0.20671,0.20653,0.20668,74
1786230720,0.20667,0.20668,0.20651,0.20663,87
1786230780,0.20663,0.20681,0.20661,0.20668,89
1786230840,0.20668,0.20669,0.20649,0.20654,74
1786230900,0.20654,0.20668,0.20649,0.20658,80
1786230960,0.20658,0.20672,0.20645,0.20672,85
1786231020,0.20673,0.2068,0.20665,0.20675,87
1786231080,0.20675,0.20685,0.20667,0.20684,81
1786231140,0.20684,0.20687,0.20659,0.20659,80
1786231200,0.20659,0.2067,0.20641,0.20644,86
1786231260,0.20644,0.20668,0.20644,0.20665,76
1786231320,0.20665,0.2067,0.2065,0.20663,79
1786231380,0.20664,0.20666,0.20637,0.20639,86
1786231440,0.20637,0.20645,0.20628,0.2064,80
1786231500,0.20638,0.20681,0.20638,0.2067,82
1786231560,0.2067,0.20684,0.2066,0.20684,73
1786231620,0.20684,0.20687,0.20669,0.20672,79
1786231680,0.20671,0.2068,0.20651,0.20667,83
1786231740,0.20668,0.20698,0.20662,0.20685,90
1786231800,0.20688,0.2069,0.20665,0.20672,87
1786231860,0.20672,0.20695,0.20667,0.20684,75
1786231920,0.20684,0.20726,0.20684,0.20722,76
1786231980,0.20722,0.20735,0.20718,0.20723,81
1786232040,0.20723,0.20735,0.20717,0.20723,73
1786232100,0.20723,0.20745,0.20719,0.2074,82
1786232160,0.2074,0.20741,0.20719,0.20728,85
1786232220,0.20728,0.20736,0.20716,0.20726,72
1786232280,0.20726,0.20733,0.20704,0.20709,74
1786232340,0.20709,0.20726,0.20703,0.20704,86
1786232400,0.20704,0.20707,0.20683,0.20704,83
1786232460,0.20705,0.20706,0.20689,0.20698,72
1786232520,0.20697,0.20723,0.20697,0.20711,75
1786232580,0.20713,0.20718,0.20704,0.20708,78
1786232640,0.20706,0.20706,0.20677,0.20682,86
1786232700,0.2068,0.20692,0.20669,0.20686,81
1786232760,0.20689,0.20707,0.20689,0.20701,72
1786232820,0.207,0.20711,0.20698,0.20706,83
1786232880,0.20707,0.20713,0.20699,0.20713,76
1786232940,0.20713,0.20726,0.20705,0.2071,83
1786233000,0.2071,0.20721,0.20701,0.20703,77
1786233060,0.20703,0.2072,0.20686,0.20694,86
1786233120,0.20694,0.20701,0.20657,0.20658,78
1786233180,0.20658,0.20668,0.20651,0.20665,83
1786233240,0.20665,0.20681,0.20659,0.20664,74
1786233300,0.20664,0.2068,0.20661,0.20664,84
1786233360,0.20662,0.20687,0.20662,0.20682,78
1786233420,0.20683,0.20703,0.20682,0.20695,78
1786233480,0.20695,0.20708,0.20692,0.20707,78
1786233540,0.20708,0.20748,0.20707,0.20731,81
1786233600,0.20732,0.20742,0.2073,0.20738,77
1786233660,0.20738,0.20748,0.20733,0.20738,80
1786233720,0.20739,0.20739,0.2071,0.20711,96
1786233780,0.20712,0.20723,0.20708,0.20709,79
1786233840,0.20709,0.20739,0.20709,0.20713,72
1786233900,0.20711,0.20733,0.20711,0.2072,85
1786233960,0.20719,0.20727,0.20702,0.20717,75
1786234020,0.20718,0.20719,0.20696,0.20705,84
1786234080,0.20705,0.20729,0.20702,0.20722,91
1786234140,0.20722,0.20724,0.20686,0.20687,86
1786234200,0.20687,0.20704,0.20675,0.20676,80
1786234260,0.20676,0.20677,0.20661,0.20663,81
1786234320,0.20663,0.20671,0.2065,0.20652,72
1786234380,0.20652,0.20652,0.20619,0.2062,82
1786234440,0.20623,0.20628,0.20615,0.20626,82
1786234500,0.20626,0.20651,0.20624,0.2065,75
1786234560,0.2065,0.20681,0.2065,0.20673,79
1786234620,0.20675,0.20719,0.20669,0.20718,79
1786234680,0.2072,0.20724,0.20704,0.20707,76
1786234740,0.20707,0.20707,0.2069,0.20695,79
1786234800,0.20696,0.20699,0.2068,0.20689,90
1786234860,0.20689,0.20694,0.20675,0.20676,83
1786234920,0.20676,0.20676,0.20655,0.20656,79
1786234980,0.20657,0.20663,0.20637,0.2065,83
1786235040,0.20649,0.20682,0.20644,0.20682,80
1786235100,0.20682,0.20696,0.20682,0.2069,74
1786235160,0.2069,0.20713,0.20682,0.20705,86
1786235220,0.20705,0.20707,0.20667,0.20676,81
1786235280,0.20676,0.20686,0.20654,0.20659,82
1786235340,0.20659,0.20666,0.20647,0.20665,79
1786235400,0.20667,0.20684,0.20663,0.20681,71
1786235460,0.20681,0.20681,0.20653,0.20654,81
1786235520,0.20654,0.20654,0.20626,0.20632,80
1786235580,0.20632,0.20638,0.20618,0.20632,80
1786235640,0.20632,0.20636,0.20612,0.20619,69
1786235700,0.2062,0.20623,0.2058,0.20581,87
1786235760,0.2058,0.20582,0.20565,0.20582,79
1786235820,0.20584,0.20612,0.20583,0.20606,88
1786235880,0.20605,0.2062,0.20596,0.20599,76
1786235940,0.20598,0.20608,0.20585,0.20605,84
1786236000,0.20605,0.20619,0.20598,0.20618,81
1786236060,0.20619,0.20645,0.20616,0.20645,78
1786236120,0.20645,0.20659,0.20633,0.20656,71
1786236180,0.20656,0.20662,0.20638,0.20638,73
1786236240,0.20638,0.20648,0.2063,0.20632,81
1786236300,0.20632,0.20669,0.20626,0.20668,83
1786236360,0.20668,0.20695,0.20667,0.20691,81
1786236420,0.20691,0.20702,0.20665,0.20698,72
1786236480,0.20698,0.20705,0.20688,0.20689,81
1786236540,0.20688,0.20706,0.20683,0.20706,77
1786236600,0.20706,0.20715,0.2069,0.20715,82
1786236660,0.20715,0.20723,0.2069,0.20701,81
1786236720,0.20701,0.20702,0.20682,0.20686,82
1786236780,0.20683,0.207,0.20672,0.20693,75
1786236840,0.20692,0.20693,0.20661,0.20669,86
1786236900,0.20667,0.20667,0.20636,0.2064,83
1786236960,0.2064,0.20642,0.20611,0.20631,73
1786237020,0.20631,0.20642,0.20616,0.20642,89
1786237080,0.20641,0.20656,0.20633,0.20637,82
1786237140,0.20638,0.20643,0.2063,0.20632,78
1786237200,0.20632,0.20644,0.20626,0.20637,82
1786237260,0.20637,0.20639,0.20622,0.20632,94
1786237320,0.20632,0.20656,0.20625,0.20652,83
1786237380,0.20652,0.20664,0.20643,0.20657,73
1786237440,0.20657,0.20695,0.20651,0.20693,82
1786237500,0.20694,0.20738,0.20692,0.20734,83
1786237560,0.20734,0.20742,0.20731,0.20738,86
1786237620,0.2074,0.20741,0.20708,0.20714,81
1786237680,0.20714,0.20726,0.20708,0.20715,81
1786237740,0.20715,0.20733,0.20702,0.20711,83
1786237800,0.20713,0.20715,0.19606,0.19612,80
1786237860,0.1961,0.1961,0.19598,0.19607,76
1786237920,0.19608,0.19635,0.19608,0.19608,77
1786237980,0.19608,0.19619,0.19597,0.1961,82
1786238040,0.1961,0.19632,0.19608,0.19624,76
1786238100,0.19624,0.19638,0.19621,0.19636,76
1786238160,0.19633,0.1964,0.19608,0.19609,78
1786238220,0.19608,0.19615,0.19596,0.196,76
1786238280,0.196,0.19615,0.19588,0.1961,73
1786238340,0.1961,0.19614,0.19589,0.19594,82
1786238400,0.19594,0.19604,0.19584,0.19586,81
1786238460,0.19586,0.196,0.19581,0.196,75
1786238520,0.196,0.19632,0.196,0.19624,71
1786238580,0.19623,0.19633,0.19609,0.19609,80
1786238640,0.19609,0.19642,0.19606,0.19642,80
1786238700,0.19642,0.19649,0.19629,0.19646,77
1786238760,0.19646,0.1967,0.19634,0.19664,85
1786238820,0.19664,0.1968,0.19663,0.19674,79
1786238880,0.19673,0.1968,0.19648,0.19659,81
1786238940,0.19658,0.19663,0.19645,0.19655,78
1786239000,0.19655,0.19695,0.19655,0.19692,79
1786239060,0.19692,0.19706,0.19689,0.19701,82
1786239120,0.197,0.19708,0.19694,0.19694,79
1786239180,0.19694,0.19699,0.19671,0.19671,78
1786239240,0.19671,0.19682,0.1967,0.19682,68
1786239300,0.19681,0.19696,0.19674,0.19681,85
1786239360,0.19681,0.19684,0.1967,0.19676,76
1786239420,0.19676,0.19701,0.19673,0.197,87
1786239480,0.197,0.19742,0.19699,0.19741,91
1786239540,0.1974,0.19757,0.19735,0.19744,81
1786239600,0.19736,0.19751,0.1973,0.19751,85
1786239660,0.19751,0.19786,0.19748,0.19771,81
1786239720,0.19771,0.19784,0.19757,0.1978,84
1786239780,0.1978,0.19783,0.19753,0.19759,80
1786239840,0.19759,0.19761,0.19749,0.19759,73
1786239900,0.19758,0.19762,0.19749,0.19759,89
1786239960,0.19759,0.19761,0.19729,0.19737,82
1786240020,0.19736,0.19744,0.19732,0.19744,72
1786240080,0.19744,0.19762,0.19738,0.1976,72
1786240140,0.1976,0.19765,0.19741,0.19741,80
1786240200,0.19741,0.19743,0.19704,0.19707,85
1786240260,0.19706,0.19725,0.19704,0.19723,84
1786240320,0.19722,0.19728,0.19702,0.1971,79
1786240380,0.1971,0.19723,0.19697,0.19697,82
1786240440,0.19693,0.19703,0.19686,0.19686,89
1786240500,0.19686,0.19694,0.1967,0.19677,83
1786240560,0.19677,0.19678,0.19651,0.19651,73
1786240620,0.19649,0.19666,0.19647,0.19658,76
1786240680,0.19658,0.19682,0.19653,0.19662,83
1786240740,0.19662,0.19662,0.19638,0.19645,81
1786240800,0.19645,0.19662,0.19644,0.19661,77
1786240860,0.19661,0.19685,0.19657,0.19684,77
1786240920,0.19684,0.19704,0.19684,0.19702,79
1786240980,0.19701,0.19744,0.19701,0.19739,91
1786241040,0.1974,0.19747,0.19735,0.19745,74
1786241100,0.19746,0.19748,0.1973,0.19739,81
1786241160,0.19739,0.19755,0.19739,0.19751,71
1786241220,0.1975,0.19755,0.19739,0.19749,76
1786241280,0.19749,0.19757,0.1973,0.19731,75
1786241340,0.19731,0.19733,0.19708,0.19715,75
1786241400,0.19711,0.19719,0.19675,0.19676,79
1786241460,0.19676,0.197,0.19676,0.197,81
1786241520,0.197,0.19715,0.19693,0.19705,80
1786241580,0.19705,0.19714,0.19687,0.19706,84
1786241640,0.19706,0.19708,0.19685,0.19688,90
1786241700,0.19688,0.19691,0.19645,0.19647,89
1786241760,0.19647,0.19663,0.19632,0.19663,76
1786241820,0.19663,0.19671,0.19652,0.19658,79
1786241880,0.19658,0.19671,0.19647,0.19668,69
1786241940,0.19666,0.19667,0.19654,0.1966,76
1786242000,0.19661,0.19669,0.19653,0.19657,78
1786242060,0.19657,0.19674,0.19657,0.19666,80
1786242120,0.19666,0.19673,0.19647,0.19651,79
1786242180,0.19653,0.19659,0.19633,0.19635,86
1786242240,0.19634,0.19642,0.19623,0.19639,87
1786242300,0.19639,0.19644,0.19623,0.19632,77
1786242360,0.19632,0.19637,0.19625,0.1963,68
1786242420,0.19629,0.19661,0.19626,0.19655,88
1786242480,0.1965,0.1966,0.19645,0.19659,81
1786242540,0.1966,0.19672,0.19653,0.19666,77
1786242600,0.19667,0.19689,0.19662,0.19684,81
1786242660,0.19684,0.19714,0.19679,0.19712,82
1786242720,0.19712,0.19726,0.19708,0.19721,85
1786242780,0.19721,0.1973,0.19704,0.19713,72
1786242840,0.19713,0.19726,0.19703,0.19707,84
1786242900,0.19707,0.19717,0.19692,0.19692,72
1786242960,0.19692,0.19701,0.19681,0.19683,85
1786243020,0.19683,0.19698,0.19673,0.19694,72
1786243080,0.19689,0.19695,0.19658,0.19672,78
1786243140,0.19672,0.197,0.19668,0.19698,74
1786243200,0.19699,0.19703,0.19666,0.19697,81
1786243260,0.19697,0.19702,0.1968,0.19685,82
1786243320,0.19685,0.19697,0.19683,0.19695,76
1786243380,0.19695,0.19699,0.19665,0.19675,84
1786243440,0.19677,0.19703,0.19671,0.19697,77
1786243500,0.19696,0.19698,0.19688,0.19692,74
1786243560,0.19691,0.19708,0.19683,0.1969,74
1786243620,0.1969,0.1969,0.19672,0.19679,82
1786243680,0.19679,0.1968,0.1964,0.19643,75
1786243740,0.19643,0.19647,0.19616,0.1962,86
1786243800,0.1962,0.19626,0.19605,0.19605,88
1786243860,0.19605,0.19609,0.19591,0.19602,77
1786243920,0.19602,0.19635,0.19602,0.19628,94
1786243980,0.19628,0.19639,0.19613,0.19622,80
1786244040,0.19621,0.1963,0.1961,0.19613,83
1786244100,0.19613,0.19613,0.19572,0.19594,83
1786244160,0.19594,0.19594,0.19575,0.19586,80
1786244220,0.19586,0.196,0.1958,0.19591,82
1786244280,0.19592,0.19601,0.19583,0.19583,83
1786244340,0.19583,0.19612,0.19583,0.1959,80
1786244400,0.1959,0.19599,0.19587,0.19593,72
1786244460,0.19596,0.19602,0.19563,0.19579,85
1786244520,0.19579,0.19596,0.19575,0.19592,83
1786244580,0.19592,0.19596,0.19582,0.19586,83
1786244640,0.19586,0.19618,0.19578,0.19613,89
1786244700,0.19612,0.19618,0.19603,0.19613,80
1786244760,0.19613,0.19625,0.19605,0.19609,67
1786244820,0.19609,0.19616,0.1959,0.19591,84
1786244880,0.19591,0.19598,0.19574,0.19577,87
1786244940,0.19577,0.19587,0.19567,0.1958,79
1786245000,0.19579,0.19592,0.19563,0.19585,85
1786245060,0.19583,0.19584,0.19568,0.19577,79
1786245120,0.19574,0.19576,0.19552,0.19573,75
1786245180,0.19573,0.19583,0.19563,0.19575,85
1786245240,0.19575,0.19589,0.19575,0.19577,78
1786245300,0.19574,0.19586,0.19566,0.19566,79
1786245360,0.19566,0.19574,0.19564,0.19566,71
1786245420,0.19564,0.19595,0.19563,0.19581,72
1786245480,0.19579,0.19594,0.19575,0.19589,86
1786245540,0.1959,0.19639,0.19589,0.19635,77
1786245600,0.19635,0.19669,0.19633,0.19668,72
1786245660,0.19666,0.19669,0.19654,0.19664,71
1786245720,0.19665,0.19668,0.19649,0.19651,74
1786245780,0.19651,0.19677,0.19644,0.19675,88
1786245840,0.19675,0.19678,0.19666,0.19675,79
1786245900,0.19675,0.1968,0.19659,0.19661,91
1786245960,0.19661,0.19662,0.19637,0.1964,82
1786246020,0.1964,0.19645,0.19631,0.19644,88
1786246080,0.19644,0.19659,0.19644,0.19648,79
1786246140,0.19647,0.19662,0.19625,0.1963,78
1786246200,0.1963,0.19647,0.19628,0.19645,79
1786246260,0.19646,0.19665,0.19632,0.19651,70
1786246320,0.19646,0.19655,0.19639,0.19641,74
1786246380,0.19641,0.19648,0.19636,0.19648,74
1786246440,0.19649,0.19667,0.19649,0.19657,77
1786246500,0.19657,0.19682,0.19649,0.19678,77
1786246560,0.19682,0.19695,0.19668,0.19678,76
1786246620,0.19677,0.1969,0.19669,0.19682,89
1786246680,0.19683,0.19702,0.1968,0.197,86
1786246740,0.19697,0.19703,0.19685,0.1969,77
1786246800,0.19687,0.19687,0.19674,0.19685,80
1786246860,0.19685,0.19698,0.19666,0.19693,79
1786246920,0.19693,0.19699,0.1967,0.1967,78
1786246980,0.1967,0.19689,0.19669,0.19682,81
1786247040,0.19682,0.19692,0.19673,0.1968,77
1786247100,0.19681,0.19682,0.1967,0.19676,73
1786247160,0.19678,0.19705,0.19677,0.19697,82
1786247220,0.19697,0.19705,0.1968,0.19688,83
1786247280,0.19688,0.19702,0.1968,0.19702,81
1786247340,0.19702,0.19703,0.19671,0.19683,75
1786247400,0.19683,0.19698,0.19681,0.19681,77
1786247460,0.19682,0.19718,0.19682,0.19708,84
1786247520,0.19709,0.19726,0.19706,0.19714,77
1786247580,0.19715,0.19742,0.19712,0.19741,84
1786247640,0.19742,0.19747,0.1972,0.19741,83
1786247700,0.1974,0.19742,0.19715,0.19717,81
1786247760,0.19718,0.19743,0.19707,0.19739,76
1786247820,0.19739,0.19757,0.19738,0.19749,86
1786247880,0.19751,0.19776,0.19743,0.19772,84
1786247940,0.19772,0.198,0.19767,0.1979,85
1786248000,0.1979,0.19797,0.19771,0.19791,80
1786248060,0.19792,0.19792,0.19772,0.19772,75
1786248120,0.19771,0.19786,0.19766,0.19777,78
1786248180,0.19777,0.19789,0.19776,0.19776,78
1786248240,0.19776,0.19788,0.19765,0.19777,79
1786248300,0.19777,0.1979,0.19773,0.19778,73
1786248360,0.19778,0.19786,0.19763,0.19771,85
1786248420,0.19771,0.19776,0.19757,0.19773,83
1786248480,0.19771,0.19777,0.19754,0.1976,74
1786248540,0.1976,0.19772,0.19751,0.19758,83
1786248600,0.19758,0.19759,0.19735,0.19736,81
1786248660,0.19737,0.19739,0.19725,0.19731,76
1786248720,0.19733,0.19733,0.19711,0.19717,83
1786248780,0.19714,0.19733,0.19708,0.19728,85
1786248840,0.19732,0.1975,0.1973,0.19747,75
1786248900,0.19748,0.19748,0.19729,0.19739,75
1786248960,0.19741,0.19777,0.19741,0.19757,72
1786249020,0.19757,0.19767,0.1975,0.19752,88
1786249080,0.19752,0.19793,0.19751,0.1979,77
1786249140,0.1979,0.19805,0.19788,0.19792,83
1786249200,0.19792,0.19815,0.19782,0.19799,88
1786249260,0.19799,0.19804,0.19794,0.19804,73
1786249320,0.19804,0.19809,0.1979,0.19797,78
1786249380,0.19798,0.19801,0.19784,0.19793,74
1786249440,0.19793,0.19793,0.19763,0.19768,76
1786249500,0.19769,0.19776,0.19748,0.19757,79
1786249560,0.19757,0.19767,0.1975,0.19767,91
1786249620,0.19767,0.19803,0.19765,0.19802,79
1786249680,0.19803,0.19828,0.19796,0.19827,80
1786249740,0.19826,0.19827,0.19807,0.19812,86
1786249800,0.19814,0.19822,0.19809,0.19813,91
1786249860,0.19813,0.1982,0.19795,0.1982,77
1786249920,0.1982,0.19822,0.19806,0.19807,78
1786249980,0.19807,0.19808,0.1979,0.19806,82
1786250040,0.19797,0.19798,0.19765,0.19775,74
1786250100,0.19777,0.19817,0.19776,0.19808,83
1786250160,0.19808,0.19823,0.19794,0.19821,86
1786250220,0.19821,0.19828,0.19812,0.19812,82
1786250280,0.19812,0.19813,0.19781,0.19793,73
1786250340,0.19793,0.19813,0.19793,0.1981,71
1786250400,0.1981,0.1982,0.19803,0.19816,72
1786250460,0.19816,0.19845,0.19815,0.19839,76
1786250520,0.19839,0.1987,0.19839,0.19862,74
1786250580,0.19862,0.19876,0.19859,0.19869,75
1786250640,0.19869,0.19885,0.19864,0.19882,68
1786250700,0.19882,0.19882,0.19827,0.19832,77
1786250760,0.19833,0.19847,0.19826,0.19844,83
1786250820,0.19844,0.19854,0.19837,0.19841,76
1786250880,0.1984,0.19859,0.19838,0.19844,78
1786250940,0.19842,0.19857,0.19838,0.19843,75
1786251000,0.19844,0.19858,0.19832,0.19838,92
1786251060,0.19839,0.19862,0.19837,0.19855,81
1786251120,0.19855,0.19872,0.19823,0.19823,82
1786251180,0.19823,0.1983,0.19803,0.19814,88
1786251240,0.19814,0.19873,0.19813,0.19873,84
1786251300,0.19873,0.19873,0.19853,0.19859,79
1786251360,0.19859,0.1986,0.19835,0.19842,82
1786251420,0.19843,0.19843,0.19813,0.19814,79
1786251480,0.19814,0.19822,0.19809,0.19817,74
1786251540,0.19816,0.19825,0.19809,0.19816,79
1786251600,0.19816,0.19838,0.19806,0.19831,77
1786251660,0.19831,0.1985,0.19826,0.19849,90
1786251720,0.19849,0.19853,0.19821,0.19828,79
1786251780,0.19828,0.19833,0.19815,0.19833,82
1786251840,0.19832,0.19856,0.19831,0.19831,81
1786251900,0.1983,0.19855,0.1983,0.19852,78
1786251960,0.19851,0.19852,0.19828,0.19829,85
1786252020,0.19829,0.19852,0.19828,0.19845,74
1786252080,0.19845,0.19859,0.19839,0.19841,85
1786252140,0.19841,0.19857,0.19835,0.19856,78
1786252200,0.19856,0.19861,0.19834,0.1986,86
1786252260,0.1986,0.19889,0.1986,0.19881,85
1786252320,0.19881,0.19887,0.19873,0.19885,75
1786252380,0.19888,0.19888,0.19854,0.19883,83
1786252440,0.19883,0.19902,0.19878,0.19889,81
1786252500,0.19889,0.19898,0.19884,0.19896,84
1786252560,0.19897,0.19907,0.19881,0.19884,78
1786252620,0.19883,0.19883,0.19865,0.19876,90
1786252680,0.19876,0.19878,0.19851,0.19854,85
1786252740,0.19854,0.19861,0.19844,0.1986,73
1786252800,0.19859,0.19869,0.19849,0.19869,86
1786252860,0.19868,0.19874,0.19859,0.19862,82
1786252920,0.19863,0.1989,0.19862,0.19878,81
1786252980,0.1988,0.19891,0.19878,0.19886,80
1786253040,0.19886,0.19887,0.19841,0.19847,88
1786253100,0.19846,0.19864,0.19828,0.19864,75
1786253160,0.19864,0.19869,0.19848,0.1986,76
1786253220,0.1986,0.19864,0.19845,0.19847,81
1786253280,0.19847,0.19863,0.19829,0.19834,83
1786253340,0.19834,0.19843,0.19812,0.19812,74
1786253400,0.1981,0.19813,0.19788,0.19808,81
1786253460,0.1981,0.19821,0.19798,0.19801,77
1786253520,0.19802,0.19818,0.198,0.19806,88
1786253580,0.19806,0.1981,0.19791,0.19804,81
1786253640,0.19804,0.19809,0.19786,0.19803,88
1786253700,0.19803,0.1982,0.19798,0.19818,71
1786253760,0.1982,0.19826,0.19806,0.19809,75
1786253820,0.19808,0.19809,0.19786,0.19787,78
1786253880,0.19785,0.19803,0.19785,0.19803,80
1786253940,0.19805,0.1981,0.1978,0.1978,77
1786254000,0.1978,0.19795,0.19777,0.19778,86
1786254060,0.1978,0.19787,0.19768,0.19787,71
1786254120,0.19785,0.19798,0.19781,0.19794,86
1786254180,0.19792,0.19803,0.19788,0.19795,72
1786254240,0.19795,0.19804,0.1978,0.19801,82
1786254300,0.19801,0.19801,0.19788,0.19797,75
1786254360,0.19797,0.19803,0.19787,0.19788,78
1786254420,0.19787,0.19798,0.19772,0.19777,85
1786254480,0.19778,0.19784,0.19752,0.19761,74
1786254540,0.1976,0.19778,0.19758,0.19766,77
1786254600,0.19766,0.1978,0.19755,0.1978,70
1786254660,0.1978,0.19789,0.19773,0.19782,77
1786254720,0.19782,0.19793,0.19777,0.19788,82
1786254780,0.19788,0.19813,0.19777,0.19793,83
1786254840,0.19793,0.19802,0.19773,0.19773,74
1786254900,0.19773,0.19779,0.19757,0.1977,88
1786254960,0.19769,0.19772,0.19751,0.19761,93
1786255020,0.19761,0.19773,0.19748,0.19768,83
1786255080,0.19768,0.19771,0.19757,0.19767,87
1786255140,0.19767,0.19771,0.19747,0.19753,74
1786255200,0.19753,0.19769,0.19752,0.19755,77
1786255260,0.19755,0.19755,0.19743,0.19749,79
1786255320,0.19749,0.19753,0.19736,0.19746,76
1786255380,0.19746,0.19778,0.19744,0.19775,71
1786255440,0.19775,0.19782,0.19755,0.19777,81
1786255500,0.19776,0.19789,0.19775,0.19783,67
1786255560,0.19781,0.19804,0.19781,0.1979,83
1786255620,0.19787,0.19789,0.19769,0.19781,81
1786255680,0.19781,0.19787,0.19769,0.1978,78
1786255740,0.1978,0.19794,0.19767,0.1979,86
1786255800,0.19789,0.19802,0.19784,0.19787,83
1786255860,0.19787,0.19796,0.19777,0.19785,81
1786255920,0.19786,0.19788,0.19765,0.19783,82
1786255980,0.19782,0.19793,0.19775,0.19793,90
1786256040,0.19792,0.19808,0.19789,0.19805,82
1786256100,0.19814,0.19825,0.19806,0.19813,82
1786256160,0.19813,0.19832,0.19799,0.19832,85
1786256220,0.19831,0.19852,0.19824,0.19852,68
1786256280,0.19852,0.19853,0.19834,0.19834,79
1786256340,0.19834,0.19844,0.19828,0.19842,79
1786256400,0.19842,0.19856,0.19828,0.19853,87
1786256460,0.19853,0.19858,0.1984,0.19858,84
1786256520,0.19858,0.19859,0.19843,0.19845,82
1786256580,0.19843,0.19849,0.19841,0.19845,72
1786256640,0.19843,0.19844,0.19832,0.19833,82
1786256700,0.19834,0.1986,0.19821,0.19858,82
1786256760,0.19858,0.19867,0.19841,0.19841,69
1786256820,0.19841,0.19853,0.19831,0.19841,78
1786256880,0.19841,0.19847,0.19837,0.19847,78
1786256940,0.19847,0.19852,0.19832,0.19844,79
1786257000,0.19845,0.19885,0.19844,0.19884,72
1786257060,0.19881,0.19888,0.19859,0.19866,83
1786257120,0.19866,0.19876,0.1986,0.19871,76
1786257180,0.1987,0.19875,0.19854,0.19872,84
1786257240,0.19872,0.19877,0.19857,0.19867,78
1786257300,0.19867,0.19886,0.19861,0.19872,74
1786257360,0.19872,0.19894,0.19862,0.19862,79
1786257420,0.1986,0.1986,0.19829,0.1983,80
1786257480,0.1983,0.19849,0.1983,0.19836,80
1786257540,0.19837,0.19851,0.19833,0.19846,79
1786257600,0.19847,0.19857,0.19847,0.19851,77
1786257660,0.19851,0.19854,0.19818,0.19818,82
1786257720,0.19818,0.1983,0.19812,0.19816,81
1786257780,0.19816,0.19829,0.19811,0.19812,76
1786257840,0.19812,0.19812,0.19786,0.19788,78
1786257900,0.19787,0.1979,0.19777,0.19777,80
1786257960,0.19777,0.1978,0.19761,0.19775,75
1786258020,0.19775,0.19782,0.19765,0.1977,73
1786258080,0.1977,0.19776,0.19758,0.19763,82
1786258140,0.19762,0.19771,0.19759,0.1976,73
1786258200,0.19759,0.19768,0.19748,0.19759,80
1786258260,0.19759,0.19784,0.19758,0.19782,88
1786258320,0.19782,0.19802,0.19775,0.19802,78
1786258380,0.19802,0.19812,0.19799,0.19799,86
1786258440,0.19799,0.19809,0.19782,0.19797,88
1786258500,0.19798,0.19828,0.19794,0.19822,82
1786258560,0.19823,0.19838,0.19821,0.19833,75
1786258620,0.19833,0.19834,0.19817,0.19818,84
1786258680,0.19818,0.1982,0.198,0.198,66
1786258740,0.198,0.19816,0.198,0.19803,81
1786258800,0.19804,0.19823,0.19799,0.19799,80
1786258860,0.19799,0.19824,0.19799,0.19824,78
1786258920,0.19824,0.19848,0.19816,0.19837,76
1786258980,0.19838,0.1984,0.19803,0.19803,79
1786259040,0.19802,0.19819,0.19775,0.19777,78
1786259100,0.19777,0.19782,0.1976,0.19761,67
1786259160,0.19759,0.19776,0.19747,0.19765,76
1786259220,0.19765,0.19777,0.19754,0.19768,81
1786259280,0.19768,0.19798,0.19759,0.19796,86
1786259340,0.19796,0.19811,0.19754,0.19763,81
1786259400,0.19763,0.19775,0.19752,0.19768,82
1786259460,0.19767,0.1978,0.1976,0.19778,73
1786259520,0.19779,0.19809,0.19779,0.19809,74
1786259580,0.19809,0.19815,0.19791,0.198,81
1786259640,0.19799,0.19806,0.19784,0.19784,74
1786259700,0.19783,0.198,0.19779,0.19782,86
1786259760,0.19782,0.19806,0.19779,0.19782,81
1786259820,0.19782,0.19794,0.19777,0.19783,83
1786259880,0.19784,0.19802,0.19784,0.19786,88
1786259940,0.19787,0.19805,0.19784,0.19801,84
1786260000,0.19799,0.19804,0.19766,0.19773,78
1786260060,0.19771,0.19797,0.1977,0.19795,86
1786260120,0.19798,0.19826,0.19798,0.19825,75
1786260180,0.19824,0.19824,0.19804,0.19817,72
1786260240,0.19817,0.19824,0.19789,0.19789,80
1786260300,0.19789,0.19789,0.19767,0.19783,90
1786260360,0.19783,0.1979,0.1977,0.19787,83
1786260420,0.19787,0.19811,0.19784,0.19807,91
1786260480,0.19807,0.19823,0.19806,0.19812,79
1786260540,0.19811,0.19835,0.19811,0.19832,97
1786260600,0.19831,0.19834,0.19816,0.19831,78
1786260660,0.19832,0.19863,0.19829,0.19839,81
1786260720,0.19839,0.1984,0.1981,0.19811,82
1786260780,0.19809,0.19814,0.1979,0.1979,65
1786260840,0.1979,0.19793,0.19759,0.19768,76
1786260900,0.19769,0.19771,0.1975,0.1975,79
1786260960,0.1975,0.19756,0.1973,0.1973,77
1786261020,0.1973,0.19734,0.19716,0.19719,76
1786261080,0.19719,0.19727,0.19701,0.19701,84
1786261140,0.19701,0.19709,0.19692,0.19692,78
1786261200,0.19691,0.19701,0.1968,0.1968,77
1786261260,0.1968,0.19693,0.19678,0.19684,67
1786261320,0.19684,0.19689,0.1967,0.19688,76
1786261380,0.19688,0.19701,0.1968,0.197,75
1786261440,0.197,0.19705,0.1968,0.19682,73
1786261500,0.1968,0.19682,0.19655,0.19673,77
1786261560,0.19673,0.19675,0.19662,0.19665,81
1786261620,0.19665,0.19671,0.19655,0.19668,73
1786261680,0.19668,0.19703,0.19662,0.19703,81
1786261740,0.19703,0.1971,0.19677,0.19677,80
1786261800,0.19678,0.19685,0.19664,0.19675,77
1786261860,0.19676,0.19697,0.19671,0.19691,77
1786261920,0.19692,0.19718,0.19692,0.19699,79
1786261980,0.19698,0.1972,0.19694,0.1972,79
1786262040,0.19719,0.19728,0.19694,0.19703,87
1786262100,0.19703,0.19733,0.19701,0.19733,66
1786262160,0.19732,0.19736,0.19709,0.1971,74
1786262220,0.19711,0.19713,0.1966,0.19666,84
1786262280,0.19666,0.19676,0.19655,0.19662,84
1786262340,0.19662,0.19673,0.19654,0.19658,73
1786262400,0.19658,0.19664,0.19649,0.19656,77
1786262460,0.1966,0.19678,0.19657,0.19664,84
1786262520,0.19664,0.19683,0.19655,0.19678,79
1786262580,0.19678,0.19678,0.19664,0.19666,86
1786262640,0.19666,0.19674,0.19653,0.19672,81
1786262700,0.19672,0.19706,0.19663,0.19706,85
1786262760,0.19706,0.19725,0.19702,0.19724,82
1786262820,0.19723,0.19738,0.1972,0.1973,79
1786262880,0.1973,0.19732,0.19697,0.19704,80
1786262940,0.19705,0.19717,0.19696,0.1971,81
1786263000,0.1971,0.19715,0.19694,0.19715,89
1786263060,0.19715,0.19725,0.19713,0.19723,83
1786263120,0.19725,0.19736,0.19722,0.19731,72
1786263180,0.19729,0.19735,0.1972,0.19727,83
1786263240,0.19727,0.19746,0.19726,0.19733,84
1786263300,0.19732,0.19738,0.19721,0.19722,81
1786263360,0.19724,0.1973,0.1971,0.1973,75
1786263420,0.1973,0.19732,0.19708,0.19713,76
1786263480,0.19713,0.19727,0.19704,0.19704,77
1786263540,0.19704,0.1973,0.19704,0.19727,78
1786263600,0.19727,0.19753,0.19727,0.19753,70
1786263660,0.19753,0.19761,0.19745,0.19759,76
1786263720,0.19759,0.19784,0.19755,0.19779,79
1786263780,0.19778,0.19798,0.19778,0.19794,78
1786263840,0.19795,0.19809,0.19792,0.19795,76
1786263900,0.19794,0.19814,0.19793,0.19814,82
1786263960,0.19814,0.1982,0.19802,0.19802,83
1786264020,0.19802,0.19829,0.19801,0.19823,77
1786264080,0.19825,0.19828,0.19791,0.19791,73
1786264140,0.19791,0.19795,0.1978,0.19791,78
1786264200,0.19798,0.19811,0.19765,0.19777,78
1786264260,0.19779,0.198,0.19766,0.19795,82
1786264320,0.19795,0.1981,0.19792,0.19799,74
1786264380,0.19799,0.19818,0.19795,0.19813,77
1786264440,0.19812,0.19818,0.19796,0.19796,74
1786264500,0.19797,0.19807,0.19789,0.19807,74
1786264560,0.19807,0.1981,0.19789,0.19796,82
1786264620,0.19796,0.198,0.19779,0.19783,78
1786264680,0.19783,0.19803,0.19782,0.19794,79
1786264740,0.19795,0.19805,0.19786,0.198,77
1786264800,0.198,0.19805,0.19788,0.19791,73
1786264860,0.19792,0.19796,0.19773,0.19781,83
1786264920,0.19782,0.19796,0.19775,0.19784,85
1786264980,0.19783,0.19783,0.19743,0.19744,85
1786265040,0.19741,0.19755,0.19734,0.19755,86
1786265100,0.19755,0.19768,0.19732,0.19732,87
1786265160,0.19736,0.19743,0.19731,0.19739,80
1786265220,0.19741,0.19744,0.19721,0.1973,90
1786265280,0.19731,0.19737,0.1972,0.19731,70
1786265340,0.19731,0.19731,0.19701,0.19704,74
1786265400,0.19704,0.19736,0.19702,0.19736,80
1786265460,0.19736,0.19753,0.19732,0.19751,77
1786265520,0.19751,0.19751,0.19735,0.19743,85
1786265580,0.19743,0.19753,0.19731,0.19734,80
1786265640,0.19734,0.1975,0.1971,0.19714,92
1786265700,0.19714,0.1972,0.19707,0.19719,77
1786265760,0.19719,0.1972,0.19688,0.19689,80
1786265820,0.19689,0.19702,0.19685,0.19697,81
1786265880,0.19696,0.19706,0.19693,0.19694,79
1786265940,0.19695,0.19701,0.19673,0.19685,85
1786266000,0.19683,0.19697,0.1968,0.19693,82
1786266060,0.19693,0.19694,0.1968,0.19683,89
1786266120,0.19687,0.1971,0.19684,0.19694,77
1786266180,0.19694,0.19695,0.19683,0.19694,85
1786266240,0.19694,0.19718,0.19681,0.19717,79
1786266300,0.19715,0.19726,0.19701,0.19701,78
1786266360,0.19701,0.19711,0.19683,0.19683,80
1786266420,0.19683,0.19685,0.19675,0.19683,74
1786266480,0.19683,0.19699,0.19673,0.19688,75
1786266540,0.19688,0.19689,0.19663,0.19671,77
1786266600,0.19671,0.19689,0.19671,0.19681,78
1786266660,0.19681,0.19684,0.1967,0.1967,66
1786266720,0.19671,0.19679,0.19648,0.19655,83
1786266780,0.19654,0.1966,0.19632,0.19647,84
1786266840,0.19648,0.19662,0.19644,0.19644,77
1786266900,0.19643,0.19643,0.19611,0.19617,80
1786266960,0.19621,0.19636,0.19614,0.19625,74
1786267020,0.19624,0.19632,0.19595,0.196,79
1786267080,0.19599,0.19602,0.19582,0.19586,73
1786267140,0.19586,0.19589,0.19569,0.19576,69
1786267200,0.19577,0.19597,0.19567,0.19567,89
1786267260,0.19567,0.19572,0.19559,0.19562,81
1786267320,0.19562,0.19572,0.19542,0.19571,81
1786267380,0.19571,0.19588,0.19557,0.19586,87
1786267440,0.19586,0.19591,0.19561,0.19567,80
1786267500,0.19567,0.19592,0.19567,0.1959,84
1786267560,0.1959,0.19593,0.19557,0.19566,78
1786267620,0.19566,0.19576,0.19558,0.1957,84
1786267680,0.19571,0.19584,0.19564,0.1958,82
1786267740,0.1958,0.19604,0.19579,0.19595,76
1786267800,0.19595,0.19595,0.19566,0.1957,87
1786267860,0.1957,0.1957,0.1954,0.19543,83
1786267920,0.19543,0.19549,0.19525,0.19538,82
1786267980,0.19539,0.19556,0.19535,0.19545,78
1786268040,0.19546,0.19558,0.19526,0.19534,87
1786268100,0.19535,0.19559,0.19534,0.19555,82
1786268160,0.19554,0.19576,0.19551,0.19566,84
1786268220,0.19566,0.19569,0.19555,0.19556,74
1786268280,0.19554,0.19573,0.19551,0.19557,82
1786268340,0.19554,0.19579,0.19549,0.19571,75
1786268400,0.19571,0.19572,0.19556,0.19557,75
1786268460,0.19557,0.19575,0.19555,0.1957,73
1786268520,0.1957,0.19573,0.19557,0.1957,79
1786268580,0.1957,0.19582,0.19564,0.19581,79
1786268640,0.19579,0.19581,0.19564,0.19575,75
1786268700,0.19575,0.19623,0.19575,0.19614,80
1786268760,0.19614,0.19637,0.19601,0.19636,81
1786268820,0.19633,0.19645,0.19605,0.19605,77
1786268880,0.19603,0.19603,0.19578,0.19586,73
1786268940,0.19586,0.19598,0.19579,0.19591,78
1786269000,0.19591,0.19591,0.19568,0.19582,76
1786269060,0.19582,0.19596,0.19576,0.19578,75
1786269120,0.19578,0.19587,0.19571,0.19573,85
1786269180,0.19573,0.19575,0.19544,0.19551,77
1786269240,0.19551,0.19556,0.19534,0.19549,69
1786269300,0.19549,0.19582,0.19549,0.19572,71
1786269360,0.19572,0.19589,0.19572,0.19582,83
1786269420,0.19582,0.19583,0.19567,0.19577,77
1786269480,0.19577,0.19604,0.19577,0.19603,79
1786269540,0.19603,0.19617,0.19594,0.19606,92
1786269600,0.19606,0.19613,0.19595,0.19607,88
1786269660,0.19605,0.19624,0.19602,0.19621,80
1786269720,0.1962,0.19625,0.19612,0.19619,73
1786269780,0.19619,0.19626,0.19613,0.19618,82
1786269840,0.19618,0.19619,0.19582,0.19584,79
1786269900,0.19584,0.19597,0.1957,0.19577,83
1786269960,0.19578,0.19605,0.19575,0.1958,82
1786270020,0.19578,0.19584,0.19569,0.19578,87
1786270080,0.19574,0.19575,0.19552,0.19557,77
1786270140,0.19556,0.1958,0.19554,0.19569,76
1786270200,0.19568,0.19577,0.19561,0.1957,88
1786270260,0.19572,0.1958,0.19567,0.19573,78
1786270320,0.19572,0.19601,0.19567,0.1959,75
1786270380,0.1959,0.19615,0.19584,0.19614,73
1786270440,0.19614,0.19642,0.19614,0.19642,88
1786270500,0.19642,0.19652,0.19628,0.19636,81
1786270560,0.19636,0.19639,0.19616,0.19618,80
1786270620,0.19617,0.19621,0.19603,0.1962,75
1786270680,0.1962,0.1962,0.19585,0.19589,79
1786270740,0.19588,0.19637,0.19588,0.19634,79
1786270800,0.19634,0.19697,0.19631,0.19691,78
1786270860,0.19691,0.19692,0.19671,0.19671,78
1786270920,0.19671,0.19683,0.19667,0.19673,84
1786270980,0.19672,0.1969,0.19669,0.19681,75
1786271040,0.1968,0.19689,0.19677,0.1968,75
1786271100,0.19679,0.1968,0.19663,0.19665,85
1786271160,0.19668,0.19669,0.19648,0.19664,82
1786271220,0.19664,0.19687,0.19661,0.19666,71
1786271280,0.19665,0.19678,0.19656,0.19677,76
1786271340,0.19676,0.19688,0.19665,0.19675,79
1786271400,0.19675,0.1968,0.1966,0.1966,74
1786271460,0.1966,0.19666,0.19647,0.19656,83
1786271520,0.19656,0.19657,0.19637,0.19648,71
1786271580,0.19648,0.1966,0.19637,0.19658,83
1786271640,0.19658,0.19658,0.19624,0.19625,78
1786271700,0.19626,0.19629,0.1961,0.19621,89
1786271760,0.19621,0.19637,0.19611,0.19637,82
1786271820,0.19637,0.19649,0.1963,0.19644,76
1786271880,0.19644,0.19678,0.19644,0.19677,87
1786271940,0.19675,0.19683,0.19669,0.19677,79
1786272000,0.19678,0.19697,0.19674,0.19679,75
1786272060,0.19679,0.19698,0.19679,0.19697,83
1786272120,0.19699,0.1971,0.19687,0.19697,86
1786272180,0.19703,0.19705,0.19662,0.19662,75
1786272240,0.19663,0.19688,0.19661,0.19675,79
1786272300,0.19677,0.19683,0.19657,0.19665,92
1786272360,0.19674,0.19675,0.19645,0.19647,67
1786272420,0.19647,0.19661,0.19637,0.19643,89
1786272480,0.19643,0.19661,0.19639,0.19661,69
1786272540,0.19661,0.19662,0.19646,0.19659,78
1786272600,0.19659,0.19689,0.19659,0.19682,87
1786272660,0.19682,0.19688,0.19665,0.19678,86
1786272720,0.19678,0.19695,0.19675,0.19677,82
1786272780,0.19677,0.19706,0.19677,0.19706,82
1786272840,0.19706,0.1973,0.19706,0.19723,79
1786272900,0.19723,0.19734,0.19715,0.19732,80
1786272960,0.19732,0.19757,0.19728,0.19757,75
1786273020,0.19757,0.19782,0.19755,0.19772,86
1786273080,0.19772,0.19795,0.19772,0.19791,76
1786273140,0.19791,0.19809,0.19786,0.19806,90
1786273200,0.19806,0.19822,0.19803,0.19816,76
1786273260,0.19815,0.19819,0.19802,0.19809,86
1786273320,0.1981,0.1981,0.19791,0.19801,83
1786273380,0.19801,0.19821,0.19801,0.19819,86
1786273440,0.1982,0.19823,0.19799,0.19803,80
1786273500,0.19803,0.19809,0.19795,0.19803,67
1786273560,0.19803,0.19803,0.19782,0.19782,76
1786273620,0.19782,0.19802,0.19781,0.19802,74
1786273680,0.19802,0.19804,0.19783,0.19785,76
1786273740,0.19785,0.19814,0.19783,0.19809,79
1786273800,0.19809,0.19811,0.19785,0.19785,75
1786273860,0.19785,0.19798,0.19781,0.19791,79
1786273920,0.1979,0.19801,0.19779,0.19781,82
1786273980,0.19782,0.19782,0.1974,0.1974,79
1786274040,0.19741,0.19744,0.19718,0.19719,78
1786274100,0.19718,0.19724,0.19684,0.19684,86
1786274160,0.19682,0.19707,0.19678,0.19704,73
1786274220,0.19703,0.19706,0.19691,0.19699,86
1786274280,0.19698,0.19732,0.19697,0.1973,86
1786274340,0.19728,0.1973,0.19699,0.19704,87
1786274400,0.19704,0.1972,0.19695,0.19719,74
1786274460,0.1972,0.19723,0.19705,0.19707,77
1786274520,0.19707,0.19714,0.19696,0.19699,79
1786274580,0.19699,0.19723,0.19693,0.19723,87
1786274640,0.19721,0.19735,0.19712,0.19731,65
1786274700,0.19731,0.19733,0.1971,0.1972,81
1786274760,0.1972,0.19738,0.19717,0.19726,80
1786274820,0.19726,0.1975,0.19726,0.1973,78
1786274880,0.1973,0.19738,0.19719,0.19731,83
1786274940,0.19732,0.19768,0.19732,0.19759,70
1786275000,0.19757,0.19766,0.19748,0.19751,82
1786275060,0.19751,0.19774,0.19751,0.19764,85
1786275120,0.19768,0.19768,0.19741,0.19741,87
1786275180,0.19741,0.19743,0.19699,0.19701,73
1786275240,0.197,0.19701,0.19686,0.1969,82
1786275300,0.1969,0.1969,0.19668,0.19674,80
1786275360,0.19674,0.19689,0.1967,0.19688,72
1786275420,0.19688,0.19704,0.19684,0.19703,86
1786275480,0.19701,0.1973,0.19699,0.19726,78
1786275540,0.19726,0.19726,0.19705,0.19713,83
1786275600,0.19713,0.19719,0.19694,0.19716,88
1786275660,0.19716,0.19718,0.19701,0.19701,74
1786275720,0.19701,0.19714,0.19695,0.19711,79
1786275780,0.19711,0.19714,0.19694,0.19694,87
1786275840,0.19694,0.19724,0.19693,0.19724,71
1786275900,0.19724,0.19724,0.19695,0.19705,82
1786275960,0.19706,0.19722,0.19688,0.19722,78
1786276020,0.19722,0.19746,0.19722,0.19741,79
1786276080,0.19742,0.19751,0.19729,0.19751,89
1786276140,0.19748,0.19787,0.19748,0.19783,84
1786276200,0.19784,0.19819,0.19782,0.1981,78
1786276260,0.19808,0.19835,0.19806,0.19835,76
1786276320,0.19835,0.19854,0.19829,0.19829,80
1786276380,0.1983,0.19838,0.19822,0.19825,83
1786276440,0.19825,0.19825,0.198,0.19807,86
1786276500,0.19807,0.19823,0.19804,0.1982,76
1786276560,0.1982,0.19829,0.19811,0.19825,83
1786276620,0.19825,0.1983,0.19798,0.19798,88
1786276680,0.19798,0.1981,0.19793,0.19793,88
1786276740,0.19793,0.19812,0.19787,0.19805,89
1786276800,0.19805,0.19826,0.19805,0.19819,79
1786276860,0.1982,0.19846,0.19818,0.19846,83
1786276920,0.19847,0.19862,0.19838,0.19856,83
1786276980,0.19856,0.19903,0.19856,0.19903,80
1786277040,0.19903,0.19915,0.19897,0.19897,75
1786277100,0.19897,0.199,0.19874,0.19899,81
1786277160,0.19899,0.19913,0.19893,0.19893,71
1786277220,0.19893,0.19912,0.19893,0.19912,77
1786277280,0.19912,0.19932,0.19903,0.19908,85
1786277340,0.19908,0.19908,0.19885,0.19885,74
1786277400,0.19883,0.19905,0.19883,0.19904,88
1786277460,0.19904,0.19908,0.19891,0.19905,77
1786277520,0.19906,0.19959,0.19903,0.19959,80
1786277580,0.19958,0.19984,0.19949,0.1997,80
1786277640,0.1997,0.19991,0.1997,0.19988,80
1786277700,0.19988,0.19992,0.19971,0.19974,83
1786277760,0.19974,0.19975,0.19958,0.19965,73
1786277820,0.19964,0.19964,0.19946,0.19951,66
1786277880,0.19951,0.19966,0.19945,0.19951,76
1786277940,0.19951,0.19962,0.19943,0.19946,72
1786278000,0.19946,0.1995,0.19934,0.19944,86
1786278060,0.19944,0.19946,0.1992,0.19923,73
1786278120,0.19925,0.19925,0.19892,0.19892,81
1786278180,0.19893,0.19912,0.1989,0.19905,80
1786278240,0.19906,0.19921,0.19903,0.19912,80
1786278300,0.19912,0.19918,0.19903,0.19913,81
1786278360,0.19914,0.19927,0.19911,0.19921,68
1786278420,0.19921,0.19944,0.19921,0.19934,78
1786278480,0.19932,0.19934,0.19917,0.1992,79
1786278540,0.19922,0.19927,0.19907,0.19907,89
1786278600,0.19906,0.19925,0.19903,0.19921,73
1786278660,0.19924,0.19962,0.19924,0.19954,80
1786278720,0.19954,0.19962,0.19948,0.19954,82
1786278780,0.19954,0.20001,0.19954,0.2,82
1786278840,0.2,0.20013,0.19991,0.20009,82
1786278900,0.20009,0.20026,0.20006,0.20023,81
1786278960,0.20023,0.20044,0.20022,0.20033,89
1786279020,0.20033,0.20059,0.2003,0.20059,78
1786279080,0.20057,0.20069,0.20055,0.20056,82
1786279140,0.20056,0.20068,0.20055,0.20059,91
1786279200,0.20059,0.20071,0.20058,0.20066,81
1786279260,0.20063,0.20065,0.20039,0.2004,87
1786279320,0.2004,0.20067,0.20034,0.20063,83
1786279380,0.20063,0.20064,0.20036,0.20053,82
1786279440,0.20054,0.20055,0.20038,0.20049,79
1786279500,0.2005,0.20074,0.20043,0.20074,72
1786279560,0.20074,0.20084,0.20067,0.20084,71
1786279620,0.20083,0.20113,0.20081,0.20113,74
1786279680,0.20114,0.20133,0.20108,0.20121,87
1786279740,0.20121,0.20135,0.20121,0.20134,75
1786279800,0.20134,0.20137,0.20121,0.20135,81
1786279860,0.20135,0.20148,0.20117,0.2012,79
1786279920,0.2012,0.20144,0.20119,0.20143,69
1786279980,0.20143,0.20145,0.20121,0.20144,80
1786280040,0.20144,0.2015,0.20125,0.20126,79
1786280100,0.20126,0.2013,0.20106,0.2012,79
1786280160,0.20121,0.20125,0.20108,0.20114,72
1786280220,0.20115,0.20128,0.20113,0.20118,80
1786280280,0.20116,0.20124,0.20108,0.20117,78
1786280340,0.20117,0.20117,0.20074,0.20078,84
1786280400,0.20078,0.20086,0.20061,0.20082,91
1786280460,0.20083,0.20134,0.20078,0.20123,77
1786280520,0.20123,0.20132,0.20109,0.2013,81
1786280580,0.2013,0.20139,0.20119,0.20131,81
1786280640,0.20131,0.20146,0.20112,0.20117,82
1786280700,0.20118,0.20127,0.20112,0.20127,75
1786280760,0.20128,0.20147,0.20117,0.20117,90
1786280820,0.20117,0.20146,0.20117,0.20146,80
1786280880,0.20146,0.20163,0.20129,0.20163,84
1786280940,0.20164,0.20164,0.20118,0.20118,85
1786281000,0.20118,0.20126,0.20109,0.20124,80
1786281060,0.20124,0.20149,0.20124,0.20149,73
1786281120,0.20149,0.2015,0.20134,0.20143,84
1786281180,0.20144,0.20145,0.20128,0.20133,80
1786281240,0.20134,0.20134,0.20104,0.20104,88
1786281300,0.20105,0.20123,0.20104,0.20114,69
1786281360,0.20114,0.20141,0.20114,0.2014,76
1786281420,0.2014,0.2016,0.20133,0.20159,82
1786281480,0.20157,0.2018,0.20151,0.20175,78
1786281540,0.20175,0.20195,0.2017,0.20187,80
1786281600,0.20185,0.20185,0.20165,0.20167,75
1786281660,0.20167,0.20169,0.2015,0.20153,81
1786281720,0.20154,0.20159,0.20144,0.20156,77
1786281780,0.20155,0.20161,0.20146,0.20159,76
1786281840,0.20159,0.20169,0.20143,0.20169,75
1786281900,0.20169,0.20192,0.20166,0.20189,83
1786281960,0.20189,0.20197,0.20174,0.20174,80
1786282020,0.20174,0.2018,0.20167,0.20174,72
1786282080,0.20174,0.2018,0.20162,0.20166,83
1786282140,0.20166,0.20186,0.20163,0.20175,82
1786282200,0.20175,0.20211,0.20173,0.2021,88
1786282260,0.2021,0.20225,0.2021,0.20214,75
1786282320,0.20214,0.20219,0.20197,0.20206,88
1786282380,0.20206,0.20222,0.20205,0.20213,73
1786282440,0.20214,0.2022,0.20197,0.20216,85
1786282500,0.20218,0.2024,0.20218,0.2024,80
1786282560,0.2024,0.20269,0.20236,0.20253,75
1786282620,0.20252,0.20269,0.20243,0.20257,76
1786282680,0.20257,0.20261,0.20247,0.20249,83
1786282740,0.20249,0.20255,0.20229,0.20237,76
1786282800,0.20237,0.20244,0.20225,0.20235,78
1786282860,0.20235,0.20242,0.20226,0.20228,79
1786282920,0.20227,0.20232,0.20209,0.20213,76
1786282980,0.20213,0.2024,0.20211,0.20215,83
1786283040,0.20215,0.20218,0.20194,0.20213,79
1786283100,0.20213,0.20223,0.20204,0.20223,75
1786283160,0.20223,0.20253,0.20223,0.20249,86
1786283220,0.20249,0.20258,0.20239,0.20239,78
1786283280,0.20239,0.20247,0.20224,0.20231,80
1786283340,0.20231,0.20247,0.20226,0.20233,78
1786283400,0.20233,0.20246,0.20229,0.20229,72
1786283460,0.20228,0.20232,0.20196,0.202,73
1786283520,0.20199,0.20201,0.2018,0.20197,80
1786283580,0.20202,0.2021,0.20192,0.20193,82
1786283640,0.20191,0.20208,0.20185,0.20207,72
1786283700,0.20208,0.2022,0.20204,0.20206,84
1786283760,0.20204,0.20229,0.20199,0.20221,94
1786283820,0.20226,0.20244,0.20226,0.20227,83
1786283880,0.20228,0.20236,0.20213,0.20221,79
1786283940,0.20224,0.20232,0.20217,0.2022,78
1786284000,0.2022,0.20223,0.20197,0.202,76
1786284060,0.202,0.20201,0.20172,0.20175,69
1786284120,0.20175,0.20187,0.20172,0.20176,75
1786284180,0.20176,0.20178,0.20155,0.20158,74
1786284240,0.20158,0.20168,0.2013,0.20135,87
1786284300,0.20135,0.20144,0.20108,0.20116,80
1786284360,0.20116,0.20117,0.20089,0.20108,86
1786284420,0.20109,0.20119,0.20107,0.20113,79
1786284480,0.20112,0.20121,0.20106,0.20121,76
1786284540,0.20121,0.20135,0.20112,0.20135,80
1786284600,0.20135,0.20145,0.20125,0.20131,81
1786284660,0.20131,0.20142,0.20109,0.20124,88
1786284720,0.20124,0.20139,0.20119,0.20136,84
1786284780,0.20135,0.20141,0.20126,0.20139,76
1786284840,0.20141,0.20158,0.20137,0.20158,72
1786284900,0.20159,0.20161,0.20139,0.20148,83
1786284960,0.20146,0.20147,0.20118,0.20119,81
1786285020,0.20119,0.20137,0.20116,0.20127,82
1786285080,0.20128,0.20158,0.20128,0.20151,80
1786285140,0.20152,0.20165,0.20142,0.20165,73
1786285200,0.20166,0.20196,0.20163,0.20181,90
1786285260,0.20182,0.20216,0.20182,0.20213,82
1786285320,0.20213,0.20213,0.20202,0.20202,85
1786285380,0.20202,0.20211,0.20199,0.20199,75
1786285440,0.20198,0.202,0.20171,0.20174,75
1786285500,0.20174,0.2019,0.2017,0.20175,80
1786285560,0.20179,0.20179,0.20155,0.20161,84
1786285620,0.20162,0.20204,0.20157,0.20195,68
1786285680,0.20195,0.20214,0.20188,0.20213,89
1786285740,0.20211,0.20228,0.20209,0.20226,75
1786285800,0.20225,0.20239,0.20212,0.20236,76
1786285860,0.20236,0.20246,0.20234,0.20246,75
1786285920,0.20246,0.20253,0.20228,0.20232,82
1786285980,0.20229,0.20258,0.20229,0.20243,75
1786286040,0.20243,0.20257,0.20226,0.20245,80
1786286100,0.20244,0.20258,0.20239,0.20245,78
1786286160,0.20245,0.20254,0.20237,0.20239,84
1786286220,0.20239,0.20254,0.20234,0.20242,80
1786286280,0.20242,0.20244,0.20221,0.20223,80
1786286340,0.20223,0.20241,0.20219,0.20241,78
1786286400,0.20241,0.20269,0.20236,0.20259,81
1786286460,0.2026,0.20263,0.20246,0.20254,80
1786286520,0.20254,0.2028,0.20253,0.20278,87
1786286580,0.20278,0.20279,0.20253,0.20266,76
1786286640,0.20267,0.20302,0.20267,0.20301,73
1786286700,0.203,0.2032,0.203,0.20305,76
1786286760,0.20303,0.20313,0.20295,0.20298,79
1786286820,0.20295,0.20299,0.20283,0.20294,79
1786286880,0.20293,0.20306,0.20286,0.20298,86
1786286940,0.20298,0.20302,0.2026,0.20284,84
1786287000,0.20284,0.20291,0.2027,0.20287,86
1786287060,0.20287,0.2029,0.20273,0.20277,79
1786287120,0.20277,0.20282,0.2025,0.20252,75
1786287180,0.20252,0.20274,0.2025,0.20271,79
1786287240,0.20271,0.20276,0.20254,0.20269,83
1786287300,0.20269,0.20273,0.20252,0.20252,76
1786287360,0.20252,0.20275,0.2025,0.2027,84
1786287420,0.20268,0.20271,0.20254,0.20267,89
1786287480,0.20267,0.20273,0.20254,0.20263,81
1786287540,0.20265,0.2028,0.20258,0.20271,89
1786287600,0.20271,0.20281,0.20251,0.20256,79
1786287660,0.20257,0.20285,0.20252,0.20282,84
1786287720,0.20288,0.20288,0.20273,0.20281,80
1786287780,0.2028,0.20282,0.20249,0.20252,82
1786287840,0.20254,0.20259,0.20238,0.20247,82
1786287900,0.20247,0.20265,0.20247,0.20257,88
1786287960,0.20256,0.20271,0.20245,0.20261,83
1786288020,0.20261,0.20279,0.2026,0.20279,73
1786288080,0.20279,0.20296,0.20275,0.20296,87
1786288140,0.20296,0.20297,0.20261,0.20261,89
1786288200,0.20261,0.20268,0.20255,0.20257,78
1786288260,0.20257,0.20263,0.20233,0.20237,75
1786288320,0.20237,0.20246,0.20229,0.20245,82
1786288380,0.20245,0.2026,0.20242,0.20252,75
1786288440,0.20252,0.20264,0.20225,0.20226,84
1786288500,0.20226,0.20239,0.20215,0.20232,75
1786288560,0.20232,0.20256,0.2023,0.20247,74
1786288620,0.20249,0.20277,0.20249,0.20257,85
1786288680,0.20256,0.20256,0.20218,0.20222,77
1786288740,0.20222,0.20236,0.20209,0.20236,87
1786288800,0.20235,0.20243,0.20216,0.20227,71
1786288860,0.20227,0.20227,0.20186,0.20201,81
1786288920,0.20201,0.20209,0.20179,0.20179,75
1786288980,0.20177,0.20208,0.20177,0.20206,83
1786289040,0.20207,0.20208,0.2019,0.20191,79
1786289100,0.20191,0.20225,0.20189,0.20217,84
1786289160,0.20217,0.20221,0.20201,0.20216,80
1786289220,0.20216,0.20244,0.20212,0.20243,77
1786289280,0.20243,0.20264,0.20241,0.20253,87
1786289340,0.20253,0.20274,0.20253,0.20274,73
1786289400,0.20274,0.20286,0.20274,0.20278,75
1786289460,0.20278,0.2028,0.20266,0.2028,86
1786289520,0.2028,0.20298,0.20276,0.20284,80
1786289580,0.20284,0.20284,0.20271,0.20277,83
1786289640,0.20273,0.2029,0.20261,0.20268,83
1786289700,0.20265,0.20278,0.2026,0.20269,74
1786289760,0.20269,0.20271,0.20246,0.20247,81
1786289820,0.20247,0.20264,0.20239,0.20262,87
1786289880,0.20263,0.20263,0.20232,0.20235,84
1786289940,0.20237,0.2025,0.20232,0.20237,81
1786290000,0.20238,0.20246,0.20224,0.20226,83
1786290060,0.20225,0.2023,0.20213,0.20224,82
1786290120,0.20224,0.2024,0.20222,0.20225,68
1786290180,0.20225,0.20246,0.20213,0.20238,85
1786290240,0.20238,0.20248,0.20224,0.20228,80
1786290300,0.20229,0.20243,0.20224,0.20239,83
1786290360,0.20239,0.20249,0.20222,0.20225,78
1786290420,0.20225,0.20234,0.20216,0.20223,84
1786290480,0.20223,0.20229,0.2021,0.20212,71
1786290540,0.20212,0.20235,0.20211,0.20232,85
1786290600,0.20232,0.2025,0.2023,0.20246,77
1786290660,0.20246,0.2025,0.20218,0.20226,81
1786290720,0.20225,0.20244,0.20217,0.20222,87
1786290780,0.20221,0.20222,0.202,0.20208,76
1786290840,0.20209,0.20212,0.20199,0.20204,71
1786290900,0.20205,0.20205,0.20173,0.20182,73
1786290960,0.20183,0.20192,0.20164,0.20165,78
1786291020,0.20164,0.20174,0.20158,0.20166,78
1786291080,0.20165,0.20165,0.20154,0.2016,73
1786291140,0.2016,0.2016,0.20129,0.20129,72
1786291200,0.20129,0.20136,0.20122,0.20129,84
1786291260,0.20128,0.20162,0.20127,0.20155,80
1786291320,0.20156,0.20164,0.20153,0.20162,70
1786291380,0.20162,0.20188,0.20162,0.20183,88
1786291440,0.20183,0.20189,0.20166,0.20171,77
1786291500,0.20171,0.20174,0.20163,0.20166,73
1786291560,0.20166,0.20182,0.20163,0.20178,74
1786291620,0.20177,0.20191,0.20172,0.20172,77
1786291680,0.20174,0.2021,0.20174,0.20208,83
1786291740,0.20211,0.20213,0.20189,0.20197,76
1786291800,0.20195,0.20197,0.20178,0.20188,85
1786291860,0.20188,0.20195,0.20178,0.20179,76
1786291920,0.20177,0.20178,0.20152,0.20165,83
1786291980,0.20163,0.20181,0.20157,0.20181,71
1786292040,0.20183,0.20188,0.20165,0.20167,79
1786292100,0.20167,0.20185,0.2016,0.20164,83
1786292160,0.20164,0.20178,0.20157,0.20175,66
1786292220,0.20176,0.20203,0.20176,0.20203,83
1786292280,0.20202,0.20215,0.20199,0.20213,77
1786292340,0.20213,0.20223,0.20202,0.20219,78
1786292400,0.20219,0.20246,0.20213,0.20242,84
1786292460,0.20242,0.20254,0.2024,0.2024,79
1786292520,0.20241,0.20263,0.20241,0.2025,77
1786292580,0.2025,0.20262,0.20232,0.20245,85
1786292640,0.20244,0.20264,0.20242,0.20261,75
1786292700,0.2026,0.2026,0.20223,0.20224,72
1786292760,0.20233,0.20244,0.20228,0.20235,85
1786292820,0.20234,0.20242,0.20213,0.20213,80
1786292880,0.20213,0.20214,0.20183,0.20192,92
1786292940,0.20194,0.20202,0.20186,0.20187,83
1786293000,0.20187,0.20199,0.20176,0.20179,82
1786293060,0.20179,0.20193,0.20168,0.20174,78
1786293120,0.20171,0.20171,0.20157,0.2016,75
1786293180,0.2016,0.20169,0.20135,0.20144,84
1786293240,0.20144,0.20155,0.20138,0.20145,69
1786293300,0.20145,0.20185,0.20145,0.20183,77
1786293360,0.20183,0.20183,0.20156,0.20163,73
1786293420,0.20163,0.20164,0.20135,0.20144,76
1786293480,0.20144,0.20154,0.20142,0.20149,84
1786293540,0.20148,0.20156,0.20134,0.20134,87
1786293600,0.20134,0.20135,0.20117,0.20123,84
1786293660,0.20122,0.20134,0.20113,0.20123,81
1786293720,0.20123,0.20166,0.20123,0.2016,79
1786293780,0.20159,0.20165,0.20143,0.20147,83
1786293840,0.20145,0.20172,0.20144,0.20167,71
1786293900,0.2017,0.20198,0.20156,0.20186,82
1786293960,0.20187,0.2021,0.20179,0.202,79
1786294020,0.202,0.20217,0.20197,0.20206,78
1786294080,0.20206,0.2021,0.20191,0.2021,76
1786294140,0.2021,0.20214,0.20201,0.20204,77
1786294200,0.20204,0.20215,0.20203,0.20214,85
1786294260,0.20214,0.20214,0.20195,0.20204,84
1786294320,0.20204,0.20204,0.20171,0.20178,81
1786294380,0.20178,0.20183,0.20171,0.20171,78
1786294440,0.2017,0.20172,0.20142,0.20155,70
1786294500,0.20155,0.20155,0.20122,0.20122,68
1786294560,0.20122,0.20122,0.20097,0.20097,74
1786294620,0.20097,0.20099,0.20078,0.20083,76
1786294680,0.20084,0.20096,0.2008,0.20091,86
1786294740,0.2009,0.20102,0.20088,0.20095,75
1786294800,0.20097,0.20107,0.20092,0.20103,85
1786294860,0.20103,0.20104,0.20088,0.20101,78
1786294920,0.20102,0.20107,0.20087,0.20093,82
1786294980,0.20093,0.20111,0.20088,0.201,70
1786295040,0.20101,0.2013,0.20099,0.20112,79
1786295100,0.20112,0.20133,0.20111,0.20125,78
1786295160,0.20125,0.20129,0.20102,0.20125,82
1786295220,0.20125,0.20145,0.20115,0.20145,77
1786295280,0.20145,0.20152,0.20126,0.20135,83
1786295340,0.20135,0.20171,0.20133,0.20162,74
1786295400,0.20162,0.20162,0.20144,0.20154,83
1786295460,0.20154,0.20161,0.20144,0.20154,90
1786295520,0.20154,0.20184,0.20154,0.20172,83
1786295580,0.2017,0.20178,0.20162,0.20167,82
1786295640,0.20167,0.20177,0.20163,0.20174,77
1786295700,0.20173,0.20176,0.2016,0.20163,70
1786295760,0.20162,0.20184,0.20157,0.20167,75
1786295820,0.20167,0.20184,0.20159,0.20183,79
1786295880,0.20184,0.20187,0.20157,0.20173,93
1786295940,0.20174,0.20176,0.20152,0.20163,85
1786296000,0.20163,0.20173,0.20153,0.20172,70
1786296060,0.20172,0.20188,0.2017,0.20183,72
1786296120,0.20182,0.20182,0.2014,0.20147,79
1786296180,0.20147,0.2017,0.20147,0.20166,80
1786296240,0.20166,0.20166,0.20153,0.20161,65
1786296300,0.20161,0.20196,0.20161,0.20188,85
1786296360,0.20188,0.20212,0.20185,0.20211,77
1786296420,0.20213,0.20221,0.20199,0.20204,76
1786296480,0.20204,0.20224,0.20204,0.20224,71
1786296540,0.20224,0.20225,0.20201,0.20211,80
1786296600,0.20212,0.20243,0.20209,0.20243,75
1786296660,0.20244,0.20272,0.20243,0.20266,77
1786296720,0.20266,0.20276,0.20251,0.20263,77
1786296780,0.20262,0.20263,0.20237,0.20241,75
1786296840,0.2024,0.20259,0.2023,0.20248,86
1786296900,0.2024,0.20262,0.20232,0.20234,94
1786296960,0.20234,0.20249,0.20234,0.20249,86
1786297020,0.20247,0.2027,0.20244,0.20257,77
1786297080,0.20257,0.20289,0.20248,0.20289,80
1786297140,0.20288,0.20291,0.20274,0.20277,78
1786297200,0.20277,0.2031,0.20277,0.20308,84
1786297260,0.20308,0.2031,0.20289,0.20304,91
1786297320,0.20304,0.2031,0.20293,0.20298,80
1786297380,0.20298,0.20334,0.20297,0.20334,80
1786297440,0.20334,0.20344,0.20319,0.20319,74
1786297500,0.2032,0.20358,0.2032,0.20354,84
1786297560,0.20354,0.20377,0.20354,0.20369,74
1786297620,0.20369,0.20372,0.20351,0.20352,79
1786297680,0.20352,0.20352,0.20322,0.20322,79
1786297740,0.20322,0.20328,0.20311,0.20319,82
1786297800,0.20319,0.20338,0.20316,0.20335,82
1786297860,0.20335,0.20341,0.20324,0.20335,78
1786297920,0.20334,0.20354,0.20332,0.20353,71
1786297980,0.20352,0.20371,0.20344,0.20362,71
1786298040,0.20361,0.20361,0.20325,0.20325,81
1786298100,0.20325,0.20332,0.20314,0.20321,74
1786298160,0.2032,0.20336,0.20317,0.20327,83
1786298220,0.20327,0.20339,0.2031,0.20321,82
1786298280,0.20321,0.20326,0.20313,0.2032,75
1786298340,0.2032,0.20323,0.20303,0.20305,83
1786298400,0.20309,0.20309,0.20275,0.20283,85
1786298460,0.20283,0.20291,0.20269,0.20288,82
1786298520,0.20288,0.20289,0.2025,0.20251,71
1786298580,0.20251,0.20256,0.20238,0.20247,78
1786298640,0.20247,0.20257,0.20226,0.20232,77
1786298700,0.20232,0.20237,0.20219,0.20236,79
1786298760,0.20238,0.20254,0.20237,0.2025,85
1786298820,0.20252,0.20271,0.20246,0.20271,74
1786298880,0.20271,0.20279,0.20247,0.20249,82
1786298940,0.20248,0.20279,0.20246,0.20271,77
1786299000,0.20271,0.20275,0.20251,0.20254,77
1786299060,0.20254,0.20265,0.20243,0.20265,67
1786299120,0.20262,0.20305,0.2026,0.20304,80
1786299180,0.20304,0.20307,0.20297,0.20298,70
1786299240,0.20298,0.20309,0.20298,0.20308,82
1786299300,0.20308,0.20334,0.20303,0.2033,80
1786299360,0.2033,0.20337,0.2032,0.20332,80
1786299420,0.20333,0.20343,0.2031,0.20336,76
1786299480,0.20336,0.2034,0.20324,0.20331,72
1786299540,0.20331,0.20345,0.20327,0.20334,81
1786299600,0.20334,0.20351,0.20323,0.20328,83
1786299660,0.20328,0.20349,0.20327,0.2033,70
1786299720,0.20332,0.20334,0.20312,0.20322,78
1786299780,0.20322,0.20331,0.20311,0.20314,83
1786299840,0.20315,0.20331,0.20307,0.2031,79
1786299900,0.2031,0.20313,0.20297,0.20312,73
1786299960,0.20311,0.2034,0.20309,0.2034,79
1786300020,0.20341,0.20375,0.20331,0.20375,88
1786300080,0.20376,0.20393,0.20375,0.2038,81
1786300140,0.2038,0.20391,0.20375,0.20389,82
1786300200,0.20389,0.20392,0.20376,0.20377,83
1786300260,0.20376,0.20381,0.20357,0.20381,77
1786300320,0.20381,0.20395,0.20379,0.20388,79
1786300380,0.20388,0.20391,0.20366,0.20375,73
1786300440,0.20375,0.20384,0.20369,0.20381,82
1786300500,0.20381,0.20397,0.2037,0.20391,88
1786300560,0.20391,0.20397,0.20381,0.20386,85
1786300620,0.20386,0.20407,0.20384,0.20396,77
1786300680,0.20397,0.20398,0.20383,0.20392,84
1786300740,0.20392,0.2043,0.20383,0.20423,85
1786300800,0.20421,0.20437,0.2042,0.20431,91
1786300860,0.20432,0.20435,0.20414,0.20435,67
1786300920,0.20436,0.20445,0.2042,0.20422,73
1786300980,0.2042,0.20437,0.20414,0.20433,84
1786301040,0.20432,0.20436,0.20411,0.20414,75
1786301100,0.20414,0.20419,0.20402,0.20403,78
1786301160,0.20401,0.2041,0.20393,0.2041,82
1786301220,0.20412,0.20448,0.20412,0.20443,77
1786301280,0.20441,0.20454,0.20412,0.20417,82
1786301340,0.20418,0.20436,0.20406,0.20427,81
1786301400,0.20427,0.20439,0.20419,0.20438,80
1786301460,0.20438,0.20438,0.20421,0.20421,71
1786301520,0.20421,0.20429,0.20409,0.20411,82
1786301580,0.20411,0.2042,0.20398,0.2042,69
1786301640,0.20419,0.2042,0.20393,0.20403,77
1786301700,0.20405,0.20405,0.20385,0.20395,78
1786301760,0.20395,0.20395,0.20358,0.20369,77
1786301820,0.20368,0.20378,0.20357,0.20373,77
1786301880,0.20373,0.20384,0.20369,0.20374,85
1786301940,0.20374,0.20402,0.20365,0.20399,75
1786302000,0.204,0.20411,0.20379,0.20386,76
1786302060,0.20385,0.20404,0.20371,0.20371,85
1786302120,0.20372,0.20377,0.20332,0.20334,88
1786302180,0.20334,0.20347,0.20328,0.20336,70
1786302240,0.20338,0.20344,0.20324,0.20329,84
1786302300,0.20329,0.20331,0.20309,0.20323,86
1786302360,0.20324,0.20325,0.20305,0.20325,84
1786302420,0.20325,0.20329,0.20313,0.20323,72
1786302480,0.20323,0.20323,0.20303,0.20315,80
1786302540,0.20315,0.20341,0.20313,0.20335,69
1786302600,0.20335,0.20355,0.20335,0.20355,79
1786302660,0.20355,0.2037,0.20355,0.20365,76
1786302720,0.20368,0.20377,0.20357,0.20377,77
1786302780,0.20379,0.20381,0.2035,0.2035,90
1786302840,0.2035,0.20378,0.2035,0.20354,87
1786302900,0.20354,0.20371,0.20346,0.20363,85
1786302960,0.20363,0.2037,0.2035,0.2037,70
1786303020,0.2037,0.20397,0.2037,0.20376,79
1786303080,0.20376,0.20378,0.20349,0.20355,69
1786303140,0.20355,0.20369,0.20336,0.2035,79
1786303200,0.20348,0.20354,0.2034,0.2035,65
1786303260,0.20351,0.20359,0.20343,0.20346,91
1786303320,0.20345,0.20379,0.20344,0.20375,85
1786303380,0.20376,0.20391,0.20368,0.20376,86
1786303440,0.20376,0.20387,0.20356,0.20363,72
1786303500,0.20363,0.20393,0.2036,0.20391,76
1786303560,0.20391,0.20404,0.20384,0.20404,67
1786303620,0.20402,0.20404,0.20381,0.20388,90
1786303680,0.20389,0.20402,0.20383,0.20391,87
1786303740,0.20392,0.20401,0.20389,0.20395,77
1786303800,0.20395,0.20396,0.20374,0.20377,72
1786303860,0.20377,0.20386,0.20368,0.20375,85
1786303920,0.20376,0.20383,0.20364,0.20382,73
1786303980,0.20382,0.20425,0.20381,0.20425,80
1786304040,0.20425,0.20425,0.20405,0.20413,81
1786304100,0.20413,0.20413,0.20395,0.20395,81
1786304160,0.20395,0.20406,0.20386,0.20391,73
1786304220,0.20391,0.20396,0.20385,0.20396,74
1786304280,0.20396,0.20403,0.20384,0.204,87
1786304340,0.20399,0.20431,0.20391,0.20431,79
1786304400,0.20429,0.20447,0.20417,0.2043,89
1786304460,0.2043,0.20444,0.20429,0.20432,89
1786304520,0.20432,0.20434,0.20416,0.20431,83
1786304580,0.2043,0.2044,0.20422,0.20427,84
1786304640,0.20429,0.2043,0.20416,0.20418,81
1786304700,0.20418,0.20426,0.204,0.20402,74
1786304760,0.20402,0.20403,0.20385,0.20393,78
1786304820,0.20393,0.20396,0.2038,0.20383,77
1786304880,0.20383,0.20423,0.20383,0.20413,90
1786304940,0.20413,0.20418,0.20392,0.20395,76
1786305000,0.20395,0.20411,0.20391,0.20402,74
1786305060,0.20402,0.20402,0.20367,0.20373,76
1786305120,0.20373,0.2039,0.20372,0.20387,76
1786305180,0.20387,0.20406,0.20377,0.20402,78
1786305240,0.20403,0.2043,0.20396,0.20426,90
1786305300,0.20424,0.20468,0.20424,0.20466,73
1786305360,0.20466,0.20487,0.20457,0.20487,70
1786305420,0.20491,0.20516,0.20489,0.20503,79
1786305480,0.20501,0.20525,0.20492,0.20524,74
1786305540,0.20524,0.20547,0.20521,0.20544,80
1786305600,0.20544,0.20545,0.20512,0.20512,72
1786305660,0.20512,0.20538,0.20511,0.20535,71
1786305720,0.20535,0.20552,0.20529,0.20533,83
1786305780,0.20533,0.20536,0.20514,0.20526,82
1786305840,0.20526,0.20533,0.20515,0.20523,87
1786305900,0.20523,0.2053,0.20514,0.20516,78
1786305960,0.20516,0.20517,0.20497,0.20511,87
1786306020,0.20509,0.20516,0.205,0.20516,81
1786306080,0.20517,0.20524,0.20514,0.20524,80
1786306140,0.20523,0.20535,0.20517,0.20517,81
1786306200,0.20517,0.20549,0.20517,0.20544,81
1786306260,0.20546,0.2056,0.2054,0.20542,81
1786306320,0.20543,0.20545,0.20521,0.20538,91
1786306380,0.20538,0.20542,0.20525,0.20525,89
1786306440,0.20525,0.20543,0.20522,0.2054,77
1786306500,0.2054,0.20559,0.2053,0.2055,86
1786306560,0.20548,0.20557,0.20544,0.20545,81
1786306620,0.20545,0.20549,0.20528,0.20533,85
1786306680,0.20533,0.20535,0.20494,0.20496,91
1786306740,0.20496,0.20496,0.20469,0.20488,83
1786306800,0.20488,0.20498,0.20479,0.20479,78
1786306860,0.20479,0.20484,0.20457,0.20459,86
1786306920,0.20459,0.20474,0.20452,0.20468,77
1786306980,0.20468,0.20489,0.20463,0.2048,79
1786307040,0.2048,0.20485,0.20459,0.20482,90
1786307100,0.2048,0.20481,0.20457,0.20458,86
1786307160,0.20458,0.20458,0.20426,0.20437,79
1786307220,0.20437,0.20465,0.20431,0.20459,82
1786307280,0.20459,0.2046,0.2043,0.20435,75
1786307340,0.20435,0.2044,0.20427,0.2043,79
1786307400,0.2043,0.2046,0.2043,0.20458,87
1786307460,0.20458,0.2046,0.20429,0.20429,85
1786307520,0.20429,0.20444,0.20426,0.20439,82
1786307580,0.20438,0.2044,0.20416,0.20419,74
1786307640,0.20419,0.20431,0.20403,0.20416,86
1786307700,0.20415,0.20431,0.20411,0.20423,85
1786307760,0.20424,0.20429,0.20418,0.2042,73
1786307820,0.2042,0.2043,0.20413,0.20419,89
1786307880,0.20419,0.20426,0.20404,0.20411,84
1786307940,0.20411,0.2042,0.20402,0.20406,78
1786308000,0.20406,0.20411,0.20396,0.20403,88
1786308060,0.20404,0.20432,0.20402,0.20424,76
1786308120,0.20425,0.20427,0.20385,0.20388,88
1786308180,0.20388,0.2039,0.20368,0.20376,82
1786308240,0.20376,0.20377,0.20354,0.20367,87
1786308300,0.20367,0.2037,0.20341,0.20342,79
1786308360,0.20343,0.20358,0.20341,0.20344,77
1786308420,0.20343,0.20355,0.2034,0.20348,82
1786308480,0.20347,0.20351,0.20332,0.20337,76
1786308540,0.20337,0.20338,0.20303,0.20309,77
1786308600,0.2031,0.2033,0.20307,0.20318,78
1786308660,0.20317,0.20343,0.20316,0.20341,78
1786308720,0.20342,0.20345,0.20322,0.20322,83
1786308780,0.20323,0.20323,0.20309,0.20316,71
1786308840,0.20315,0.20346,0.20311,0.20312,71
1786308900,0.20312,0.20313,0.20296,0.20307,84
1786308960,0.20307,0.2031,0.2028,0.20302,83
1786309020,0.203,0.20308,0.20288,0.20288,76
1786309080,0.20288,0.20299,0.2028,0.20292,75
1786309140,0.20292,0.20296,0.20265,0.20281,74
1786309200,0.20281,0.20314,0.2028,0.20313,88
1786309260,0.20313,0.20313,0.20279,0.2028,91
1786309320,0.2028,0.20283,0.20269,0.20274,73
1786309380,0.20274,0.20275,0.20245,0.20245,79
1786309440,0.20244,0.20247,0.20234,0.20238,82
1786309500,0.20239,0.20259,0.20237,0.20258,87
1786309560,0.20258,0.2027,0.20253,0.20268,80
1786309620,0.20269,0.20295,0.20265,0.20288,75
1786309680,0.20288,0.20291,0.20252,0.20271,85
1786309740,0.20271,0.20271,0.20234,0.2025,78
1786309800,0.2025,0.20254,0.2023,0.20242,69
1786309860,0.20243,0.20259,0.20236,0.20258,78
1786309920,0.20256,0.20268,0.20245,0.20245,80
1786309980,0.20245,0.20246,0.20231,0.20236,81
1786310040,0.20236,0.20254,0.20232,0.20246,78
1786310100,0.20246,0.20248,0.20223,0.20225,80
1786310160,0.20225,0.20248,0.20225,0.20235,86
1786310220,0.20235,0.20243,0.20229,0.20233,78
1786310280,0.20233,0.20251,0.20228,0.20239,65
1786310340,0.20239,0.20247,0.20221,0.20229,79
1786310400,0.2023,0.20235,0.2022,0.20232,79
1786310460,0.20233,0.20243,0.20227,0.20227,83
1786310520,0.20227,0.2024,0.20226,0.20232,89
1786310580,0.20235,0.20244,0.20229,0.2023,82
1786310640,0.20232,0.20256,0.20229,0.20245,66
1786310700,0.20247,0.20257,0.20215,0.20224,82
1786310760,0.20226,0.20237,0.20209,0.20234,82
1786310820,0.20234,0.20243,0.2023,0.20231,70
1786310880,0.20231,0.20242,0.20224,0.20226,82
1786310940,0.20224,0.2025,0.20224,0.20248,74
1786311000,0.20248,0.20254,0.20237,0.20246,82
1786311060,0.20246,0.20268,0.20241,0.20242,88
1786311120,0.2024,0.20256,0.20217,0.20234,87
1786311180,0.20234,0.20252,0.20231,0.20247,82
1786311240,0.20247,0.20247,0.20228,0.2024,79
1786311300,0.2024,0.2025,0.20212,0.20234,82
1786311360,0.20234,0.20234,0.20206,0.20226,72
1786311420,0.20226,0.20234,0.20217,0.20227,77
1786311480,0.20227,0.20249,0.2022,0.20245,86
1786311540,0.20244,0.20276,0.20244,0.20268,84
1786311600,0.20269,0.20272,0.20218,0.20231,75
1786311660,0.20231,0.20231,0.20209,0.20222,78
1786311720,0.20223,0.2023,0.20205,0.20216,80
1786311780,0.20215,0.20229,0.20211,0.20214,83
1786311840,0.20215,0.20235,0.20213,0.20222,78
1786311900,0.20222,0.20232,0.20212,0.20231,87
1786311960,0.20231,0.20233,0.20214,0.20226,82
1786312020,0.20223,0.20236,0.20219,0.20231,75
1786312080,0.20229,0.20259,0.20226,0.20259,74
1786312140,0.20259,0.20266,0.2023,0.2023,82
1786312200,0.2023,0.20246,0.20223,0.20233,73
1786312260,0.20233,0.20245,0.20227,0.2023,75
1786312320,0.2023,0.2023,0.20218,0.20218,72
1786312380,0.20218,0.20222,0.20198,0.20204,80
1786312440,0.20203,0.20203,0.2019,0.2019,80
1786312500,0.2019,0.20243,0.2019,0.20238,72
1786312560,0.20236,0.20254,0.20234,0.20237,80
1786312620,0.20237,0.20257,0.20237,0.20244,82
1786312680,0.20244,0.20262,0.20241,0.20253,83
1786312740,0.20253,0.20269,0.20251,0.20261,69
1786312800,0.20263,0.20271,0.2025,0.2025,80
1786312860,0.2025,0.20267,0.20237,0.20237,84
1786312920,0.20236,0.20244,0.20229,0.20229,79
1786312980,0.2023,0.20252,0.2023,0.20246,85
1786313040,0.20249,0.20257,0.20247,0.20248,81
1786313100,0.20247,0.2025,0.2023,0.20231,80
1786313160,0.20232,0.20236,0.20219,0.20224,76
1786313220,0.20224,0.20254,0.20223,0.20254,87
1786313280,0.20254,0.20257,0.20242,0.20249,85
1786313340,0.20249,0.20266,0.20247,0.20258,86
1786313400,0.20258,0.20266,0.2025,0.20266,78
1786313460,0.20266,0.2027,0.20257,0.20263,72
1786313520,0.20262,0.20284,0.20255,0.20276,80
1786313580,0.20276,0.20318,0.20276,0.20318,88
1786313640,0.20318,0.20323,0.20303,0.20307,80
1786313700,0.20308,0.20316,0.20289,0.20289,91
1786313760,0.20288,0.20304,0.20281,0.20283,80
1786313820,0.20283,0.20312,0.20283,0.20308,89
1786313880,0.2031,0.20336,0.20307,0.20326,78
1786313940,0.20326,0.20345,0.20324,0.20336,85
1786314000,0.20337,0.20357,0.20336,0.2034,79
1786314060,0.20341,0.20367,0.2034,0.20366,81
1786314120,0.20366,0.20371,0.20357,0.20368,82
1786314180,0.20368,0.20378,0.20359,0.20377,77
1786314240,0.20378,0.20385,0.20361,0.20361,88
1786314300,0.20361,0.20373,0.20355,0.20371,78
1786314360,0.20371,0.20413,0.2037,0.20409,86
1786314420,0.20409,0.20429,0.20408,0.20417,74
1786314480,0.20417,0.20441,0.2041,0.20438,80
1786314540,0.20438,0.20444,0.204,0.20401,83
1786314600,0.204,0.20415,0.20392,0.20406,77
1786314660,0.20406,0.20412,0.20401,0.20411,79
1786314720,0.20413,0.20439,0.20413,0.20439,84
1786314780,0.20439,0.2044,0.20415,0.20421,83
1786314840,0.20422,0.20437,0.20419,0.20436,77
1786314900,0.20436,0.20437,0.20411,0.20419,84
1786314960,0.20419,0.20421,0.20391,0.20392,80
1786315020,0.20392,0.20397,0.20379,0.20379,76
1786315080,0.20379,0.20381,0.20354,0.20355,79
1786315140,0.20355,0.20375,0.20349,0.20354,89
1786315200,0.20353,0.2036,0.20341,0.20344,84
1786315260,0.20345,0.20352,0.20335,0.20338,77
1786315320,0.20339,0.20348,0.20326,0.20348,87
1786315380,0.20345,0.20375,0.20345,0.20375,79
1786315440,0.20375,0.20388,0.20369,0.20382,83
1786315500,0.20382,0.20413,0.20382,0.20398,85
1786315560,0.20398,0.20401,0.20384,0.2039,80
1786315620,0.2039,0.20406,0.2039,0.20392,73
1786315680,0.20393,0.20393,0.20363,0.20365,79
1786315740,0.20364,0.20369,0.2035,0.20351,80
1786315800,0.20351,0.20352,0.20331,0.20335,80
1786315860,0.20335,0.20338,0.20327,0.2033,78
1786315920,0.2033,0.20365,0.20324,0.20365,81
1786315980,0.20364,0.20374,0.20358,0.20374,81
1786316040,0.20374,0.20386,0.20366,0.20376,78
1786316100,0.20376,0.2039,0.20366,0.20386,80
1786316160,0.20387,0.20403,0.20387,0.20393,83
1786316220,0.20392,0.20417,0.20386,0.20417,74
1786316280,0.20416,0.20451,0.20416,0.20447,74
1786316340,0.20448,0.20461,0.20444,0.20444,86
1786316400,0.20445,0.20459,0.20431,0.20435,80
1786316460,0.20435,0.20452,0.20423,0.20428,90
1786316520,0.20428,0.20439,0.20418,0.2043,79
1786316580,0.2043,0.20452,0.20429,0.20434,77
1786316640,0.20434,0.20453,0.20421,0.20448,75
1786316700,0.20448,0.20457,0.20443,0.20455,88
1786316760,0.20453,0.20483,0.20453,0.20483,83
1786316820,0.20483,0.20501,0.20478,0.20501,75
1786316880,0.20501,0.20524,0.205,0.20517,80
1786316940,0.20517,0.20538,0.20513,0.20529,74
1786317000,0.20529,0.2054,0.20518,0.20518,81
1786317060,0.2052,0.20522,0.20507,0.20511,76
1786317120,0.20511,0.20513,0.20463,0.20466,84
1786317180,0.20466,0.20475,0.2046,0.20464,80
1786317240,0.20464,0.20479,0.20455,0.20458,82
1786317300,0.20458,0.20472,0.20455,0.20466,81
1786317360,0.20465,0.20472,0.20455,0.2047,82
1786317420,0.20472,0.20506,0.20468,0.20504,74
1786317480,0.20504,0.20519,0.20489,0.2049,84
1786317540,0.20489,0.20497,0.20472,0.20496,87
1786317600,0.20496,0.20503,0.20492,0.205,78
1786317660,0.205,0.20503,0.20492,0.20494,77
1786317720,0.20495,0.20515,0.20494,0.20503,81
1786317780,0.20504,0.20521,0.20497,0.20514,85
1786317840,0.20514,0.20535,0.20511,0.20521,77
1786317900,0.20521,0.2055,0.20521,0.20546,83
1786317960,0.20546,0.20573,0.20546,0.20559,84
1786318020,0.20559,0.20561,0.20545,0.20557,82
1786318080,0.20557,0.20559,0.20541,0.2055,74
1786318140,0.20551,0.20581,0.2055,0.20571,77
1786318200,0.20571,0.20578,0.2056,0.20561,81
1786318260,0.20561,0.20591,0.2056,0.20587,80
1786318320,0.20587,0.20594,0.20573,0.20585,83
1786318380,0.20585,0.20603,0.20585,0.20601,85
1786318440,0.20604,0.20618,0.20597,0.20618,79
1786318500,0.20619,0.20625,0.20608,0.2061,67
1786318560,0.20611,0.20611,0.20593,0.20593,84
1786318620,0.20593,0.20593,0.20557,0.20561,80
1786318680,0.20561,0.20573,0.20549,0.20549,77
1786318740,0.20549,0.20551,0.20532,0.20538,77
1786318800,0.20538,0.2054,0.20511,0.20511,76
1786318860,0.20511,0.20518,0.20492,0.20508,77
1786318920,0.20508,0.20509,0.2049,0.20495,67
1786318980,0.20495,0.20524,0.20494,0.2052,89
1786319040,0.2052,0.20524,0.20507,0.20517,77
1786319100,0.20517,0.20518,0.20501,0.20504,83
1786319160,0.20503,0.20538,0.20501,0.20529,78
1786319220,0.20529,0.2054,0.20498,0.20498,80
1786319280,0.20497,0.20531,0.20497,0.20531,73
1786319340,0.20531,0.20544,0.20519,0.20533,80
1786319400,0.20532,0.20534,0.20498,0.20499,81
1786319460,0.20499,0.20519,0.20496,0.20497,72
1786319520,0.20496,0.20497,0.20458,0.20472,79
1786319580,0.20472,0.20478,0.20465,0.20476,76
1786319640,0.20478,0.20483,0.20467,0.20475,78
1786319700,0.20476,0.20494,0.2047,0.20489,86
1786319760,0.2049,0.20499,0.20481,0.20488,84
1786319820,0.20488,0.20504,0.20488,0.20504,76
1786319880,0.20504,0.20505,0.2049,0.20492,68
1786319940,0.20492,0.20508,0.2049,0.20508,76
1786320000,0.20508,0.20533,0.20491,0.20531,81
1786320060,0.20531,0.20535,0.20525,0.20525,77
1786320120,0.20526,0.20549,0.20526,0.20535,76
1786320180,0.20535,0.20542,0.20524,0.20532,77
1786320240,0.20531,0.20553,0.2053,0.20549,78
1786320300,0.2055,0.20553,0.20533,0.20534,86
1786320360,0.20534,0.20551,0.20531,0.20544,86
1786320420,0.20545,0.20547,0.20526,0.20538,78
1786320480,0.20539,0.20548,0.20533,0.20534,75
1786320540,0.20536,0.2056,0.20535,0.20554,82
1786320600,0.20555,0.20594,0.20555,0.20594,80
1786320660,0.20595,0.20599,0.20573,0.20584,77
1786320720,0.20584,0.20613,0.20581,0.20612,75
1786320780,0.20612,0.20628,0.20597,0.20625,85
1786320840,0.20625,0.20625,0.2061,0.20611,77
1786320900,0.20611,0.20634,0.20611,0.20634,70
1786320960,0.20634,0.20674,0.20633,0.20672,84
1786321020,0.20672,0.2069,0.20672,0.20684,78
1786321080,0.20684,0.207,0.20674,0.20676,75
1786321140,0.20676,0.20688,0.20657,0.20681,78
1786321200,0.20681,0.20696,0.20667,0.20696,73
1786321260,0.20695,0.20719,0.20693,0.20719,83
1786321320,0.20721,0.20744,0.20709,0.20739,77
1786321380,0.20739,0.20739,0.20716,0.20728,84
1786321440,0.20728,0.20747,0.20727,0.20739,78
1786321500,0.20739,0.20739,0.20726,0.20735,80
1786321560,0.20734,0.20748,0.20725,0.20727,81
1786321620,0.20728,0.20766,0.20725,0.20759,81
1786321680,0.20757,0.20761,0.20748,0.2075,81
1786321740,0.20751,0.2077,0.20747,0.20767,90
1786321800,0.20766,0.20782,0.20754,0.20755,81
1786321860,0.20755,0.20775,0.20753,0.20766,81
1786321920,0.20767,0.20775,0.2076,0.20766,74
1786321980,0.20766,0.20778,0.20761,0.20772,79
1786322040,0.20772,0.20792,0.20768,0.20787,68
1786322100,0.20787,0.20802,0.20782,0.20793,85
1786322160,0.20793,0.20797,0.20783,0.20793,84
1786322220,0.20793,0.20793,0.20765,0.20779,73
1786322280,0.20779,0.20785,0.20766,0.20781,77
1786322340,0.20782,0.20812,0.2078,0.20806,80
1786322400,0.20808,0.20808,0.20775,0.20793,76
1786322460,0.20794,0.20822,0.2079,0.20803,76
1786322520,0.20803,0.20806,0.20791,0.20799,79
1786322580,0.20799,0.20815,0.20795,0.20815,83
1786322640,0.20816,0.20816,0.2078,0.2078,71
1786322700,0.20779,0.20798,0.20776,0.20792,87
1786322760,0.20792,0.20799,0.20781,0.20795,77
1786322820,0.20797,0.208,0.20774,0.20777,95
1786322880,0.20777,0.20792,0.20773,0.20784,87
1786322940,0.20782,0.20791,0.20773,0.20777,80
1786323000,0.20777,0.20786,0.20763,0.20763,76
1786323060,0.20763,0.20763,0.20735,0.20737,88
1786323120,0.20737,0.20749,0.2072,0.20749,75
1786323180,0.20749,0.20754,0.20729,0.20748,90
1786323240,0.20748,0.20753,0.20726,0.20753,81
1786323300,0.20753,0.20787,0.20752,0.20785,70
1786323360,0.20784,0.2079,0.20769,0.20781,85
1786323420,0.20781,0.20782,0.20763,0.20779,80
1786323480,0.20779,0.20801,0.20777,0.208,83
1786323540,0.20804,0.20839,0.20804,0.20834,81
1786323600,0.20834,0.20846,0.20826,0.20832,82
1786323660,0.20831,0.20837,0.20821,0.20828,80
1786323720,0.20829,0.20836,0.20803,0.20811,80
1786323780,0.20811,0.20821,0.20802,0.20821,71
1786323840,0.20821,0.20845,0.20804,0.20842,82
1786323900,0.20842,0.20865,0.20838,0.20865,73
1786323960,0.20867,0.20876,0.20854,0.20875,78
1786324020,0.20875,0.20896,0.20872,0.20882,90
1786324080,0.20882,0.20893,0.20844,0.20851,74
1786324140,0.20851,0.2088,0.2085,0.20872,80
1786324200,0.20872,0.20894,0.20872,0.20886,84
1786324260,0.20886,0.20887,0.20858,0.20878,78
1786324320,0.20877,0.20908,0.20875,0.20901,76
1786324380,0.20903,0.2092,0.20889,0.20894,82
1786324440,0.20892,0.20897,0.20877,0.20889,83
1786324500,0.20889,0.20897,0.20862,0.20863,80
1786324560,0.20861,0.20898,0.2086,0.20898,71
1786324620,0.20899,0.20899,0.20867,0.2088,71
1786324680,0.20881,0.20884,0.20861,0.2088,80
1786324740,0.20883,0.20891,0.20875,0.20887,74
1786324800,0.20887,0.20892,0.20879,0.20883,79
1786324860,0.20882,0.20919,0.20882,0.20915,84
1786324920,0.20914,0.2092,0.20906,0.20911,84
1786324980,0.20911,0.20933,0.2091,0.20913,81
1786325040,0.20915,0.20945,0.20911,0.20934,93
1786325100,0.20934,0.20948,0.20921,0.20947,83
1786325160,0.20947,0.20965,0.20942,0.20965,88
1786325220,0.20965,0.20974,0.20954,0.20974,72
1786325280,0.20974,0.20981,0.20956,0.20981,75
1786325340,0.20981,0.21007,0.20978,0.20984,81
1786325400,0.20984,0.2099,0.20974,0.20984,88
1786325460,0.20984,0.20986,0.20959,0.20966,75
1786325520,0.20966,0.20966,0.20944,0.20951,68
1786325580,0.20951,0.20958,0.20927,0.20954,88
1786325640,0.20954,0.20985,0.20954,0.20974,75
1786325700,0.20976,0.20997,0.20966,0.20991,81
1786325760,0.20992,0.21003,0.20983,0.21002,78
1786325820,0.21002,0.21018,0.20988,0.20993,78
1786325880,0.20998,0.21012,0.20996,0.21012,83
1786325940,0.21013,0.21025,0.21012,0.21021,75
1786326000,0.21021,0.21044,0.2102,0.21024,81
1786326060,0.21022,0.2104,0.21017,0.21028,76
1786326120,0.21029,0.21035,0.21026,0.21034,78
1786326180,0.21034,0.21046,0.21016,0.21016,73
1786326240,0.21016,0.2102,0.21002,0.21009,76
1786326300,0.21009,0.21028,0.20995,0.20997,77
1786326360,0.20998,0.21006,0.20993,0.20997,81
1786326420,0.20995,0.20995,0.20983,0.20984,85
1786326480,0.20984,0.20999,0.20983,0.20992,85
1786326540,0.20992,0.21022,0.20988,0.21013,76
1786326600,0.21013,0.21023,0.21006,0.21018,82
1786326660,0.21018,0.21023,0.21005,0.21011,71
1786326720,0.21011,0.21028,0.20998,0.21004,68
1786326780,0.21004,0.21006,0.20977,0.20977,72
1786326840,0.20977,0.20986,0.20947,0.20956,82
1786326900,0.20956,0.20956,0.20933,0.20933,79
1786326960,0.20934,0.20934,0.20916,0.20925,86
1786327020,0.20925,0.20942,0.20923,0.20925,78
1786327080,0.20924,0.2093,0.20913,0.2092,83
1786327140,0.2092,0.20927,0.20913,0.20918,73
1786327200,0.20919,0.20919,0.20899,0.20906,76
1786327260,0.20906,0.2094,0.20905,0.20937,71
1786327320,0.20937,0.20942,0.20918,0.20926,73
1786327380,0.20927,0.20936,0.20915,0.20916,76
1786327440,0.20916,0.20929,0.20912,0.20924,84
1786327500,0.20924,0.20938,0.20907,0.20921,71
1786327560,0.20921,0.20952,0.20918,0.2095,84
1786327620,0.2095,0.20951,0.20925,0.20929,74
1786327680,0.20928,0.20941,0.20919,0.20926,91
1786327740,0.20924,0.20926,0.20914,0.20924,76
1786327800,0.20921,0.20927,0.20896,0.20896,81
1786327860,0.20898,0.20902,0.2087,0.2087,72
1786327920,0.20872,0.20886,0.20866,0.20866,82
1786327980,0.20867,0.20867,0.20846,0.2085,82
1786328040,0.2085,0.20856,0.20829,0.20829,81
1786328100,0.20829,0.2083,0.20793,0.20806,85
1786328160,0.20805,0.20815,0.20787,0.20793,80
1786328220,0.20793,0.20809,0.20788,0.20809,83
1786328280,0.20807,0.20808,0.20792,0.20793,79
1786328340,0.20793,0.20793,0.20753,0.20769,81
1786328400,0.20769,0.20785,0.20767,0.20784,79
1786328460,0.20784,0.20805,0.20777,0.20778,76
1786328520,0.20778,0.20788,0.20767,0.20775,73
1786328580,0.20775,0.20782,0.20748,0.20748,75
1786328640,0.20748,0.20756,0.20738,0.20753,89
1786328700,0.20753,0.20769,0.20747,0.20747,82
1786328760,0.20747,0.20763,0.20737,0.2075,78
1786328820,0.20751,0.20767,0.2075,0.20765,73
1786328880,0.20768,0.2078,0.20764,0.20772,68
1786328940,0.20772,0.20795,0.20769,0.20787,75
1786329000,0.20787,0.208,0.20765,0.20765,79
1786329060,0.20765,0.20766,0.20755,0.2076,79
1786329120,0.20759,0.2076,0.20743,0.20745,80
1786329180,0.20744,0.20757,0.20732,0.20757,79
1786329240,0.20757,0.20778,0.2075,0.2075,83
1786329300,0.2075,0.2075,0.20725,0.20742,80
1786329360,0.20743,0.20759,0.20742,0.20757,80
1786329420,0.20757,0.20764,0.20743,0.20745,66
1786329480,0.20745,0.20759,0.20744,0.20757,77
1786329540,0.20757,0.20769,0.20752,0.20767,84
1786329600,0.20767,0.20782,0.20748,0.20781,90
1786329660,0.20781,0.20783,0.20768,0.20771,81
1786329720,0.20771,0.20795,0.20764,0.20791,85
1786329780,0.20791,0.2082,0.20789,0.20815,79
1786329840,0.20815,0.20824,0.20802,0.20809,85
1786329900,0.20809,0.20813,0.20788,0.20788,83
1786329960,0.20788,0.2079,0.20781,0.20789,81
1786330020,0.20788,0.20788,0.20766,0.20769,78
1786330080,0.20768,0.2077,0.20725,0.20726,88
1786330140,0.20724,0.20745,0.20722,0.20736,82
1786330200,0.20736,0.20749,0.2072,0.2072,88
1786330260,0.20722,0.20737,0.20713,0.20725,79
1786330320,0.20723,0.20732,0.20717,0.20729,80
1786330380,0.2073,0.20738,0.20719,0.20732,85
1786330440,0.20732,0.20738,0.20727,0.20729,84
1786330500,0.20729,0.20756,0.20728,0.20753,84
1786330560,0.20753,0.20764,0.20735,0.2074,79
1786330620,0.2074,0.20764,0.20736,0.20751,91
1786330680,0.20751,0.20757,0.20742,0.20742,80
1786330740,0.20742,0.2075,0.20728,0.2075,76
1786330800,0.2075,0.2075,0.20726,0.20728,84
1786330860,0.20726,0.20747,0.20721,0.20739,82
1786330920,0.2074,0.20743,0.20707,0.20717,77
1786330980,0.20714,0.20726,0.20713,0.20718,83
1786331040,0.20718,0.20721,0.20695,0.20708,85
1786331100,0.20708,0.20735,0.20708,0.20717,88
1786331160,0.20718,0.20721,0.20711,0.20713,75
1786331220,0.20712,0.20736,0.20711,0.20733,86
1786331280,0.20733,0.20746,0.20724,0.20743,81
1786331340,0.20744,0.20761,0.20738,0.2075,81
1786331400,0.2075,0.20777,0.20749,0.20777,85
1786331460,0.20777,0.20777,0.20762,0.20771,80
1786331520,0.20765,0.20775,0.20755,0.20763,70
1786331580,0.20763,0.20771,0.20756,0.20763,90
1786331640,0.20763,0.20767,0.20754,0.20761,88
1786331700,0.20761,0.20761,0.20733,0.20734,76
1786331760,0.20734,0.20762,0.20729,0.2076,81
1786331820,0.2076,0.2076,0.2072,0.20735,81
1786331880,0.20735,0.20736,0.2071,0.20712,83
1786331940,0.20712,0.20739,0.20708,0.20718,86
1786332000,0.20719,0.20746,0.20719,0.20746,75
1786332060,0.20747,0.20749,0.20724,0.20724,79
1786332120,0.20724,0.20724,0.20702,0.20708,83
1786332180,0.20705,0.2072,0.20694,0.20702,80
1786332240,0.20702,0.20708,0.20666,0.20666,73
1786332300,0.20667,0.20678,0.20661,0.20676,78
1786332360,0.20677,0.20683,0.20658,0.20658,88
1786332420,0.20658,0.20658,0.20641,0.20643,70
1786332480,0.20643,0.20648,0.20628,0.20634,87
1786332540,0.20634,0.20663,0.20631,0.20663,79
1786332600,0.20663,0.20665,0.20649,0.2066,70
1786332660,0.2066,0.20688,0.20658,0.20682,90
1786332720,0.20682,0.20686,0.20644,0.20647,80
1786332780,0.20647,0.20653,0.20631,0.20631,89
1786332840,0.20631,0.20639,0.20624,0.20629,82
1786332900,0.2063,0.20657,0.20626,0.2065,86
1786332960,0.2065,0.20695,0.2065,0.20688,77
1786333020,0.20689,0.20698,0.20672,0.20695,79
1786333080,0.20696,0.20705,0.20681,0.20695,76
1786333140,0.20695,0.20704,0.20685,0.20701,84
1786333200,0.20701,0.20708,0.20695,0.20708,72
1786333260,0.20708,0.20725,0.20703,0.20716,78
1786333320,0.20715,0.20719,0.20694,0.20704,82
1786333380,0.20704,0.20711,0.20688,0.20688,73
1786333440,0.20688,0.2069,0.20654,0.20656,87
1786333500,0.20658,0.20666,0.20653,0.2066,81
1786333560,0.2066,0.20664,0.20631,0.20663,79
1786333620,0.20664,0.2067,0.20657,0.20663,79
1786333680,0.20663,0.20673,0.20642,0.20649,80
1786333740,0.20649,0.20672,0.20648,0.20668,81
1786333800,0.20668,0.20671,0.20628,0.20636,83
1786333860,0.20636,0.20648,0.20633,0.20635,79
1786333920,0.20635,0.20657,0.20624,0.20651,93
1786333980,0.20651,0.20665,0.20636,0.20636,87
1786334040,0.20637,0.20657,0.20631,0.20641,88
1786334100,0.20646,0.20654,0.20635,0.20636,81
1786334160,0.20637,0.20675,0.20634,0.20673,85
1786334220,0.20673,0.20697,0.20649,0.20684,83
1786334280,0.20684,0.20707,0.20683,0.20703,68
1786334340,0.20704,0.20704,0.20669,0.20676,66
1786334400,0.20676,0.20682,0.20669,0.20671,78
1786334460,0.20672,0.20689,0.20662,0.20688,79
1786334520,0.20687,0.20695,0.20676,0.2068,83
1786334580,0.2068,0.20699,0.20673,0.20696,84
1786334640,0.20695,0.20704,0.20688,0.2069,80
1786334700,0.20689,0.20696,0.20684,0.20684,79
1786334760,0.20684,0.20704,0.20684,0.20693,76
1786334820,0.20693,0.20693,0.20667,0.20675,91
1786334880,0.20675,0.20675,0.20654,0.20663,87
1786334940,0.20663,0.20669,0.20651,0.20659,84
1786335000,0.20659,0.20674,0.20657,0.2067,85
1786335060,0.20669,0.20672,0.20652,0.20662,79
1786335120,0.2066,0.20664,0.2065,0.2066,85
1786335180,0.20661,0.20675,0.2065,0.20675,75
1786335240,0.20675,0.20705,0.2067,0.20692,75
1786335300,0.20695,0.20704,0.20663,0.2067,84
1786335360,0.20666,0.20674,0.2066,0.20674,80
1786335420,0.20675,0.20697,0.20673,0.20694,80
1786335480,0.20694,0.207,0.2068,0.20699,83
1786335540,0.20699,0.20718,0.20697,0.20713,82
1786335600,0.20713,0.20738,0.20704,0.2073,87
1786335660,0.2073,0.2073,0.20703,0.20704,80
1786335720,0.207,0.20707,0.2068,0.2069,85
1786335780,0.2069,0.2069,0.2067,0.20678,68
1786335840,0.20678,0.20681,0.20662,0.20673,85
1786335900,0.20673,0.2068,0.20663,0.2068,83
1786335960,0.2068,0.20687,0.20656,0.20682,82
1786336020,0.20682,0.20707,0.20682,0.20699,84
1786336080,0.20699,0.20706,0.20693,0.20693,84
1786336140,0.20692,0.20694,0.20678,0.20684,88
1786336200,0.20683,0.2072,0.20683,0.20713,87
1786336260,0.20711,0.20727,0.20704,0.20718,80
1786336320,0.20718,0.2073,0.20716,0.20719,79
1786336380,0.20719,0.20724,0.20706,0.20706,73
1786336440,0.20708,0.20715,0.20704,0.20707,75
1786336500,0.20707,0.20707,0.2068,0.20692,87
1786336560,0.20689,0.20714,0.20689,0.20711,75
1786336620,0.20713,0.20716,0.20678,0.20684,73
1786336680,0.20685,0.20694,0.20675,0.20679,82
1786336740,0.2068,0.20688,0.20668,0.20677,82
1786336800,0.20677,0.20682,0.20662,0.2067,78
1786336860,0.2067,0.20687,0.20667,0.20675,84
1786336920,0.20675,0.20678,0.20666,0.20675,77
1786336980,0.20675,0.20692,0.20669,0.20682,83
1786337040,0.20682,0.20683,0.20661,0.2068,86
1786337100,0.20682,0.2071,0.20681,0.20687,81
1786337160,0.20687,0.2071,0.20686,0.20706,77
1786337220,0.20707,0.20708,0.20694,0.20697,76
1786337280,0.20698,0.20716,0.20698,0.20708,87
1786337340,0.20708,0.20736,0.20705,0.20713,82
1786337400,0.20713,0.20747,0.20703,0.20744,77
1786337460,0.20744,0.20781,0.20738,0.20779,90
1786337520,0.20777,0.20786,0.20762,0.2078,76
1786337580,0.2078,0.208,0.2078,0.20785,75
1786337640,0.20783,0.20801,0.20779,0.20789,87
1786337700,0.20789,0.20812,0.20787,0.20811,73
1786337760,0.20811,0.20811,0.20796,0.20799,80
1786337820,0.20797,0.208,0.20782,0.20791,81
1786337880,0.20791,0.20803,0.2078,0.2078,81
1786337940,0.2078,0.20786,0.20773,0.20774,75
1786338000,0.20774,0.20787,0.20754,0.20754,89
1786338060,0.20754,0.20805,0.20753,0.20801,81
1786338120,0.20802,0.20811,0.20797,0.20798,86
1786338180,0.20798,0.20814,0.20794,0.20808,79
1786338240,0.20807,0.20808,0.20778,0.20791,80
1786338300,0.20791,0.20818,0.20788,0.20813,88
1786338360,0.20813,0.20843,0.20808,0.20837,83
1786338420,0.20837,0.20857,0.20833,0.20857,80
1786338480,0.20859,0.20868,0.20846,0.20862,78
1786338540,0.20862,0.2089,0.20857,0.20884,70
1786338600,0.20887,0.20887,0.20846,0.20849,75
1786338660,0.20849,0.20849,0.20831,0.20845,80
1786338720,0.20849,0.2086,0.20845,0.20852,86
1786338780,0.2085,0.20851,0.20836,0.20846,78
1786338840,0.20847,0.20855,0.20839,0.20854,73
1786338900,0.20855,0.20864,0.20851,0.20856,75
1786338960,0.20856,0.20867,0.20839,0.2084,71
1786339020,0.2084,0.20841,0.20814,0.20815,78
1786339080,0.20815,0.20836,0.20808,0.20833,75
1786339140,0.20832,0.20834,0.20801,0.20813,76
1786339200,0.20813,0.20831,0.20813,0.20819,69
1786339260,0.20819,0.20825,0.2081,0.20812,72
1786339320,0.20812,0.20825,0.20808,0.20809,82
1786339380,0.20809,0.20822,0.20806,0.20814,78
1786339440,0.20815,0.20815,0.2079,0.20802,85
1786339500,0.20804,0.20811,0.20793,0.20811,86
1786339560,0.20811,0.20827,0.20811,0.2082,88
1786339620,0.2082,0.20843,0.20819,0.2084,70
1786339680,0.2084,0.20858,0.20832,0.20855,84
1786339740,0.20855,0.20857,0.20819,0.20819,82
1786339800,0.20819,0.20824,0.20808,0.20808,76
1786339860,0.20807,0.20811,0.20779,0.20809,84
1786339920,0.20811,0.20815,0.20803,0.20806,82
1786339980,0.20806,0.20806,0.20776,0.20781,74
1786340040,0.20781,0.20806,0.20781,0.20799,83
1786340100,0.20799,0.20799,0.20785,0.20796,85
1786340160,0.20796,0.20798,0.20778,0.20782,85
1786340220,0.20782,0.20792,0.20763,0.20764,80
1786340280,0.20764,0.20764,0.20743,0.20753,80
1786340340,0.20753,0.20753,0.20727,0.20747,78
1786340400,0.20748,0.20756,0.20733,0.20742,84
1786340460,0.20743,0.20762,0.20735,0.20754,76
1786340520,0.20749,0.20749,0.20714,0.20717,81
1786340580,0.20716,0.2074,0.20714,0.20737,80
1786340640,0.2074,0.20746,0.20718,0.20725,85
1786340700,0.20725,0.20738,0.20714,0.20738,81
1786340760,0.20738,0.20773,0.20738,0.20761,85
1786340820,0.2076,0.2077,0.20757,0.20764,74
1786340880,0.20761,0.20769,0.20756,0.20756,78
1786340940,0.20756,0.2076,0.20743,0.20749,84
1786341000,0.20749,0.20764,0.20736,0.2076,79
1786341060,0.2076,0.20765,0.2075,0.20755,86
1786341120,0.20755,0.20755,0.20737,0.20741,82
1786341180,0.20741,0.20748,0.20735,0.20736,88
1786341240,0.20736,0.20738,0.2071,0.2071,80
1786341300,0.2071,0.20731,0.20704,0.20725,73
1786341360,0.20725,0.20749,0.20719,0.20743,80
1786341420,0.20743,0.20776,0.20737,0.20767,91
1786341480,0.20767,0.2079,0.20764,0.2079,79
1786341540,0.2079,0.20791,0.2077,0.20772,82
1786341600,0.20772,0.20786,0.20749,0.20752,88
1786341660,0.20752,0.20759,0.20745,0.20747,85
1786341720,0.20747,0.2077,0.20742,0.20746,89
1786341780,0.2075,0.20767,0.20745,0.20767,85
1786341840,0.20767,0.20768,0.20728,0.2073,82
1786341900,0.20731,0.20731,0.20705,0.20715,82
1786341960,0.20713,0.20718,0.20707,0.20711,78
1786342020,0.2071,0.2072,0.20702,0.20707,75
1786342080,0.20707,0.20709,0.20676,0.20681,78
1786342140,0.20681,0.20713,0.20681,0.20711,81
1786342200,0.20711,0.20712,0.20696,0.20699,73
1786342260,0.20699,0.20701,0.20677,0.2069,73
1786342320,0.2069,0.20706,0.20689,0.20703,76
1786342380,0.20703,0.20716,0.20695,0.20714,81
1786342440,0.20717,0.20752,0.20717,0.2075,83
1786342500,0.2075,0.20776,0.20747,0.20765,67
1786342560,0.20765,0.20783,0.20765,0.20777,72
1786342620,0.20777,0.20795,0.20773,0.20791,86
1786342680,0.20792,0.20811,0.2079,0.20806,79
1786342740,0.20806,0.20823,0.20806,0.20813,78
1786342800,0.20813,0.20827,0.20804,0.20812,82
1786342860,0.20812,0.20836,0.20807,0.20836,78
1786342920,0.20836,0.20865,0.20827,0.20858,84
1786342980,0.20858,0.20863,0.20825,0.20825,77
1786343040,0.20824,0.20826,0.20803,0.20803,83
1786343100,0.20803,0.20821,0.20801,0.20808,78
1786343160,0.20808,0.20808,0.20784,0.20808,75
1786343220,0.20808,0.2082,0.20804,0.2081,85
1786343280,0.2081,0.20819,0.20798,0.20811,86
1786343340,0.20811,0.20816,0.20801,0.20809,82
1786343400,0.20809,0.20826,0.20791,0.20826,79
1786343460,0.20826,0.20827,0.20802,0.20825,83
1786343520,0.20823,0.2083,0.20815,0.20816,74
1786343580,0.20816,0.20822,0.20796,0.20821,87
1786343640,0.20821,0.20846,0.20821,0.20842,75
1786343700,0.20842,0.20846,0.20833,0.20836,79
1786343760,0.20836,0.20836,0.20814,0.20831,70
1786343820,0.20831,0.20838,0.20822,0.20825,70
1786343880,0.20825,0.20825,0.20807,0.2081,82
1786343940,0.20811,0.20811,0.20782,0.20784,80
1786344000,0.20784,0.20796,0.20775,0.20792,79
1786344060,0.20792,0.20803,0.20786,0.20787,72
1786344120,0.20786,0.20812,0.20781,0.20809,83
1786344180,0.20809,0.20812,0.20796,0.20808,75
1786344240,0.20808,0.20809,0.20789,0.2079,78
1786344300,0.2079,0.20797,0.20762,0.20767,86
1786344360,0.20767,0.20777,0.20757,0.20759,79
1786344420,0.20758,0.2076,0.20736,0.20737,72
1786344480,0.20737,0.20752,0.20735,0.20751,76
1786344540,0.20751,0.20756,0.20738,0.20747,76
1786344600,0.20747,0.20767,0.20747,0.20767,84
1786344660,0.20767,0.20778,0.2076,0.20771,78
1786344720,0.20771,0.20779,0.20757,0.20779,80
1786344780,0.20779,0.20811,0.20779,0.20809,75
1786344840,0.2081,0.20819,0.20801,0.20814,85
1786344900,0.20814,0.20829,0.20813,0.20819,82
1786344960,0.20819,0.20852,0.20818,0.20841,89
1786345020,0.20843,0.20854,0.20837,0.20854,85
1786345080,0.2085,0.20865,0.20848,0.20856,77
1786345140,0.20857,0.20879,0.20852,0.20852,78
1786345200,0.20851,0.20856,0.20837,0.20839,83
1786345260,0.20839,0.20851,0.20824,0.20831,69
1786345320,0.20831,0.20858,0.20828,0.20855,86
1786345380,0.20853,0.20883,0.20853,0.20874,83
1786345440,0.20874,0.20894,0.20864,0.20893,80
1786345500,0.20893,0.20898,0.20876,0.20879,75
1786345560,0.20879,0.20887,0.2087,0.2087,80
1786345620,0.2087,0.20872,0.20854,0.20858,87
1786345680,0.20858,0.20883,0.20854,0.20856,74
1786345740,0.20856,0.2088,0.20856,0.20877,85
1786345800,0.20874,0.20875,0.2086,0.20865,74
1786345860,0.20864,0.20869,0.20848,0.20851,83
1786345920,0.20855,0.20874,0.2085,0.20868,74
1786345980,0.20868,0.20876,0.20835,0.20835,76
1786346040,0.20835,0.20836,0.20821,0.20834,81
1786346100,0.2084,0.20863,0.2084,0.20863,82
1786346160,0.20864,0.20878,0.20854,0.20873,76
1786346220,0.20873,0.20881,0.20869,0.20877,82
1786346280,0.20877,0.20882,0.20863,0.20865,84
1786346340,0.20865,0.20869,0.20845,0.20846,82
1786346400,0.20846,0.20862,0.20837,0.20859,85
1786346460,0.20861,0.20887,0.2086,0.2088,80
1786346520,0.2088,0.20896,0.20869,0.2087,79
1786346580,0.2087,0.2089,0.20869,0.20877,82
1786346640,0.20877,0.20877,0.20858,0.20865,81
1786346700,0.20865,0.20868,0.20847,0.20851,80
1786346760,0.20851,0.20867,0.20848,0.2085,77
1786346820,0.20851,0.2086,0.20839,0.20856,77
1786346880,0.20855,0.20862,0.2084,0.20841,75
1786346940,0.20842,0.20869,0.20841,0.20869,84
1786347000,0.2087,0.20871,0.20845,0.20845,87
1786347060,0.20844,0.20868,0.20842,0.20867,77
1786347120,0.20868,0.20883,0.20868,0.2088,83
1786347180,0.20875,0.20884,0.20872,0.20881,84
1786347240,0.20882,0.20887,0.20876,0.20883,77
1786347300,0.20883,0.20888,0.20861,0.20881,86
1786347360,0.2088,0.20891,0.20869,0.20884,77
1786347420,0.20884,0.20891,0.20873,0.2089,83
1786347480,0.2089,0.2089,0.20866,0.20879,81
1786347540,0.20879,0.20907,0.20879,0.20901,74
1786347600,0.20901,0.20908,0.20894,0.20901,73
1786347660,0.20901,0.2092,0.20901,0.20914,72
1786347720,0.20914,0.20934,0.20913,0.20934,84
1786347780,0.20935,0.20938,0.20904,0.20904,82
1786347840,0.20903,0.20906,0.20888,0.20895,90
1786347900,0.20893,0.20894,0.20874,0.20878,86
1786347960,0.20876,0.20903,0.20875,0.20878,78
1786348020,0.20876,0.20893,0.20857,0.20892,83
1786348080,0.20891,0.20898,0.20882,0.20888,80
1786348140,0.20887,0.20893,0.20879,0.20888,81
1786348200,0.20888,0.20889,0.20868,0.20868,68
1786348260,0.20869,0.20881,0.20857,0.20878,81
1786348320,0.20878,0.20901,0.20876,0.20889,82
1786348380,0.20889,0.20907,0.20886,0.20906,80
1786348440,0.20906,0.20928,0.20891,0.20922,77
1786348500,0.20922,0.20925,0.20915,0.20915,80
1786348560,0.20915,0.20929,0.20911,0.20925,71
1786348620,0.20924,0.20942,0.20924,0.20933,89
1786348680,0.20933,0.20958,0.20933,0.20953,76
1786348740,0.20953,0.20953,0.2093,0.20943,80
1786348800,0.20943,0.20947,0.20929,0.20941,75
1786348860,0.20941,0.20942,0.20926,0.20931,74
1786348920,0.20932,0.20954,0.2093,0.2094,81
1786348980,0.20936,0.20944,0.20925,0.20944,77
1786349040,0.20944,0.20947,0.2092,0.20933,80
1786349100,0.20928,0.20933,0.20914,0.20927,82
1786349160,0.20927,0.20929,0.20902,0.20911,83
1786349220,0.20908,0.20915,0.20895,0.20903,72
1786349280,0.20901,0.20905,0.20868,0.20874,82
1786349340,0.20874,0.20899,0.20872,0.20898,83
1786349400,0.20898,0.20901,0.20874,0.20884,82
1786349460,0.20884,0.20892,0.20867,0.20889,75
1786349520,0.20889,0.20895,0.20876,0.20876,70
1786349580,0.20878,0.20891,0.20873,0.20877,83
1786349640,0.20877,0.20878,0.20868,0.20871,85
1786349700,0.20873,0.20878,0.20861,0.20873,76
1786349760,0.20873,0.20896,0.20868,0.20891,79
1786349820,0.20891,0.20897,0.20878,0.20889,79
1786349880,0.2089,0.20907,0.20887,0.20892,83
1786349940,0.20891,0.209,0.20883,0.20887,81
1786350000,0.20889,0.20896,0.20871,0.20877,92
1786350060,0.20877,0.20896,0.20875,0.20893,81
1786350120,0.20892,0.20896,0.2088,0.20886,78
1786350180,0.20887,0.20889,0.20865,0.20879,80
1786350240,0.2088,0.20948,0.20879,0.20939,91
1786350300,0.20939,0.20943,0.20909,0.20943,90
1786350360,0.20943,0.20969,0.20938,0.20938,82
1786350420,0.20938,0.2095,0.20931,0.20938,80
1786350480,0.20938,0.2094,0.2092,0.2092,79
1786350540,0.2092,0.20944,0.20911,0.20942,81
1786350600,0.20942,0.20955,0.20921,0.20922,82
1786350660,0.20922,0.20926,0.20912,0.20926,82
1786350720,0.20926,0.20935,0.20909,0.20913,75
1786350780,0.20916,0.20929,0.20909,0.20911,86
1786350840,0.20912,0.2092,0.20892,0.20912,80
1786350900,0.20912,0.20918,0.20903,0.20917,76
1786350960,0.20908,0.20908,0.20894,0.20908,80
1786351020,0.2091,0.20931,0.2091,0.20931,82
1786351080,0.20932,0.20937,0.20911,0.20929,85
1786351140,0.20929,0.20931,0.20912,0.20924,80
1786351200,0.20924,0.20938,0.20911,0.20913,79
1786351260,0.20912,0.20928,0.2091,0.20926,77
1786351320,0.20926,0.20931,0.20911,0.20919,73
1786351380,0.20919,0.20933,0.20904,0.20917,76
1786351440,0.20917,0.2096,0.20914,0.20957,76
1786351500,0.20958,0.20966,0.20949,0.20952,89
1786351560,0.20952,0.20955,0.2092,0.2092,77
1786351620,0.2092,0.20937,0.20914,0.2092,84
1786351680,0.2092,0.20927,0.20906,0.20911,72
1786351740,0.20916,0.20928,0.20908,0.20924,83
1786351800,0.20924,0.20928,0.20908,0.20909,82
1786351860,0.20909,0.20932,0.20906,0.20909,84
1786351920,0.20908,0.20911,0.20888,0.20891,72
1786351980,0.20893,0.20893,0.20867,0.20867,79
1786352040,0.20867,0.20894,0.20867,0.20887,83
1786352100,0.20888,0.20889,0.20869,0.20885,73
1786352160,0.20884,0.20888,0.20872,0.20885,79
1786352220,0.20885,0.2089,0.20873,0.2089,80
1786352280,0.2089,0.20892,0.20876,0.2089,84
1786352340,0.2089,0.20899,0.20882,0.20897,81
1786352400,0.20897,0.20926,0.20895,0.20926,80
1786352460,0.20926,0.20954,0.20925,0.20954,76
1786352520,0.20954,0.20956,0.20936,0.2094,82
1786352580,0.2094,0.20945,0.2093,0.2094,81
1786352640,0.2094,0.2094,0.20909,0.20909,87
1786352700,0.20909,0.20909,0.20884,0.20891,83
1786352760,0.20892,0.20901,0.20884,0.20888,84
1786352820,0.20887,0.20913,0.20886,0.20903,80
1786352880,0.20903,0.20926,0.209,0.20916,90
1786352940,0.20917,0.20919,0.20902,0.20907,80
1786353000,0.20908,0.20927,0.20905,0.20908,72
1786353060,0.20906,0.20913,0.20894,0.209,70
1786353120,0.20901,0.20907,0.20891,0.20893,69
1786353180,0.20893,0.20906,0.2089,0.20891,81
1786353240,0.20891,0.20891,0.20848,0.20849,84
1786353300,0.20848,0.2086,0.20839,0.2084,81
1786353360,0.2084,0.20865,0.2084,0.20855,76
1786353420,0.20855,0.20857,0.20842,0.20849,80
1786353480,0.20849,0.20859,0.20845,0.2085,78
1786353540,0.2085,0.20861,0.20834,0.20836,84
1786353600,0.20836,0.20845,0.20823,0.20836,84
1786353660,0.20836,0.20874,0.20829,0.20874,88
1786353720,0.20873,0.20878,0.20859,0.20869,75
1786353780,0.20868,0.20868,0.20832,0.20833,76
1786353840,0.20833,0.20851,0.20826,0.20844,76
1786353900,0.20842,0.2086,0.20841,0.20843,75
1786353960,0.20843,0.20863,0.20834,0.20863,81
1786354020,0.20863,0.20876,0.20862,0.20867,81
1786354080,0.20865,0.20869,0.20848,0.20861,77
1786354140,0.2086,0.20861,0.20844,0.20845,85
1786354200,0.20844,0.20844,0.20825,0.20834,78
1786354260,0.20834,0.20856,0.20832,0.20853,85
1786354320,0.20853,0.20861,0.20841,0.20849,82
1786354380,0.20849,0.20851,0.20836,0.2084,80
1786354440,0.2084,0.20853,0.20826,0.20846,72
1786354500,0.20846,0.20846,0.20826,0.20832,86
1786354560,0.20832,0.20834,0.20787,0.20793,85
1786354620,0.20793,0.208,0.20779,0.20782,73
1786354680,0.20784,0.20794,0.20779,0.20789,78
1786354740,0.2079,0.20791,0.20763,0.20774,89
1786354800,0.20776,0.20784,0.20769,0.20769,77
1786354860,0.20768,0.20772,0.20754,0.20759,77
1786354920,0.2076,0.20766,0.20753,0.20764,78
1786354980,0.20764,0.20766,0.20747,0.20756,70
1786355040,0.20754,0.20756,0.20738,0.20752,67
1786355100,0.20752,0.20764,0.20742,0.2076,81
1786355160,0.20759,0.2078,0.20757,0.20777,89
1786355220,0.20777,0.20787,0.20774,0.20775,85
1786355280,0.20774,0.20784,0.20764,0.20775,77
1786355340,0.20775,0.20782,0.20758,0.20782,76
1786355400,0.20782,0.20785,0.20758,0.20776,79
1786355460,0.20776,0.2078,0.20754,0.20758,82
1786355520,0.20758,0.20778,0.20756,0.20777,83
1786355580,0.20777,0.20777,0.20741,0.20741,84
1786355640,0.20741,0.20746,0.20732,0.20742,77
1786355700,0.20742,0.20768,0.20742,0.20753,75
1786355760,0.20755,0.20764,0.20733,0.20735,88
1786355820,0.20735,0.20742,0.20712,0.20722,81
1786355880,0.20722,0.20734,0.20719,0.2072,75
1786355940,0.20722,0.20748,0.20722,0.20738,75
1786356000,0.20738,0.20738,0.20724,0.20731,90
1786356060,0.20729,0.20737,0.20717,0.20725,85
1786356120,0.20725,0.20739,0.207,0.20709,89
1786356180,0.20709,0.2073,0.20696,0.20729,79
1786356240,0.20729,0.2077,0.20729,0.2077,80
1786356300,0.2077,0.20772,0.20756,0.20764,78
1786356360,0.20763,0.20772,0.20751,0.20752,88
1786356420,0.20752,0.20778,0.20747,0.20776,79
1786356480,0.20776,0.20776,0.2076,0.20767,74
1786356540,0.20767,0.20772,0.20747,0.20747,82
1786356600,0.20747,0.20769,0.20738,0.20738,80
1786356660,0.20738,0.2075,0.20728,0.20734,77
1786356720,0.20735,0.20755,0.20726,0.20751,75
1786356780,0.20751,0.20752,0.2073,0.20731,81
1786356840,0.20731,0.20737,0.20718,0.20725,89
1786356900,0.20725,0.20749,0.20721,0.20747,80
1786356960,0.20747,0.20758,0.20732,0.20748,88
1786357020,0.20745,0.2076,0.20734,0.20745,87
1786357080,0.20745,0.20755,0.20734,0.20736,76
1786357140,0.20736,0.20741,0.20726,0.20734,91
1786357200,0.20731,0.20764,0.20731,0.20756,81
1786357260,0.20755,0.20763,0.20749,0.20752,90
1786357320,0.20755,0.2076,0.20743,0.20743,76
1786357380,0.20746,0.20761,0.20739,0.20743,80
1786357440,0.20743,0.20773,0.20742,0.20759,92
1786357500,0.20759,0.20787,0.20759,0.20787,81
1786357560,0.20787,0.20795,0.20778,0.20795,72
1786357620,0.20794,0.20804,0.20788,0.20804,86
1786357680,0.20804,0.20826,0.20799,0.2081,84
1786357740,0.2081,0.20838,0.20801,0.20838,77
1786357800,0.20838,0.20853,0.20825,0.20851,77
1786357860,0.20851,0.20877,0.20851,0.20867,84
1786357920,0.20867,0.20875,0.20846,0.20875,82
1786357980,0.20875,0.2088,0.20859,0.20872,81
1786358040,0.20869,0.20881,0.20861,0.20874,80
1786358100,0.20874,0.20877,0.20855,0.20863,83
1786358160,0.20863,0.2088,0.20863,0.20868,74
1786358220,0.20868,0.20873,0.20853,0.20868,77
1786358280,0.20869,0.20875,0.20859,0.20859,85
1786358340,0.20859,0.20862,0.20847,0.20855,74
1786358400,0.2085,0.20853,0.2082,0.20828,83
1786358460,0.20829,0.20831,0.20801,0.20813,76
1786358520,0.20815,0.20847,0.20809,0.20843,84
1786358580,0.20843,0.20849,0.20835,0.20835,84
1786358640,0.20835,0.20836,0.2082,0.20829,72
1786358700,0.20829,0.20835,0.20787,0.20787,79
1786358760,0.20787,0.20794,0.20769,0.20779,82
1786358820,0.20779,0.20787,0.20771,0.20774,72
1786358880,0.20773,0.20789,0.2074,0.20743,80
1786358940,0.20743,0.20743,0.20715,0.20717,82
1786359000,0.20717,0.20717,0.2069,0.2069,85
1786359060,0.2069,0.20691,0.20666,0.20666,75
1786359120,0.20665,0.20669,0.20643,0.20645,85
1786359180,0.20645,0.2067,0.20644,0.20665,84
1786359240,0.20665,0.20672,0.20649,0.20655,78
1786359300,0.20655,0.20667,0.2065,0.2066,85
1786359360,0.2066,0.20661,0.20638,0.20638,67
1786359420,0.20638,0.2067,0.20638,0.2067,80
1786359480,0.20671,0.20671,0.20648,0.20654,85
1786359540,0.20652,0.20669,0.20652,0.20655,75
1786359600,0.20655,0.20669,0.20653,0.20663,84
1786359660,0.20663,0.20682,0.2066,0.20669,91
1786359720,0.20669,0.20672,0.20632,0.20663,78
1786359780,0.20663,0.20682,0.20661,0.20681,80
1786359840,0.20681,0.20682,0.20647,0.20648,84
1786359900,0.20645,0.20655,0.2064,0.20654,77
1786359960,0.20654,0.20673,0.20654,0.20662,81
1786360020,0.20662,0.20662,0.20645,0.20648,75
1786360080,0.20648,0.20648,0.20624,0.20634,80
1786360140,0.20634,0.20636,0.20617,0.20617,73
1786360200,0.20616,0.20658,0.20613,0.20647,85
1786360260,0.20644,0.20665,0.20644,0.20647,79
1786360320,0.20646,0.20657,0.20631,0.20634,83
1786360380,0.20633,0.2064,0.20612,0.20624,71
1786360440,0.20624,0.20628,0.20612,0.20615,79
1786360500,0.20616,0.20621,0.20607,0.2061,76
1786360560,0.20613,0.20626,0.2061,0.20625,70
1786360620,0.20625,0.2063,0.20601,0.20619,82
1786360680,0.20619,0.20655,0.20618,0.20649,81
1786360740,0.20649,0.20667,0.20642,0.20658,78
1786360800,0.20658,0.20671,0.20641,0.20647,88
1786360860,0.20648,0.20688,0.20648,0.20688,81
1786360920,0.20688,0.20707,0.20684,0.20701,77
1786360980,0.20701,0.20705,0.2066,0.20663,81
1786361040,0.20663,0.20674,0.20655,0.20662,76
1786361100,0.20663,0.2068,0.20649,0.20649,84
1786361160,0.20649,0.20661,0.20646,0.20646,83
1786361220,0.20646,0.20671,0.2064,0.20671,78
1786361280,0.2067,0.20677,0.20662,0.20662,84
1786361340,0.20664,0.20665,0.20641,0.20664,83
1786361400,0.20662,0.20669,0.20653,0.20665,79
1786361460,0.20664,0.20665,0.20645,0.2065,76
1786361520,0.2065,0.20651,0.20608,0.20614,74
1786361580,0.20614,0.20628,0.20611,0.20617,82
1786361640,0.20617,0.20636,0.20608,0.20636,67
1786361700,0.20636,0.20663,0.20636,0.20663,85
1786361760,0.20663,0.20679,0.20646,0.20679,82
1786361820,0.20679,0.20681,0.20643,0.20655,82
1786361880,0.2066,0.20664,0.20637,0.20637,83
1786361940,0.20635,0.20656,0.2063,0.20656,79
1786362000,0.20656,0.20671,0.20648,0.20661,83
1786362060,0.20661,0.20665,0.20633,0.20662,88
1786362120,0.20662,0.20694,0.2066,0.2069,80
1786362180,0.2069,0.20698,0.20674,0.20674,84
1786362240,0.20675,0.20691,0.20675,0.20687,72
1786362300,0.20689,0.20691,0.20672,0.20672,72
1786362360,0.20669,0.20673,0.20654,0.2066,75
1786362420,0.20659,0.20668,0.20646,0.2066,78
1786362480,0.20661,0.20666,0.20657,0.20661,73
1786362540,0.20662,0.20677,0.2066,0.2067,78
1786362600,0.2067,0.20694,0.20667,0.20686,77
1786362660,0.20686,0.20701,0.20676,0.20684,70
1786362720,0.20684,0.20691,0.20669,0.20676,69
1786362780,0.20676,0.20691,0.20674,0.20687,83
1786362840,0.20689,0.20706,0.20681,0.20699,91
1786362900,0.20699,0.20711,0.20694,0.20696,80
1786362960,0.20696,0.20716,0.20694,0.207,71
1786363020,0.207,0.20713,0.207,0.20708,85
1786363080,0.20708,0.20714,0.207,0.20711,72
1786363140,0.20711,0.20716,0.20695,0.20707,87
1786363200,0.20708,0.20728,0.20706,0.20714,76
1786363260,0.20715,0.20721,0.20706,0.20709,76
1786363320,0.20709,0.20715,0.20695,0.20705,81
1786363380,0.20705,0.20707,0.20689,0.20699,77
1786363440,0.20699,0.20715,0.20696,0.20709,82
1786363500,0.20708,0.20715,0.20687,0.20688,80
1786363560,0.20688,0.2071,0.20685,0.20708,75
1786363620,0.20708,0.20718,0.20699,0.20704,74
1786363680,0.20704,0.20705,0.20672,0.20673,83
1786363740,0.20673,0.20712,0.20664,0.20712,85
1786363800,0.20712,0.20738,0.20709,0.20726,83
1786363860,0.20726,0.20764,0.20726,0.20759,88
1786363920,0.20759,0.2076,0.20745,0.20753,80
1786363980,0.20754,0.20789,0.20754,0.20783,80
1786364040,0.20783,0.20812,0.2078,0.20802,76
1786364100,0.20802,0.20802,0.20781,0.20786,74
1786364160,0.20791,0.20791,0.20758,0.20758,76
1786364220,0.2076,0.20769,0.20751,0.20752,82
1786364280,0.20751,0.20752,0.20726,0.20752,81
1786364340,0.20752,0.2077,0.20743,0.20753,83
1786364400,0.20754,0.20761,0.2074,0.20756,75
1786364460,0.20756,0.20761,0.20732,0.20734,79
1786364520,0.20734,0.2074,0.20719,0.2072,77
1786364580,0.2072,0.20728,0.20715,0.20717,76
1786364640,0.20717,0.20745,0.2071,0.20739,78
1786364700,0.20739,0.20762,0.20737,0.20754,77
1786364760,0.20754,0.20776,0.20748,0.20757,77
1786364820,0.20757,0.20757,0.20731,0.20739,81
1786364880,0.20739,0.2074,0.20701,0.20711,79
1786364940,0.20711,0.2075,0.20711,0.2074,75
1786365000,0.20739,0.20742,0.20728,0.20728,76
1786365060,0.20728,0.2077,0.20727,0.2077,75
1786365120,0.2077,0.20795,0.20767,0.20795,83
1786365180,0.20795,0.20814,0.20795,0.20804,73
1786365240,0.20805,0.20817,0.20783,0.20784,74
1786365300,0.20786,0.20795,0.20779,0.20791,80
1786365360,0.20792,0.2081,0.20785,0.20791,87
1786365420,0.2079,0.20819,0.20786,0.20815,89
1786365480,0.20815,0.2082,0.20792,0.20797,84
1786365540,0.20794,0.20795,0.20773,0.20773,83
1786365600,0.20774,0.20777,0.20734,0.20735,86
1786365660,0.20735,0.20763,0.20735,0.20762,81
1786365720,0.20762,0.20779,0.20754,0.20754,83
1786365780,0.20755,0.20755,0.20722,0.20729,75
1786365840,0.20729,0.20747,0.20722,0.20745,79
1786365900,0.20745,0.20755,0.20741,0.20752,89
1786365960,0.20752,0.20777,0.20751,0.20777,83
1786366020,0.20777,0.20784,0.20769,0.20784,81
1786366080,0.20784,0.20802,0.20783,0.20796,70
1786366140,0.20796,0.20836,0.20796,0.2082,83
1786366200,0.20821,0.20829,0.20806,0.20806,80
1786366260,0.20806,0.20811,0.2079,0.20795,81
1786366320,0.20796,0.20803,0.20787,0.20794,69
1786366380,0.2079,0.20794,0.20777,0.20779,78
1786366440,0.20778,0.20782,0.20764,0.20764,62
1786366500,0.20764,0.20764,0.20742,0.20743,72
1786366560,0.20743,0.20751,0.20733,0.20742,75
1786366620,0.20742,0.2076,0.20735,0.20747,72
1786366680,0.20747,0.20773,0.20747,0.20771,85
1786366740,0.20771,0.2079,0.20771,0.20781,65
1786366800,0.20781,0.20788,0.20774,0.20788,72
1786366860,0.20787,0.20801,0.20766,0.20799,79
1786366920,0.20799,0.20815,0.20796,0.20803,83
1786366980,0.20803,0.20807,0.20789,0.20795,79
1786367040,0.20795,0.20797,0.20769,0.20771,82
1786367100,0.20771,0.20784,0.2077,0.20784,81
1786367160,0.20781,0.20783,0.20763,0.20774,76
1786367220,0.20776,0.20779,0.20766,0.20774,82
1786367280,0.20775,0.20786,0.20774,0.20781,80
1786367340,0.20781,0.20781,0.20763,0.20767,79
1786367400,0.20765,0.20777,0.20765,0.20774,88
1786367460,0.20774,0.20775,0.20762,0.20772,80
1786367520,0.20771,0.20804,0.20771,0.20799,80
1786367580,0.208,0.20818,0.20797,0.20815,83
1786367640,0.20815,0.20816,0.20804,0.20814,79
1786367700,0.20814,0.20824,0.20807,0.20818,87
1786367760,0.20818,0.20838,0.20818,0.2082,88
1786367820,0.2082,0.20843,0.20812,0.20843,80
1786367880,0.20843,0.20853,0.20825,0.20832,74
1786367940,0.20832,0.20851,0.20832,0.20851,70
1786368000,0.20852,0.2087,0.20849,0.2087,79
1786368060,0.20869,0.20875,0.20858,0.20869,77
1786368120,0.20874,0.20874,0.20839,0.20855,84
1786368180,0.20854,0.20873,0.20851,0.20855,86
1786368240,0.20855,0.20871,0.20841,0.20844,83
1786368300,0.20839,0.20841,0.20806,0.20813,75
1786368360,0.20816,0.20842,0.2081,0.20838,85
1786368420,0.20838,0.20838,0.20812,0.20825,78
1786368480,0.20827,0.20836,0.20818,0.20824,84
1786368540,0.20824,0.20825,0.20804,0.20806,79
1786368600,0.20801,0.20809,0.20784,0.20802,72
1786368660,0.20802,0.20803,0.20777,0.20778,82
1786368720,0.20778,0.20779,0.20769,0.20773,81
1786368780,0.20773,0.20777,0.20765,0.20767,69
1786368840,0.20767,0.20767,0.20742,0.20758,79
1786368900,0.20758,0.20768,0.2075,0.2076,79
1786368960,0.2076,0.20764,0.20745,0.20759,79
1786369020,0.2076,0.20766,0.20752,0.20763,82
1786369080,0.20764,0.20767,0.20747,0.20748,73
1786369140,0.20747,0.20756,0.20739,0.20745,88
1786369200,0.20744,0.20763,0.20742,0.20749,69
1786369260,0.20751,0.20763,0.20741,0.20763,83
1786369320,0.20763,0.20788,0.20763,0.20781,79
1786369380,0.20781,0.20803,0.20781,0.20792,82
1786369440,0.20792,0.20813,0.20784,0.20807,82
1786369500,0.20807,0.20825,0.20802,0.20819,78
1786369560,0.20819,0.20831,0.20815,0.20828,71
1786369620,0.20829,0.20839,0.20827,0.20831,73
1786369680,0.20831,0.20832,0.20815,0.2082,80
1786369740,0.2082,0.20829,0.20805,0.20821,82
1786369800,0.20821,0.20826,0.20812,0.20814,81
1786369860,0.20814,0.20828,0.20812,0.20827,77
1786369920,0.20827,0.20827,0.20807,0.20807,72
1786369980,0.20807,0.20816,0.20802,0.20805,72
1786370040,0.20804,0.20819,0.208,0.20817,85
1786370100,0.20815,0.20829,0.20794,0.20794,83
1786370160,0.20794,0.20811,0.20787,0.20806,87
1786370220,0.20806,0.20809,0.20784,0.20784,85
1786370280,0.20784,0.20815,0.20783,0.20811,80
1786370340,0.20811,0.20816,0.20798,0.20801,84
1786370400,0.20801,0.20804,0.20779,0.20779,84
1786370460,0.20779,0.20792,0.20775,0.20791,74
1786370520,0.20791,0.20797,0.20758,0.20758,84
1786370580,0.20759,0.20769,0.20756,0.2076,78
1786370640,0.20758,0.20775,0.20756,0.20771,67
1786370700,0.20771,0.20778,0.20754,0.2076,74
1786370760,0.2076,0.20762,0.20742,0.20745,82
1786370820,0.20745,0.20771,0.20743,0.20764,82
1786370880,0.20764,0.20771,0.20755,0.20763,91
1786370940,0.20763,0.20767,0.20747,0.20758,74
1786371000,0.20757,0.20757,0.20726,0.20734,71
1786371060,0.20734,0.20745,0.20733,0.20737,79
1786371120,0.20737,0.20751,0.20733,0.20748,80
1786371180,0.20749,0.20761,0.20739,0.20739,80
1786371240,0.20739,0.20745,0.2073,0.20741,83
1786371300,0.20741,0.20753,0.20726,0.20744,83
1786371360,0.20742,0.20746,0.20721,0.20722,81
1786371420,0.20721,0.20728,0.20715,0.20718,89
1786371480,0.20719,0.20723,0.20706,0.20714,84
1786371540,0.20714,0.20722,0.20689,0.20722,69
1786371600,0.20722,0.20746,0.20719,0.20741,79
1786371660,0.20739,0.20747,0.20714,0.20717,82
1786371720,0.20717,0.20736,0.20705,0.20729,79
1786371780,0.20729,0.20733,0.20714,0.20726,86
1786371840,0.20726,0.20729,0.20704,0.20708,79
1786371900,0.20708,0.20714,0.20671,0.20676,84
1786371960,0.20675,0.20683,0.20668,0.2067,80
1786372020,0.20673,0.2071,0.2067,0.20701,79
1786372080,0.20702,0.20723,0.20691,0.20715,88
1786372140,0.20715,0.20729,0.20707,0.20729,77
1786372200,0.20729,0.20753,0.20729,0.20733,90
1786372260,0.20733,0.20737,0.20724,0.20732,89
1786372320,0.20731,0.20734,0.2072,0.20729,76
1786372380,0.20728,0.20728,0.20707,0.20707,83
1786372440,0.2071,0.20727,0.20708,0.20722,82
1786372500,0.20723,0.20727,0.20712,0.20712,85
1786372560,0.20714,0.20746,0.20714,0.20741,83
1786372620,0.20741,0.2076,0.20741,0.20757,77
1786372680,0.20757,0.2076,0.20746,0.2076,76
1786372740,0.2076,0.20771,0.20739,0.20754,77
1786372800,0.20754,0.20759,0.20745,0.20753,84
1786372860,0.20752,0.20752,0.20714,0.20724,78
1786372920,0.20724,0.20767,0.20724,0.20762,76
1786372980,0.20762,0.2078,0.20758,0.20762,74
1786373040,0.20762,0.20784,0.20751,0.20784,83
1786373100,0.20784,0.20788,0.20766,0.20774,80
1786373160,0.20774,0.20795,0.20774,0.20787,78
1786373220,0.20783,0.20809,0.2078,0.20809,89
1786373280,0.20809,0.20812,0.20789,0.20794,81
1786373340,0.20795,0.208,0.20787,0.20791,79
1786373400,0.20792,0.20794,0.20758,0.20763,77
1786373460,0.20763,0.20773,0.20754,0.2077,80
1786373520,0.20769,0.20784,0.20767,0.20778,81
1786373580,0.20778,0.20778,0.20744,0.20758,77
1786373640,0.20758,0.20764,0.20747,0.2075,76
1786373700,0.2075,0.20764,0.20747,0.20749,74
1786373760,0.20749,0.2075,0.20714,0.20717,73
1786373820,0.20717,0.20749,0.20714,0.20749,79
1786373880,0.20751,0.20763,0.20747,0.20759,86
1786373940,0.20759,0.20777,0.20752,0.20777,68
1786374000,0.20777,0.20786,0.2076,0.2076,82
1786374060,0.2076,0.20763,0.20746,0.20752,79
1786374120,0.20755,0.20759,0.20734,0.20754,80
1786374180,0.20755,0.20767,0.20754,0.20759,83
1786374240,0.2076,0.2078,0.20759,0.20763,94
1786374300,0.20764,0.20767,0.20734,0.20734,81
1786374360,0.20736,0.20736,0.20709,0.20709,77
1786374420,0.20709,0.20712,0.20686,0.20689,77
1786374480,0.2069,0.20693,0.20676,0.20691,84
1786374540,0.20693,0.20716,0.20691,0.20716,73
1786374600,0.20716,0.20718,0.207,0.20707,83
1786374660,0.20706,0.20715,0.20703,0.20703,74
1786374720,0.20703,0.20717,0.20691,0.20717,88
1786374780,0.20717,0.20728,0.20702,0.20719,84
1786374840,0.20719,0.20754,0.20717,0.20735,85
1786374900,0.20735,0.20753,0.20729,0.20744,83
1786374960,0.20744,0.20745,0.20728,0.2074,73
1786375020,0.2074,0.20754,0.20735,0.20739,81
1786375080,0.20739,0.20743,0.20717,0.20741,78
1786375140,0.20741,0.20742,0.20709,0.20736,84
1786375200,0.20732,0.20757,0.20729,0.20747,76
1786375260,0.20747,0.20759,0.20731,0.20741,74
1786375320,0.20742,0.20763,0.20737,0.20744,77
1786375380,0.20745,0.20766,0.2074,0.20763,68
1786375440,0.20761,0.20772,0.2075,0.20762,84
1786375500,0.20762,0.20783,0.20757,0.2078,77
1786375560,0.20781,0.20781,0.20753,0.20754,74
1786375620,0.20754,0.20775,0.20746,0.20775,85
1786375680,0.20774,0.20801,0.20772,0.20791,80
1786375740,0.20797,0.20819,0.20793,0.20811,75
1786375800,0.20811,0.20813,0.20792,0.20795,75
1786375860,0.20795,0.20813,0.20785,0.208,71
1786375920,0.208,0.20803,0.20787,0.20791,84
1786375980,0.20791,0.20795,0.20777,0.20795,81
1786376040,0.20795,0.20811,0.20792,0.20793,80
1786376100,0.20793,0.20799,0.20777,0.20777,76
1786376160,0.20774,0.20775,0.20755,0.20755,89
1786376220,0.20755,0.20765,0.20745,0.20747,77
1786376280,0.20747,0.20766,0.20742,0.20766,73
1786376340,0.20768,0.20768,0.20753,0.20762,68
1786376400,0.20763,0.20763,0.20733,0.20739,85
1786376460,0.2074,0.20741,0.20727,0.20741,70
1786376520,0.20742,0.20765,0.20741,0.20751,77
1786376580,0.20751,0.20751,0.20725,0.20728,66
1786376640,0.20727,0.20747,0.20724,0.20739,77
1786376700,0.20738,0.20739,0.20723,0.2073,77
1786376760,0.2073,0.20732,0.20698,0.20715,79
1786376820,0.20715,0.20728,0.20695,0.20695,74
1786376880,0.20695,0.20708,0.20684,0.20708,73
1786376940,0.20708,0.20712,0.20694,0.20709,85
1786377000,0.20709,0.2072,0.20706,0.20707,76
1786377060,0.20707,0.20714,0.20692,0.20714,81
1786377120,0.20713,0.20736,0.207,0.20707,90
1786377180,0.20707,0.20727,0.20705,0.20719,77
1786377240,0.20719,0.20729,0.20714,0.20716,69
1786377300,0.20723,0.20739,0.2072,0.20732,86
1786377360,0.20733,0.20741,0.20729,0.20738,81
1786377420,0.20738,0.2074,0.20713,0.2072,86
1786377480,0.20721,0.20721,0.20685,0.20686,81
1786377540,0.20686,0.20691,0.20661,0.20677,81
1786377600,0.20677,0.20679,0.20651,0.20652,78
1786377660,0.2065,0.20651,0.20623,0.20645,76
1786377720,0.20646,0.20665,0.2064,0.20663,84
1786377780,0.20663,0.20676,0.20653,0.20673,80
1786377840,0.20673,0.20677,0.20652,0.20652,91
1786377900,0.20652,0.2067,0.20651,0.20654,84
1786377960,0.20654,0.20661,0.20627,0.20632,79
1786378020,0.20632,0.20637,0.20624,0.2063,77
1786378080,0.20629,0.2065,0.2062,0.20645,82
1786378140,0.2064,0.20653,0.20635,0.20644,72
1786378200,0.20644,0.20645,0.20612,0.20614,73
1786378260,0.20613,0.20623,0.206,0.20603,83
1786378320,0.20607,0.20623,0.20586,0.20595,82
1786378380,0.20596,0.20613,0.20586,0.20598,83
1786378440,0.20598,0.20603,0.2058,0.20587,77
1786378500,0.20587,0.20599,0.20578,0.20581,71
1786378560,0.20581,0.20606,0.20579,0.20606,74
1786378620,0.20606,0.20607,0.20573,0.20578,76
1786378680,0.2058,0.2059,0.2057,0.2059,68
1786378740,0.20591,0.20602,0.20583,0.20584,73
1786378800,0.20584,0.206,0.20576,0.206,84
1786378860,0.206,0.20608,0.20589,0.20592,81
1786378920,0.20592,0.20606,0.2058,0.20605,79
1786378980,0.20605,0.2061,0.2058,0.20587,91
1786379040,0.20587,0.20637,0.20587,0.2063,80
1786379100,0.20629,0.20662,0.20629,0.20651,74
1786379160,0.20653,0.20665,0.20636,0.20645,75
1786379220,0.20645,0.20649,0.20636,0.20636,88
1786379280,0.20636,0.20652,0.20633,0.20651,76
1786379340,0.20651,0.2067,0.20642,0.20668,80
1786379400,0.20668,0.20668,0.2064,0.20652,88
1786379460,0.20652,0.20703,0.20651,0.20701,90
1786379520,0.20701,0.20702,0.20668,0.20674,72
1786379580,0.20675,0.20682,0.20648,0.20648,66
1786379640,0.20648,0.20653,0.20638,0.20639,75
1786379700,0.20638,0.20645,0.20632,0.20633,87
1786379760,0.20633,0.20644,0.20629,0.20637,73
1786379820,0.20637,0.20661,0.20634,0.20661,77
1786379880,0.20661,0.20661,0.20633,0.20635,76
1786379940,0.20635,0.20649,0.20632,0.20648,90
1786380000,0.20648,0.2067,0.20644,0.20651,80
1786380060,0.20651,0.20652,0.20636,0.20641,69
1786380120,0.2064,0.20662,0.20637,0.20651,81
1786380180,0.20649,0.20662,0.20642,0.20655,78
1786380240,0.20657,0.20676,0.20652,0.20671,77
1786380300,0.20671,0.20671,0.20654,0.20664,76
1786380360,0.20664,0.20666,0.20645,0.20652,87
1786380420,0.20654,0.20681,0.20652,0.20666,79
1786380480,0.20666,0.20675,0.20646,0.20675,76
1786380540,0.20675,0.20678,0.20647,0.20647,78
1786380600,0.20647,0.20654,0.20621,0.2063,79
1786380660,0.20629,0.20657,0.20629,0.20657,72
1786380720,0.20656,0.20666,0.20647,0.20665,74
1786380780,0.20665,0.20665,0.20651,0.2066,79
1786380840,0.2066,0.20694,0.20659,0.20692,80
1786380900,0.20692,0.20697,0.2068,0.20685,78
1786380960,0.20685,0.20693,0.20671,0.20675,83
1786381020,0.20672,0.2068,0.20665,0.20669,78
1786381080,0.20668,0.20675,0.20646,0.20652,87
1786381140,0.20653,0.20681,0.20649,0.20681,71
1786381200,0.20681,0.20694,0.20674,0.20688,87
1786381260,0.20688,0.20697,0.20665,0.20673,77
1786381320,0.20671,0.20682,0.20662,0.20676,86
1786381380,0.20676,0.20697,0.20676,0.20692,73
1786381440,0.20692,0.2071,0.20676,0.2071,89
1786381500,0.20711,0.20755,0.20711,0.20754,86
1786381560,0.20754,0.20757,0.2074,0.2075,77
1786381620,0.2075,0.20755,0.20742,0.20754,84
1786381680,0.20755,0.20771,0.20754,0.2077,75
1786381740,0.2077,0.20783,0.20767,0.20772,79
1786381800,0.20773,0.20802,0.20773,0.20799,76
1786381860,0.20799,0.208,0.2078,0.20795,75
1786381920,0.20795,0.20833,0.20795,0.20828,79
1786381980,0.20828,0.20831,0.20804,0.20804,67
1786382040,0.20802,0.20817,0.20781,0.20814,82
1786382100,0.20814,0.20823,0.20797,0.20799,80
1786382160,0.20799,0.20808,0.20792,0.20798,88
1786382220,0.20798,0.20819,0.20796,0.20817,80
1786382280,0.20819,0.20847,0.20819,0.20833,82
1786382340,0.20834,0.20856,0.20828,0.20856,79
1786382400,0.20856,0.20862,0.20852,0.20855,79
1786382460,0.20853,0.20853,0.20833,0.20841,80
1786382520,0.20841,0.20841,0.20825,0.20827,84
1786382580,0.20827,0.20832,0.20813,0.20822,77
1786382640,0.20821,0.20849,0.20815,0.20845,85
1786382700,0.20845,0.20857,0.20836,0.20847,79
1786382760,0.20847,0.20859,0.20837,0.20853,82
1786382820,0.20854,0.20877,0.20852,0.20874,82
1786382880,0.20874,0.20884,0.20864,0.20883,78
1786382940,0.20883,0.20898,0.20864,0.20874,79
1786383000,0.20874,0.20875,0.20851,0.20853,72
1786383060,0.20853,0.20865,0.20849,0.20861,64
1786383120,0.20861,0.20887,0.20857,0.20886,83
1786383180,0.20886,0.20913,0.20857,0.20864,83
1786383240,0.20864,0.20886,0.20861,0.20874,81
1786383300,0.20868,0.20874,0.20842,0.20842,87
1786383360,0.20842,0.20862,0.20842,0.2085,86
1786383420,0.2085,0.20859,0.20814,0.2082,81
1786383480,0.20818,0.20818,0.20795,0.20803,76
1786383540,0.20802,0.20834,0.20797,0.20826,85
1786383600,0.20825,0.20845,0.20821,0.20824,76
1786383660,0.20824,0.20834,0.20817,0.20828,79
1786383720,0.20827,0.20838,0.20822,0.20836,85
1786383780,0.20836,0.2084,0.20822,0.20835,80
1786383840,0.20835,0.20856,0.20833,0.20843,79
1786383900,0.20843,0.20845,0.20814,0.20815,76
1786383960,0.20815,0.20815,0.20788,0.20799,82
1786384020,0.20799,0.20806,0.2079,0.20798,84
1786384080,0.20798,0.20798,0.20762,0.20764,66
1786384140,0.20764,0.20774,0.20759,0.20766,81
1786384200,0.20768,0.20788,0.20766,0.20776,87
1786384260,0.20776,0.20811,0.20776,0.20811,84
1786384320,0.20812,0.20826,0.20809,0.20814,88
1786384380,0.20813,0.20826,0.20805,0.20825,84
1786384440,0.20825,0.2083,0.20811,0.2083,83
1786384500,0.20829,0.20834,0.20818,0.20821,79
1786384560,0.20819,0.20824,0.20814,0.20814,78
1786384620,0.20816,0.20844,0.20814,0.20842,73
1786384680,0.20841,0.20859,0.20837,0.20854,80
1786384740,0.20853,0.20872,0.20846,0.20864,89
1786384800,0.20866,0.20894,0.20866,0.20886,79
1786384860,0.20884,0.20899,0.20882,0.20887,78
1786384920,0.20887,0.20887,0.20858,0.20881,83
1786384980,0.20881,0.20892,0.20868,0.20887,79
1786385040,0.20887,0.20901,0.20879,0.20885,82
1786385100,0.20883,0.20893,0.20862,0.20885,81
1786385160,0.20885,0.20889,0.20874,0.20875,76
1786385220,0.20877,0.20894,0.20865,0.20894,83
1786385280,0.20895,0.20917,0.20894,0.20917,78
1786385340,0.20917,0.20928,0.20909,0.20925,79
1786385400,0.20925,0.20934,0.20915,0.2092,68
1786385460,0.20921,0.20927,0.20881,0.20882,88
1786385520,0.20882,0.20889,0.20876,0.20881,73
1786385580,0.20881,0.20903,0.20874,0.20899,81
1786385640,0.20899,0.20901,0.20886,0.20886,80
1786385700,0.20886,0.20891,0.20877,0.20881,77
1786385760,0.20882,0.20885,0.20868,0.20877,83
1786385820,0.20878,0.20898,0.20864,0.20896,73
1786385880,0.20889,0.2089,0.20868,0.20874,74
1786385940,0.20874,0.20906,0.20874,0.20903,65
1786386000,0.20903,0.20906,0.20887,0.20887,85
1786386060,0.20887,0.20928,0.20878,0.20925,82
1786386120,0.20925,0.2095,0.20921,0.20942,78
1786386180,0.20942,0.2096,0.2093,0.2093,74
1786386240,0.2093,0.2093,0.20913,0.20913,83
1786386300,0.20913,0.20926,0.20911,0.20917,76
1786386360,0.20917,0.20921,0.20894,0.20894,74
1786386420,0.20894,0.20896,0.20874,0.20883,86
1786386480,0.20882,0.20887,0.20875,0.20882,80
1786386540,0.20879,0.20887,0.20874,0.20886,84
1786386600,0.20886,0.20892,0.20875,0.20875,77
1786386660,0.20875,0.2088,0.20861,0.20864,77
1786386720,0.20864,0.20872,0.20856,0.20858,76
1786386780,0.20859,0.20893,0.20847,0.2089,76
1786386840,0.20891,0.20893,0.2087,0.20876,78
1786386900,0.20876,0.20893,0.20876,0.20884,79
1786386960,0.20884,0.20896,0.20862,0.20873,81
1786387020,0.20873,0.20893,0.20866,0.20872,78
1786387080,0.20872,0.20894,0.20866,0.20882,79
1786387140,0.20881,0.20893,0.20875,0.20876,82
1786387200,0.20876,0.2089,0.20872,0.20889,74
1786387260,0.20889,0.20907,0.20888,0.20901,82
1786387320,0.20901,0.20913,0.20889,0.20913,82
1786387380,0.20913,0.20919,0.20907,0.20918,84
1786387440,0.20918,0.2093,0.20915,0.20924,79
1786387500,0.20927,0.20939,0.20925,0.20935,87
1786387560,0.20936,0.20937,0.20921,0.20921,88
1786387620,0.20921,0.20931,0.20904,0.20931,86
1786387680,0.20926,0.20932,0.20921,0.20924,77
1786387740,0.20925,0.20931,0.20918,0.20925,78
1786387800,0.20926,0.20937,0.20914,0.20914,75
1786387860,0.20916,0.20917,0.20891,0.20904,86
1786387920,0.20904,0.20938,0.20904,0.2093,81
1786387980,0.20931,0.20949,0.20925,0.20949,77
1786388040,0.20948,0.20963,0.20946,0.2096,83
1786388100,0.20961,0.20982,0.20961,0.2097,80
1786388160,0.20972,0.20991,0.2097,0.20991,85
1786388220,0.20991,0.20991,0.20963,0.20963,86
1786388280,0.20963,0.21009,0.20963,0.21009,78
1786388340,0.21009,0.21031,0.21002,0.21003,79
1786388400,0.21003,0.21047,0.21003,0.21038,85
1786388460,0.21039,0.2104,0.21024,0.21028,79
1786388520,0.21028,0.2103,0.21009,0.21014,84
1786388580,0.21016,0.21028,0.21001,0.21028,85
1786388640,0.21028,0.21038,0.21017,0.21023,86
1786388700,0.21021,0.21022,0.20999,0.21003,80
1786388760,0.21,0.21012,0.20996,0.21004,82
1786388820,0.21004,0.21004,0.20989,0.20999,79
1786388880,0.20998,0.21012,0.20993,0.21002,80
1786388940,0.21002,0.2101,0.20975,0.20975,81
1786389000,0.20975,0.20982,0.20957,0.2096,76
1786389060,0.2096,0.20975,0.20948,0.20968,77
1786389120,0.20968,0.20968,0.20952,0.20957,80
1786389180,0.20957,0.2097,0.20955,0.20961,75
1786389240,0.20961,0.20972,0.2095,0.20964,84
1786389300,0.20964,0.2097,0.20934,0.20941,70
1786389360,0.20941,0.20962,0.20941,0.20959,89
1786389420,0.2096,0.20975,0.20953,0.20967,74
1786389480,0.20967,0.2097,0.20954,0.20962,77
1786389540,0.20961,0.20968,0.20951,0.20952,74
1786389600,0.20952,0.20952,0.20926,0.20951,83
1786389660,0.20951,0.20951,0.20924,0.20937,80
1786389720,0.20938,0.20949,0.2093,0.2093,89
1786389780,0.20931,0.2094,0.20927,0.20934,79
1786389840,0.20934,0.20961,0.2093,0.20952,76
1786389900,0.20952,0.20959,0.20939,0.20942,78
1786389960,0.20941,0.20945,0.20931,0.20943,73
1786390020,0.20943,0.20951,0.20936,0.20937,79
1786390080,0.20937,0.2096,0.20937,0.20958,80
1786390140,0.20958,0.20972,0.20952,0.20958,77
1786390200,0.20958,0.2097,0.20948,0.20956,72
1786390260,0.20956,0.20979,0.20952,0.20979,82
1786390320,0.20979,0.21001,0.20976,0.20985,76
1786390380,0.20987,0.20997,0.20983,0.20987,77
1786390440,0.20988,0.20998,0.20977,0.20994,75
1786390500,0.20993,0.21015,0.20993,0.21005,85
1786390560,0.21005,0.21031,0.20996,0.21029,84
1786390620,0.21028,0.2105,0.21028,0.21044,78
1786390680,0.21044,0.21075,0.21034,0.21075,86
1786390740,0.21077,0.21084,0.21061,0.21084,76
1786390800,0.21084,0.21101,0.21083,0.21096,74
1786390860,0.21096,0.21096,0.21077,0.2109,83
1786390920,0.2109,0.211,0.21084,0.21096,82
1786390980,0.21098,0.21119,0.21083,0.21114,79
1786391040,0.21115,0.21153,0.21115,0.21152,68
1786391100,0.21152,0.21157,0.2114,0.21154,85
1786391160,0.21154,0.21169,0.21147,0.21169,83
1786391220,0.21169,0.21175,0.21162,0.21172,79
1786391280,0.21172,0.21189,0.21163,0.2118,80
1786391340,0.2118,0.21191,0.2118,0.21183,72
1786391400,0.21183,0.21183,0.21173,0.2118,74
1786391460,0.2118,0.21185,0.21158,0.21159,75
1786391520,0.21158,0.21171,0.21152,0.21156,80
1786391580,0.21156,0.21169,0.21154,0.21159,70
1786391640,0.21158,0.21168,0.21152,0.2116,80
1786391700,0.21161,0.21172,0.21151,0.21171,84
1786391760,0.21171,0.21185,0.21166,0.21176,82
1786391820,0.21175,0.21213,0.21174,0.21205,82
1786391880,0.21206,0.21213,0.21198,0.21208,75
1786391940,0.21207,0.21209,0.21197,0.21206,79
1786392000,0.21203,0.21226,0.21203,0.21224,83
1786392060,0.21226,0.21229,0.21198,0.21199,83
1786392120,0.21198,0.21204,0.21179,0.21179,78
1786392180,0.21179,0.21185,0.21172,0.21183,78
1786392240,0.21183,0.21186,0.21167,0.21169,77
1786392300,0.21169,0.21184,0.21167,0.21179,76
1786392360,0.21179,0.2118,0.21138,0.21142,72
1786392420,0.21138,0.21158,0.21137,0.21157,87
1786392480,0.21157,0.21183,0.21152,0.21162,80
1786392540,0.21162,0.2119,0.21154,0.2119,82
1786392600,0.2119,0.21204,0.21188,0.21192,76
1786392660,0.21192,0.21246,0.21191,0.21246,81
1786392720,0.21243,0.21261,0.21243,0.21249,79
1786392780,0.21248,0.21279,0.21248,0.21273,76
1786392840,0.21272,0.21279,0.21258,0.21263,76
1786392900,0.21264,0.2127,0.21251,0.21266,84
1786392960,0.21266,0.21266,0.21222,0.21231,76
1786393020,0.21228,0.2124,0.21222,0.21222,77
1786393080,0.21223,0.2124,0.2122,0.21236,73
1786393140,0.21236,0.21252,0.21234,0.21247,76
1786393200,0.21246,0.21254,0.21233,0.21243,78
1786393260,0.2124,0.21264,0.21238,0.2125,80
1786393320,0.21249,0.21266,0.21245,0.21264,80
1786393380,0.21265,0.21282,0.21258,0.21282,82
1786393440,0.21282,0.21295,0.21272,0.21285,80
1786393500,0.21285,0.21293,0.21277,0.21287,81
1786393560,0.21287,0.21295,0.2127,0.21295,76
1786393620,0.21295,0.213,0.21265,0.21265,74
1786393680,0.21265,0.21269,0.21243,0.21256,76
1786393740,0.21255,0.21272,0.21243,0.21265,81
1786393800,0.21265,0.21278,0.21248,0.21261,87
1786393860,0.21261,0.21261,0.2124,0.21244,73
1786393920,0.21243,0.21279,0.21241,0.21278,77
1786393980,0.21278,0.21278,0.21257,0.21263,81
1786394040,0.21264,0.21264,0.2125,0.21251,85
1786394100,0.21251,0.21252,0.21221,0.21223,85
1786394160,0.21223,0.21238,0.21221,0.21234,77
1786394220,0.21234,0.21242,0.21218,0.21229,85
1786394280,0.21229,0.21251,0.21229,0.21243,77
1786394340,0.2124,0.21256,0.21231,0.21252,81
1786394400,0.21252,0.21254,0.21239,0.21248,80
1786394460,0.21248,0.21257,0.21236,0.21243,80
1786394520,0.21243,0.21248,0.2123,0.2123,72
1786394580,0.2123,0.21235,0.21214,0.21214,78
1786394640,0.21214,0.21217,0.21184,0.21186,82
1786394700,0.21186,0.21186,0.21169,0.21173,74
1786394760,0.21173,0.21183,0.21156,0.2118,72
1786394820,0.2118,0.2118,0.21164,0.21175,86
1786394880,0.21173,0.21175,0.21147,0.21154,74
1786394940,0.21153,0.21163,0.21142,0.21155,83
1786395000,0.21152,0.21168,0.2115,0.21159,80
1786395060,0.21156,0.21189,0.21155,0.21166,89
1786395120,0.2116,0.21172,0.21153,0.21158,80
1786395180,0.21158,0.21164,0.21147,0.21155,80
1786395240,0.21156,0.21164,0.21139,0.21151,80
1786395300,0.21151,0.21151,0.21109,0.21109,89
1786395360,0.21109,0.21128,0.21106,0.21128,90
1786395420,0.21128,0.21155,0.21127,0.21138,77
1786395480,0.2114,0.21143,0.21115,0.2112,84
1786395540,0.2112,0.21134,0.21108,0.2113,83
1786395600,0.2113,0.21139,0.21117,0.21121,84
1786395660,0.21121,0.21124,0.21087,0.211,84
1786395720,0.21101,0.21119,0.21099,0.21114,83
1786395780,0.21117,0.21122,0.21098,0.21115,75
1786395840,0.21114,0.21123,0.21101,0.21102,74
1786395900,0.21102,0.2112,0.19566,0.19566,85
1786395960,0.19566,0.19567,0.19551,0.19559,78
1786396020,0.19559,0.19579,0.19557,0.19576,83
1786396080,0.19576,0.1959,0.19575,0.19578,86
1786396140,0.19578,0.19602,0.19575,0.19586,80
1786396200,0.19589,0.19589,0.19546,0.19549,82
1786396260,0.19549,0.19555,0.19543,0.19549,88
1786396320,0.19549,0.19568,0.19549,0.19563,79
1786396380,0.19563,0.19574,0.19553,0.19556,83
1786396440,0.19556,0.19562,0.19545,0.19549,83
1786396500,0.1955,0.19553,0.19532,0.19535,81
1786396560,0.19536,0.1955,0.19533,0.1955,77
1786396620,0.1955,0.1955,0.1953,0.19531,81
1786396680,0.19531,0.19543,0.19523,0.19523,78
1786396740,0.19523,0.19523,0.19494,0.19511,80
1786396800,0.19511,0.19541,0.19508,0.19537,78
1786396860,0.19537,0.19539,0.1952,0.19522,76
1786396920,0.19523,0.19524,0.19506,0.19506,77
1786396980,0.19506,0.19514,0.19486,0.19497,87
1786397040,0.19497,0.19517,0.19497,0.19515,71
1786397100,0.19514,0.19526,0.19502,0.19508,83
1786397160,0.19508,0.19508,0.19491,0.19496,74
1786397220,0.19496,0.19496,0.19468,0.19487,76
1786397280,0.19488,0.19499,0.19477,0.19487,80
1786397340,0.19488,0.19499,0.1948,0.19499,89
1786397400,0.19497,0.19499,0.19438,0.19448,75
1786397460,0.19448,0.19451,0.19437,0.19443,81
1786397520,0.19444,0.19444,0.19409,0.19411,72
1786397580,0.1941,0.1941,0.19388,0.19388,84
1786397640,0.19388,0.19402,0.19377,0.19388,76
1786397700,0.19388,0.19396,0.19376,0.1939,73
1786397760,0.1939,0.19412,0.1939,0.19391,85
1786397820,0.1939,0.19397,0.19381,0.19387,72
1786397880,0.19387,0.19404,0.19379,0.19402,78
1786397940,0.19402,0.19422,0.19398,0.19415,81
1786398000,0.19415,0.19425,0.19409,0.19418,79
1786398060,0.19418,0.19421,0.19397,0.19407,77
1786398120,0.19407,0.19431,0.19407,0.19429,69
1786398180,0.19429,0.1943,0.19413,0.19418,82
1786398240,0.19419,0.1943,0.19397,0.19397,83
1786398300,0.19398,0.194,0.19373,0.19374,84
1786398360,0.19373,0.19392,0.19371,0.1939,85
1786398420,0.1939,0.19401,0.19383,0.194,83
1786398480,0.194,0.19425,0.19396,0.19425,77
1786398540,0.19424,0.19446,0.1942,0.19442,74
1786398600,0.19442,0.19455,0.19439,0.19439,82
1786398660,0.19439,0.19439,0.1942,0.1942,78
1786398720,0.1942,0.19424,0.19393,0.19398,73
1786398780,0.19398,0.1941,0.19391,0.1941,78
1786398840,0.1941,0.1941,0.19387,0.19396,79
1786398900,0.19399,0.19401,0.19372,0.19374,79
1786398960,0.19374,0.1938,0.19358,0.1938,78
1786399020,0.1938,0.1939,0.19374,0.19381,85
1786399080,0.19381,0.19394,0.19372,0.19377,81
1786399140,0.19377,0.19407,0.19367,0.19367,73
1786399200,0.19367,0.19367,0.19345,0.19358,88
1786399260,0.19359,0.19376,0.19355,0.19376,83
1786399320,0.19376,0.19409,0.19365,0.19409,86
1786399380,0.19409,0.19411,0.19395,0.19404,77
1786399440,0.19402,0.19436,0.19395,0.19409,88
1786399500,0.1941,0.19416,0.19378,0.1938,88
1786399560,0.19381,0.19384,0.19364,0.19368,82
1786399620,0.19369,0.19379,0.1936,0.19371,78
1786399680,0.19362,0.19363,0.19342,0.19344,80
1786399740,0.19345,0.19351,0.19322,0.19329,74
1786399800,0.19331,0.19351,0.19329,0.19336,76
1786399860,0.1933,0.1934,0.19325,0.19329,71
1786399920,0.19329,0.19334,0.19315,0.19327,75
1786399980,0.19327,0.19346,0.19323,0.19341,80
1786400040,0.19341,0.19347,0.19321,0.19331,85
1786400100,0.19331,0.19332,0.193,0.19308,81
1786400160,0.19308,0.19329,0.19308,0.1931,81
1786400220,0.19313,0.19328,0.19303,0.19318,82
1786400280,0.19318,0.19335,0.19317,0.19322,89
1786400340,0.19321,0.19328,0.19308,0.19308,72
1786400400,0.19309,0.19341,0.19306,0.19327,84
1786400460,0.19327,0.19338,0.19308,0.19308,78
1786400520,0.19309,0.19313,0.19297,0.19299,79
1786400580,0.19299,0.19331,0.19297,0.19328,77
1786400640,0.19327,0.19343,0.19327,0.19342,74
1786400700,0.19342,0.1935,0.19333,0.19337,87
1786400760,0.19337,0.19341,0.19324,0.19324,86
1786400820,0.19324,0.19324,0.19308,0.19317,80
1786400880,0.19317,0.19343,0.19317,0.19343,89
1786400940,0.19342,0.19361,0.1934,0.19353,83
1786401000,0.19353,0.19372,0.19348,0.19365,73
1786401060,0.19365,0.1938,0.1936,0.1936,77
1786401120,0.1936,0.19373,0.19353,0.19373,78
1786401180,0.19373,0.19395,0.19362,0.19394,69
1786401240,0.19393,0.19395,0.19358,0.19358,78
1786401300,0.19359,0.19364,0.19344,0.19359,84
1786401360,0.1936,0.19373,0.19357,0.1937,78
1786401420,0.1937,0.19405,0.1937,0.19401,88
1786401480,0.19401,0.19428,0.19399,0.19424,83
1786401540,0.19423,0.19438,0.19413,0.19434,73
1786401600,0.19434,0.19461,0.19433,0.19434,87
1786401660,0.19434,0.19453,0.1943,0.19436,86
1786401720,0.19438,0.19441,0.19408,0.19419,81
1786401780,0.19415,0.19415,0.19384,0.19387,81
1786401840,0.19387,0.19388,0.19372,0.19372,71
1786401900,0.19373,0.19382,0.19358,0.19361,86
1786401960,0.19363,0.1938,0.19357,0.19374,78
1786402020,0.19374,0.19381,0.19359,0.19378,73
1786402080,0.1938,0.19405,0.19367,0.19369,80
1786402140,0.19369,0.19369,0.19344,0.19357,89
1786402200,0.19357,0.19357,0.19331,0.19334,69
1786402260,0.19333,0.19333,0.19304,0.19306,67
1786402320,0.19306,0.19323,0.19306,0.19311,80
1786402380,0.19311,0.19312,0.19296,0.19297,78
1786402440,0.19297,0.19304,0.1928,0.19282,68
1786402500,0.19282,0.19289,0.19257,0.19257,81
1786402560,0.19257,0.19271,0.19255,0.19266,76
1786402620,0.19266,0.19289,0.1926,0.19289,71
1786402680,0.19288,0.19303,0.19279,0.19303,76
1786402740,0.19302,0.19305,0.19291,0.19295,82
1786402800,0.19296,0.19325,0.19296,0.19325,86
1786402860,0.19325,0.19344,0.19321,0.19338,78
1786402920,0.19338,0.19352,0.19334,0.19336,79
1786402980,0.19335,0.19335,0.19314,0.19315,79
1786403040,0.19316,0.19323,0.19307,0.19309,68
1786403100,0.19309,0.19335,0.19308,0.19329,82
1786403160,0.1933,0.19333,0.19319,0.19332,80
1786403220,0.19332,0.1934,0.19325,0.19335,81
1786403280,0.19335,0.19342,0.1932,0.19323,80
1786403340,0.19323,0.19326,0.19297,0.193,80
1786403400,0.193,0.193,0.19281,0.19296,78
1786403460,0.19296,0.19296,0.19253,0.19254,75
1786403520,0.19254,0.19274,0.1925,0.19274,80
1786403580,0.19274,0.19288,0.1927,0.19288,78
1786403640,0.19288,0.19289,0.19267,0.19287,76
1786403700,0.19287,0.1934,0.19285,0.19337,85
1786403760,0.19337,0.19349,0.19327,0.19339,64
1786403820,0.19339,0.19358,0.19334,0.19351,75
1786403880,0.19354,0.19367,0.19353,0.19358,71
1786403940,0.19358,0.19384,0.19357,0.19363,79
1786404000,0.19363,0.19369,0.19352,0.19358,84
1786404060,0.19359,0.19383,0.19359,0.19365,78
1786404120,0.19364,0.19367,0.19353,0.19362,74
1786404180,0.19362,0.19366,0.1934,0.19355,76
1786404240,0.19356,0.1936,0.19325,0.19336,66
1786404300,0.19336,0.19362,0.19335,0.19358,83
1786404360,0.19358,0.19373,0.19356,0.1937,76
1786404420,0.1937,0.194,0.1937,0.19395,86
1786404480,0.19395,0.19427,0.19394,0.19424,84
1786404540,0.19424,0.19439,0.19413,0.19439,90
1786404600,0.19439,0.19448,0.19431,0.19435,82
1786404660,0.19435,0.1944,0.19413,0.19426,80
1786404720,0.19426,0.19427,0.19408,0.19416,83
1786404780,0.19415,0.19425,0.19383,0.19383,88
1786404840,0.19384,0.19389,0.19356,0.19377,92
1786404900,0.19376,0.19413,0.19376,0.19413,81
1786404960,0.19413,0.19431,0.19412,0.19413,84
1786405020,0.19413,0.19414,0.19378,0.19394,83
1786405080,0.19393,0.19411,0.19382,0.19405,79
1786405140,0.19407,0.19424,0.19403,0.19415,86
1786405200,0.19417,0.19437,0.19403,0.19437,82
1786405260,0.19437,0.19455,0.19437,0.1945,86
1786405320,0.19452,0.19457,0.19444,0.19454,85
1786405380,0.19454,0.19458,0.19429,0.19441,83
1786405440,0.19441,0.19454,0.19437,0.19437,83
1786405500,0.19437,0.19459,0.19437,0.19446,73
1786405560,0.19446,0.1947,0.19446,0.1947,79
1786405620,0.1947,0.19482,0.19459,0.19464,85
1786405680,0.19464,0.19474,0.19455,0.19459,75
1786405740,0.19457,0.19481,0.1945,0.19472,80
1786405800,0.19472,0.19472,0.19453,0.19466,77
1786405860,0.19464,0.19481,0.19462,0.19462,73
1786405920,0.19463,0.19487,0.1946,0.19483,80
1786405980,0.19483,0.19506,0.19482,0.19487,79
1786406040,0.19487,0.19499,0.19473,0.19495,77
1786406100,0.19494,0.19501,0.19472,0.19483,76
1786406160,0.19484,0.19484,0.19466,0.19468,74
1786406220,0.19463,0.19478,0.19456,0.19458,88
1786406280,0.19459,0.19463,0.1945,0.19452,70
1786406340,0.19452,0.19463,0.19448,0.19448,86
1786406400,0.19448,0.19449,0.19431,0.19439,83
1786406460,0.19438,0.19446,0.19417,0.19422,81
1786406520,0.19421,0.19434,0.1942,0.19432,85
1786406580,0.19432,0.19451,0.19432,0.19445,69
1786406640,0.19445,0.19445,0.19422,0.19439,82
1786406700,0.19439,0.19461,0.19434,0.1946,73
1786406760,0.19459,0.19465,0.19446,0.19453,73
1786406820,0.19453,0.19458,0.19437,0.19438,87
1786406880,0.19439,0.1946,0.19439,0.1946,90
1786406940,0.19459,0.19459,0.19423,0.19423,76
1786407000,0.19423,0.19433,0.1941,0.19416,77
1786407060,0.19418,0.19428,0.19417,0.1942,87
1786407120,0.1942,0.1943,0.19399,0.1943,83
1786407180,0.19431,0.19433,0.19412,0.1943,90
1786407240,0.1943,0.1943,0.1939,0.19398,77
1786407300,0.194,0.194,0.19391,0.19396,87
1786407360,0.19396,0.19397,0.19374,0.19379,67
1786407420,0.19379,0.19379,0.19357,0.19361,77
1786407480,0.19362,0.19391,0.19361,0.1938,78
1786407540,0.1938,0.19406,0.19379,0.19404,85
1786407600,0.19404,0.19405,0.19377,0.19402,82
1786407660,0.19402,0.19435,0.19399,0.19433,81
1786407720,0.19433,0.19452,0.19425,0.19431,86
1786407780,0.19431,0.19438,0.19421,0.19431,76
1786407840,0.1943,0.19439,0.19415,0.19423,88
1786407900,0.19424,0.1943,0.19412,0.19414,69
1786407960,0.19416,0.19441,0.19405,0.19434,88
1786408020,0.19434,0.19459,0.19434,0.19447,72
1786408080,0.19447,0.19472,0.19441,0.19464,75
1786408140,0.19465,0.19477,0.19465,0.19465,83
1786408200,0.19465,0.19503,0.19465,0.19502,86
1786408260,0.19501,0.19502,0.19486,0.19488,80
1786408320,0.19488,0.19494,0.19481,0.19494,81
1786408380,0.19494,0.19496,0.19465,0.19492,82
1786408440,0.19492,0.19492,0.19475,0.19484,81
1786408500,0.19485,0.19485,0.1944,0.1944,73
1786408560,0.1944,0.19457,0.19439,0.19448,77
1786408620,0.19449,0.19459,0.1944,0.19458,78
1786408680,0.19458,0.19465,0.19451,0.19452,78
1786408740,0.19452,0.1949,0.19452,0.19487,84
1786408800,0.19487,0.19491,0.19432,0.19437,86
1786408860,0.19437,0.19442,0.19429,0.19432,79
1786408920,0.19435,0.19462,0.19432,0.19457,81
1786408980,0.19457,0.19457,0.19438,0.19442,69
1786409040,0.19442,0.19442,0.19413,0.19422,70
1786409100,0.19422,0.19432,0.19407,0.19429,74
1786409160,0.19429,0.19438,0.19414,0.19427,82
1786409220,0.19427,0.19445,0.19418,0.19443,86
1786409280,0.19443,0.19452,0.19439,0.19439,82
1786409340,0.19439,0.19439,0.19412,0.19419,73
1786409400,0.19419,0.19431,0.19407,0.19418,74
1786409460,0.19419,0.19419,0.19388,0.19388,81
1786409520,0.19386,0.19391,0.19366,0.19366,85
1786409580,0.19366,0.19376,0.19359,0.19365,73
1786409640,0.19365,0.1937,0.1935,0.1936,81
1786409700,0.19361,0.19388,0.19359,0.19388,75
1786409760,0.19383,0.1939,0.19371,0.19382,81
1786409820,0.19382,0.19407,0.19381,0.19405,82
1786409880,0.19404,0.19416,0.19398,0.19398,90
1786409940,0.19398,0.19413,0.19397,0.19401,85
1786410000,0.19401,0.19412,0.19392,0.19412,68
1786410060,0.19412,0.19418,0.19401,0.19411,86
1786410120,0.19411,0.19411,0.19384,0.19388,88
1786410180,0.19388,0.19401,0.19382,0.19391,76
1786410240,0.19391,0.19416,0.19389,0.19404,84
1786410300,0.19405,0.19407,0.19394,0.19405,82
1786410360,0.19405,0.19428,0.19403,0.19424,83
1786410420,0.19423,0.19429,0.19411,0.19411,78
1786410480,0.19412,0.19433,0.19409,0.19424,83
1786410540,0.19424,0.19435,0.19418,0.1942,72
1786410600,0.19422,0.19427,0.19395,0.194,83
1786410660,0.194,0.19416,0.19396,0.19409,78
1786410720,0.1941,0.19437,0.19403,0.19425,86
1786410780,0.19425,0.19425,0.19397,0.1942,84
1786410840,0.1942,0.1942,0.19384,0.19404,78
1786410900,0.19404,0.19406,0.19381,0.19388,82
1786410960,0.19392,0.19398,0.19383,0.19398,75
1786411020,0.19398,0.19412,0.19391,0.19401,80
1786411080,0.19401,0.19402,0.19381,0.19381,74
1786411140,0.19381,0.19407,0.19381,0.19397,75
1786411200,0.19397,0.19404,0.19382,0.19403,81
1786411260,0.19403,0.19433,0.19403,0.19424,77
1786411320,0.19429,0.19443,0.19427,0.19428,81
1786411380,0.19429,0.19448,0.19423,0.19442,82
1786411440,0.19442,0.19475,0.19442,0.19463,83
1786411500,0.19463,0.19484,0.19457,0.19457,74
1786411560,0.19457,0.19457,0.19438,0.19441,70
1786411620,0.19442,0.19451,0.19435,0.19446,85
1786411680,0.19446,0.19451,0.19433,0.19436,77
1786411740,0.19435,0.19473,0.19432,0.19456,79
1786411800,0.19456,0.19478,0.19449,0.19472,77
1786411860,0.19472,0.19492,0.19465,0.19484,67
1786411920,0.19483,0.19484,0.19466,0.19477,78
1786411980,0.19478,0.1948,0.19443,0.19444,84
1786412040,0.19442,0.19452,0.1941,0.19412,74
1786412100,0.19412,0.19428,0.19399,0.19399,77
1786412160,0.19399,0.1941,0.19393,0.19399,83
1786412220,0.19399,0.19411,0.19396,0.19398,83
1786412280,0.19398,0.19428,0.1939,0.19419,76
1786412340,0.1942,0.19448,0.19412,0.19442,83
1786412400,0.19443,0.19464,0.19434,0.19438,80
1786412460,0.19438,0.19452,0.19436,0.19443,80
1786412520,0.19443,0.19455,0.19438,0.1944,84
1786412580,0.19441,0.19453,0.19431,0.19434,78
1786412640,0.19434,0.19449,0.19434,0.19437,73
1786412700,0.19437,0.19439,0.19418,0.19428,83
1786412760,0.19429,0.19434,0.19414,0.19415,70
1786412820,0.19415,0.19437,0.19415,0.1942,78
1786412880,0.19421,0.19438,0.19413,0.19413,87
1786412940,0.19413,0.19413,0.19376,0.19379,83
1786413000,0.19379,0.19394,0.19375,0.19379,75
1786413060,0.19379,0.19385,0.19363,0.19385,76
1786413120,0.19385,0.19408,0.19381,0.19406,81
1786413180,0.19406,0.19419,0.19391,0.19418,73
1786413240,0.19418,0.1942,0.19395,0.19401,81
1786413300,0.19401,0.19401,0.19379,0.1938,77
1786413360,0.19381,0.19386,0.19353,0.19356,86
1786413420,0.19356,0.19363,0.19346,0.19349,84
1786413480,0.19349,0.19354,0.19335,0.1934,73
1786413540,0.1934,0.19342,0.1932,0.19332,88
1786413600,0.19332,0.1934,0.1932,0.19338,82
1786413660,0.19338,0.19339,0.19321,0.19322,72
1786413720,0.19322,0.19326,0.1929,0.19298,89
1786413780,0.19298,0.19298,0.19263,0.19269,93
1786413840,0.19269,0.19286,0.19269,0.19271,80
1786413900,0.19272,0.19272,0.1925,0.19259,77
1786413960,0.1926,0.19261,0.19205,0.19205,81
1786414020,0.19205,0.19224,0.19191,0.1922,84
1786414080,0.1922,0.19223,0.192,0.19206,88
1786414140,0.19206,0.19213,0.19198,0.19207,78
1786414200,0.19207,0.1922,0.19191,0.19192,76
1786414260,0.19192,0.19201,0.19185,0.19201,90
1786414320,0.19201,0.19231,0.19201,0.19226,86
1786414380,0.19226,0.19235,0.19214,0.19214,73
1786414440,0.19212,0.19215,0.19189,0.19191,82
1786414500,0.19191,0.19197,0.19188,0.19194,83
1786414560,0.19194,0.19221,0.19189,0.19221,80
1786414620,0.19221,0.19226,0.19211,0.19217,86
1786414680,0.19218,0.19268,0.19218,0.19268,86
1786414740,0.19269,0.19313,0.19269,0.19306,80
1786414800,0.19305,0.19309,0.19293,0.19299,72
1786414860,0.19299,0.19304,0.19282,0.193,72
1786414920,0.19301,0.19308,0.19289,0.19291,77
1786414980,0.19294,0.193,0.19278,0.19281,84
1786415040,0.19281,0.19282,0.19259,0.19271,74
1786415100,0.19269,0.19279,0.19261,0.19268,80
1786415160,0.19269,0.1927,0.19228,0.1923,86
1786415220,0.1923,0.19231,0.19211,0.19213,73
1786415280,0.19213,0.19234,0.19198,0.19199,78
1786415340,0.19199,0.19199,0.19183,0.19191,83
1786415400,0.19191,0.19196,0.19177,0.19182,89
1786415460,0.1918,0.19181,0.19167,0.1917,77
1786415520,0.1917,0.19208,0.1917,0.19208,88
1786415580,0.19208,0.19209,0.1919,0.19194,89
1786415640,0.19194,0.19206,0.19183,0.19204,82
1786415700,0.19203,0.19219,0.192,0.19219,73
1786415760,0.19219,0.19226,0.19205,0.1921,87
1786415820,0.1921,0.19214,0.19188,0.19191,83
1786415880,0.19192,0.19193,0.19172,0.19175,77
1786415940,0.19174,0.19176,0.1916,0.19166,84
1786416000,0.19167,0.1917,0.19135,0.19138,77
1786416060,0.19137,0.19165,0.19135,0.19163,84
1786416120,0.19163,0.19172,0.19161,0.19164,81
1786416180,0.19165,0.19177,0.19165,0.19175,82
1786416240,0.19175,0.19179,0.19162,0.19163,83
1786416300,0.19163,0.19168,0.19133,0.19143,81
1786416360,0.19143,0.19169,0.19143,0.19153,78
1786416420,0.19153,0.19154,0.19134,0.1914,84
1786416480,0.1914,0.1915,0.19127,0.19127,86
1786416540,0.19127,0.19131,0.19105,0.1911,78
1786416600,0.1911,0.19154,0.19109,0.19154,73
1786416660,0.19153,0.19155,0.19137,0.19143,77
1786416720,0.19142,0.19144,0.19105,0.19114,75
1786416780,0.19121,0.19154,0.19119,0.19153,75
1786416840,0.19154,0.19156,0.19134,0.19138,84
1786416900,0.19139,0.19143,0.19121,0.1913,84
1786416960,0.19131,0.19139,0.1909,0.1909,88
1786417020,0.1909,0.19091,0.19054,0.19054,79
1786417080,0.19054,0.19072,0.1905,0.19072,71
1786417140,0.19073,0.19086,0.19064,0.1908,74
1786417200,0.19078,0.19078,0.19052,0.19065,84
1786417260,0.19063,0.1908,0.19056,0.19066,78
1786417320,0.19066,0.1909,0.19057,0.19089,82
1786417380,0.19089,0.19102,0.19084,0.19099,77
1786417440,0.19099,0.19107,0.1909,0.19104,73
1786417500,0.19104,0.1911,0.19096,0.191,80
1786417560,0.191,0.191,0.19087,0.19088,71
1786417620,0.19088,0.19088,0.19063,0.19063,82
1786417680,0.19062,0.19071,0.19046,0.19071,86
1786417740,0.19071,0.19095,0.19064,0.19092,74
1786417800,0.19092,0.19102,0.19091,0.19097,79
1786417860,0.19096,0.19098,0.19083,0.19088,71
1786417920,0.19088,0.19092,0.19077,0.19085,76
1786417980,0.19085,0.19092,0.19078,0.19088,77
1786418040,0.19088,0.19099,0.19076,0.19087,83
1786418100,0.19087,0.19093,0.19073,0.19088,80
1786418160,0.19086,0.19117,0.19081,0.19116,78
1786418220,0.19116,0.19122,0.19104,0.19121,91
1786418280,0.19122,0.19132,0.19107,0.19116,82
1786418340,0.19115,0.19119,0.19079,0.1909,83
1786418400,0.19092,0.191,0.19078,0.191,81
1786418460,0.19099,0.19121,0.19098,0.19104,76
1786418520,0.19104,0.19107,0.19082,0.19087,80
1786418580,0.19087,0.19099,0.19069,0.19073,78
1786418640,0.19073,0.19084,0.19068,0.19069,80
1786418700,0.1907,0.1907,0.19051,0.19061,82
1786418760,0.19061,0.19078,0.19049,0.19067,87
1786418820,0.19067,0.19081,0.19064,0.19076,67
1786418880,0.19076,0.19108,0.19076,0.19108,77
1786418940,0.19108,0.19108,0.19089,0.19092,70
1786419000,0.19093,0.19105,0.19086,0.19103,84
1786419060,0.19103,0.19117,0.191,0.19117,82
1786419120,0.19117,0.19139,0.19115,0.19125,83
1786419180,0.19125,0.19137,0.1912,0.1913,72
1786419240,0.19129,0.19147,0.19128,0.1914,76
1786419300,0.1914,0.19163,0.19139,0.19158,79
1786419360,0.19159,0.19178,0.19151,0.19151,82
1786419420,0.19152,0.19189,0.19151,0.19189,82
1786419480,0.19189,0.19205,0.19181,0.19204,76
1786419540,0.19204,0.19225,0.19199,0.19224,78
1786419600,0.19224,0.19225,0.1921,0.19212,71
1786419660,0.19214,0.19222,0.19195,0.19198,74
1786419720,0.19198,0.19199,0.19173,0.19173,77
1786419780,0.19173,0.1919,0.1916,0.19187,72
1786419840,0.19187,0.19206,0.1918,0.192,82
1786419900,0.192,0.19209,0.19192,0.19205,90
1786419960,0.19203,0.19229,0.19203,0.19219,80
1786420020,0.19218,0.19218,0.19196,0.19211,87
1786420080,0.19211,0.19228,0.19211,0.19227,84
1786420140,0.19227,0.19233,0.19207,0.1921,73
1786420200,0.1921,0.1921,0.1918,0.19196,79
1786420260,0.19196,0.19198,0.19168,0.19169,80
1786420320,0.19168,0.19182,0.19162,0.19164,75
1786420380,0.19161,0.19172,0.19148,0.19148,85
1786420440,0.19148,0.19157,0.19137,0.1914,72
1786420500,0.19139,0.19146,0.19128,0.19137,88
1786420560,0.19136,0.19159,0.19134,0.19147,73
1786420620,0.19147,0.19149,0.19115,0.19115,74
1786420680,0.19115,0.19128,0.19089,0.19094,81
1786420740,0.19094,0.19112,0.19094,0.19112,81
1786420800,0.19112,0.19132,0.19106,0.19108,84
1786420860,0.19108,0.19122,0.191,0.19109,82
1786420920,0.19109,0.1913,0.19109,0.1913,81
1786420980,0.1913,0.1914,0.1911,0.1914,85
1786421040,0.1914,0.19168,0.1914,0.19167,76
1786421100,0.19166,0.1917,0.19147,0.1915,83
1786421160,0.19153,0.19158,0.19142,0.19147,78
1786421220,0.19147,0.19157,0.19125,0.19145,79
1786421280,0.19145,0.19169,0.19142,0.19169,82
1786421340,0.19163,0.19164,0.19143,0.19145,82
1786421400,0.19146,0.19149,0.19135,0.19135,79
1786421460,0.19135,0.19148,0.19126,0.19127,77
1786421520,0.19123,0.19133,0.19113,0.19127,89
1786421580,0.19127,0.19139,0.19114,0.19126,75
1786421640,0.19126,0.19161,0.19126,0.19147,80
1786421700,0.19147,0.19147,0.1913,0.19146,81
1786421760,0.19146,0.1915,0.19134,0.19149,76
1786421820,0.19149,0.19156,0.19132,0.19134,79
1786421880,0.19134,0.19135,0.19107,0.1913,72
1786421940,0.1913,0.19145,0.19126,0.19145,84
1786422000,0.19145,0.19147,0.19126,0.19128,75
1786422060,0.19128,0.19128,0.19092,0.19095,91
1786422120,0.19095,0.19113,0.19095,0.19108,76
1786422180,0.19105,0.19112,0.19101,0.19104,78
1786422240,0.19104,0.19108,0.19091,0.19095,83
1786422300,0.19094,0.19096,0.1908,0.19096,73
1786422360,0.19096,0.19101,0.1908,0.1908,87
1786422420,0.1908,0.1909,0.19076,0.19087,74
1786422480,0.19087,0.19108,0.19086,0.19104,83
1786422540,0.19104,0.19115,0.19098,0.19111,75
1786422600,0.19111,0.19111,0.1909,0.19108,69
1786422660,0.19106,0.1911,0.1908,0.19087,74
1786422720,0.19087,0.19107,0.19083,0.19107,77
1786422780,0.19107,0.19114,0.19097,0.19114,77
1786422840,0.19114,0.19144,0.19112,0.19128,89
1786422900,0.19128,0.19145,0.19115,0.19124,87
1786422960,0.19122,0.19129,0.19107,0.19129,74
1786423020,0.19129,0.19133,0.19113,0.19118,82
1786423080,0.19117,0.19131,0.19113,0.19119,75
1786423140,0.1912,0.19132,0.19116,0.19128,74
1786423200,0.19127,0.19141,0.19124,0.19133,85
1786423260,0.19133,0.19148,0.1913,0.19146,79
1786423320,0.19145,0.19168,0.19139,0.19168,87
1786423380,0.19168,0.19187,0.19168,0.19183,80
1786423440,0.19184,0.19196,0.19166,0.19176,84
1786423500,0.19174,0.19208,0.19159,0.19208,81
1786423560,0.19203,0.19211,0.19194,0.19205,69
1786423620,0.19209,0.19214,0.19181,0.19186,83
1786423680,0.19185,0.19201,0.19175,0.19193,74
1786423740,0.19193,0.19201,0.19175,0.19194,82
1786423800,0.19194,0.19201,0.19187,0.192,84
1786423860,0.192,0.19217,0.19196,0.192,74
1786423920,0.192,0.19204,0.19181,0.19187,75
1786423980,0.19186,0.19214,0.19185,0.19203,90
1786424040,0.19201,0.19225,0.19198,0.19219,67
1786424100,0.19219,0.19237,0.19215,0.19228,84
1786424160,0.19228,0.19234,0.19204,0.19223,75
1786424220,0.19223,0.19227,0.19203,0.19219,78
1786424280,0.19216,0.19218,0.19187,0.19188,80
1786424340,0.19189,0.19191,0.19178,0.19187,78
1786424400,0.19188,0.19211,0.19188,0.19205,82
1786424460,0.19203,0.19221,0.19202,0.19212,81
1786424520,0.19212,0.19222,0.19198,0.19198,79
1786424580,0.19198,0.19202,0.19176,0.19176,83
1786424640,0.19176,0.19185,0.19158,0.19163,79
1786424700,0.19163,0.19163,0.19143,0.19145,89
1786424760,0.19145,0.19161,0.19142,0.19154,77
1786424820,0.19154,0.19162,0.19145,0.19147,83
1786424880,0.19147,0.19162,0.1914,0.19148,80
1786424940,0.19148,0.19173,0.1914,0.19173,75
1786425000,0.19172,0.19182,0.19156,0.19156,88
1786425060,0.19156,0.19156,0.19139,0.19155,81
1786425120,0.19149,0.19155,0.19138,0.1914,82
1786425180,0.19141,0.19174,0.1914,0.1917,86
1786425240,0.1917,0.19191,0.1917,0.19174,78
1786425300,0.19174,0.19198,0.19174,0.19197,87
1786425360,0.19198,0.19201,0.19165,0.19175,66
1786425420,0.19175,0.19177,0.19126,0.19126,87
1786425480,0.19126,0.19154,0.19126,0.19151,73
1786425540,0.19151,0.19165,0.19144,0.1916,83
1786425600,0.19159,0.19176,0.19159,0.19171,83
1786425660,0.1917,0.19174,0.19153,0.19162,79
1786425720,0.19162,0.19162,0.19138,0.19143,80
1786425780,0.19143,0.19144,0.19124,0.19135,81
1786425840,0.19135,0.19146,0.19134,0.19146,80
1786425900,0.19146,0.19146,0.19098,0.19104,77
1786425960,0.19104,0.19104,0.19084,0.19086,71
1786426020,0.19086,0.1909,0.19059,0.19059,79
1786426080,0.19059,0.19071,0.19054,0.19064,75
1786426140,0.19066,0.19075,0.19052,0.19067,77
1786426200,0.19068,0.19098,0.19067,0.19095,74
1786426260,0.19095,0.19095,0.19077,0.19078,79
1786426320,0.19078,0.19093,0.19069,0.19081,80
1786426380,0.19079,0.19106,0.19073,0.19106,77
1786426440,0.19106,0.19121,0.19102,0.19116,80
1786426500,0.19116,0.19123,0.19094,0.19094,83
1786426560,0.19094,0.19121,0.1909,0.1912,83
1786426620,0.19121,0.19129,0.19105,0.1911,88
1786426680,0.19109,0.1914,0.19109,0.19135,80
1786426740,0.19134,0.19148,0.19134,0.1914,76
1786426800,0.1914,0.19166,0.1914,0.1916,72
1786426860,0.1916,0.19179,0.1914,0.19179,87
1786426920,0.19179,0.19195,0.19179,0.19187,78
1786426980,0.19192,0.19207,0.19191,0.19198,77
1786427040,0.19198,0.19201,0.19182,0.19197,85
1786427100,0.19198,0.19218,0.19187,0.19218,83
1786427160,0.19218,0.19244,0.19218,0.19244,79
1786427220,0.19244,0.19251,0.19225,0.19234,76
1786427280,0.19234,0.19235,0.19207,0.19219,71
1786427340,0.19219,0.19255,0.19216,0.19248,76
1786427400,0.19248,0.19264,0.19245,0.19259,83
1786427460,0.19258,0.19259,0.19245,0.19256,80
1786427520,0.19256,0.19266,0.19247,0.19251,73
1786427580,0.19251,0.19251,0.1922,0.19235,90
1786427640,0.19234,0.19254,0.19232,0.19254,77
1786427700,0.19254,0.19254,0.19231,0.19232,75
1786427760,0.19241,0.1925,0.19212,0.19228,85
1786427820,0.19229,0.19232,0.19209,0.19216,86
1786427880,0.19216,0.19216,0.19197,0.1921,80
1786427940,0.1921,0.19214,0.1918,0.19187,77
1786428000,0.19187,0.19223,0.19183,0.19221,78
1786428060,0.19221,0.19225,0.19209,0.19221,73
1786428120,0.19221,0.19233,0.19211,0.1923,84
1786428180,0.1923,0.19236,0.19196,0.19206,81
1786428240,0.19206,0.19212,0.19188,0.19209,72
1786428300,0.19209,0.19234,0.19203,0.19234,81
1786428360,0.19237,0.19247,0.19234,0.19247,84
1786428420,0.19247,0.19261,0.19239,0.19243,80
1786428480,0.19242,0.19258,0.19237,0.19242,86
1786428540,0.19242,0.19265,0.19239,0.19265,82
1786428600,0.19265,0.1927,0.19245,0.19245,78
1786428660,0.19241,0.19248,0.19237,0.19241,81
1786428720,0.19239,0.19258,0.19239,0.19246,78
1786428780,0.19246,0.19266,0.19232,0.19248,78
1786428840,0.19248,0.19251,0.1923,0.1923,79
1786428900,0.1923,0.19245,0.19228,0.19241,67
1786428960,0.19241,0.19245,0.19222,0.19229,84
1786429020,0.19229,0.19246,0.19226,0.19231,77
1786429080,0.19231,0.19238,0.19218,0.19227,77
1786429140,0.19227,0.19236,0.19222,0.1923,78
1786429200,0.1923,0.19232,0.19204,0.19213,82
1786429260,0.19213,0.19214,0.1919,0.19196,83
1786429320,0.19199,0.19213,0.19198,0.19209,86
1786429380,0.19212,0.19212,0.19181,0.19192,94
1786429440,0.19192,0.1921,0.1919,0.19207,80
1786429500,0.19209,0.19221,0.19202,0.19218,85
1786429560,0.19218,0.19261,0.19208,0.19258,74
1786429620,0.19258,0.19269,0.19243,0.19248,91
1786429680,0.19248,0.19248,0.19221,0.19223,75
1786429740,0.19222,0.1925,0.19222,0.19241,84
1786429800,0.19241,0.1926,0.19237,0.1926,87
1786429860,0.1926,0.19274,0.19259,0.19273,75
1786429920,0.19273,0.19273,0.19257,0.19261,74
1786429980,0.19261,0.19282,0.19251,0.19277,90
1786430040,0.19277,0.19279,0.19251,0.19255,76
1786430100,0.19255,0.19262,0.19238,0.19243,82
1786430160,0.19243,0.19269,0.19243,0.19253,90
1786430220,0.19253,0.19266,0.19247,0.1925,82
1786430280,0.19246,0.19248,0.1923,0.19237,83
1786430340,0.19237,0.19244,0.19229,0.19235,72
1786430400,0.19233,0.19258,0.19233,0.19242,80
1786430460,0.19242,0.19268,0.19242,0.19265,78
1786430520,0.19265,0.19276,0.19257,0.19258,87
1786430580,0.19258,0.19278,0.19231,0.19231,77
1786430640,0.19231,0.19236,0.19219,0.19231,84
1786430700,0.19231,0.19244,0.19219,0.19225,84
1786430760,0.19224,0.19226,0.19204,0.19214,79
1786430820,0.19211,0.19211,0.19188,0.19198,79
1786430880,0.19198,0.19199,0.19161,0.19162,83
1786430940,0.19162,0.19186,0.19153,0.19175,83
1786431000,0.19175,0.19178,0.1914,0.19161,74
1786431060,0.19161,0.19162,0.19139,0.19139,75
1786431120,0.19139,0.19159,0.19139,0.19148,76
1786431180,0.19148,0.19161,0.19146,0.19152,75
1786431240,0.19153,0.19161,0.19134,0.1915,78
1786431300,0.1915,0.19159,0.19136,0.19151,73
1786431360,0.19154,0.19157,0.19133,0.19137,79
1786431420,0.19137,0.19145,0.19122,0.19123,78
1786431480,0.19123,0.1916,0.1912,0.19156,76
1786431540,0.19148,0.19165,0.19144,0.19158,86
1786431600,0.19158,0.19162,0.19142,0.19157,81
1786431660,0.19158,0.19204,0.19153,0.19203,83
1786431720,0.19203,0.19213,0.19181,0.19181,85
1786431780,0.19178,0.19179,0.1916,0.19164,90
1786431840,0.19164,0.19183,0.19164,0.19183,76
1786431900,0.19186,0.19209,0.1918,0.19203,77
1786431960,0.19203,0.19206,0.19182,0.19195,79
1786432020,0.19195,0.19206,0.1919,0.19195,91
1786432080,0.19195,0.19206,0.19181,0.19187,87
1786432140,0.19187,0.19197,0.19175,0.19182,82
1786432200,0.19181,0.19188,0.19177,0.19185,76
1786432260,0.19185,0.19185,0.19174,0.19179,73
1786432320,0.1918,0.192,0.1918,0.19196,76
1786432380,0.19198,0.19202,0.19174,0.19194,81
1786432440,0.19194,0.19202,0.19182,0.19199,73
1786432500,0.19199,0.1921,0.19183,0.19189,83
1786432560,0.19189,0.19207,0.19187,0.19199,81
1786432620,0.19198,0.192,0.19181,0.19196,87
1786432680,0.19196,0.192,0.19166,0.19176,81
1786432740,0.19175,0.19182,0.19165,0.19178,75
1786432800,0.19177,0.1918,0.19163,0.19172,80
1786432860,0.19172,0.19182,0.1917,0.19174,93
1786432920,0.19174,0.19186,0.19158,0.19163,84
1786432980,0.19163,0.19185,0.19155,0.19169,80
1786433040,0.19169,0.19175,0.19152,0.19152,78
1786433100,0.19152,0.19167,0.19152,0.19167,86
1786433160,0.19168,0.19171,0.19154,0.19158,85
1786433220,0.19158,0.19158,0.19143,0.19149,71
1786433280,0.19149,0.19159,0.19141,0.19144,74
1786433340,0.19144,0.19148,0.19133,0.19136,76
1786433400,0.19136,0.19143,0.1912,0.19123,77
1786433460,0.19123,0.19143,0.19123,0.19127,83
1786433520,0.19127,0.19137,0.19112,0.19119,76
1786433580,0.19117,0.19123,0.19096,0.19101,77
1786433640,0.19102,0.19116,0.19094,0.19115,79
1786433700,0.19116,0.19116,0.19087,0.19088,89
1786433760,0.19088,0.19097,0.19075,0.19095,73
1786433820,0.19096,0.19128,0.19087,0.19127,88
1786433880,0.19127,0.19127,0.19098,0.1911,78
1786433940,0.1911,0.19115,0.19092,0.191,81
1786434000,0.191,0.19114,0.19099,0.19112,83
1786434060,0.19112,0.19123,0.19105,0.19113,86
1786434120,0.19113,0.19116,0.19095,0.191,85
1786434180,0.191,0.19113,0.19084,0.1909,80
1786434240,0.1909,0.19107,0.1908,0.19104,83
1786434300,0.19104,0.19113,0.19094,0.1911,76
1786434360,0.1911,0.19119,0.19093,0.19115,80
1786434420,0.19115,0.19126,0.19113,0.19123,87
1786434480,0.19122,0.19135,0.19114,0.19123,76
1786434540,0.19121,0.19139,0.19114,0.19135,86
1786434600,0.19132,0.19143,0.19113,0.19113,81
1786434660,0.19114,0.1912,0.19102,0.19107,82
1786434720,0.19104,0.1911,0.19086,0.19086,75
1786434780,0.19085,0.19097,0.19083,0.19084,73
1786434840,0.19086,0.19096,0.19066,0.19082,82
1786434900,0.19081,0.19098,0.1907,0.19086,82
1786434960,0.19086,0.1909,0.1907,0.19076,82
1786435020,0.19076,0.19091,0.19071,0.19088,75
1786435080,0.19088,0.19089,0.19054,0.1906,81
1786435140,0.1906,0.1908,0.1905,0.19071,77
1786435200,0.19072,0.1909,0.19065,0.19074,73
1786435260,0.19073,0.19085,0.19042,0.19042,75
1786435320,0.19042,0.19044,0.19027,0.19041,80
1786435380,0.19041,0.19066,0.1904,0.19059,88
1786435440,0.19059,0.19082,0.19058,0.19075,66
1786435500,0.19075,0.19076,0.19039,0.19051,74
1786435560,0.19051,0.19052,0.19029,0.19037,74
1786435620,0.19039,0.19041,0.19021,0.19026,73
1786435680,0.1902,0.19024,0.18987,0.18989,87
1786435740,0.18988,0.18995,0.18977,0.18986,81
1786435800,0.18987,0.19003,0.1898,0.18983,84
1786435860,0.18984,0.18988,0.18974,0.18987,77
1786435920,0.18988,0.1899,0.18959,0.18961,86
1786435980,0.18961,0.18972,0.1895,0.18963,80
1786436040,0.18963,0.18972,0.18957,0.18961,79
1786436100,0.18962,0.1899,0.18956,0.18989,67
1786436160,0.18989,0.1901,0.18979,0.18993,83
1786436220,0.18993,0.19005,0.18987,0.19001,77
1786436280,0.19001,0.19007,0.18986,0.1899,84
1786436340,0.1899,0.18999,0.18975,0.18979,77
1786436400,0.18979,0.1898,0.18965,0.1897,80
1786436460,0.18969,0.18982,0.18962,0.18963,78
1786436520,0.18963,0.18995,0.18963,0.18993,77
1786436580,0.18995,0.19015,0.18992,0.19014,78
1786436640,0.19018,0.19023,0.19,0.19007,78
1786436700,0.19006,0.19019,0.18995,0.19018,79
1786436760,0.19019,0.19041,0.19019,0.1904,75
1786436820,0.19039,0.19041,0.19016,0.19024,79
1786436880,0.19023,0.19027,0.19016,0.19027,80
1786436940,0.19027,0.19033,0.19018,0.1903,78
1786437000,0.19028,0.19038,0.19015,0.19028,78
1786437060,0.19028,0.19032,0.18998,0.19031,82
1786437120,0.19031,0.19031,0.18986,0.18987,81
1786437180,0.18987,0.18991,0.18969,0.18982,85
1786437240,0.18982,0.19001,0.18975,0.18994,84
1786437300,0.18994,0.18998,0.18978,0.18978,71
1786437360,0.18977,0.19003,0.18974,0.19002,76
1786437420,0.19003,0.19014,0.19,0.19014,72
1786437480,0.19014,0.19039,0.19014,0.1903,77
1786437540,0.1903,0.19053,0.1903,0.19033,76
1786437600,0.19034,0.19049,0.19027,0.19038,82
1786437660,0.1904,0.19053,0.19026,0.19026,81
1786437720,0.19027,0.19032,0.19016,0.19032,76
1786437780,0.19031,0.19038,0.19023,0.19033,79
1786437840,0.19037,0.19064,0.19031,0.19064,70
1786437900,0.19066,0.19097,0.19066,0.19096,78
1786437960,0.19095,0.19095,0.19061,0.19062,78
1786438020,0.19062,0.19083,0.19052,0.19082,86
1786438080,0.19081,0.19083,0.19072,0.19077,79
1786438140,0.19077,0.19078,0.19057,0.19064,73
1786438200,0.19064,0.19072,0.19049,0.19066,84
1786438260,0.19066,0.19078,0.19052,0.19052,76
1786438320,0.19052,0.1907,0.19042,0.19058,82
1786438380,0.19058,0.19065,0.19045,0.19047,80
1786438440,0.19046,0.19068,0.19046,0.19063,80
1786438500,0.19063,0.1907,0.19048,0.1905,84
1786438560,0.19051,0.19057,0.1904,0.1904,79
1786438620,0.19041,0.19056,0.19034,0.19043,82
1786438680,0.19042,0.19061,0.19041,0.19059,81
1786438740,0.19058,0.19063,0.19042,0.19048,80
1786438800,0.19048,0.19061,0.19045,0.19047,81
1786438860,0.19048,0.19051,0.19038,0.19044,83
1786438920,0.19046,0.1905,0.19029,0.19038,72
1786438980,0.19037,0.19047,0.19032,0.19036,80
1786439040,0.19036,0.19044,0.19027,0.19038,78
1786439100,0.19038,0.19089,0.19037,0.19089,79
1786439160,0.19089,0.1911,0.19088,0.19103,75
1786439220,0.19103,0.19123,0.19086,0.19117,79
1786439280,0.19117,0.19117,0.19091,0.19104,82
1786439340,0.19104,0.19105,0.19081,0.19091,78
1786439400,0.19091,0.19108,0.19082,0.19107,73
1786439460,0.19106,0.19124,0.19106,0.19122,82
1786439520,0.1912,0.19146,0.1912,0.19139,82
1786439580,0.1914,0.19146,0.19124,0.19143,85
1786439640,0.19144,0.19155,0.19125,0.19155,82
1786439700,0.19155,0.19166,0.19144,0.19164,74
1786439760,0.19164,0.19176,0.19155,0.19172,90
1786439820,0.19172,0.1919,0.19161,0.1918,76
1786439880,0.19183,0.19207,0.19179,0.1919,81
1786439940,0.1919,0.19199,0.19161,0.19176,80
1786440000,0.19175,0.19186,0.19172,0.19185,91
1786440060,0.19185,0.19185,0.19148,0.19151,84
1786440120,0.19151,0.19163,0.19144,0.19157,75
1786440180,0.19157,0.19157,0.19141,0.19145,75
1786440240,0.19145,0.19157,0.19127,0.19129,84
1786440300,0.19129,0.19139,0.19109,0.19138,75
1786440360,0.19138,0.19148,0.19131,0.19142,84
1786440420,0.19142,0.19187,0.19142,0.19178,82
1786440480,0.19177,0.19186,0.19161,0.19181,72
1786440540,0.19179,0.19194,0.19163,0.19165,81
1786440600,0.19165,0.19174,0.19153,0.19153,73
1786440660,0.19154,0.19169,0.19152,0.19155,78
1786440720,0.19156,0.19156,0.19122,0.19128,82
1786440780,0.19129,0.19145,0.19127,0.19134,85
1786440840,0.19133,0.19133,0.19109,0.19121,73
1786440900,0.19121,0.19136,0.19121,0.1913,87
1786440960,0.1913,0.19144,0.19116,0.19127,89
1786441020,0.19127,0.19131,0.19112,0.19112,87
1786441080,0.19112,0.19118,0.19094,0.19116,83
1786441140,0.19116,0.19156,0.19116,0.19139,78
1786441200,0.19139,0.19175,0.19139,0.1915,78
1786441260,0.1915,0.19162,0.1915,0.19159,75
1786441320,0.19159,0.19184,0.19159,0.19167,71
1786441380,0.19168,0.19183,0.19167,0.19171,88
1786441440,0.19171,0.19179,0.19166,0.1917,84
1786441500,0.19169,0.19171,0.19154,0.19169,72
1786441560,0.19167,0.19169,0.19153,0.19164,85
1786441620,0.19164,0.19172,0.1916,0.19161,76
1786441680,0.1916,0.19164,0.19134,0.19143,88
1786441740,0.19143,0.19143,0.1912,0.19128,74
1786441800,0.19132,0.19145,0.19126,0.19134,80
1786441860,0.19134,0.19139,0.19128,0.19131,80
1786441920,0.19133,0.19151,0.19132,0.19149,76
1786441980,0.1915,0.1916,0.19144,0.19144,87
1786442040,0.19144,0.19146,0.19134,0.19138,79
1786442100,0.19138,0.1914,0.19116,0.19116,76
1786442160,0.19116,0.19122,0.19101,0.19121,87
1786442220,0.1912,0.19127,0.19106,0.19127,86
1786442280,0.19127,0.19128,0.19108,0.19116,87
1786442340,0.19117,0.19143,0.19111,0.19143,88
1786442400,0.19143,0.19144,0.19114,0.19114,92
1786442460,0.19114,0.19125,0.19104,0.19124,85
1786442520,0.19124,0.19146,0.19117,0.19138,84
1786442580,0.19138,0.19146,0.19129,0.19138,76
1786442640,0.19138,0.19157,0.19135,0.19153,80
1786442700,0.19152,0.19165,0.19135,0.19147,81
1786442760,0.19147,0.19149,0.19116,0.19124,85
1786442820,0.19124,0.19148,0.19115,0.19148,80
1786442880,0.19148,0.19161,0.19141,0.19157,79
1786442940,0.19159,0.19185,0.19159,0.19181,74
1786443000,0.19181,0.19187,0.19171,0.19175,73
1786443060,0.19175,0.19193,0.19172,0.19172,87
1786443120,0.19172,0.19198,0.19169,0.19198,80
1786443180,0.19198,0.1921,0.19188,0.1919,77
1786443240,0.1919,0.19207,0.19183,0.19204,84
1786443300,0.19204,0.19208,0.19174,0.19181,70
1786443360,0.19181,0.19185,0.1917,0.19184,82
1786443420,0.19184,0.19197,0.19169,0.19195,87
1786443480,0.19195,0.19203,0.19188,0.192,86
1786443540,0.19201,0.19209,0.19177,0.19189,82
1786443600,0.19189,0.19205,0.19185,0.19197,81
1786443660,0.19198,0.19201,0.1917,0.1917,75
1786443720,0.1917,0.19179,0.19162,0.19174,80
1786443780,0.19173,0.1918,0.19154,0.19161,83
1786443840,0.19159,0.19163,0.19154,0.1916,74
1786443900,0.19161,0.19163,0.19122,0.19123,84
1786443960,0.19124,0.19124,0.19104,0.19124,84
1786444020,0.19125,0.19134,0.19113,0.1913,84
1786444080,0.1913,0.19138,0.19113,0.19135,66
1786444140,0.19135,0.1915,0.19129,0.19145,78
1786444200,0.19145,0.19148,0.19123,0.19129,79
1786444260,0.19129,0.19143,0.19121,0.19143,87
1786444320,0.19143,0.19144,0.19109,0.1911,80
1786444380,0.1911,0.19128,0.19108,0.19124,76
1786444440,0.19123,0.19126,0.19109,0.19118,92
1786444500,0.1912,0.19142,0.19111,0.19139,80
1786444560,0.19139,0.1914,0.19098,0.19103,73
1786444620,0.19103,0.19111,0.19096,0.19096,91
1786444680,0.19092,0.19127,0.1909,0.19125,76
1786444740,0.19123,0.19127,0.19116,0.19121,73
1786444800,0.19117,0.19125,0.191,0.19109,87
1786444860,0.19109,0.19118,0.19101,0.1911,78
1786444920,0.1911,0.19123,0.19099,0.19105,77
1786444980,0.19104,0.19137,0.191,0.1913,75
1786445040,0.1913,0.19139,0.19124,0.19124,81
1786445100,0.19124,0.19132,0.19114,0.19121,77
1786445160,0.19121,0.19149,0.19115,0.19149,78
1786445220,0.19149,0.19151,0.19127,0.19128,77
1786445280,0.19128,0.19134,0.19126,0.19132,82
1786445340,0.19132,0.19158,0.19132,0.19153,85
1786445400,0.19153,0.1917,0.19147,0.1917,84
1786445460,0.19171,0.19187,0.19171,0.19184,82
1786445520,0.19184,0.19204,0.19184,0.19203,89
1786445580,0.19202,0.1922,0.19193,0.1922,73
1786445640,0.1922,0.19237,0.19211,0.19228,82
1786445700,0.19231,0.19239,0.19213,0.19237,80
1786445760,0.19236,0.19243,0.19233,0.19237,74
1786445820,0.19237,0.19245,0.19225,0.19243,79
1786445880,0.19243,0.1925,0.19233,0.19236,89
1786445940,0.19238,0.19243,0.1923,0.19238,80
1786446000,0.19238,0.19244,0.19235,0.1924,79
1786446060,0.19241,0.19252,0.19238,0.19239,72
1786446120,0.19239,0.19241,0.19221,0.19222,82
1786446180,0.19222,0.19245,0.19219,0.1924,75
1786446240,0.1924,0.19262,0.1924,0.1926,80
1786446300,0.1926,0.19271,0.19251,0.19254,69
1786446360,0.19254,0.19276,0.19251,0.19268,77
1786446420,0.19268,0.19289,0.19266,0.19274,70
1786446480,0.19273,0.19286,0.19257,0.19269,81
1786446540,0.19269,0.19273,0.19253,0.19264,81
1786446600,0.19264,0.19286,0.19262,0.19282,79
1786446660,0.19282,0.19282,0.19266,0.1928,84
1786446720,0.1928,0.19282,0.19257,0.19257,86
1786446780,0.19257,0.19273,0.19247,0.19272,86
1786446840,0.19272,0.19285,0.19272,0.19274,83
1786446900,0.19274,0.19278,0.19257,0.19269,84
1786446960,0.19274,0.19305,0.19274,0.19289,79
1786447020,0.19288,0.19295,0.19277,0.19289,84
1786447080,0.19289,0.19305,0.19289,0.19305,73
1786447140,0.19305,0.19313,0.19295,0.19309,89
1786447200,0.19309,0.19328,0.19306,0.19325,75
1786447260,0.19325,0.19333,0.19281,0.19284,88
1786447320,0.19286,0.19286,0.19257,0.19267,77
1786447380,0.19265,0.19273,0.19248,0.19253,76
1786447440,0.19252,0.19258,0.19228,0.19232,80
1786447500,0.19232,0.19251,0.19227,0.19238,82
1786447560,0.19237,0.19242,0.1923,0.19235,76
1786447620,0.19235,0.1924,0.19217,0.19219,76
1786447680,0.1922,0.1922,0.19168,0.19168,88
1786447740,0.1917,0.19186,0.1917,0.19184,79
1786447800,0.19186,0.1921,0.19178,0.19209,73
1786447860,0.19208,0.1921,0.19183,0.1921,76
1786447920,0.19209,0.1924,0.19203,0.19234,75
1786447980,0.19234,0.19241,0.19222,0.19225,85
1786448040,0.19226,0.19233,0.19211,0.1922,79
1786448100,0.1922,0.1922,0.19197,0.19197,76
1786448160,0.19197,0.19212,0.1918,0.19202,70
1786448220,0.19202,0.19207,0.1919,0.1919,83
1786448280,0.1919,0.19197,0.1918,0.19197,76
1786448340,0.19197,0.19208,0.19191,0.19195,82
1786448400,0.19194,0.19197,0.19185,0.19192,75
1786448460,0.19192,0.19198,0.19181,0.19191,82
1786448520,0.19191,0.19216,0.19174,0.19216,84
1786448580,0.19216,0.19236,0.19206,0.19216,87
1786448640,0.19213,0.19213,0.19189,0.19205,89
1786448700,0.19204,0.19221,0.19201,0.19202,93
1786448760,0.19203,0.19219,0.19202,0.19215,74
1786448820,0.19214,0.1925,0.19213,0.1925,85
1786448880,0.19249,0.19278,0.19249,0.19268,81
1786448940,0.19269,0.19272,0.19251,0.19252,82
1786449000,0.19253,0.19266,0.19247,0.19249,74
1786449060,0.19249,0.19252,0.19234,0.19239,84
1786449120,0.19239,0.19242,0.19218,0.19218,85
1786449180,0.19218,0.19219,0.19207,0.19212,79
1786449240,0.19212,0.19228,0.19203,0.19206,76
1786449300,0.19206,0.19213,0.19195,0.1921,82
1786449360,0.19212,0.19224,0.19209,0.19221,83
1786449420,0.19222,0.1924,0.19217,0.19227,90
1786449480,0.19223,0.19234,0.19216,0.19228,73
1786449540,0.19228,0.19238,0.19216,0.19216,82
1786449600,0.19216,0.19224,0.19214,0.19223,82
1786449660,0.19225,0.19236,0.19225,0.19232,82
1786449720,0.19233,0.19236,0.19222,0.19231,83
1786449780,0.19233,0.19265,0.19229,0.19264,72
1786449840,0.19266,0.19283,0.19257,0.19281,81
1786449900,0.19281,0.19304,0.19277,0.19284,80
1786449960,0.19285,0.193,0.19273,0.19297,77
1786450020,0.19299,0.1931,0.19285,0.19309,85
1786450080,0.1931,0.19311,0.19276,0.19276,86
1786450140,0.19276,0.1928,0.19254,0.19264,86
1786450200,0.19264,0.19264,0.19246,0.19247,82
1786450260,0.19246,0.19258,0.19231,0.19232,78
1786450320,0.19232,0.19232,0.19196,0.19196,79
1786450380,0.19196,0.19197,0.19158,0.19163,87
1786450440,0.19163,0.19169,0.19156,0.1916,80
1786450500,0.1916,0.19163,0.19131,0.19139,95
1786450560,0.19139,0.19161,0.19139,0.1916,88
1786450620,0.19161,0.19174,0.19157,0.19174,74
1786450680,0.19173,0.19183,0.19168,0.19172,77
1786450740,0.19167,0.19168,0.19139,0.19157,69
1786450800,0.19156,0.19173,0.19152,0.1917,82
1786450860,0.19167,0.19176,0.19132,0.19143,79
1786450920,0.19145,0.19171,0.19145,0.19161,77
1786450980,0.19161,0.19165,0.19153,0.19157,75
1786451040,0.19157,0.19183,0.19149,0.1918,71
1786451100,0.1918,0.19193,0.19162,0.19185,80
1786451160,0.19185,0.19211,0.19185,0.19209,78
1786451220,0.19209,0.19228,0.19197,0.1921,85
1786451280,0.19212,0.19217,0.19193,0.19203,68
1786451340,0.19201,0.19226,0.19198,0.19222,74
1786451400,0.19222,0.19228,0.19208,0.19225,74
1786451460,0.19225,0.19248,0.19219,0.19238,89
1786451520,0.19238,0.19242,0.19225,0.19228,80
1786451580,0.19228,0.19242,0.19209,0.19236,81
1786451640,0.19238,0.19241,0.19221,0.19238,81
1786451700,0.19239,0.1928,0.19239,0.19271,72
1786451760,0.19271,0.19285,0.19271,0.19285,80
1786451820,0.19285,0.19288,0.19271,0.19283,77
1786451880,0.19282,0.19296,0.19282,0.19283,72
1786451940,0.19281,0.19282,0.19256,0.19271,88
1786452000,0.19273,0.19279,0.19264,0.19264,82
1786452060,0.19267,0.19271,0.19251,0.19259,77
1786452120,0.19259,0.19285,0.19252,0.19284,75
1786452180,0.19283,0.19308,0.1928,0.19306,80
1786452240,0.19306,0.19323,0.19296,0.1932,75
1786452300,0.1932,0.19331,0.19316,0.19325,77
1786452360,0.19325,0.19333,0.19308,0.1931,89
1786452420,0.1931,0.19313,0.19282,0.19283,84
1786452480,0.19283,0.19295,0.1928,0.19288,84
1786452540,0.1929,0.19321,0.19285,0.19315,77
1786452600,0.19315,0.19341,0.19312,0.19313,76
1786452660,0.1931,0.19316,0.193,0.19313,77
1786452720,0.19314,0.1935,0.19303,0.19349,77
1786452780,0.19349,0.19372,0.19349,0.19363,82
1786452840,0.19362,0.19374,0.19344,0.19344,75
1786452900,0.19343,0.19345,0.19331,0.19333,83
1786452960,0.19333,0.19338,0.19308,0.19313,77
1786453020,0.19312,0.19318,0.19291,0.193,84
1786453080,0.193,0.19317,0.19293,0.19314,71
1786453140,0.19314,0.19317,0.19298,0.19298,85
1786453200,0.19298,0.19301,0.19274,0.19276,80
1786453260,0.19276,0.19317,0.19275,0.19304,91
1786453320,0.19304,0.19305,0.19281,0.19288,75
1786453380,0.19288,0.19292,0.19281,0.19292,84
1786453440,0.19292,0.19298,0.19281,0.19281,69
1786453500,0.19278,0.19296,0.19268,0.19296,77
1786453560,0.19296,0.19302,0.1927,0.19284,80
1786453620,0.19284,0.19287,0.19251,0.19251,80
1786453680,0.19258,0.19279,0.19258,0.19263,77
1786453740,0.19263,0.1927,0.19257,0.19264,80
1786453800,0.19265,0.19271,0.19255,0.19265,78
1786453860,0.19265,0.19273,0.19259,0.19266,78
1786453920,0.19267,0.19276,0.19258,0.19262,80
1786453980,0.19261,0.19274,0.1925,0.19251,78
1786454040,0.1925,0.19265,0.19248,0.19265,86
1786454100,0.19265,0.19281,0.19262,0.19272,77
1786454160,0.19272,0.19274,0.19261,0.19265,79
1786454220,0.19265,0.19297,0.19265,0.19297,68
1786454280,0.19297,0.19318,0.19281,0.19318,79
1786454340,0.19318,0.19326,0.19304,0.19308,67
1786454400,0.1931,0.19324,0.19303,0.19318,82
1786454460,0.19317,0.19327,0.19314,0.19322,78
1786454520,0.19322,0.19322,0.19296,0.19298,75
1786454580,0.19298,0.19327,0.19298,0.193,80
1786454640,0.19301,0.19322,0.19301,0.19318,75
1786454700,0.19318,0.1934,0.19312,0.19325,80
1786454760,0.19327,0.19333,0.19321,0.1933,72
1786454820,0.1933,0.19353,0.19329,0.19353,68
1786454880,0.19355,0.19364,0.19346,0.19357,83
1786454940,0.19355,0.19355,0.19326,0.19327,78
1786455000,0.19328,0.19329,0.19288,0.1929,79
1786455060,0.1929,0.19306,0.19287,0.19301,76
1786455120,0.19301,0.19311,0.19296,0.19305,80
1786455180,0.19305,0.19305,0.19263,0.19268,87
1786455240,0.19265,0.19287,0.1926,0.19268,81
1786455300,0.19267,0.19292,0.19265,0.19285,84
1786455360,0.19278,0.19281,0.19273,0.19281,43
1786455420,0.19281,0.19282,0.19256,0.19256,140
1786455480,0.19256,0.19271,0.19256,0.19269,140
1786455540,0.19269,0.19275,0.19237,0.19237,136
1786455600,0.1924,0.19244,0.19226,0.1923,135
1786455660,0.1923,0.19249,0.19217,0.19244,132
1786455720,0.19244,0.19257,0.19216,0.19218,143
